pump_id,timestamp,vibration_rms_g,vibration_peak_freq_hz,temperature_c,acoustic_level_db,current_draw_a,vibration_rms_roll_mean_6h,vibration_rms_roll_std_6h,RUL_days,right_censored,failure_mode_label,anomaly_label,data_split
PUMP_01,2026-03-01 00:00:00,0.1669,50.31,33.72,59.43,4.076,0.1669,0.0,90.0,True,Normal,0,train
PUMP_01,2026-03-01 01:00:00,0.1721,52.37,34.96,59.69,4.034,0.1695,0.0037,89.96,True,Normal,0,train
PUMP_01,2026-03-01 02:00:00,0.1816,51.56,34.35,56.42,4.091,0.1735,0.0075,89.92,True,Normal,0,train
PUMP_01,2026-03-01 03:00:00,0.159,51.59,33.77,56.6,3.949,0.1699,0.0095,89.88,True,Normal,0,train
PUMP_01,2026-03-01 04:00:00,0.1701,49.38,33.61,57.65,3.934,0.1699,0.0082,89.83,True,Normal,0,train
PUMP_01,2026-03-01 05:00:00,0.1378,49.85,34.61,58.1,4.091,0.1646,0.015,89.79,True,Normal,0,train
PUMP_01,2026-03-01 06:00:00,0.1664,49.54,34.07,57.71,4.01,0.1645,0.015,89.75,True,Normal,0,train
PUMP_01,2026-03-01 07:00:00,0.1435,47.74,33.9,57.34,3.984,0.1597,0.0166,89.71,True,Normal,0,train
PUMP_01,2026-03-01 08:00:00,0.1577,52.21,34.07,57.63,4.056,0.1557,0.0127,89.67,True,Normal,0,train
PUMP_01,2026-03-01 09:00:00,0.2025,51.12,34.2,58.58,4.053,0.163,0.0231,89.62,True,Normal,0,train
PUMP_01,2026-03-01 10:00:00,0.1596,49.48,33.97,56.4,3.9,0.1612,0.0228,89.58,True,Normal,0,train
PUMP_01,2026-03-01 11:00:00,0.1396,51.96,34.72,60.81,4.111,0.1616,0.0225,89.54,True,Normal,0,train
PUMP_01,2026-03-01 12:00:00,0.1561,49.05,34.76,58.03,3.967,0.1598,0.0224,89.5,True,Normal,0,train
PUMP_01,2026-03-01 13:00:00,0.1397,47.24,34.32,59.26,4.136,0.1592,0.023,89.46,True,Normal,0,train
PUMP_01,2026-03-01 14:00:00,0.1306,51.51,34.82,57.3,3.893,0.1547,0.0259,89.42,True,Normal,0,train
PUMP_01,2026-03-01 15:00:00,0.1745,48.08,34.01,58.69,4.025,0.15,0.0162,89.38,True,Normal,0,train
PUMP_01,2026-03-01 16:00:00,0.1573,49.71,34.41,58.12,3.985,0.1496,0.016,89.33,True,Normal,0,train
PUMP_01,2026-03-01 17:00:00,0.1455,50.31,34.6,59.03,3.842,0.1506,0.0154,89.29,True,Normal,0,train
PUMP_01,2026-03-01 18:00:00,0.1341,50.58,34.61,57.76,4.053,0.147,0.0165,89.25,True,Normal,0,train
PUMP_01,2026-03-01 19:00:00,0.1357,51.27,34.55,59.86,3.846,0.1463,0.0169,89.21,True,Normal,0,train
PUMP_01,2026-03-01 20:00:00,0.1645,50.87,34.38,56.21,3.977,0.1519,0.0162,89.17,True,Normal,0,train
PUMP_01,2026-03-01 21:00:00,0.1475,50.82,35.17,59.14,4.088,0.1474,0.0119,89.12,True,Normal,0,train
PUMP_01,2026-03-01 22:00:00,0.0988,48.81,33.68,58.14,3.958,0.1377,0.0219,89.08,True,Normal,0,train
PUMP_01,2026-03-01 23:00:00,0.1837,50.44,33.91,56.78,3.928,0.144,0.029,89.04,True,Normal,0,train
PUMP_01,2026-03-02 00:00:00,0.1527,47.74,33.87,60.34,4.064,0.1472,0.0288,89.0,True,Normal,0,train
PUMP_01,2026-03-02 01:00:00,0.1577,52.34,33.78,60.22,3.98,0.1508,0.0284,88.96,True,Normal,0,train
PUMP_01,2026-03-02 02:00:00,0.1713,47.9,32.81,55.51,3.968,0.152,0.0292,88.92,True,Normal,0,train
PUMP_01,2026-03-02 03:00:00,0.1641,49.48,34.82,58.21,4.102,0.1547,0.0295,88.88,True,Normal,0,train
PUMP_01,2026-03-02 04:00:00,0.1699,48.02,33.38,58.85,3.907,0.1666,0.011,88.83,True,Normal,0,train
PUMP_01,2026-03-02 05:00:00,0.1533,48.9,34.1,58.53,3.963,0.1615,0.0082,88.79,True,Normal,0,train
PUMP_01,2026-03-02 06:00:00,0.1416,50.02,33.15,59.82,4.069,0.1596,0.0112,88.75,True,Normal,0,train
PUMP_01,2026-03-02 07:00:00,0.1639,49.21,34.37,59.57,3.901,0.1607,0.0113,88.71,True,Normal,0,train
PUMP_01,2026-03-02 08:00:00,0.1801,51.72,33.53,58.32,4.142,0.1621,0.0133,88.67,True,Normal,0,train
PUMP_01,2026-03-02 09:00:00,0.1474,50.34,33.32,60.73,3.983,0.1594,0.0145,88.62,True,Normal,0,train
PUMP_01,2026-03-02 10:00:00,0.1441,49.31,34.12,59.12,4.07,0.1551,0.0146,88.58,True,Normal,0,train
PUMP_01,2026-03-02 11:00:00,0.1709,49.8,33.58,57.58,4.07,0.158,0.0159,88.54,True,Normal,0,train
PUMP_01,2026-03-02 12:00:00,0.1431,51.83,33.66,57.34,3.988,0.1582,0.0156,88.5,True,Normal,0,train
PUMP_01,2026-03-02 13:00:00,0.1413,51.36,34.1,59.49,3.962,0.1545,0.0167,88.46,True,Normal,0,train
PUMP_01,2026-03-02 14:00:00,0.1394,48.29,34.48,57.05,3.997,0.1477,0.0117,88.42,True,Normal,0,train
PUMP_01,2026-03-02 15:00:00,0.142,48.98,33.51,57.51,4.057,0.1468,0.0119,88.38,True,Normal,0,train
PUMP_01,2026-03-02 16:00:00,0.1177,50.71,33.41,57.71,3.921,0.1424,0.0169,88.33,True,Normal,0,train
PUMP_01,2026-03-02 17:00:00,0.1323,50.53,34.01,58.43,3.904,0.136,0.0097,88.29,True,Normal,0,train
PUMP_01,2026-03-02 18:00:00,0.1435,48.42,34.32,57.77,4.119,0.136,0.0098,88.25,True,Normal,0,train
PUMP_01,2026-03-02 19:00:00,0.1437,51.12,34.88,56.42,3.941,0.1364,0.0101,88.21,True,Normal,0,train
PUMP_01,2026-03-02 20:00:00,0.1587,48.66,33.36,59.39,4.028,0.1396,0.0137,88.17,True,Normal,0,train
PUMP_01,2026-03-02 21:00:00,0.1705,51.96,33.81,57.51,3.984,0.1444,0.0187,88.12,True,Normal,0,train
PUMP_01,2026-03-02 22:00:00,0.1677,50.79,34.71,60.42,3.987,0.1527,0.0152,88.08,True,Normal,0,train
PUMP_01,2026-03-02 23:00:00,0.1611,48.3,35.18,58.36,4.114,0.1575,0.0116,88.04,True,Normal,0,train
PUMP_01,2026-03-03 00:00:00,0.1478,49.21,33.4,59.52,3.993,0.1582,0.0107,88.0,True,Normal,0,train
PUMP_01,2026-03-03 01:00:00,0.1432,49.18,33.56,58.76,3.971,0.1582,0.0108,87.96,True,Normal,0,train
PUMP_01,2026-03-03 02:00:00,0.1553,50.24,34.23,59.58,3.978,0.1576,0.0109,87.92,True,Normal,0,train
PUMP_01,2026-03-03 03:00:00,0.1659,49.69,33.65,58.68,3.96,0.1568,0.0099,87.88,True,Normal,0,train
PUMP_01,2026-03-03 04:00:00,0.171,48.28,33.54,58.28,3.946,0.1574,0.0107,87.83,True,Normal,0,train
PUMP_01,2026-03-03 05:00:00,0.169,47.91,34.15,59.31,3.96,0.1587,0.0117,87.79,True,Normal,0,train
PUMP_01,2026-03-03 06:00:00,0.1582,50.82,34.93,60.98,4.133,0.1604,0.0104,87.75,True,Normal,0,train
PUMP_01,2026-03-03 07:00:00,0.1715,50.43,33.21,57.68,4.057,0.1652,0.0069,87.71,True,Normal,0,train
PUMP_01,2026-03-03 08:00:00,0.1776,50.16,34.9,58.95,3.972,0.1689,0.0065,87.67,True,Normal,0,train
PUMP_01,2026-03-03 09:00:00,0.1703,50.41,33.66,57.99,4.079,0.1696,0.0063,87.62,True,Normal,0,train
PUMP_01,2026-03-03 10:00:00,0.1545,49.07,34.21,58.61,3.873,0.1669,0.0087,87.58,True,Normal,0,train
PUMP_01,2026-03-03 11:00:00,0.1401,50.28,34.95,58.05,4.11,0.162,0.0138,87.54,True,Normal,0,train
PUMP_01,2026-03-03 12:00:00,0.1371,53.81,34.2,55.41,4.104,0.1585,0.0172,87.5,True,Normal,0,train
PUMP_01,2026-03-03 13:00:00,0.1372,51.76,33.82,57.76,4.179,0.1528,0.0178,87.46,True,Normal,0,train
PUMP_01,2026-03-03 14:00:00,0.1489,49.57,34.43,59.2,4.081,0.148,0.0129,87.42,True,Normal,0,train
PUMP_01,2026-03-03 15:00:00,0.1507,49.21,33.9,57.08,4.035,0.1448,0.0075,87.38,True,Normal,0,train
PUMP_01,2026-03-03 16:00:00,0.1201,45.71,34.31,59.11,4.103,0.139,0.011,87.33,True,Normal,0,train
PUMP_01,2026-03-03 17:00:00,0.1328,51.6,33.88,58.22,3.95,0.1378,0.0112,87.29,True,Normal,0,train
PUMP_01,2026-03-03 18:00:00,0.1436,51.18,34.52,57.77,3.968,0.1389,0.0114,87.25,True,Normal,0,train
PUMP_01,2026-03-03 19:00:00,0.1268,49.18,33.16,59.09,3.995,0.1372,0.0125,87.21,True,Normal,0,train
PUMP_01,2026-03-03 20:00:00,0.1478,47.85,33.39,58.82,4.11,0.137,0.0123,87.17,True,Normal,0,train
PUMP_01,2026-03-03 21:00:00,0.1383,48.27,33.15,58.5,3.932,0.1349,0.0104,87.12,True,Normal,0,train
PUMP_01,2026-03-03 22:00:00,0.1341,50.67,33.97,59.22,3.923,0.1372,0.0076,87.08,True,Normal,0,train
PUMP_01,2026-03-03 23:00:00,0.1482,49.87,33.08,58.24,4.019,0.1398,0.0084,87.04,True,Normal,0,train
PUMP_01,2026-03-04 00:00:00,0.1559,51.04,33.58,56.03,4.057,0.1418,0.0107,87.0,True,Normal,0,train
PUMP_01,2026-03-04 01:00:00,0.1399,50.13,33.34,57.55,3.944,0.144,0.008,86.96,True,Normal,0,train
PUMP_01,2026-03-04 02:00:00,0.1514,51.45,34.89,55.83,4.054,0.1446,0.0085,86.92,True,Normal,0,train
PUMP_01,2026-03-04 03:00:00,0.1641,50.55,33.41,58.79,4.109,0.1489,0.0108,86.88,True,Normal,0,train
PUMP_01,2026-03-04 04:00:00,0.1472,51.24,33.23,59.08,4.096,0.1511,0.0083,86.83,True,Normal,0,train
PUMP_01,2026-03-04 05:00:00,0.1348,46.87,34.15,59.13,4.028,0.1489,0.0107,86.79,True,Normal,0,train
PUMP_01,2026-03-04 06:00:00,0.137,48.15,35.01,58.59,3.993,0.1457,0.011,86.75,True,Normal,0,train
PUMP_01,2026-03-04 07:00:00,0.1534,49.45,33.93,59.16,4.139,0.148,0.0109,86.71,True,Normal,0,train
PUMP_01,2026-03-04 08:00:00,0.1389,51.62,33.98,56.11,4.001,0.1459,0.0113,86.67,True,Normal,0,train
PUMP_01,2026-03-04 09:00:00,0.1519,52.82,34.77,57.87,4.075,0.1439,0.008,86.62,True,Normal,0,train
PUMP_01,2026-03-04 10:00:00,0.18,49.75,34.53,56.3,4.157,0.1493,0.0169,86.58,True,Normal,0,train
PUMP_01,2026-03-04 11:00:00,0.1319,49.08,34.26,57.57,4.067,0.1488,0.0175,86.54,True,Normal,0,train
PUMP_01,2026-03-04 12:00:00,0.1458,47.07,33.65,59.94,3.92,0.1503,0.0166,86.5,True,Normal,0,train
PUMP_01,2026-03-04 13:00:00,0.1794,51.3,34.27,59.31,3.901,0.1546,0.0205,86.46,True,Normal,0,train
PUMP_01,2026-03-04 14:00:00,0.1511,49.17,33.18,58.79,3.976,0.1567,0.0192,86.42,True,Normal,0,train
PUMP_01,2026-03-04 15:00:00,0.1374,54.44,33.63,57.78,4.057,0.1543,0.0208,86.38,True,Normal,0,train
PUMP_01,2026-03-04 16:00:00,0.139,48.89,34.86,56.81,4.036,0.1474,0.017,86.33,True,Normal,0,train
PUMP_01,2026-03-04 17:00:00,0.1468,53.16,34.78,58.22,4.177,0.1499,0.0153,86.29,True,Normal,0,train
PUMP_01,2026-03-04 18:00:00,0.1654,51.12,34.26,59.33,4.035,0.1532,0.0163,86.25,True,Normal,0,train
PUMP_01,2026-03-04 19:00:00,0.1324,48.46,32.84,58.49,3.974,0.1454,0.0119,86.21,True,Normal,0,train
PUMP_01,2026-03-04 20:00:00,0.13,50.35,33.28,56.1,3.909,0.1418,0.0129,86.17,True,Normal,0,train
PUMP_01,2026-03-04 21:00:00,0.1222,51.16,33.59,58.13,4.094,0.1393,0.0153,86.12,True,Normal,0,train
PUMP_01,2026-03-04 22:00:00,0.1465,49.66,33.9,55.7,4.0,0.1405,0.0155,86.08,True,Normal,0,train
PUMP_01,2026-03-04 23:00:00,0.1263,51.26,33.25,58.97,3.88,0.1371,0.0161,86.04,True,Normal,0,train
PUMP_01,2026-03-05 00:00:00,0.143,51.22,33.85,57.17,4.002,0.1334,0.0095,86.0,True,Normal,0,train
PUMP_01,2026-03-05 01:00:00,0.139,50.89,35.06,56.53,3.92,0.1345,0.0097,85.96,True,Normal,0,train
PUMP_01,2026-03-05 02:00:00,0.1711,49.98,34.24,58.98,3.966,0.1414,0.0174,85.92,True,Normal,0,train
PUMP_01,2026-03-05 03:00:00,0.1494,48.24,34.13,58.67,4.0,0.1459,0.0148,85.88,True,Normal,0,train
PUMP_01,2026-03-05 04:00:00,0.1646,49.88,33.39,58.28,3.928,0.1489,0.0166,85.83,True,Normal,0,train
PUMP_01,2026-03-05 05:00:00,0.1356,50.26,33.02,60.63,3.961,0.1504,0.0144,85.79,True,Normal,0,train
PUMP_01,2026-03-05 06:00:00,0.162,47.19,33.26,58.76,3.94,0.1536,0.0145,85.75,True,Normal,0,train
PUMP_01,2026-03-05 07:00:00,0.1416,50.25,32.99,57.23,3.943,0.154,0.014,85.71,True,Normal,0,train
PUMP_01,2026-03-05 08:00:00,0.1523,49.85,34.05,58.62,3.919,0.1509,0.0113,85.67,True,Normal,0,train
PUMP_01,2026-03-05 09:00:00,0.1902,48.06,34.23,57.66,3.961,0.1577,0.0195,85.62,True,Normal,0,train
PUMP_01,2026-03-05 10:00:00,0.169,49.5,33.42,59.52,3.928,0.1584,0.0199,85.58,True,Normal,0,train
PUMP_01,2026-03-05 11:00:00,0.1507,49.53,34.09,58.34,4.047,0.161,0.0172,85.54,True,Normal,0,train
PUMP_01,2026-03-05 12:00:00,0.198,52.9,34.88,58.46,4.016,0.167,0.0229,85.5,True,Normal,0,train
PUMP_01,2026-03-05 13:00:00,0.1337,50.33,35.17,56.27,4.096,0.1656,0.0248,85.46,True,Normal,0,train
PUMP_01,2026-03-05 14:00:00,0.1625,51.55,34.46,58.07,4.151,0.1674,0.0241,85.42,True,Normal,0,train
PUMP_01,2026-03-05 15:00:00,0.1199,49.82,33.9,57.93,4.054,0.1556,0.0276,85.38,True,Normal,0,train
PUMP_01,2026-03-05 16:00:00,0.1377,47.19,34.44,56.77,4.036,0.1504,0.0275,85.33,True,Normal,0,train
PUMP_01,2026-03-05 17:00:00,0.1201,51.01,34.81,57.73,4.059,0.1453,0.0302,85.29,True,Normal,0,train
PUMP_01,2026-03-05 18:00:00,0.1439,49.01,32.8,58.52,4.037,0.1363,0.016,85.25,True,Normal,0,train
PUMP_01,2026-03-05 19:00:00,0.1412,49.5,34.89,57.99,4.004,0.1375,0.0161,85.21,True,Normal,0,train
PUMP_01,2026-03-05 20:00:00,0.1367,48.42,33.67,56.31,3.998,0.1332,0.0106,85.17,True,Normal,0,train
PUMP_01,2026-03-05 21:00:00,0.1593,50.11,33.68,57.67,3.918,0.1398,0.0127,85.12,True,Normal,0,train
PUMP_01,2026-03-05 22:00:00,0.1365,51.6,33.79,57.44,4.067,0.1396,0.0127,85.08,True,Normal,0,train
PUMP_01,2026-03-05 23:00:00,0.1523,51.4,34.19,58.23,3.997,0.145,0.0091,85.04,True,Normal,0,train
PUMP_01,2026-03-06 00:00:00,0.1623,52.38,33.33,58.1,4.116,0.148,0.0115,85.0,True,Normal,0,train
PUMP_01,2026-03-06 01:00:00,0.1303,52.59,33.83,57.51,4.073,0.1462,0.0135,84.96,True,Normal,0,train
PUMP_01,2026-03-06 02:00:00,0.1438,46.93,34.32,57.46,3.95,0.1474,0.0127,84.92,True,Normal,0,train
PUMP_01,2026-03-06 03:00:00,0.1579,48.21,34.13,58.08,4.1,0.1472,0.0125,84.88,True,Normal,0,train
PUMP_01,2026-03-06 04:00:00,0.1681,47.29,34.23,59.16,3.795,0.1524,0.0137,84.83,True,Normal,0,train
PUMP_01,2026-03-06 05:00:00,0.181,50.95,33.81,58.33,4.154,0.1572,0.018,84.79,True,Normal,0,train
PUMP_01,2026-03-06 06:00:00,0.1568,48.96,34.42,59.71,3.893,0.1563,0.0178,84.75,True,Normal,0,train
PUMP_01,2026-03-06 07:00:00,0.1549,49.27,34.63,59.36,4.04,0.1604,0.0127,84.71,True,Normal,0,train
PUMP_01,2026-03-06 08:00:00,0.1456,49.68,34.6,59.8,4.034,0.1607,0.0123,84.67,True,Normal,0,train
PUMP_01,2026-03-06 09:00:00,0.162,50.57,34.26,59.64,4.09,0.1614,0.0122,84.62,True,Normal,0,train
PUMP_01,2026-03-06 10:00:00,0.1505,47.77,34.56,59.88,3.974,0.1585,0.0124,84.58,True,Normal,0,train
PUMP_01,2026-03-06 11:00:00,0.1485,48.11,34.52,56.62,3.828,0.153,0.006,84.54,True,Normal,0,train
PUMP_01,2026-03-06 12:00:00,0.1486,50.0,35.61,58.78,3.974,0.1517,0.0059,84.5,True,Normal,0,train
PUMP_01,2026-03-06 13:00:00,0.1557,51.8,34.73,59.46,3.982,0.1518,0.006,84.46,True,Normal,0,train
PUMP_01,2026-03-06 14:00:00,0.1365,49.96,33.95,59.68,3.836,0.1503,0.0085,84.42,True,Normal,0,train
PUMP_01,2026-03-06 15:00:00,0.1313,48.81,33.45,57.08,4.004,0.1452,0.0093,84.38,True,Normal,0,train
PUMP_01,2026-03-06 16:00:00,0.1478,46.78,33.84,58.79,3.914,0.1447,0.009,84.33,True,Normal,0,train
PUMP_01,2026-03-06 17:00:00,0.095,51.43,33.8,58.09,4.052,0.1358,0.0219,84.29,True,Normal,0,train
PUMP_01,2026-03-06 18:00:00,0.1309,48.9,34.31,60.22,3.98,0.1329,0.021,84.25,True,Normal,0,train
PUMP_01,2026-03-06 19:00:00,0.1231,48.28,33.58,56.34,4.157,0.1274,0.0179,84.21,True,Normal,0,train
PUMP_01,2026-03-06 20:00:00,0.1594,47.43,34.72,57.08,3.98,0.1312,0.0221,84.17,True,Normal,0,train
PUMP_01,2026-03-06 21:00:00,0.1363,47.84,33.17,55.83,4.034,0.1321,0.0222,84.12,True,Normal,0,train
PUMP_01,2026-03-06 22:00:00,0.1366,48.56,33.02,58.17,3.983,0.1302,0.0211,84.08,True,Normal,0,train
PUMP_01,2026-03-06 23:00:00,0.1467,49.64,33.92,60.72,3.87,0.1388,0.0127,84.04,True,Normal,0,train
PUMP_01,2026-03-07 00:00:00,0.1411,48.19,33.49,57.95,3.984,0.1405,0.0121,84.0,True,Normal,0,train
PUMP_01,2026-03-07 01:00:00,0.1465,50.28,33.25,58.12,4.06,0.1444,0.0086,83.96,True,Normal,0,train
PUMP_01,2026-03-07 02:00:00,0.1565,49.63,33.62,58.66,4.048,0.144,0.0076,83.92,True,Normal,0,train
PUMP_01,2026-03-07 03:00:00,0.1507,53.33,33.54,57.86,3.977,0.1464,0.007,83.88,True,Normal,0,train
PUMP_01,2026-03-07 04:00:00,0.1522,47.44,34.01,58.44,3.883,0.149,0.0054,83.83,True,Normal,0,train
PUMP_01,2026-03-07 05:00:00,0.1445,50.24,33.63,58.47,4.052,0.1486,0.0056,83.79,True,Normal,0,train
PUMP_01,2026-03-07 06:00:00,0.1427,50.26,33.68,56.99,4.034,0.1488,0.0052,83.75,True,Normal,0,train
PUMP_01,2026-03-07 07:00:00,0.1606,48.45,34.0,57.89,4.067,0.1512,0.0069,83.71,True,Normal,0,train
PUMP_01,2026-03-07 08:00:00,0.1633,50.14,34.61,58.89,3.978,0.1523,0.0083,83.67,True,Normal,0,train
PUMP_01,2026-03-07 09:00:00,0.1356,51.15,34.88,59.11,3.865,0.1498,0.0108,83.62,True,Normal,0,train
PUMP_01,2026-03-07 10:00:00,0.1664,50.14,34.09,59.56,4.043,0.1522,0.0128,83.58,True,Normal,0,train
PUMP_01,2026-03-07 11:00:00,0.164,52.08,34.14,58.4,3.999,0.1554,0.0129,83.54,True,Normal,0,train
PUMP_01,2026-03-07 12:00:00,0.1646,46.73,33.89,58.43,4.111,0.1591,0.0117,83.5,True,Normal,0,train
PUMP_01,2026-03-07 13:00:00,0.1519,48.74,34.29,58.9,4.002,0.1576,0.012,83.46,True,Normal,0,train
PUMP_01,2026-03-07 14:00:00,0.1546,52.21,34.23,57.29,3.996,0.1562,0.0117,83.42,True,Normal,0,train
PUMP_01,2026-03-07 15:00:00,0.1757,51.37,34.8,57.24,4.033,0.1629,0.0086,83.38,True,Normal,0,train
PUMP_01,2026-03-07 16:00:00,0.1368,50.81,32.87,57.85,3.952,0.1579,0.0133,83.33,True,Normal,0,train
PUMP_01,2026-03-07 17:00:00,0.1247,51.85,33.86,56.47,3.948,0.1514,0.0184,83.29,True,Normal,0,train
PUMP_01,2026-03-07 18:00:00,0.117,47.13,34.2,58.49,3.992,0.1434,0.0216,83.25,True,Normal,0,train
PUMP_01,2026-03-07 19:00:00,0.1667,51.19,33.98,59.26,3.926,0.1459,0.0235,83.21,True,Normal,0,train
PUMP_01,2026-03-07 20:00:00,0.1679,51.6,33.44,57.15,3.982,0.1481,0.0251,83.17,True,Normal,0,train
PUMP_01,2026-03-07 21:00:00,0.1291,49.01,33.22,58.52,4.155,0.1404,0.0218,83.12,True,Normal,0,train
PUMP_01,2026-03-07 22:00:00,0.1341,53.94,34.48,57.25,4.083,0.1399,0.0219,83.08,True,Normal,0,train
PUMP_01,2026-03-07 23:00:00,0.1426,50.29,33.55,56.78,4.025,0.1429,0.0206,83.04,True,Normal,0,train
PUMP_01,2026-03-08 00:00:00,0.1684,46.71,32.95,60.47,4.124,0.1515,0.0183,83.0,True,Normal,0,train
PUMP_01,2026-03-08 01:00:00,0.1333,50.57,34.51,56.8,3.934,0.1459,0.0178,82.96,True,Normal,0,train
PUMP_01,2026-03-08 02:00:00,0.1255,48.92,34.28,56.46,4.199,0.1388,0.0156,82.92,True,Normal,0,train
PUMP_01,2026-03-08 03:00:00,0.1896,51.75,33.93,58.26,3.963,0.1489,0.0248,82.88,True,Normal,0,train
PUMP_01,2026-03-08 04:00:00,0.1633,50.82,33.45,58.32,4.16,0.1538,0.0242,82.83,True,Normal,0,train
PUMP_01,2026-03-08 05:00:00,0.1665,49.1,33.93,58.8,4.16,0.1578,0.024,82.79,True,Normal,0,train
PUMP_01,2026-03-08 06:00:00,0.1569,52.25,34.73,60.4,3.86,0.1558,0.0234,82.75,True,Normal,0,train
PUMP_01,2026-03-08 07:00:00,0.1666,51.41,33.03,57.07,4.117,0.1614,0.0208,82.71,True,Normal,0,train
PUMP_01,2026-03-08 08:00:00,0.1359,48.76,33.06,57.31,3.977,0.1631,0.0173,82.67,True,Normal,0,train
PUMP_01,2026-03-08 09:00:00,0.1445,49.77,33.62,59.93,3.955,0.1556,0.0127,82.62,True,Normal,0,train
PUMP_01,2026-03-08 10:00:00,0.1566,50.78,33.98,59.13,4.042,0.1545,0.0122,82.58,True,Normal,0,train
PUMP_01,2026-03-08 11:00:00,0.1185,49.45,33.7,58.96,3.919,0.1465,0.0174,82.54,True,Normal,0,train
PUMP_01,2026-03-08 12:00:00,0.1455,49.5,34.39,57.29,4.04,0.1446,0.0166,82.5,True,Normal,0,train
PUMP_01,2026-03-08 13:00:00,0.1419,50.06,34.65,59.35,3.925,0.1405,0.0127,82.46,True,Normal,0,train
PUMP_01,2026-03-08 14:00:00,0.1405,48.4,34.17,58.96,4.014,0.1413,0.0125,82.42,True,Normal,0,train
PUMP_01,2026-03-08 15:00:00,0.1347,46.65,34.34,58.23,4.107,0.1396,0.0126,82.38,True,Normal,0,train
PUMP_01,2026-03-08 16:00:00,0.1264,50.36,34.16,57.3,4.031,0.1346,0.0103,82.33,True,Normal,0,train
PUMP_01,2026-03-08 17:00:00,0.113,47.02,34.01,58.13,3.971,0.1337,0.0121,82.29,True,Normal,0,train
PUMP_01,2026-03-08 18:00:00,0.1422,48.51,33.22,59.98,4.043,0.1331,0.0115,82.25,True,Normal,0,train
PUMP_01,2026-03-08 19:00:00,0.1358,47.34,33.38,56.69,3.887,0.1321,0.0109,82.21,True,Normal,0,train
PUMP_01,2026-03-08 20:00:00,0.1207,47.53,33.19,57.04,3.933,0.1288,0.0108,82.17,True,Normal,0,train
PUMP_01,2026-03-08 21:00:00,0.1439,50.64,33.91,57.25,3.966,0.1303,0.0124,82.12,True,Normal,0,train
PUMP_01,2026-03-08 22:00:00,0.1406,49.67,34.14,57.51,4.063,0.1327,0.0128,82.08,True,Normal,0,train
PUMP_01,2026-03-08 23:00:00,0.1405,49.61,33.13,57.98,4.032,0.1373,0.0086,82.04,True,Normal,0,train
PUMP_01,2026-03-09 00:00:00,0.1176,48.03,34.04,59.15,4.043,0.1332,0.0112,82.0,True,Normal,0,train
PUMP_01,2026-03-09 01:00:00,0.1628,49.02,33.47,58.55,3.998,0.1377,0.0166,81.96,True,Normal,0,train
PUMP_01,2026-03-09 02:00:00,0.1365,50.56,33.36,58.07,3.937,0.1403,0.0145,81.92,True,Normal,0,train
PUMP_01,2026-03-09 03:00:00,0.158,49.92,33.62,58.33,4.119,0.1427,0.0162,81.88,True,Normal,0,train
PUMP_01,2026-03-09 04:00:00,0.1465,51.23,33.33,58.75,3.944,0.1436,0.0163,81.83,True,Normal,0,train
PUMP_01,2026-03-09 05:00:00,0.1538,51.45,34.36,55.98,4.034,0.1459,0.0166,81.79,True,Normal,0,train
PUMP_01,2026-03-09 06:00:00,0.1773,49.62,33.9,59.29,3.991,0.1558,0.014,81.75,True,Normal,0,train
PUMP_01,2026-03-09 07:00:00,0.1676,47.22,34.49,57.01,4.045,0.1566,0.0146,81.71,True,Normal,0,train
PUMP_01,2026-03-09 08:00:00,0.1756,48.87,33.73,57.47,3.952,0.1631,0.0124,81.67,True,Normal,0,train
PUMP_01,2026-03-09 09:00:00,0.162,49.85,33.76,58.41,4.084,0.1638,0.0122,81.62,True,Normal,0,train
PUMP_01,2026-03-09 10:00:00,0.1609,48.84,35.12,57.91,4.11,0.1662,0.0091,81.58,True,Normal,0,train
PUMP_01,2026-03-09 11:00:00,0.1259,48.42,33.03,58.58,4.079,0.1616,0.0187,81.54,True,Normal,0,train
PUMP_01,2026-03-09 12:00:00,0.1452,50.1,34.77,58.17,4.013,0.1562,0.0179,81.5,True,Normal,0,train
PUMP_01,2026-03-09 13:00:00,0.144,53.65,34.99,57.65,3.965,0.1523,0.0175,81.46,True,Normal,0,train
PUMP_01,2026-03-09 14:00:00,0.1634,49.27,34.46,59.83,4.226,0.1502,0.0147,81.42,True,Normal,0,train
PUMP_01,2026-03-09 15:00:00,0.1353,50.0,33.8,58.85,3.921,0.1458,0.0145,81.38,True,Normal,0,train
PUMP_01,2026-03-09 16:00:00,0.1453,48.03,34.86,58.36,4.07,0.1432,0.0125,81.33,True,Normal,0,train
PUMP_01,2026-03-09 17:00:00,0.1437,51.87,33.81,58.83,4.027,0.1462,0.0092,81.29,True,Normal,0,train
PUMP_01,2026-03-09 18:00:00,0.1574,51.31,33.58,57.15,3.995,0.1482,0.0103,81.25,True,Normal,0,train
PUMP_01,2026-03-09 19:00:00,0.1383,51.21,33.77,60.61,4.015,0.1472,0.011,81.21,True,Normal,0,train
PUMP_01,2026-03-09 20:00:00,0.1538,52.04,33.66,56.69,3.959,0.1456,0.0086,81.17,True,Normal,0,train
PUMP_01,2026-03-09 21:00:00,0.1174,49.36,33.43,58.14,4.034,0.1427,0.0142,81.12,True,Normal,0,train
PUMP_01,2026-03-09 22:00:00,0.1208,49.55,34.67,57.66,4.025,0.1386,0.0166,81.08,True,Normal,0,train
PUMP_01,2026-03-09 23:00:00,0.1132,52.56,33.54,57.61,4.214,0.1335,0.0192,81.04,True,Normal,0,train
PUMP_01,2026-03-10 00:00:00,0.1618,50.95,33.98,57.45,4.086,0.1342,0.0203,81.0,True,Normal,0,train
PUMP_01,2026-03-10 01:00:00,0.1627,46.67,33.13,57.07,4.041,0.1383,0.0235,80.96,True,Normal,0,train
PUMP_01,2026-03-10 02:00:00,0.1685,50.68,34.02,59.43,4.046,0.1407,0.0261,80.92,True,Normal,0,train
PUMP_01,2026-03-10 03:00:00,0.1469,49.13,33.31,56.55,4.147,0.1457,0.0234,80.88,True,Normal,0,train
PUMP_01,2026-03-10 04:00:00,0.1502,51.35,33.29,59.18,3.922,0.1506,0.02,80.83,True,Normal,0,train
PUMP_01,2026-03-10 05:00:00,0.1578,50.61,33.93,58.78,3.985,0.158,0.0081,80.79,True,Normal,0,train
PUMP_01,2026-03-10 06:00:00,0.1817,47.39,34.63,57.54,3.847,0.1613,0.0127,80.75,True,Normal,0,train
PUMP_01,2026-03-10 07:00:00,0.1851,50.4,34.26,58.64,4.045,0.165,0.0161,80.71,True,Normal,0,train
PUMP_01,2026-03-10 08:00:00,0.1706,50.32,34.31,57.81,4.068,0.1654,0.0162,80.67,True,Normal,0,train
PUMP_01,2026-03-10 09:00:00,0.162,50.55,33.92,56.68,3.92,0.1679,0.0137,80.62,True,Normal,0,train
PUMP_01,2026-03-10 10:00:00,0.175,50.86,33.8,56.69,4.115,0.172,0.0108,80.58,True,Normal,0,train
PUMP_01,2026-03-10 11:00:00,0.1488,52.24,34.47,58.79,3.942,0.1705,0.0134,80.54,True,Normal,0,train
PUMP_01,2026-03-10 12:00:00,0.1441,50.62,33.66,58.72,3.973,0.1643,0.0158,80.5,True,Normal,0,train
PUMP_01,2026-03-10 13:00:00,0.1455,50.03,34.5,58.29,4.01,0.1577,0.0134,80.46,True,Normal,0,train
PUMP_01,2026-03-10 14:00:00,0.1303,51.72,34.74,57.53,4.128,0.151,0.0155,80.42,True,Normal,0,train
PUMP_01,2026-03-10 15:00:00,0.1403,53.36,33.5,57.77,3.931,0.1473,0.015,80.38,True,Normal,0,train
PUMP_01,2026-03-10 16:00:00,0.1246,51.37,33.58,57.61,4.023,0.1389,0.0095,80.33,True,Normal,0,train
PUMP_01,2026-03-10 17:00:00,0.1557,50.31,33.67,55.9,4.062,0.1401,0.0112,80.29,True,Normal,0,train
PUMP_01,2026-03-10 18:00:00,0.1482,50.65,33.12,58.07,4.045,0.1408,0.0116,80.25,True,Normal,0,train
PUMP_01,2026-03-10 19:00:00,0.1618,50.38,33.72,58.63,4.048,0.1435,0.0145,80.21,True,Normal,0,train
PUMP_01,2026-03-10 20:00:00,0.1169,50.03,34.78,58.08,4.061,0.1413,0.0176,80.17,True,Normal,0,train
PUMP_01,2026-03-10 21:00:00,0.1715,53.25,33.37,60.12,3.956,0.1464,0.0215,80.12,True,Normal,0,train
PUMP_01,2026-03-10 22:00:00,0.1214,48.88,34.8,56.79,4.135,0.1459,0.0221,80.08,True,Normal,0,train
PUMP_01,2026-03-10 23:00:00,0.1294,51.73,33.74,57.21,3.991,0.1415,0.0224,80.04,True,Normal,0,train
PUMP_01,2026-03-11 00:00:00,0.1407,49.81,35.27,58.16,3.98,0.1403,0.0222,80.0,True,Normal,0,train
PUMP_01,2026-03-11 01:00:00,0.1722,47.78,33.59,58.29,4.108,0.142,0.0245,79.96,True,Normal,0,train
PUMP_01,2026-03-11 02:00:00,0.1584,49.72,33.91,55.72,3.95,0.1489,0.0217,79.92,True,Normal,0,train
PUMP_01,2026-03-11 03:00:00,0.1534,49.18,33.45,58.72,4.026,0.1459,0.019,79.88,True,Normal,0,train
PUMP_01,2026-03-11 04:00:00,0.1468,50.87,33.59,58.3,3.942,0.1502,0.0148,79.83,True,Normal,0,train
PUMP_01,2026-03-11 05:00:00,0.139,50.14,34.8,55.46,4.202,0.1518,0.0124,79.79,True,Normal,0,train
PUMP_01,2026-03-11 06:00:00,0.177,48.47,34.28,57.86,4.185,0.1578,0.0146,79.75,True,Normal,0,train
PUMP_01,2026-03-11 07:00:00,0.1716,52.21,34.62,57.03,3.991,0.1577,0.0145,79.71,True,Normal,0,train
PUMP_01,2026-03-11 08:00:00,0.1789,51.64,33.21,57.46,4.042,0.1611,0.0169,79.67,True,Normal,0,train
PUMP_01,2026-03-11 09:00:00,0.163,52.38,34.39,56.39,4.0,0.1627,0.0165,79.62,True,Normal,0,train
PUMP_01,2026-03-11 10:00:00,0.1154,50.36,33.42,58.5,3.972,0.1575,0.0252,79.58,True,Normal,0,train
PUMP_01,2026-03-11 11:00:00,0.1339,49.95,33.2,60.11,4.01,0.1566,0.026,79.54,True,Normal,0,train
PUMP_01,2026-03-11 12:00:00,0.157,51.06,34.14,58.32,3.997,0.1533,0.0241,79.5,True,Normal,0,train
PUMP_01,2026-03-11 13:00:00,0.1419,49.13,34.14,55.41,3.878,0.1484,0.0226,79.46,True,Normal,0,train
PUMP_01,2026-03-11 14:00:00,0.1366,50.2,34.03,58.34,4.021,0.1413,0.0171,79.42,True,Normal,0,train
PUMP_01,2026-03-11 15:00:00,0.1264,49.74,34.43,57.77,3.997,0.1352,0.0141,79.38,True,Normal,0,train
PUMP_01,2026-03-11 16:00:00,0.1556,47.81,34.52,56.68,4.025,0.1419,0.0122,79.33,True,Normal,0,train
PUMP_01,2026-03-11 17:00:00,0.1472,50.19,34.88,58.42,3.994,0.1441,0.0117,79.29,True,Normal,0,train
PUMP_01,2026-03-11 18:00:00,0.1475,49.34,33.29,59.06,3.971,0.1425,0.0101,79.25,True,Normal,0,train
PUMP_01,2026-03-11 19:00:00,0.1308,49.64,34.9,57.2,4.07,0.1407,0.0112,79.21,True,Normal,0,train
PUMP_01,2026-03-11 20:00:00,0.144,50.55,35.13,56.03,4.043,0.1419,0.0111,79.17,True,Normal,0,train
PUMP_01,2026-03-11 21:00:00,0.1229,51.91,33.78,55.59,4.112,0.1413,0.0121,79.12,True,Normal,0,train
PUMP_01,2026-03-11 22:00:00,0.1431,48.73,33.0,57.2,4.04,0.1392,0.0101,79.08,True,Normal,0,train
PUMP_01,2026-03-11 23:00:00,0.1095,49.5,33.17,57.81,3.984,0.133,0.0148,79.04,True,Normal,0,train
PUMP_01,2026-03-12 00:00:00,0.1265,48.85,33.72,57.38,4.049,0.1295,0.013,79.0,True,Normal,0,train
PUMP_01,2026-03-12 01:00:00,0.1478,48.75,35.21,57.18,3.842,0.1323,0.0151,78.96,True,Normal,0,train
PUMP_01,2026-03-12 02:00:00,0.1906,49.11,34.01,58.68,4.168,0.1401,0.0284,78.92,True,Normal,0,train
PUMP_01,2026-03-12 03:00:00,0.1301,49.71,33.63,58.56,4.022,0.1413,0.0277,78.88,True,Normal,0,train
PUMP_01,2026-03-12 04:00:00,0.14,50.88,33.59,58.24,4.175,0.1408,0.0277,78.83,True,Normal,0,train
PUMP_01,2026-03-12 05:00:00,0.1629,50.48,33.21,58.98,3.93,0.1496,0.0239,78.79,True,Normal,0,train
PUMP_01,2026-03-12 06:00:00,0.1865,48.41,34.52,57.21,3.911,0.1596,0.0249,78.75,True,Normal,0,train
PUMP_01,2026-03-12 07:00:00,0.1627,51.94,33.94,56.69,4.029,0.1621,0.0242,78.71,True,Normal,0,train
PUMP_01,2026-03-12 08:00:00,0.1692,51.42,35.26,57.37,4.029,0.1586,0.0204,78.67,True,Normal,0,train
PUMP_01,2026-03-12 09:00:00,0.152,48.65,34.38,57.29,4.027,0.1622,0.0157,78.62,True,Normal,0,train
PUMP_01,2026-03-12 10:00:00,0.1473,51.84,34.5,55.54,4.015,0.1634,0.0138,78.58,True,Normal,0,train
PUMP_01,2026-03-12 11:00:00,0.1538,50.49,33.85,57.35,3.95,0.1619,0.0144,78.54,True,Normal,0,train
PUMP_01,2026-03-12 12:00:00,0.1401,49.77,33.35,59.33,3.881,0.1542,0.0105,78.5,True,Normal,0,train
PUMP_01,2026-03-12 13:00:00,0.1583,50.54,33.48,58.96,4.023,0.1534,0.0099,78.46,True,Normal,0,train
PUMP_01,2026-03-12 14:00:00,0.1209,49.96,33.18,58.63,3.897,0.1454,0.0135,78.42,True,Normal,0,train
PUMP_01,2026-03-12 15:00:00,0.1563,50.82,34.55,58.16,3.89,0.1461,0.014,78.38,True,Normal,0,train
PUMP_01,2026-03-12 16:00:00,0.1419,50.28,33.77,59.74,3.97,0.1452,0.0141,78.33,True,Normal,0,train
PUMP_01,2026-03-12 17:00:00,0.1371,49.49,34.57,56.73,4.034,0.1424,0.0137,78.29,True,Normal,0,train
PUMP_01,2026-03-12 18:00:00,0.1154,46.96,34.08,56.84,4.159,0.1383,0.0177,78.25,True,Normal,0,train
PUMP_01,2026-03-12 19:00:00,0.1256,50.79,33.82,59.35,4.078,0.1329,0.0152,78.21,True,Normal,0,train
PUMP_01,2026-03-12 20:00:00,0.1593,49.44,33.3,58.03,4.115,0.1393,0.0171,78.17,True,Normal,0,train
PUMP_01,2026-03-12 21:00:00,0.1398,51.17,34.18,57.19,4.052,0.1365,0.015,78.12,True,Normal,0,train
PUMP_01,2026-03-12 22:00:00,0.1492,50.72,33.87,58.66,4.029,0.1377,0.0158,78.08,True,Normal,0,train
PUMP_01,2026-03-12 23:00:00,0.1342,49.48,34.54,57.47,4.2,0.1372,0.0159,78.04,True,Normal,0,train
PUMP_01,2026-03-13 00:00:00,0.1496,51.53,33.57,56.99,3.894,0.143,0.0122,78.0,True,Normal,0,train
PUMP_01,2026-03-13 01:00:00,0.132,50.31,34.37,56.96,3.967,0.144,0.0105,77.96,True,Normal,0,train
PUMP_01,2026-03-13 02:00:00,0.1565,50.25,34.98,58.39,3.973,0.1436,0.0097,77.92,True,Normal,0,train
PUMP_01,2026-03-13 03:00:00,0.1626,49.79,34.16,58.25,4.071,0.1474,0.0121,77.88,True,Normal,0,train
PUMP_01,2026-03-13 04:00:00,0.1635,52.53,34.47,59.82,3.922,0.1497,0.0138,77.83,True,Normal,0,train
PUMP_01,2026-03-13 05:00:00,0.1461,48.93,34.34,57.65,4.061,0.1517,0.0119,77.79,True,Normal,0,train
PUMP_01,2026-03-13 06:00:00,0.1549,49.52,35.14,57.63,4.046,0.1526,0.0119,77.75,True,Normal,0,train
PUMP_01,2026-03-13 07:00:00,0.1677,48.14,34.22,59.73,4.065,0.1586,0.0077,77.71,True,Normal,0,train
PUMP_01,2026-03-13 08:00:00,0.1555,51.09,34.42,59.18,4.064,0.1584,0.0078,77.67,True,Normal,0,train
PUMP_01,2026-03-13 09:00:00,0.1528,49.13,33.98,58.17,4.123,0.1568,0.0077,77.62,True,Normal,0,train
PUMP_01,2026-03-13 10:00:00,0.1836,49.29,33.54,56.13,3.996,0.1601,0.0135,77.58,True,Normal,0,train
PUMP_01,2026-03-13 11:00:00,0.1383,49.22,33.28,57.03,4.042,0.1588,0.0153,77.54,True,Normal,0,train
PUMP_01,2026-03-13 12:00:00,0.1662,50.09,34.76,56.74,3.941,0.1607,0.0155,77.5,True,Normal,0,train
PUMP_01,2026-03-13 13:00:00,0.1301,48.12,33.39,58.04,3.923,0.1544,0.0192,77.46,True,Normal,0,train
PUMP_01,2026-03-13 14:00:00,0.1548,46.64,34.45,57.39,4.141,0.1543,0.0192,77.42,True,Normal,0,train
PUMP_01,2026-03-13 15:00:00,0.1536,50.69,34.25,59.92,3.935,0.1544,0.0192,77.38,True,Normal,0,train
PUMP_01,2026-03-13 16:00:00,0.1337,46.83,34.55,56.11,4.051,0.1461,0.0142,77.33,True,Normal,0,train
PUMP_01,2026-03-13 17:00:00,0.1221,51.28,33.69,56.61,4.042,0.1434,0.0172,77.29,True,Normal,0,train
PUMP_01,2026-03-13 18:00:00,0.1104,52.34,33.53,58.29,4.094,0.1341,0.0175,77.25,True,Normal,0,train
PUMP_01,2026-03-13 19:00:00,0.1311,49.75,34.23,58.63,3.867,0.1343,0.0175,77.21,True,Normal,0,train
PUMP_01,2026-03-13 20:00:00,0.1492,51.95,33.82,54.9,4.071,0.1334,0.0162,77.17,True,Normal,0,train
PUMP_01,2026-03-13 21:00:00,0.1268,49.96,33.26,55.92,3.995,0.1289,0.0129,77.12,True,Normal,0,train
PUMP_01,2026-03-13 22:00:00,0.1465,52.4,35.16,57.68,3.952,0.131,0.0148,77.08,True,Normal,0,train
PUMP_01,2026-03-13 23:00:00,0.1253,49.32,33.53,59.63,3.98,0.1316,0.0145,77.04,True,Normal,0,train
PUMP_01,2026-03-14 00:00:00,0.1465,46.45,33.4,60.27,4.083,0.1376,0.011,77.0,True,Normal,0,train
PUMP_01,2026-03-14 01:00:00,0.1354,49.88,33.85,57.5,4.058,0.1383,0.0106,76.96,True,Normal,0,train
PUMP_01,2026-03-14 02:00:00,0.1538,52.56,34.75,57.8,3.99,0.139,0.0117,76.92,True,Normal,0,train
PUMP_01,2026-03-14 03:00:00,0.1496,50.8,32.7,57.0,3.909,0.1428,0.0105,76.88,True,Normal,0,train
PUMP_01,2026-03-14 04:00:00,0.1408,49.23,34.7,58.76,3.915,0.1419,0.0104,76.83,True,Normal,0,train
PUMP_01,2026-03-14 05:00:00,0.1498,50.49,33.45,59.83,4.06,0.146,0.0068,76.79,True,Normal,0,train
PUMP_01,2026-03-14 06:00:00,0.146,51.46,34.16,59.51,3.898,0.1459,0.0067,76.75,True,Normal,0,train
PUMP_01,2026-03-14 07:00:00,0.14,49.87,33.59,57.97,3.991,0.1467,0.0055,76.71,True,Normal,0,train
PUMP_01,2026-03-14 08:00:00,0.1749,53.94,35.2,56.99,4.214,0.1502,0.0128,76.67,True,Normal,0,train
PUMP_01,2026-03-14 09:00:00,0.1517,49.22,34.07,58.01,4.037,0.1505,0.0128,76.62,True,Normal,0,train
PUMP_01,2026-03-14 10:00:00,0.122,51.5,33.58,59.66,4.059,0.1474,0.0172,76.58,True,Normal,0,train
PUMP_01,2026-03-14 11:00:00,0.1432,51.14,33.82,57.52,3.915,0.1463,0.0172,76.54,True,Normal,0,train
PUMP_01,2026-03-14 12:00:00,0.1637,48.95,34.05,55.82,3.902,0.1493,0.0186,76.5,True,Normal,0,train
PUMP_01,2026-03-14 13:00:00,0.136,49.36,34.11,57.57,4.064,0.1486,0.0191,76.46,True,Normal,0,train
PUMP_01,2026-03-14 14:00:00,0.1675,51.53,34.26,57.67,3.977,0.1474,0.0172,76.42,True,Normal,0,train
PUMP_01,2026-03-14 15:00:00,0.1301,50.22,34.0,55.81,4.094,0.1438,0.0183,76.38,True,Normal,0,train
PUMP_01,2026-03-14 16:00:00,0.1489,50.51,33.17,58.28,4.011,0.1482,0.0149,76.33,True,Normal,0,train
PUMP_01,2026-03-14 17:00:00,0.1559,47.55,33.8,58.61,4.285,0.1504,0.015,76.29,True,Normal,0,train
PUMP_01,2026-03-14 18:00:00,0.1468,50.98,34.36,60.23,3.962,0.1475,0.0135,76.25,True,Normal,0,train
PUMP_01,2026-03-14 19:00:00,0.1197,50.43,33.6,56.4,4.031,0.1448,0.0174,76.21,True,Normal,0,train
PUMP_01,2026-03-14 20:00:00,0.1272,49.9,34.4,58.88,3.936,0.1381,0.0144,76.17,True,Normal,0,train
PUMP_01,2026-03-14 21:00:00,0.1605,50.54,34.02,59.16,4.091,0.1432,0.0162,76.12,True,Normal,0,train
PUMP_01,2026-03-14 22:00:00,0.1329,49.39,33.87,58.62,4.043,0.1405,0.0164,76.08,True,Normal,0,train
PUMP_01,2026-03-14 23:00:00,0.162,49.11,34.72,56.79,3.931,0.1415,0.0177,76.04,True,Normal,0,train
PUMP_01,2026-03-15 00:00:00,0.1435,49.64,32.96,56.72,3.983,0.141,0.0175,76.0,True,Normal,0,train
PUMP_01,2026-03-15 01:00:00,0.1547,49.3,33.59,58.12,4.118,0.1468,0.0146,75.96,True,Normal,0,train
PUMP_01,2026-03-15 02:00:00,0.1342,53.27,34.74,58.11,4.108,0.148,0.0129,75.92,True,Normal,0,train
PUMP_01,2026-03-15 03:00:00,0.1479,51.37,35.1,57.33,3.895,0.1459,0.0114,75.88,True,Normal,0,train
PUMP_01,2026-03-15 04:00:00,0.1455,48.55,35.37,59.55,3.971,0.148,0.0096,75.83,True,Normal,0,train
PUMP_01,2026-03-15 05:00:00,0.163,53.05,34.03,57.52,4.154,0.1481,0.0099,75.79,True,Normal,0,train
PUMP_01,2026-03-15 06:00:00,0.1614,49.35,34.27,55.73,3.995,0.1511,0.0108,75.75,True,Normal,0,train
PUMP_01,2026-03-15 07:00:00,0.1666,50.04,34.49,57.73,4.023,0.1531,0.0126,75.71,True,Normal,0,train
PUMP_01,2026-03-15 08:00:00,0.1513,51.35,34.77,58.58,4.09,0.156,0.0088,75.67,True,Normal,0,train
PUMP_01,2026-03-15 09:00:00,0.1431,47.05,34.19,58.41,3.901,0.1551,0.0098,75.62,True,Normal,0,train
PUMP_01,2026-03-15 10:00:00,0.1577,49.64,34.56,58.4,3.933,0.1572,0.0086,75.58,True,Normal,0,train
PUMP_01,2026-03-15 11:00:00,0.1371,49.14,34.28,59.79,3.982,0.1529,0.0112,75.54,True,Normal,0,train
PUMP_01,2026-03-15 12:00:00,0.1662,50.31,34.31,56.66,4.104,0.1537,0.0121,75.5,True,Normal,0,train
PUMP_01,2026-03-15 13:00:00,0.1457,50.56,33.45,57.49,4.09,0.1502,0.0105,75.46,True,Normal,0,train
PUMP_01,2026-03-15 14:00:00,0.1401,49.88,33.8,59.85,4.066,0.1483,0.0113,75.42,True,Normal,0,train
PUMP_01,2026-03-15 15:00:00,0.1499,49.81,33.69,55.64,3.997,0.1494,0.011,75.38,True,Normal,0,train
PUMP_01,2026-03-15 16:00:00,0.1402,51.6,33.29,57.94,4.098,0.1465,0.0107,75.33,True,Normal,0,train
PUMP_01,2026-03-15 17:00:00,0.1155,50.45,33.01,59.47,3.996,0.1429,0.0165,75.29,True,Normal,0,train
PUMP_01,2026-03-15 18:00:00,0.1241,50.06,33.75,59.46,4.054,0.1359,0.0133,75.25,True,Normal,0,train
PUMP_01,2026-03-15 19:00:00,0.1562,50.22,33.84,58.79,4.081,0.1377,0.0154,75.21,True,Normal,0,train
PUMP_01,2026-03-15 20:00:00,0.1426,52.75,34.06,58.82,4.144,0.1381,0.0155,75.17,True,Normal,0,train
PUMP_01,2026-03-15 21:00:00,0.1177,50.26,34.33,56.75,4.003,0.1327,0.0161,75.12,True,Normal,0,train
PUMP_01,2026-03-15 22:00:00,0.1503,49.23,34.11,59.65,3.979,0.1344,0.0175,75.08,True,Normal,0,train
PUMP_01,2026-03-15 23:00:00,0.139,47.14,33.85,56.56,4.112,0.1383,0.0149,75.04,True,Normal,0,train
PUMP_01,2026-03-16 00:00:00,0.1369,47.85,33.45,56.63,4.118,0.1404,0.0133,75.0,True,Normal,0,train
PUMP_01,2026-03-16 01:00:00,0.1354,49.3,34.53,58.47,3.965,0.137,0.0108,74.96,True,Normal,0,train
PUMP_01,2026-03-16 02:00:00,0.17,49.84,33.94,57.41,3.92,0.1415,0.0174,74.92,True,Normal,0,train
PUMP_01,2026-03-16 03:00:00,0.1276,49.17,33.74,58.25,4.106,0.1432,0.015,74.88,True,Normal,0,train
PUMP_01,2026-03-16 04:00:00,0.1461,50.53,33.89,58.52,3.877,0.1425,0.0147,74.83,True,Normal,0,train
PUMP_01,2026-03-16 05:00:00,0.1615,49.15,33.56,60.13,3.873,0.1462,0.0164,74.79,True,Normal,0,train
PUMP_01,2026-03-16 06:00:00,0.1837,48.63,33.68,58.52,3.987,0.154,0.0214,74.75,True,Normal,0,train
PUMP_01,2026-03-16 07:00:00,0.168,50.92,33.66,57.26,4.008,0.1595,0.0198,74.71,True,Normal,0,train
PUMP_01,2026-03-16 08:00:00,0.146,52.05,33.83,58.81,3.915,0.1555,0.0197,74.67,True,Normal,0,train
PUMP_01,2026-03-16 09:00:00,0.18,48.34,34.39,57.0,4.018,0.1642,0.0162,74.62,True,Normal,0,train
PUMP_01,2026-03-16 10:00:00,0.1347,50.37,34.24,59.1,4.021,0.1623,0.0191,74.58,True,Normal,0,train
PUMP_01,2026-03-16 11:00:00,0.1566,47.14,34.93,58.08,3.962,0.1615,0.0193,74.54,True,Normal,0,train
PUMP_01,2026-03-16 12:00:00,0.1573,47.79,34.73,58.48,4.163,0.1571,0.0159,74.5,True,Normal,0,train
PUMP_01,2026-03-16 13:00:00,0.1342,49.12,35.17,55.86,4.034,0.1515,0.0172,74.46,True,Normal,0,train
PUMP_01,2026-03-16 14:00:00,0.1555,51.7,34.34,55.3,4.09,0.153,0.0171,74.42,True,Normal,0,train
PUMP_01,2026-03-16 15:00:00,0.1352,48.83,34.33,56.2,3.884,0.1456,0.0119,74.38,True,Normal,0,train
PUMP_01,2026-03-16 16:00:00,0.1518,48.78,33.71,60.09,3.883,0.1484,0.0108,74.33,True,Normal,0,train
PUMP_01,2026-03-16 17:00:00,0.1127,50.05,34.5,56.62,4.037,0.1411,0.0172,74.29,True,Normal,0,train
PUMP_01,2026-03-16 18:00:00,0.145,50.06,33.61,58.88,4.148,0.1391,0.0155,74.25,True,Normal,0,train
PUMP_01,2026-03-16 19:00:00,0.1342,48.82,33.12,57.23,3.919,0.1391,0.0155,74.21,True,Normal,0,train
PUMP_01,2026-03-16 20:00:00,0.1586,52.98,34.92,57.71,4.011,0.1396,0.0162,74.17,True,Normal,0,train
PUMP_01,2026-03-16 21:00:00,0.1423,49.6,33.25,57.95,3.901,0.1408,0.0161,74.12,True,Normal,0,train
PUMP_01,2026-03-16 22:00:00,0.1637,50.17,34.26,59.97,3.943,0.1428,0.0183,74.08,True,Normal,0,train
PUMP_01,2026-03-16 23:00:00,0.155,49.4,33.47,58.7,4.015,0.1498,0.0111,74.04,True,Normal,0,train
PUMP_01,2026-03-17 00:00:00,0.1481,50.66,34.68,58.46,3.961,0.1503,0.0109,74.0,True,Normal,0,train
PUMP_01,2026-03-17 01:00:00,0.1644,51.85,34.76,59.56,3.896,0.1553,0.0088,73.96,True,Normal,0,train
PUMP_01,2026-03-17 02:00:00,0.1669,52.5,34.32,57.24,3.894,0.1567,0.01,73.92,True,Normal,0,train
PUMP_01,2026-03-17 03:00:00,0.1641,48.86,34.75,59.28,3.849,0.1604,0.0073,73.88,True,Normal,0,train
PUMP_01,2026-03-17 04:00:00,0.1243,51.65,34.0,59.08,4.038,0.1538,0.0161,73.83,True,Normal,0,train
PUMP_01,2026-03-17 05:00:00,0.1449,50.82,35.34,59.07,4.048,0.1521,0.0165,73.79,True,Normal,0,train
PUMP_01,2026-03-17 06:00:00,0.1808,51.46,34.45,57.81,4.047,0.1576,0.0199,73.75,True,Normal,0,train
PUMP_01,2026-03-17 07:00:00,0.1408,49.86,33.46,57.48,3.927,0.1536,0.0206,73.71,True,Normal,0,train
PUMP_01,2026-03-17 08:00:00,0.1719,49.72,34.04,56.96,4.08,0.1545,0.0213,73.67,True,Normal,0,train
PUMP_01,2026-03-17 09:00:00,0.1677,51.4,33.91,57.03,4.057,0.1551,0.0217,73.62,True,Normal,0,train
PUMP_01,2026-03-17 10:00:00,0.1441,51.43,33.85,56.9,4.001,0.1584,0.0171,73.58,True,Normal,0,train
PUMP_01,2026-03-17 11:00:00,0.1227,52.35,33.01,58.44,3.987,0.1547,0.0223,73.54,True,Normal,0,train
PUMP_01,2026-03-17 12:00:00,0.1415,50.3,34.23,57.73,3.948,0.1481,0.0185,73.5,True,Normal,0,train
PUMP_01,2026-03-17 13:00:00,0.1786,49.84,33.17,58.52,4.015,0.1544,0.0217,73.46,True,Normal,0,train
PUMP_01,2026-03-17 14:00:00,0.1321,46.31,32.48,58.59,4.129,0.1478,0.0213,73.42,True,Normal,0,train
PUMP_01,2026-03-17 15:00:00,0.131,47.58,33.79,56.73,4.091,0.1417,0.0197,73.38,True,Normal,0,train
PUMP_01,2026-03-17 16:00:00,0.1264,49.41,33.55,56.69,3.98,0.1387,0.0205,73.33,True,Normal,0,train
PUMP_01,2026-03-17 17:00:00,0.1586,48.35,33.48,57.73,4.043,0.1447,0.0202,73.29,True,Normal,0,train
PUMP_01,2026-03-17 18:00:00,0.1364,51.22,32.14,57.07,3.912,0.1438,0.0204,73.25,True,Normal,0,train
PUMP_01,2026-03-17 19:00:00,0.131,48.03,33.49,56.94,4.058,0.1359,0.0116,73.21,True,Normal,0,train
PUMP_01,2026-03-17 20:00:00,0.1625,49.25,33.9,60.03,3.934,0.141,0.0155,73.17,True,Normal,0,train
PUMP_01,2026-03-17 21:00:00,0.1516,49.31,33.62,56.16,4.055,0.1444,0.0152,73.12,True,Normal,0,train
PUMP_01,2026-03-17 22:00:00,0.1312,51.81,34.23,60.43,4.238,0.1452,0.0141,73.08,True,Normal,0,train
PUMP_01,2026-03-17 23:00:00,0.1291,49.09,34.84,58.35,3.954,0.1403,0.0136,73.04,True,Normal,0,train
PUMP_01,2026-03-18 00:00:00,0.1674,50.68,34.31,59.18,4.234,0.1455,0.0173,73.0,True,Normal,0,train
PUMP_01,2026-03-18 01:00:00,0.1528,50.29,34.62,59.04,4.039,0.1491,0.0158,72.96,True,Normal,0,train
PUMP_01,2026-03-18 02:00:00,0.1318,51.35,34.67,58.74,3.94,0.144,0.0156,72.92,True,Normal,0,train
PUMP_01,2026-03-18 03:00:00,0.1303,51.28,33.39,59.99,3.936,0.1404,0.0159,72.88,True,Normal,0,train
PUMP_01,2026-03-18 04:00:00,0.1419,49.95,34.26,56.7,4.189,0.1422,0.0153,72.83,True,Normal,0,train
PUMP_01,2026-03-18 05:00:00,0.1411,47.46,34.6,57.81,4.039,0.1442,0.014,72.79,True,Normal,0,train
PUMP_01,2026-03-18 06:00:00,0.1293,49.65,33.74,56.98,3.955,0.1379,0.0091,72.75,True,Normal,0,train
PUMP_01,2026-03-18 07:00:00,0.1432,49.97,33.53,55.96,3.984,0.1363,0.0064,72.71,True,Normal,0,train
PUMP_01,2026-03-18 08:00:00,0.1449,50.43,34.32,57.21,4.034,0.1384,0.0068,72.67,True,Normal,0,train
PUMP_01,2026-03-18 09:00:00,0.1501,48.89,33.11,60.25,3.999,0.1418,0.0069,72.62,True,Normal,0,train
PUMP_01,2026-03-18 10:00:00,0.1804,51.71,33.35,57.79,4.028,0.1482,0.0172,72.58,True,Normal,0,train
PUMP_01,2026-03-18 11:00:00,0.1486,50.02,33.6,60.38,4.142,0.1494,0.0169,72.54,True,Normal,0,train
PUMP_01,2026-03-18 12:00:00,0.1475,48.62,34.27,60.5,3.91,0.1524,0.0139,72.5,True,Normal,0,train
PUMP_01,2026-03-18 13:00:00,0.1551,49.31,34.13,61.59,4.052,0.1544,0.0132,72.46,True,Normal,0,train
PUMP_01,2026-03-18 14:00:00,0.1414,52.89,34.62,60.29,3.994,0.1539,0.0137,72.42,True,Normal,0,train
PUMP_01,2026-03-18 15:00:00,0.1489,51.0,33.45,60.83,3.96,0.1536,0.0138,72.38,True,Normal,0,train
PUMP_01,2026-03-18 16:00:00,0.1455,51.57,33.41,58.39,4.086,0.1478,0.0045,72.33,True,Normal,0,train
PUMP_01,2026-03-18 17:00:00,0.1422,48.44,34.31,58.27,3.883,0.1468,0.005,72.29,True,Normal,0,train
PUMP_01,2026-03-18 18:00:00,0.1815,48.97,33.52,58.35,3.811,0.1524,0.0151,72.25,True,Normal,0,train
PUMP_01,2026-03-18 19:00:00,0.154,48.98,33.64,58.0,4.018,0.1522,0.0151,72.21,True,Normal,0,train
PUMP_01,2026-03-18 20:00:00,0.1251,50.28,32.89,58.18,3.989,0.1495,0.0185,72.17,True,Normal,0,train
PUMP_01,2026-03-18 21:00:00,0.1485,49.74,34.17,58.9,3.892,0.1495,0.0185,72.12,True,Normal,0,train
PUMP_01,2026-03-18 22:00:00,0.1331,49.27,34.92,57.44,3.863,0.1474,0.0197,72.08,True,Normal,0,train
PUMP_01,2026-03-18 23:00:00,0.1541,49.45,33.38,56.35,4.154,0.1494,0.0197,72.04,True,Normal,0,train
PUMP_01,2026-03-19 00:00:00,0.1294,48.81,34.61,58.44,4.037,0.1407,0.013,72.0,True,Normal,0,train
PUMP_01,2026-03-19 01:00:00,0.136,49.73,33.96,57.17,4.002,0.1377,0.0113,71.96,True,Normal,0,train
PUMP_01,2026-03-19 02:00:00,0.1602,51.67,32.94,57.29,4.176,0.1436,0.0125,71.92,True,Normal,0,train
PUMP_01,2026-03-19 03:00:00,0.172,47.73,33.46,57.83,4.082,0.1475,0.0172,71.88,True,Normal,0,train
PUMP_01,2026-03-19 04:00:00,0.1662,50.52,33.43,57.55,4.142,0.153,0.0169,71.83,True,Normal,0,train
PUMP_01,2026-03-19 05:00:00,0.1725,52.07,33.81,59.33,3.906,0.156,0.0187,71.79,True,Normal,0,train
PUMP_01,2026-03-19 06:00:00,0.1656,49.73,34.25,57.8,3.903,0.1621,0.0136,71.75,True,Normal,0,train
PUMP_01,2026-03-19 07:00:00,0.1622,49.21,35.11,59.39,4.049,0.1664,0.005,71.71,True,Normal,0,train
PUMP_01,2026-03-19 08:00:00,0.1511,51.39,33.14,58.25,4.033,0.1649,0.0078,71.67,True,Normal,0,train
PUMP_01,2026-03-19 09:00:00,0.1693,48.52,33.71,57.89,4.1,0.1645,0.0074,71.62,True,Normal,0,train
PUMP_01,2026-03-19 10:00:00,0.1704,49.97,33.46,58.19,3.87,0.1652,0.0078,71.58,True,Normal,0,train
PUMP_01,2026-03-19 11:00:00,0.1516,48.44,33.24,56.45,4.056,0.1617,0.0085,71.54,True,Normal,0,train
PUMP_01,2026-03-19 12:00:00,0.1482,47.19,34.06,58.41,4.079,0.1588,0.0098,71.5,True,Normal,0,train
PUMP_01,2026-03-19 13:00:00,0.1713,49.77,34.0,59.02,4.075,0.1603,0.0111,71.46,True,Normal,0,train
PUMP_01,2026-03-19 14:00:00,0.1447,48.1,32.91,59.19,3.967,0.1592,0.0124,71.42,True,Normal,0,train
PUMP_01,2026-03-19 15:00:00,0.1441,49.98,34.01,56.38,4.041,0.155,0.0125,71.38,True,Normal,0,train
PUMP_01,2026-03-19 16:00:00,0.1486,51.67,33.28,56.18,3.938,0.1514,0.0101,71.33,True,Normal,0,train
PUMP_01,2026-03-19 17:00:00,0.1389,52.78,34.01,57.36,3.977,0.1493,0.0113,71.29,True,Normal,0,train
PUMP_01,2026-03-19 18:00:00,0.1277,50.14,34.76,59.66,3.917,0.1459,0.0144,71.25,True,Normal,0,train
PUMP_01,2026-03-19 19:00:00,0.146,51.53,34.28,58.27,3.939,0.1417,0.0075,71.21,True,Normal,0,train
PUMP_01,2026-03-19 20:00:00,0.1408,50.6,34.11,57.07,3.981,0.141,0.0074,71.17,True,Normal,0,train
PUMP_01,2026-03-19 21:00:00,0.1706,49.43,33.68,56.26,3.961,0.1454,0.0143,71.12,True,Normal,0,train
PUMP_01,2026-03-19 22:00:00,0.1568,47.11,34.04,57.18,3.939,0.1468,0.015,71.08,True,Normal,0,train
PUMP_01,2026-03-19 23:00:00,0.1385,52.44,34.34,57.1,3.896,0.1467,0.0151,71.04,True,Normal,0,train
PUMP_01,2026-03-20 00:00:00,0.1609,48.43,34.28,59.12,4.157,0.1523,0.0126,71.0,True,Normal,0,train
PUMP_01,2026-03-20 01:00:00,0.1572,52.07,33.94,59.22,3.96,0.1541,0.0123,70.96,True,Normal,0,train
PUMP_01,2026-03-20 02:00:00,0.1746,50.81,34.13,56.74,4.026,0.1598,0.0127,70.92,True,Normal,0,train
PUMP_01,2026-03-20 03:00:00,0.1492,48.54,33.21,58.9,3.859,0.1562,0.012,70.88,True,Normal,0,train
PUMP_01,2026-03-20 04:00:00,0.1615,50.47,33.56,58.78,4.109,0.157,0.0122,70.83,True,Normal,0,train
PUMP_01,2026-03-20 05:00:00,0.1582,53.2,34.42,56.58,4.013,0.1603,0.0083,70.79,True,Normal,0,train
PUMP_01,2026-03-20 06:00:00,0.1609,52.3,34.51,57.9,3.964,0.1603,0.0083,70.75,True,Normal,0,train
PUMP_01,2026-03-20 07:00:00,0.1464,49.23,34.06,58.41,3.965,0.1585,0.0101,70.71,True,Normal,0,train
PUMP_01,2026-03-20 08:00:00,0.1673,48.93,34.89,58.2,4.07,0.1572,0.0079,70.67,True,Normal,0,train
PUMP_01,2026-03-20 09:00:00,0.1633,50.15,34.3,55.95,3.764,0.1596,0.0071,70.62,True,Normal,0,train
PUMP_01,2026-03-20 10:00:00,0.1743,49.75,33.86,58.16,3.934,0.1617,0.0094,70.58,True,Normal,0,train
PUMP_01,2026-03-20 11:00:00,0.1524,51.8,33.27,58.76,3.99,0.1608,0.0101,70.54,True,Normal,0,train
PUMP_01,2026-03-20 12:00:00,0.1438,51.11,34.86,59.9,3.99,0.1579,0.0122,70.5,True,Normal,0,train
PUMP_01,2026-03-20 13:00:00,0.1593,47.46,34.46,57.2,4.2,0.1601,0.0109,70.46,True,Normal,0,train
PUMP_01,2026-03-20 14:00:00,0.1331,50.69,35.08,57.35,3.973,0.1544,0.0146,70.42,True,Normal,0,train
PUMP_01,2026-03-20 15:00:00,0.1592,49.73,35.3,57.75,4.079,0.1537,0.0142,70.38,True,Normal,0,train
PUMP_01,2026-03-20 16:00:00,0.1576,50.06,33.23,58.35,4.145,0.1509,0.0105,70.33,True,Normal,0,train
PUMP_01,2026-03-20 17:00:00,0.1592,50.37,33.23,58.12,4.054,0.152,0.0111,70.29,True,Normal,0,train
PUMP_01,2026-03-20 18:00:00,0.1456,51.8,32.28,58.73,3.946,0.1523,0.0108,70.25,True,Normal,0,train
PUMP_01,2026-03-20 19:00:00,0.133,51.47,34.55,56.65,3.897,0.148,0.0126,70.21,True,Normal,0,train
PUMP_01,2026-03-20 20:00:00,0.143,48.88,34.39,58.48,4.06,0.1496,0.0108,70.17,True,Normal,0,train
PUMP_01,2026-03-20 21:00:00,0.1486,49.91,34.06,57.11,4.132,0.1478,0.0097,70.12,True,Normal,0,train
PUMP_01,2026-03-20 22:00:00,0.1366,49.33,33.26,57.83,4.044,0.1443,0.0093,70.08,True,Normal,0,train
PUMP_01,2026-03-20 23:00:00,0.1674,47.48,33.95,60.05,4.099,0.1457,0.0121,70.04,True,Normal,0,train
PUMP_01,2026-03-21 00:00:00,0.1587,49.84,34.11,56.32,4.207,0.1479,0.0132,70.0,True,Normal,0,train
PUMP_01,2026-03-21 01:00:00,0.1392,52.77,34.47,57.66,4.067,0.1489,0.012,69.96,True,Normal,0,train
PUMP_01,2026-03-21 02:00:00,0.1832,47.43,34.16,56.47,3.912,0.1556,0.0178,69.92,True,Normal,0,train
PUMP_01,2026-03-21 03:00:00,0.1585,49.96,34.4,58.18,4.004,0.1573,0.0175,69.88,True,Normal,0,train
PUMP_01,2026-03-21 04:00:00,0.1422,49.92,33.93,59.26,4.11,0.1582,0.0163,69.83,True,Normal,0,train
PUMP_01,2026-03-21 05:00:00,0.1472,50.43,34.71,58.2,3.98,0.1548,0.0161,69.79,True,Normal,0,train
PUMP_01,2026-03-21 06:00:00,0.1823,48.56,34.38,57.86,4.12,0.1588,0.0197,69.75,True,Normal,0,train
PUMP_01,2026-03-21 07:00:00,0.187,47.86,33.29,59.59,3.995,0.1667,0.0199,69.71,True,Normal,0,train
PUMP_01,2026-03-21 08:00:00,0.1738,47.93,34.83,58.4,4.027,0.1652,0.0187,69.67,True,Normal,0,train
PUMP_01,2026-03-21 09:00:00,0.1769,52.0,34.74,58.98,3.972,0.1682,0.0188,69.62,True,Normal,0,train
PUMP_01,2026-03-21 10:00:00,0.1732,48.53,34.28,58.86,4.013,0.1734,0.0139,69.58,True,Normal,0,train
PUMP_01,2026-03-21 11:00:00,0.1609,49.25,34.17,54.55,4.017,0.1757,0.009,69.54,True,Normal,0,train
PUMP_01,2026-03-21 12:00:00,0.1549,53.16,35.0,57.91,3.871,0.1711,0.0115,69.5,True,Normal,0,train
PUMP_01,2026-03-21 13:00:00,0.1555,48.9,33.02,56.71,3.965,0.1659,0.0099,69.46,True,Normal,0,train
PUMP_01,2026-03-21 14:00:00,0.156,50.51,34.74,57.0,3.901,0.1629,0.0097,69.42,True,Normal,0,train
PUMP_01,2026-03-21 15:00:00,0.1318,51.6,33.71,59.77,3.967,0.1554,0.0135,69.38,True,Normal,0,train
PUMP_01,2026-03-21 16:00:00,0.1523,51.52,34.66,57.55,3.936,0.1519,0.0102,69.33,True,Normal,0,train
PUMP_01,2026-03-21 17:00:00,0.1622,48.0,34.07,60.27,4.081,0.1521,0.0105,69.29,True,Normal,0,train
PUMP_01,2026-03-21 18:00:00,0.1369,48.93,33.25,56.31,4.082,0.1491,0.012,69.25,True,Normal,0,train
PUMP_01,2026-03-21 19:00:00,0.1356,50.45,33.7,56.7,4.045,0.1458,0.0126,69.21,True,Normal,0,train
PUMP_01,2026-03-21 20:00:00,0.1485,52.89,34.61,58.91,3.899,0.1445,0.0117,69.17,True,Normal,0,train
PUMP_01,2026-03-21 21:00:00,0.1332,48.86,33.87,57.59,3.992,0.1448,0.0114,69.12,True,Normal,0,train
PUMP_01,2026-03-21 22:00:00,0.1252,49.26,33.63,58.37,3.892,0.1403,0.0131,69.08,True,Normal,0,train
PUMP_01,2026-03-21 23:00:00,0.1646,50.63,33.62,57.87,3.988,0.1407,0.0139,69.04,True,Normal,0,train
PUMP_01,2026-03-22 00:00:00,0.1432,50.93,34.39,57.83,4.052,0.1417,0.0138,69.0,True,Normal,0,train
PUMP_01,2026-03-22 01:00:00,0.1529,51.02,35.05,57.63,4.079,0.1446,0.0141,68.96,True,Normal,0,train
PUMP_01,2026-03-22 02:00:00,0.1458,48.73,32.72,58.22,4.038,0.1442,0.014,68.92,True,Normal,0,train
PUMP_01,2026-03-22 03:00:00,0.1762,49.2,35.68,58.77,4.101,0.1513,0.0178,68.88,True,Normal,0,train
PUMP_01,2026-03-22 04:00:00,0.1715,50.32,34.12,59.94,4.021,0.159,0.0137,68.83,True,Normal,0,train
PUMP_01,2026-03-22 05:00:00,0.156,51.89,34.35,57.76,3.981,0.1576,0.0135,68.79,True,Normal,0,train
PUMP_01,2026-03-22 06:00:00,0.1423,49.64,33.74,57.53,4.07,0.1574,0.0137,68.75,True,Normal,0,train
PUMP_01,2026-03-22 07:00:00,0.1545,49.97,34.0,57.37,4.073,0.1577,0.0136,68.71,True,Normal,0,train
PUMP_01,2026-03-22 08:00:00,0.1672,48.46,34.12,59.76,3.958,0.1613,0.0126,68.67,True,Normal,0,train
PUMP_01,2026-03-22 09:00:00,0.1599,52.79,33.37,58.83,4.03,0.1586,0.0103,68.62,True,Normal,0,train
PUMP_01,2026-03-22 10:00:00,0.1566,50.23,33.52,55.72,3.976,0.1561,0.0081,68.58,True,Normal,0,train
PUMP_01,2026-03-22 11:00:00,0.1558,51.62,34.71,55.67,3.839,0.156,0.0081,68.54,True,Normal,0,train
PUMP_01,2026-03-22 12:00:00,0.1614,50.04,33.07,57.0,4.035,0.1592,0.0047,68.5,True,Normal,0,train
PUMP_01,2026-03-22 13:00:00,0.1468,50.13,34.26,58.28,3.896,0.158,0.0068,68.46,True,Normal,0,train
PUMP_01,2026-03-22 14:00:00,0.1518,47.75,33.78,57.96,4.026,0.1554,0.0054,68.42,True,Normal,0,train
PUMP_01,2026-03-22 15:00:00,0.1281,46.77,33.42,58.62,3.877,0.1501,0.0118,68.38,True,Normal,0,train
PUMP_01,2026-03-22 16:00:00,0.1796,51.88,35.18,57.79,3.942,0.1539,0.017,68.33,True,Normal,0,train
PUMP_01,2026-03-22 17:00:00,0.1361,50.12,33.43,59.68,3.965,0.1506,0.0184,68.29,True,Normal,0,train
PUMP_01,2026-03-22 18:00:00,0.1431,50.31,33.32,58.93,4.096,0.1476,0.0177,68.25,True,Normal,0,train
PUMP_01,2026-03-22 19:00:00,0.1488,48.13,33.89,58.09,3.957,0.1479,0.0177,68.21,True,Normal,0,train
PUMP_01,2026-03-22 20:00:00,0.1352,48.65,33.54,59.37,3.914,0.1452,0.0183,68.17,True,Normal,0,train
PUMP_01,2026-03-22 21:00:00,0.143,51.59,34.0,56.02,4.029,0.1476,0.0164,68.12,True,Normal,0,train
PUMP_01,2026-03-22 22:00:00,0.1449,52.61,34.09,57.9,3.983,0.1418,0.0052,68.08,True,Normal,0,train
PUMP_01,2026-03-22 23:00:00,0.1337,49.07,34.14,58.17,4.063,0.1414,0.0058,68.04,True,Normal,0,train
PUMP_01,2026-03-23 00:00:00,0.1566,51.01,33.93,58.72,3.919,0.1437,0.0086,68.0,True,Normal,0,train
PUMP_01,2026-03-23 01:00:00,0.1278,50.29,33.58,55.94,4.017,0.1402,0.0102,67.96,True,Normal,0,train
PUMP_01,2026-03-23 02:00:00,0.1813,49.82,34.39,57.69,4.198,0.1479,0.0191,67.92,True,Normal,0,train
PUMP_01,2026-03-23 03:00:00,0.169,52.78,33.93,58.48,3.981,0.1522,0.0207,67.88,True,Normal,0,train
PUMP_01,2026-03-23 04:00:00,0.1682,49.32,33.7,58.57,4.015,0.1561,0.0212,67.83,True,Normal,0,train
PUMP_01,2026-03-23 05:00:00,0.1336,51.86,34.89,59.42,3.867,0.1561,0.0212,67.79,True,Normal,0,train
PUMP_01,2026-03-23 06:00:00,0.1481,50.57,33.93,58.91,3.932,0.1547,0.0215,67.75,True,Normal,0,train
PUMP_01,2026-03-23 07:00:00,0.1805,49.97,34.66,57.93,4.037,0.1635,0.0189,67.71,True,Normal,0,train
PUMP_01,2026-03-23 08:00:00,0.2209,52.06,34.74,58.81,3.974,0.17,0.03,67.67,True,Normal,0,train
PUMP_01,2026-03-23 09:00:00,0.175,50.44,34.77,57.76,4.049,0.171,0.0301,67.62,True,Normal,0,train
PUMP_01,2026-03-23 10:00:00,0.1706,49.86,34.41,58.18,4.034,0.1714,0.0301,67.58,True,Normal,0,train
PUMP_01,2026-03-23 11:00:00,0.1605,52.07,34.0,58.95,3.895,0.1759,0.0248,67.54,True,Normal,0,train
PUMP_01,2026-03-23 12:00:00,0.1373,51.87,33.96,57.95,4.081,0.1741,0.0275,67.5,True,Normal,0,train
PUMP_01,2026-03-23 13:00:00,0.1623,51.8,33.85,58.43,3.901,0.1711,0.0277,67.46,True,Normal,0,train
PUMP_01,2026-03-23 14:00:00,0.1285,44.17,32.7,59.15,3.939,0.1557,0.0187,67.42,True,Normal,0,train
PUMP_01,2026-03-23 15:00:00,0.1248,50.66,34.43,58.85,4.018,0.1473,0.0195,67.38,True,Normal,0,train
PUMP_01,2026-03-23 16:00:00,0.1222,50.32,34.15,59.48,4.125,0.1393,0.0179,67.33,True,Normal,0,train
PUMP_01,2026-03-23 17:00:00,0.155,49.95,34.5,60.79,3.92,0.1384,0.0167,67.29,True,Normal,0,train
PUMP_01,2026-03-23 18:00:00,0.1391,50.91,33.93,58.84,4.012,0.1387,0.0167,67.25,True,Normal,0,train
PUMP_01,2026-03-23 19:00:00,0.1419,50.39,34.4,57.45,4.012,0.1352,0.0124,67.21,True,Normal,0,train
PUMP_01,2026-03-23 20:00:00,0.1411,51.02,33.17,58.61,4.053,0.1374,0.0121,67.17,True,Normal,0,train
PUMP_01,2026-03-23 21:00:00,0.126,49.6,33.3,58.56,4.095,0.1376,0.0119,67.12,True,Normal,0,train
PUMP_01,2026-03-23 22:00:00,0.1349,52.25,32.51,58.74,3.968,0.1397,0.0095,67.08,True,Normal,0,train
PUMP_01,2026-03-23 23:00:00,0.1381,51.17,33.92,59.79,4.081,0.1368,0.0059,67.04,True,Normal,0,train
PUMP_01,2026-03-24 00:00:00,0.1289,50.81,33.54,55.98,4.106,0.1352,0.0065,67.0,True,Normal,0,train
PUMP_01,2026-03-24 01:00:00,0.145,50.74,33.46,59.82,4.143,0.1357,0.0072,66.96,True,Normal,0,train
PUMP_01,2026-03-24 02:00:00,0.1388,51.74,34.2,60.22,4.04,0.1353,0.007,66.92,True,Normal,0,train
PUMP_01,2026-03-24 03:00:00,0.1657,51.53,33.74,58.68,4.013,0.1419,0.0128,66.88,True,Normal,0,train
PUMP_01,2026-03-24 04:00:00,0.1686,49.83,33.14,58.71,3.962,0.1475,0.0161,66.83,True,Normal,0,train
PUMP_01,2026-03-24 05:00:00,0.1403,51.49,35.53,57.71,3.883,0.1479,0.0158,66.79,True,Normal,0,train
PUMP_01,2026-03-24 06:00:00,0.1556,50.26,33.98,58.01,3.978,0.1523,0.0129,66.75,True,Normal,0,train
PUMP_01,2026-03-24 07:00:00,0.1875,52.88,33.35,58.84,4.009,0.1594,0.0185,66.71,True,Normal,0,train
PUMP_01,2026-03-24 08:00:00,0.1439,51.65,33.6,58.76,3.991,0.1603,0.0175,66.67,True,Normal,0,train
PUMP_01,2026-03-24 09:00:00,0.1635,49.06,33.9,58.86,4.048,0.1599,0.0174,66.62,True,Normal,0,train
PUMP_01,2026-03-24 10:00:00,0.1566,53.5,33.89,58.75,3.884,0.1579,0.0169,66.58,True,Normal,0,train
PUMP_01,2026-03-24 11:00:00,0.169,46.85,34.78,59.08,3.985,0.1627,0.0148,66.54,True,Normal,0,train
PUMP_01,2026-03-24 12:00:00,0.1544,50.96,33.95,58.94,4.16,0.1625,0.0149,66.5,True,Normal,0,train
PUMP_01,2026-03-24 13:00:00,0.1409,48.96,35.11,56.77,4.08,0.1547,0.0109,66.46,True,Normal,0,train
PUMP_01,2026-03-24 14:00:00,0.146,52.82,33.74,59.0,4.049,0.1551,0.0105,66.42,True,Normal,0,train
PUMP_01,2026-03-24 15:00:00,0.1441,50.38,34.26,60.23,4.031,0.1518,0.0104,66.38,True,Normal,0,train
PUMP_01,2026-03-24 16:00:00,0.14,48.81,34.61,57.97,3.971,0.1491,0.011,66.33,True,Normal,0,train
PUMP_01,2026-03-24 17:00:00,0.1206,49.6,34.72,59.8,3.86,0.141,0.0112,66.29,True,Normal,0,train
PUMP_01,2026-03-24 18:00:00,0.1586,48.93,34.79,56.9,4.037,0.1417,0.0123,66.25,True,Normal,0,train
PUMP_01,2026-03-24 19:00:00,0.1563,49.54,33.84,57.96,3.804,0.1443,0.0136,66.21,True,Normal,0,train
PUMP_01,2026-03-24 20:00:00,0.1257,49.51,34.0,57.23,3.974,0.1409,0.0155,66.17,True,Normal,0,train
PUMP_01,2026-03-24 21:00:00,0.1384,48.87,32.51,59.66,4.0,0.1399,0.0155,66.12,True,Normal,0,train
PUMP_01,2026-03-24 22:00:00,0.1416,50.41,33.88,59.97,3.964,0.1402,0.0155,66.08,True,Normal,0,train
PUMP_01,2026-03-24 23:00:00,0.1301,50.59,34.65,57.88,4.174,0.1418,0.0134,66.04,True,Normal,0,train
PUMP_01,2026-03-25 00:00:00,0.122,48.51,34.54,59.41,4.146,0.1357,0.0125,66.0,True,Normal,0,train
PUMP_01,2026-03-25 01:00:00,0.1425,47.51,33.95,59.98,4.083,0.1334,0.0087,65.96,True,Normal,0,train
PUMP_01,2026-03-25 02:00:00,0.1497,50.47,35.02,57.96,3.926,0.1374,0.0099,65.92,True,Normal,0,train
PUMP_01,2026-03-25 03:00:00,0.1355,50.8,33.77,58.16,4.154,0.1369,0.0099,65.88,True,Normal,0,train
PUMP_01,2026-03-25 04:00:00,0.1613,51.1,33.57,58.88,4.05,0.1402,0.0141,65.83,True,Normal,0,train
PUMP_01,2026-03-25 05:00:00,0.1771,50.83,33.72,56.99,3.925,0.148,0.0194,65.79,True,Normal,0,train
PUMP_01,2026-03-25 06:00:00,0.1726,52.36,33.33,58.13,4.003,0.1564,0.0167,65.75,True,Normal,0,train
PUMP_01,2026-03-25 07:00:00,0.1578,51.5,34.37,60.57,4.077,0.159,0.0152,65.71,True,Normal,0,train
PUMP_01,2026-03-25 08:00:00,0.1311,54.02,34.17,57.4,3.952,0.1559,0.0189,65.67,True,Normal,0,train
PUMP_01,2026-03-25 09:00:00,0.1678,54.65,34.37,59.02,4.011,0.1613,0.0164,65.62,True,Normal,0,train
PUMP_01,2026-03-25 10:00:00,0.1572,47.36,33.75,58.63,4.025,0.1606,0.0165,65.58,True,Normal,0,train
PUMP_01,2026-03-25 11:00:00,0.159,46.7,33.97,57.8,3.912,0.1576,0.0144,65.54,True,Normal,0,train
PUMP_01,2026-03-25 12:00:00,0.179,49.99,32.69,58.27,3.978,0.1586,0.0159,65.5,True,Normal,0,train
PUMP_01,2026-03-25 13:00:00,0.135,50.76,34.23,60.1,3.918,0.1549,0.0186,65.46,True,Normal,0,train
PUMP_01,2026-03-25 14:00:00,0.1019,49.89,34.06,58.66,4.069,0.15,0.0277,65.42,True,Normal,0,train
PUMP_01,2026-03-25 15:00:00,0.1271,51.06,33.34,58.85,3.927,0.1432,0.0274,65.38,True,Normal,0,train
PUMP_01,2026-03-25 16:00:00,0.1486,49.59,33.94,59.92,4.023,0.1418,0.0268,65.33,True,Normal,0,train
PUMP_01,2026-03-25 17:00:00,0.1407,48.96,33.85,57.65,3.889,0.1387,0.0254,65.29,True,Normal,0,train
PUMP_01,2026-03-25 18:00:00,0.1218,49.19,35.06,56.74,3.909,0.1292,0.0164,65.25,True,Normal,0,train
PUMP_01,2026-03-25 19:00:00,0.119,49.7,33.36,60.12,3.905,0.1265,0.0166,65.21,True,Normal,0,train
PUMP_01,2026-03-25 20:00:00,0.136,51.27,34.2,58.16,3.977,0.1322,0.0115,65.17,True,Normal,0,train
PUMP_01,2026-03-25 21:00:00,0.1242,49.27,33.35,59.07,4.014,0.1317,0.0118,65.12,True,Normal,0,train
PUMP_01,2026-03-25 22:00:00,0.1528,49.57,33.67,57.09,4.029,0.1324,0.0131,65.08,True,Normal,0,train
PUMP_01,2026-03-25 23:00:00,0.1412,50.86,34.17,58.47,3.858,0.1325,0.0132,65.04,True,Normal,0,train
PUMP_01,2026-03-26 00:00:00,0.1406,49.7,33.87,56.68,3.987,0.1356,0.0123,65.0,True,Normal,0,train
PUMP_01,2026-03-26 01:00:00,0.1412,51.68,34.0,58.08,3.94,0.1393,0.0093,64.96,True,Normal,0,train
PUMP_01,2026-03-26 02:00:00,0.1589,48.62,34.2,57.22,4.043,0.1432,0.012,64.92,True,Normal,0,train
PUMP_01,2026-03-26 03:00:00,0.1577,48.3,33.7,56.95,3.979,0.1487,0.0087,64.88,True,Normal,0,train
PUMP_01,2026-03-26 04:00:00,0.1617,50.46,34.53,57.64,3.994,0.1502,0.0102,64.83,True,Normal,0,train
PUMP_01,2026-03-26 05:00:00,0.1624,50.61,33.82,55.25,3.94,0.1538,0.0101,64.79,True,Normal,0,train
PUMP_01,2026-03-26 06:00:00,0.1589,48.7,33.94,56.61,4.138,0.1568,0.0079,64.75,True,Normal,0,train
PUMP_01,2026-03-26 07:00:00,0.1442,52.02,34.22,58.94,3.897,0.1573,0.0067,64.71,True,Normal,0,train
PUMP_01,2026-03-26 08:00:00,0.1477,52.89,34.14,58.42,3.968,0.1554,0.0076,64.67,True,Normal,0,train
PUMP_01,2026-03-26 09:00:00,0.1512,49.06,34.39,56.71,4.009,0.1543,0.0077,64.62,True,Normal,0,train
PUMP_01,2026-03-26 10:00:00,0.186,52.23,34.19,58.66,3.98,0.1584,0.0151,64.58,True,Normal,0,train
PUMP_01,2026-03-26 11:00:00,0.1324,46.43,34.28,56.95,3.939,0.1534,0.0182,64.54,True,Normal,0,train
PUMP_01,2026-03-26 12:00:00,0.1437,51.61,33.8,58.87,3.855,0.1509,0.0183,64.5,True,Normal,0,train
PUMP_01,2026-03-26 13:00:00,0.1489,48.71,33.36,57.86,3.945,0.1516,0.0181,64.46,True,Normal,0,train
PUMP_01,2026-03-26 14:00:00,0.1405,51.46,33.14,57.61,3.923,0.1504,0.0186,64.42,True,Normal,0,train
PUMP_01,2026-03-26 15:00:00,0.159,48.56,33.0,57.89,4.134,0.1518,0.019,64.38,True,Normal,0,train
PUMP_01,2026-03-26 16:00:00,0.1367,49.9,35.06,61.07,4.181,0.1435,0.0095,64.33,True,Normal,0,train
PUMP_01,2026-03-26 17:00:00,0.1368,48.78,32.67,57.09,3.996,0.1443,0.0086,64.29,True,Normal,0,train
PUMP_01,2026-03-26 18:00:00,0.1522,49.68,34.72,58.27,3.888,0.1457,0.0091,64.25,True,Normal,0,train
PUMP_01,2026-03-26 19:00:00,0.1675,52.74,33.51,58.94,4.059,0.1488,0.0128,64.21,True,Normal,0,train
PUMP_01,2026-03-26 20:00:00,0.1625,49.84,34.71,56.85,3.922,0.1524,0.0131,64.17,True,Normal,0,train
PUMP_01,2026-03-26 21:00:00,0.1409,53.17,32.68,56.09,3.956,0.1494,0.0134,64.12,True,Normal,0,train
PUMP_01,2026-03-26 22:00:00,0.1443,49.42,33.86,57.28,3.95,0.1507,0.0123,64.08,True,Normal,0,train
PUMP_01,2026-03-26 23:00:00,0.1481,52.24,34.87,58.91,3.96,0.1526,0.0105,64.04,True,Normal,0,train
PUMP_01,2026-03-27 00:00:00,0.1522,47.56,34.43,57.59,3.972,0.1526,0.0105,64.0,True,Normal,0,train
PUMP_01,2026-03-27 01:00:00,0.1399,49.57,33.8,57.72,3.895,0.148,0.0085,63.96,True,Normal,0,train
PUMP_01,2026-03-27 02:00:00,0.169,49.2,32.83,59.09,3.944,0.1491,0.0108,63.92,True,Normal,0,train
PUMP_01,2026-03-27 03:00:00,0.1602,52.31,33.21,57.03,4.082,0.1523,0.0107,63.88,True,Normal,0,train
PUMP_01,2026-03-27 04:00:00,0.158,50.28,34.83,57.89,3.997,0.1546,0.0101,63.83,True,Normal,0,train
PUMP_01,2026-03-27 05:00:00,0.1406,46.87,33.79,56.18,4.01,0.1533,0.0115,63.79,True,Normal,0,train
PUMP_01,2026-03-27 06:00:00,0.1609,48.03,33.96,58.38,3.821,0.1548,0.0118,63.75,True,Normal,0,train
PUMP_01,2026-03-27 07:00:00,0.1313,48.48,34.17,58.28,4.076,0.1533,0.0143,63.71,True,Normal,0,train
PUMP_01,2026-03-27 08:00:00,0.1499,51.4,33.22,58.95,3.945,0.1502,0.012,63.67,True,Normal,0,train
PUMP_01,2026-03-27 09:00:00,0.1486,51.21,34.24,56.63,4.09,0.1482,0.011,63.62,True,Normal,0,train
PUMP_01,2026-03-27 10:00:00,0.1593,49.55,33.75,57.77,4.012,0.1484,0.0112,63.58,True,Normal,0,train
PUMP_01,2026-03-27 11:00:00,0.1808,49.18,34.18,56.47,3.955,0.1551,0.0164,63.54,True,Normal,0,train
PUMP_01,2026-03-27 12:00:00,0.1586,51.07,33.65,57.7,3.866,0.1548,0.0163,63.5,True,Normal,0,train
PUMP_01,2026-03-27 13:00:00,0.1691,48.31,33.06,59.78,4.174,0.161,0.0122,63.46,True,Normal,0,train
PUMP_01,2026-03-27 14:00:00,0.1547,50.69,33.74,57.62,4.064,0.1619,0.0114,63.42,True,Normal,0,train
PUMP_01,2026-03-27 15:00:00,0.1598,50.56,34.38,56.36,4.069,0.1637,0.0096,63.38,True,Normal,0,train
PUMP_01,2026-03-27 16:00:00,0.1692,49.59,34.24,57.18,4.146,0.1654,0.0096,63.33,True,Normal,0,train
PUMP_01,2026-03-27 17:00:00,0.1294,50.6,34.02,56.07,4.018,0.1568,0.0146,63.29,True,Normal,0,train
PUMP_01,2026-03-27 18:00:00,0.128,50.15,34.54,56.45,4.108,0.1517,0.0187,63.25,True,Normal,0,train
PUMP_01,2026-03-27 19:00:00,0.1504,50.75,33.88,58.81,3.962,0.1486,0.0166,63.21,True,Normal,0,train
PUMP_01,2026-03-27 20:00:00,0.1413,48.0,34.03,56.26,4.059,0.1464,0.0165,63.17,True,Normal,0,train
PUMP_01,2026-03-27 21:00:00,0.1462,50.92,33.71,58.37,3.95,0.1441,0.0152,63.12,True,Normal,0,train
PUMP_01,2026-03-27 22:00:00,0.1413,51.54,34.57,58.03,3.96,0.1394,0.009,63.08,True,Normal,0,train
PUMP_01,2026-03-27 23:00:00,0.1385,50.48,34.17,57.36,4.008,0.141,0.0076,63.04,True,Normal,0,train
PUMP_01,2026-03-28 00:00:00,0.1743,50.9,33.67,58.27,3.899,0.1487,0.0133,63.0,True,Normal,0,train
PUMP_01,2026-03-28 01:00:00,0.1361,49.84,33.11,56.87,4.026,0.1463,0.0141,62.96,True,Normal,0,train
PUMP_01,2026-03-28 02:00:00,0.1653,51.34,34.66,59.01,3.975,0.1503,0.0157,62.92,True,Normal,0,train
PUMP_01,2026-03-28 03:00:00,0.1649,50.1,33.55,57.16,3.841,0.1534,0.0166,62.88,True,Normal,0,train
PUMP_01,2026-03-28 04:00:00,0.135,48.28,34.04,57.54,3.963,0.1524,0.0177,62.83,True,Normal,0,train
PUMP_01,2026-03-28 05:00:00,0.1472,51.23,35.41,57.39,3.972,0.1538,0.0166,62.79,True,Normal,0,train
PUMP_01,2026-03-28 06:00:00,0.1501,47.55,34.48,58.83,4.068,0.1498,0.0133,62.75,True,Normal,0,train
PUMP_01,2026-03-28 07:00:00,0.1681,50.42,34.97,58.65,4.023,0.1551,0.0131,62.71,True,Normal,0,train
PUMP_01,2026-03-28 08:00:00,0.1532,49.42,33.68,54.85,4.116,0.1531,0.0121,62.67,True,Normal,0,train
PUMP_01,2026-03-28 09:00:00,0.1558,49.33,34.64,58.31,4.042,0.1516,0.0109,62.62,True,Normal,0,train
PUMP_01,2026-03-28 10:00:00,0.1331,50.26,34.02,55.91,3.956,0.1512,0.0115,62.58,True,Normal,0,train
PUMP_01,2026-03-28 11:00:00,0.1875,48.94,34.22,57.59,3.995,0.158,0.0183,62.54,True,Normal,0,train
PUMP_01,2026-03-28 12:00:00,0.1511,50.77,35.21,57.87,3.972,0.1581,0.0183,62.5,True,Normal,0,train
PUMP_01,2026-03-28 13:00:00,0.1549,50.09,33.83,57.58,4.039,0.1559,0.0176,62.46,True,Normal,0,train
PUMP_01,2026-03-28 14:00:00,0.1369,49.07,34.01,58.6,4.005,0.1532,0.0193,62.42,True,Normal,0,train
PUMP_01,2026-03-28 15:00:00,0.1331,52.01,33.46,58.86,3.95,0.1494,0.0208,62.38,True,Normal,0,train
PUMP_01,2026-03-28 16:00:00,0.17,50.31,34.53,57.07,4.001,0.1556,0.0205,62.33,True,Normal,0,train
PUMP_01,2026-03-28 17:00:00,0.1116,50.95,33.66,57.03,4.037,0.1429,0.0203,62.29,True,Normal,0,train
PUMP_01,2026-03-28 18:00:00,0.1442,52.12,34.61,57.96,3.919,0.1418,0.0199,62.25,True,Normal,0,train
PUMP_01,2026-03-28 19:00:00,0.1222,52.1,33.01,56.15,4.025,0.1363,0.0201,62.21,True,Normal,0,train
PUMP_01,2026-03-28 20:00:00,0.1353,50.87,34.33,57.43,3.874,0.1361,0.0201,62.17,True,Normal,0,train
PUMP_01,2026-03-28 21:00:00,0.1334,49.55,33.61,59.62,4.088,0.1361,0.0201,62.12,True,Normal,0,train
PUMP_01,2026-03-28 22:00:00,0.1302,47.86,34.44,56.19,4.042,0.1295,0.0113,62.08,True,Normal,0,train
PUMP_01,2026-03-28 23:00:00,0.1479,50.31,33.99,57.59,4.13,0.1355,0.0094,62.04,True,Normal,0,train
PUMP_01,2026-03-29 00:00:00,0.1115,51.64,33.68,57.29,3.911,0.1301,0.0124,62.0,True,Normal,0,train
PUMP_01,2026-03-29 01:00:00,0.1479,50.53,33.77,60.41,4.091,0.1344,0.0135,61.96,True,Normal,0,train
PUMP_01,2026-03-29 02:00:00,0.1536,44.83,33.49,57.35,4.075,0.1374,0.0156,61.92,True,Normal,0,train
PUMP_01,2026-03-29 03:00:00,0.1367,51.31,34.5,57.42,3.985,0.138,0.0155,61.88,True,Normal,0,train
PUMP_01,2026-03-29 04:00:00,0.1814,51.4,33.37,56.76,3.97,0.1465,0.0228,61.83,True,Normal,0,train
PUMP_01,2026-03-29 05:00:00,0.1507,49.55,33.84,58.01,3.913,0.147,0.0228,61.79,True,Normal,0,train
PUMP_01,2026-03-29 06:00:00,0.1564,51.48,34.21,58.32,3.892,0.1544,0.0149,61.75,True,Normal,0,train
PUMP_01,2026-03-29 07:00:00,0.1508,50.94,34.97,56.94,3.94,0.1549,0.0146,61.71,True,Normal,0,train
PUMP_01,2026-03-29 08:00:00,0.1574,48.97,33.99,59.19,3.9,0.1556,0.0147,61.67,True,Normal,0,train
PUMP_01,2026-03-29 09:00:00,0.1767,51.91,33.85,58.33,4.128,0.1622,0.0134,61.62,True,Normal,0,train
PUMP_01,2026-03-29 10:00:00,0.1921,48.1,34.16,59.02,3.88,0.164,0.0168,61.58,True,Normal,0,train
PUMP_01,2026-03-29 11:00:00,0.1638,49.91,32.76,57.61,4.012,0.1662,0.0155,61.54,True,Normal,0,train
PUMP_01,2026-03-29 12:00:00,0.1663,49.76,33.28,58.29,4.035,0.1678,0.0147,61.5,True,Normal,0,train
PUMP_01,2026-03-29 13:00:00,0.1732,48.76,33.77,57.74,4.029,0.1716,0.0122,61.46,True,Normal,0,train
PUMP_01,2026-03-29 14:00:00,0.1487,50.46,33.57,59.75,4.036,0.1701,0.0145,61.42,True,Normal,0,train
PUMP_01,2026-03-29 15:00:00,0.1665,51.97,33.04,58.14,4.076,0.1684,0.0142,61.38,True,Normal,0,train
PUMP_01,2026-03-29 16:00:00,0.1532,51.87,34.51,58.01,3.964,0.162,0.0092,61.33,True,Normal,0,train
PUMP_01,2026-03-29 17:00:00,0.1425,51.09,34.16,57.45,4.007,0.1584,0.012,61.29,True,Normal,0,train
PUMP_01,2026-03-29 18:00:00,0.1453,47.46,34.08,57.38,3.977,0.1549,0.0123,61.25,True,Normal,0,train
PUMP_01,2026-03-29 19:00:00,0.113,48.0,33.58,58.29,4.104,0.1449,0.0177,61.21,True,Normal,0,train
PUMP_01,2026-03-29 20:00:00,0.1457,50.25,34.05,58.98,4.168,0.1444,0.0177,61.17,True,Normal,0,train
PUMP_01,2026-03-29 21:00:00,0.1198,49.95,34.31,57.18,3.904,0.1366,0.0162,61.12,True,Normal,0,train
PUMP_01,2026-03-29 22:00:00,0.1206,49.25,33.84,58.15,3.838,0.1312,0.0149,61.08,True,Normal,0,train
PUMP_01,2026-03-29 23:00:00,0.1503,52.86,34.27,58.22,4.046,0.1324,0.0164,61.04,True,Normal,0,train
PUMP_01,2026-03-30 00:00:00,0.1333,50.16,33.52,58.43,4.086,0.1304,0.0152,61.0,True,Normal,0,train
PUMP_01,2026-03-30 01:00:00,0.1525,50.81,34.06,55.95,4.157,0.137,0.0146,60.96,True,Normal,0,train
PUMP_01,2026-03-30 02:00:00,0.1571,51.48,34.69,56.89,4.059,0.1389,0.0166,60.92,True,Normal,0,train
PUMP_01,2026-03-30 03:00:00,0.1598,50.08,34.74,56.36,4.112,0.1456,0.0154,60.88,True,Normal,0,train
PUMP_01,2026-03-30 04:00:00,0.1451,53.89,34.8,58.04,4.133,0.1497,0.0095,60.83,True,Normal,0,train
PUMP_01,2026-03-30 05:00:00,0.1731,48.59,34.17,56.92,4.117,0.1535,0.0135,60.79,True,Normal,0,train
PUMP_01,2026-03-30 06:00:00,0.1587,49.09,34.02,57.4,4.07,0.1577,0.0093,60.75,True,Normal,0,train
PUMP_01,2026-03-30 07:00:00,0.1663,48.59,33.73,56.57,3.897,0.16,0.0094,60.71,True,Normal,0,train
PUMP_01,2026-03-30 08:00:00,0.1407,52.34,32.92,57.52,3.999,0.1573,0.0124,60.67,True,Normal,0,train
PUMP_01,2026-03-30 09:00:00,0.1544,51.2,33.19,56.65,4.024,0.1564,0.0123,60.62,True,Normal,0,train
PUMP_01,2026-03-30 10:00:00,0.1715,49.18,33.9,58.91,3.992,0.1608,0.0122,60.58,True,Normal,0,train
PUMP_01,2026-03-30 11:00:00,0.1671,48.7,33.94,58.58,3.997,0.1598,0.0112,60.54,True,Normal,0,train
PUMP_01,2026-03-30 12:00:00,0.138,52.08,34.85,58.18,4.125,0.1563,0.0143,60.5,True,Normal,0,train
PUMP_01,2026-03-30 13:00:00,0.1392,50.54,34.79,57.64,3.939,0.1518,0.0148,60.46,True,Normal,0,train
PUMP_01,2026-03-30 14:00:00,0.1302,52.12,33.59,55.55,4.064,0.1501,0.0169,60.42,True,Normal,0,train
PUMP_01,2026-03-30 15:00:00,0.1331,49.91,34.49,57.45,4.025,0.1465,0.018,60.38,True,Normal,0,train
PUMP_01,2026-03-30 16:00:00,0.1204,50.77,33.71,57.09,3.931,0.138,0.0158,60.33,True,Normal,0,train
PUMP_01,2026-03-30 17:00:00,0.1383,50.45,34.41,58.3,3.914,0.1332,0.0072,60.29,True,Normal,0,train
PUMP_01,2026-03-30 18:00:00,0.1495,49.06,34.48,58.74,3.864,0.1351,0.0098,60.25,True,Normal,0,train
PUMP_01,2026-03-30 19:00:00,0.1286,49.78,34.75,58.39,4.039,0.1334,0.0099,60.21,True,Normal,0,train
PUMP_01,2026-03-30 20:00:00,0.14,48.22,33.7,59.52,3.995,0.135,0.01,60.17,True,Normal,0,train
PUMP_01,2026-03-30 21:00:00,0.1396,50.74,34.61,57.32,3.934,0.1361,0.0101,60.12,True,Normal,0,train
PUMP_01,2026-03-30 22:00:00,0.1608,51.14,32.88,57.27,3.85,0.1428,0.011,60.08,True,Normal,0,train
PUMP_01,2026-03-30 23:00:00,0.1382,51.49,34.78,59.25,4.035,0.1428,0.011,60.04,True,Normal,0,train
PUMP_01,2026-03-31 00:00:00,0.1414,51.0,33.98,58.2,3.986,0.1414,0.0105,60.0,True,Normal,0,train
PUMP_01,2026-03-31 01:00:00,0.1399,49.81,34.0,57.7,3.943,0.1433,0.0086,59.96,True,Normal,0,train
PUMP_01,2026-03-31 02:00:00,0.1379,52.33,32.78,60.22,3.923,0.143,0.0088,59.92,True,Normal,0,train
PUMP_01,2026-03-31 03:00:00,0.165,51.34,33.77,58.69,3.981,0.1472,0.0123,59.88,True,Normal,0,train
PUMP_01,2026-03-31 04:00:00,0.1566,52.08,34.81,57.77,4.038,0.1465,0.0115,59.83,True,Normal,0,train
PUMP_01,2026-03-31 05:00:00,0.1605,52.18,33.74,57.18,3.974,0.1502,0.0118,59.79,True,Normal,0,train
PUMP_01,2026-03-31 06:00:00,0.1791,49.81,34.43,59.59,3.905,0.1565,0.0156,59.75,True,Normal,0,train
PUMP_01,2026-03-31 07:00:00,0.1796,50.58,34.02,58.25,3.995,0.1631,0.0156,59.71,True,Normal,0,train
PUMP_01,2026-03-31 08:00:00,0.134,51.16,34.64,58.03,4.084,0.1625,0.0169,59.67,True,Normal,0,train
PUMP_01,2026-03-31 09:00:00,0.1668,48.28,34.11,58.81,4.003,0.1628,0.017,59.62,True,Normal,0,train
PUMP_01,2026-03-31 10:00:00,0.1584,48.31,33.44,59.06,4.005,0.1631,0.0168,59.58,True,Normal,0,train
PUMP_01,2026-03-31 11:00:00,0.1457,48.05,34.03,58.66,3.974,0.1606,0.0183,59.54,True,Normal,0,train
PUMP_01,2026-03-31 12:00:00,0.1549,49.84,34.96,59.06,3.929,0.1566,0.0159,59.5,True,Normal,0,train
PUMP_01,2026-03-31 13:00:00,0.1215,49.5,34.3,58.54,3.926,0.1469,0.0168,59.46,True,Normal,0,train
PUMP_01,2026-03-31 14:00:00,0.1669,47.85,33.93,58.67,3.867,0.1524,0.0171,59.42,True,Normal,0,train
PUMP_01,2026-03-31 15:00:00,0.1507,50.22,35.35,57.12,4.094,0.1497,0.0156,59.38,True,Normal,0,train
PUMP_01,2026-03-31 16:00:00,0.1284,49.86,34.7,60.17,4.037,0.1447,0.017,59.33,True,Normal,0,train
PUMP_01,2026-03-31 17:00:00,0.1316,51.77,34.49,56.52,4.007,0.1423,0.0177,59.29,True,Normal,0,train
PUMP_01,2026-03-31 18:00:00,0.1145,53.02,34.19,58.37,4.024,0.1356,0.0196,59.25,True,Normal,0,train
PUMP_01,2026-03-31 19:00:00,0.1356,50.68,34.44,56.4,4.027,0.138,0.0184,59.21,True,Normal,0,train
PUMP_01,2026-03-31 20:00:00,0.1341,48.96,34.46,57.88,3.941,0.1325,0.0117,59.17,True,Normal,0,train
PUMP_01,2026-03-31 21:00:00,0.1231,50.97,32.69,57.31,3.974,0.1279,0.0079,59.12,True,Normal,0,train
PUMP_01,2026-03-31 22:00:00,0.1567,50.01,34.24,58.16,3.962,0.1326,0.0142,59.08,True,Normal,0,train
PUMP_01,2026-03-31 23:00:00,0.1666,49.64,33.9,58.41,4.201,0.1384,0.0198,59.04,True,Normal,0,train
PUMP_01,2026-04-01 00:00:00,0.1496,48.71,33.7,56.85,4.082,0.1443,0.0162,59.0,True,Normal,0,train
PUMP_01,2026-04-01 01:00:00,0.148,49.3,33.88,57.96,4.013,0.1463,0.0156,58.96,True,Normal,0,train
PUMP_01,2026-04-01 02:00:00,0.1615,49.73,33.07,59.67,4.109,0.1509,0.0153,58.92,True,Normal,0,train
PUMP_01,2026-04-01 03:00:00,0.1568,51.21,32.92,56.43,4.099,0.1565,0.007,58.88,True,Normal,0,train
PUMP_01,2026-04-01 04:00:00,0.1424,50.77,34.75,56.98,3.89,0.1542,0.0091,58.83,True,Normal,0,train
PUMP_01,2026-04-01 05:00:00,0.1499,52.74,34.28,59.03,3.982,0.1514,0.0068,58.79,True,Normal,0,train
PUMP_01,2026-04-01 06:00:00,0.1556,51.01,32.55,58.09,3.999,0.1524,0.0069,58.75,True,Normal,0,train
PUMP_01,2026-04-01 07:00:00,0.1634,50.64,33.65,58.18,4.049,0.1549,0.0078,58.71,True,Normal,0,train
PUMP_01,2026-04-01 08:00:00,0.1588,49.54,34.53,59.23,3.982,0.1545,0.0074,58.67,True,Normal,0,train
PUMP_01,2026-04-01 09:00:00,0.1602,48.44,33.83,57.05,3.992,0.155,0.0077,58.62,True,Normal,0,train
PUMP_01,2026-04-01 10:00:00,0.1321,49.15,34.75,57.38,3.963,0.1533,0.0114,58.58,True,Normal,0,train
PUMP_01,2026-04-01 11:00:00,0.1626,48.95,34.63,57.23,4.084,0.1554,0.0118,58.54,True,Normal,0,train
PUMP_01,2026-04-01 12:00:00,0.1501,46.16,33.19,57.58,3.885,0.1545,0.012,58.5,True,Normal,0,train
PUMP_01,2026-04-01 13:00:00,0.1857,48.49,33.91,59.61,3.966,0.1582,0.0175,58.46,True,Normal,0,train
PUMP_01,2026-04-01 14:00:00,0.1392,52.4,33.73,55.96,3.853,0.155,0.0191,58.42,True,Normal,0,train
PUMP_01,2026-04-01 15:00:00,0.1478,50.55,33.17,56.57,3.918,0.1529,0.0191,58.38,True,Normal,0,train
PUMP_01,2026-04-01 16:00:00,0.1838,49.44,33.13,56.36,4.025,0.1615,0.0195,58.33,True,Normal,0,train
PUMP_01,2026-04-01 17:00:00,0.1433,50.6,33.52,59.68,4.027,0.1583,0.0208,58.29,True,Normal,0,train
PUMP_01,2026-04-01 18:00:00,0.139,47.07,33.62,57.26,3.975,0.1565,0.0222,58.25,True,Normal,0,train
PUMP_01,2026-04-01 19:00:00,0.1255,50.42,34.17,57.61,4.09,0.1464,0.0198,58.21,True,Normal,0,train
PUMP_01,2026-04-01 20:00:00,0.1643,51.92,34.63,56.06,4.108,0.1506,0.0206,58.17,True,Normal,0,train
PUMP_01,2026-04-01 21:00:00,0.1255,49.82,34.31,57.69,3.994,0.1469,0.023,58.12,True,Normal,0,train
PUMP_01,2026-04-01 22:00:00,0.1514,47.34,34.45,59.04,4.02,0.1415,0.0151,58.08,True,Normal,0,train
PUMP_01,2026-04-01 23:00:00,0.1403,49.38,33.84,58.3,3.964,0.141,0.0151,58.04,True,Normal,0,train
PUMP_01,2026-04-02 00:00:00,0.1472,51.92,34.36,57.87,4.05,0.1424,0.0152,58.0,True,Normal,0,train
PUMP_01,2026-04-02 01:00:00,0.1312,50.39,33.91,56.12,3.904,0.1433,0.0141,57.96,True,Normal,0,train
PUMP_01,2026-04-02 02:00:00,0.1751,47.87,33.74,57.61,4.144,0.1451,0.0176,57.92,True,Normal,0,train
PUMP_01,2026-04-02 03:00:00,0.1529,53.55,35.14,58.18,4.091,0.1497,0.0148,57.88,True,Normal,0,train
PUMP_01,2026-04-02 04:00:00,0.1404,48.12,32.6,56.81,3.904,0.1478,0.0152,57.83,True,Normal,0,train
PUMP_01,2026-04-02 05:00:00,0.1784,49.64,32.88,58.79,3.937,0.1542,0.0189,57.79,True,Normal,0,train
PUMP_01,2026-04-02 06:00:00,0.1524,48.44,34.23,59.06,4.034,0.1551,0.0187,57.75,True,Normal,0,train
PUMP_01,2026-04-02 07:00:00,0.1647,48.45,33.84,57.37,3.973,0.1607,0.0147,57.71,True,Normal,0,train
PUMP_01,2026-04-02 08:00:00,0.1713,49.32,33.14,58.87,4.044,0.16,0.014,57.67,True,Normal,0,train
PUMP_01,2026-04-02 09:00:00,0.1642,50.95,33.37,57.87,3.971,0.1619,0.0136,57.62,True,Normal,0,train
PUMP_01,2026-04-02 10:00:00,0.1221,51.94,33.45,59.38,4.122,0.1589,0.02,57.58,True,Normal,0,train
PUMP_01,2026-04-02 11:00:00,0.163,49.42,34.54,60.44,4.001,0.1563,0.0178,57.54,True,Normal,0,train
PUMP_01,2026-04-02 12:00:00,0.1485,48.48,34.73,56.69,4.194,0.1556,0.0181,57.5,True,Normal,0,train
PUMP_01,2026-04-02 13:00:00,0.1425,50.72,34.98,58.92,4.048,0.1519,0.0181,57.46,True,Normal,0,train
PUMP_01,2026-04-02 14:00:00,0.1434,50.76,33.05,59.57,3.892,0.1473,0.0155,57.42,True,Normal,0,train
PUMP_01,2026-04-02 15:00:00,0.1188,50.36,33.18,56.84,4.167,0.1397,0.0167,57.38,True,Normal,0,train
PUMP_01,2026-04-02 16:00:00,0.1442,50.41,33.14,57.31,4.088,0.1434,0.0143,57.33,True,Normal,0,train
PUMP_01,2026-04-02 17:00:00,0.1199,49.83,34.77,57.3,4.03,0.1362,0.0132,57.29,True,Normal,0,train
PUMP_01,2026-04-02 18:00:00,0.1357,50.15,34.25,57.84,4.052,0.1341,0.0118,57.25,True,Normal,0,train
PUMP_01,2026-04-02 19:00:00,0.1427,49.73,34.05,57.57,3.905,0.1341,0.0118,57.21,True,Normal,0,train
PUMP_01,2026-04-02 20:00:00,0.1575,51.61,34.14,57.76,3.856,0.1365,0.015,57.17,True,Normal,0,train
PUMP_01,2026-04-02 21:00:00,0.1306,53.34,33.97,59.01,3.997,0.1384,0.0129,57.12,True,Normal,0,train
PUMP_01,2026-04-02 22:00:00,0.1668,50.27,33.33,55.73,4.11,0.1422,0.0174,57.08,True,Normal,0,train
PUMP_01,2026-04-02 23:00:00,0.1616,49.99,34.31,56.83,4.032,0.1492,0.0149,57.04,True,Normal,0,train
PUMP_01,2026-04-03 00:00:00,0.1436,50.38,33.89,58.8,4.137,0.1505,0.0137,57.0,True,Normal,0,train
PUMP_01,2026-04-03 01:00:00,0.136,49.01,33.28,58.66,4.106,0.1494,0.0147,56.96,True,Normal,0,train
PUMP_01,2026-04-03 02:00:00,0.1333,51.15,34.34,56.73,4.002,0.1453,0.0153,56.92,True,Normal,0,train
PUMP_01,2026-04-03 03:00:00,0.1611,50.66,33.74,58.67,4.095,0.1504,0.0145,56.88,True,Normal,0,train
PUMP_01,2026-04-03 04:00:00,0.1476,49.37,34.14,59.59,4.122,0.1472,0.0121,56.83,True,Normal,0,train
PUMP_01,2026-04-03 05:00:00,0.1776,51.35,33.93,57.94,3.994,0.1499,0.0168,56.79,True,Normal,0,train
PUMP_01,2026-04-03 06:00:00,0.1498,50.03,34.53,56.79,3.983,0.1509,0.0165,56.75,True,Normal,0,train
PUMP_01,2026-04-03 07:00:00,0.1461,48.54,34.13,59.05,4.011,0.1526,0.0151,56.71,True,Normal,0,train
PUMP_01,2026-04-03 08:00:00,0.1622,50.53,33.47,60.07,3.807,0.1574,0.0121,56.67,True,Normal,0,train
PUMP_01,2026-04-03 09:00:00,0.1468,50.36,34.19,56.94,4.022,0.155,0.0126,56.62,True,Normal,0,train
PUMP_01,2026-04-03 10:00:00,0.1551,51.44,34.21,58.05,4.058,0.1563,0.0121,56.58,True,Normal,0,train
PUMP_01,2026-04-03 11:00:00,0.1674,51.25,34.31,59.31,4.012,0.1546,0.0087,56.54,True,Normal,0,train
PUMP_01,2026-04-03 12:00:00,0.1518,49.84,34.62,58.14,4.028,0.1549,0.0085,56.5,True,Normal,0,train
PUMP_01,2026-04-03 13:00:00,0.1492,49.29,33.63,55.9,3.997,0.1554,0.0079,56.46,True,Normal,0,train
PUMP_01,2026-04-03 14:00:00,0.1481,50.0,34.4,58.53,3.84,0.1531,0.0076,56.42,True,Normal,0,train
PUMP_01,2026-04-03 15:00:00,0.1175,50.54,32.97,56.83,4.133,0.1482,0.0166,56.38,True,Normal,0,train
PUMP_01,2026-04-03 16:00:00,0.1472,50.73,33.93,56.48,3.971,0.1469,0.0162,56.33,True,Normal,0,train
PUMP_01,2026-04-03 17:00:00,0.1427,50.45,33.84,55.93,3.951,0.1427,0.0127,56.29,True,Normal,0,train
PUMP_01,2026-04-03 18:00:00,0.1534,49.86,34.87,59.43,4.109,0.143,0.013,56.25,True,Normal,0,train
PUMP_01,2026-04-03 19:00:00,0.1494,51.5,33.91,57.0,4.078,0.143,0.013,56.21,True,Normal,0,train
PUMP_01,2026-04-03 20:00:00,0.1383,48.99,34.36,58.4,4.022,0.1414,0.0128,56.17,True,Normal,0,train
PUMP_01,2026-04-03 21:00:00,0.1584,53.72,32.94,58.69,4.062,0.1482,0.0072,56.12,True,Normal,0,train
PUMP_01,2026-04-03 22:00:00,0.1406,51.14,33.79,58.19,3.908,0.1471,0.0079,56.08,True,Normal,0,train
PUMP_01,2026-04-03 23:00:00,0.1511,48.31,33.49,58.36,3.994,0.1485,0.0077,56.04,True,Normal,0,train
PUMP_01,2026-04-04 00:00:00,0.1453,50.28,35.49,58.46,4.104,0.1472,0.0074,56.0,True,Normal,0,train
PUMP_01,2026-04-04 01:00:00,0.1595,51.16,33.6,58.17,3.946,0.1489,0.009,55.96,True,Normal,0,train
PUMP_01,2026-04-04 02:00:00,0.1494,49.48,34.04,57.09,3.92,0.1507,0.0073,55.92,True,Normal,0,train
PUMP_01,2026-04-04 03:00:00,0.1818,47.76,34.08,56.98,4.006,0.1546,0.0147,55.88,True,Normal,0,train
PUMP_01,2026-04-04 04:00:00,0.1889,48.44,33.05,57.87,4.008,0.1627,0.0183,55.83,True,Normal,0,train
PUMP_01,2026-04-04 05:00:00,0.1728,50.81,33.68,57.85,4.052,0.1663,0.0177,55.79,True,Normal,0,train
PUMP_01,2026-04-04 06:00:00,0.1831,47.37,34.24,58.52,3.89,0.1726,0.0153,55.75,True,Normal,0,train
PUMP_01,2026-04-04 07:00:00,0.1366,47.83,34.05,59.32,3.796,0.1688,0.021,55.71,True,Normal,0,train
PUMP_01,2026-04-04 08:00:00,0.1373,50.81,32.62,58.41,4.074,0.1668,0.0237,55.67,True,Normal,0,train
PUMP_01,2026-04-04 09:00:00,0.1522,49.67,33.66,57.03,3.913,0.1618,0.023,55.62,True,Normal,0,train
PUMP_01,2026-04-04 10:00:00,0.1556,48.96,34.61,55.38,3.951,0.1563,0.0187,55.58,True,Normal,0,train
PUMP_01,2026-04-04 11:00:00,0.1496,49.26,34.35,57.08,3.825,0.1524,0.017,55.54,True,Normal,0,train
PUMP_01,2026-04-04 12:00:00,0.1254,47.79,34.73,56.39,4.082,0.1428,0.0116,55.5,True,Normal,0,train
PUMP_01,2026-04-04 13:00:00,0.1647,50.73,33.41,57.12,4.028,0.1475,0.014,55.46,True,Normal,0,train
PUMP_01,2026-04-04 14:00:00,0.1773,48.79,34.77,58.29,4.025,0.1541,0.0173,55.42,True,Normal,0,train
PUMP_01,2026-04-04 15:00:00,0.1621,49.2,33.97,58.1,4.024,0.1558,0.0176,55.38,True,Normal,0,train
PUMP_01,2026-04-04 16:00:00,0.1576,50.52,34.96,60.23,3.835,0.1561,0.0176,55.33,True,Normal,0,train
PUMP_01,2026-04-04 17:00:00,0.1437,49.62,34.0,58.58,3.921,0.1551,0.0182,55.29,True,Normal,0,train
PUMP_01,2026-04-04 18:00:00,0.1274,48.94,32.77,60.29,3.964,0.1555,0.0175,55.25,True,Normal,0,train
PUMP_01,2026-04-04 19:00:00,0.1414,47.02,34.51,58.86,3.94,0.1516,0.0177,55.21,True,Normal,0,train
PUMP_01,2026-04-04 20:00:00,0.1729,50.55,33.73,59.3,3.978,0.1509,0.0164,55.17,True,Normal,0,train
PUMP_01,2026-04-04 21:00:00,0.1376,50.12,33.77,57.57,4.02,0.1468,0.0161,55.12,True,Normal,0,train
PUMP_01,2026-04-04 22:00:00,0.1382,49.22,33.13,56.71,4.081,0.1435,0.0154,55.08,True,Normal,0,train
PUMP_01,2026-04-04 23:00:00,0.164,48.44,34.97,57.46,3.882,0.1469,0.0176,55.04,True,Normal,0,train
PUMP_01,2026-04-05 00:00:00,0.1676,50.02,33.69,57.99,3.999,0.1536,0.0162,55.0,True,Normal,0,train
PUMP_01,2026-04-05 01:00:00,0.1399,50.72,34.95,57.25,4.057,0.1534,0.0165,54.96,True,Normal,0,train
PUMP_01,2026-04-05 02:00:00,0.1511,50.15,33.74,56.8,3.926,0.1497,0.0134,54.92,True,Normal,0,train
PUMP_01,2026-04-05 03:00:00,0.1495,52.46,33.44,58.5,3.985,0.1517,0.0121,54.88,True,Normal,0,train
PUMP_01,2026-04-05 04:00:00,0.1597,51.06,34.79,56.79,4.037,0.1553,0.0103,54.83,True,Normal,0,train
PUMP_01,2026-04-05 05:00:00,0.1762,49.84,33.96,56.16,4.001,0.1573,0.0132,54.79,True,Normal,0,train
PUMP_01,2026-04-05 06:00:00,0.1479,51.11,33.96,56.65,4.054,0.154,0.0126,54.75,True,Normal,0,train
PUMP_01,2026-04-05 07:00:00,0.176,50.07,33.23,57.72,4.008,0.1601,0.0131,54.71,True,Normal,0,train
PUMP_01,2026-04-05 08:00:00,0.1602,50.07,33.73,56.81,3.975,0.1616,0.0123,54.67,True,Normal,0,train
PUMP_01,2026-04-05 09:00:00,0.192,51.94,34.26,57.73,3.906,0.1687,0.0157,54.62,True,Normal,0,train
PUMP_01,2026-04-05 10:00:00,0.1598,48.65,33.22,58.72,4.02,0.1687,0.0157,54.58,True,Normal,0,train
PUMP_01,2026-04-05 11:00:00,0.1511,50.03,33.68,58.69,4.008,0.1645,0.0166,54.54,True,Normal,0,train
PUMP_01,2026-04-05 12:00:00,0.1586,51.78,33.75,57.21,3.921,0.1663,0.015,54.5,True,Normal,0,train
PUMP_01,2026-04-05 13:00:00,0.1424,50.46,34.04,56.44,4.047,0.1607,0.0168,54.46,True,Normal,0,train
PUMP_01,2026-04-05 14:00:00,0.1181,49.45,34.89,57.31,4.101,0.1537,0.0242,54.42,True,Normal,0,train
PUMP_01,2026-04-05 15:00:00,0.1393,47.44,33.82,58.79,3.947,0.1449,0.0155,54.38,True,Normal,0,train
PUMP_01,2026-04-05 16:00:00,0.1375,46.59,33.59,59.07,3.942,0.1412,0.0138,54.33,True,Normal,0,train
PUMP_01,2026-04-05 17:00:00,0.1165,53.11,35.65,58.42,3.939,0.1354,0.0159,54.29,True,Normal,0,train
PUMP_01,2026-04-05 18:00:00,0.1389,50.46,33.74,59.44,3.866,0.1321,0.0116,54.25,True,Normal,0,train
PUMP_01,2026-04-05 19:00:00,0.1093,49.12,33.89,60.08,4.16,0.1266,0.0135,54.21,True,Normal,0,train
PUMP_01,2026-04-05 20:00:00,0.1361,50.52,33.79,57.42,3.964,0.1296,0.0132,54.17,True,Normal,0,train
PUMP_01,2026-04-05 21:00:00,0.1466,48.58,33.83,59.78,3.931,0.1308,0.0145,54.12,True,Normal,0,train
PUMP_01,2026-04-05 22:00:00,0.1465,49.5,34.05,57.69,3.91,0.1323,0.0158,54.08,True,Normal,0,train
PUMP_01,2026-04-05 23:00:00,0.1412,48.59,34.55,59.22,3.969,0.1364,0.0139,54.04,True,Normal,0,train
PUMP_01,2026-04-06 00:00:00,0.1487,47.88,34.24,58.85,3.944,0.1381,0.0148,54.0,True,Normal,0,train
PUMP_01,2026-04-06 01:00:00,0.1408,46.84,34.65,55.63,4.115,0.1433,0.0047,53.96,True,Normal,0,train
PUMP_01,2026-04-06 02:00:00,0.1552,47.6,34.63,56.84,3.9,0.1465,0.0053,53.92,True,Normal,0,train
PUMP_01,2026-04-06 03:00:00,0.1579,51.53,34.13,56.53,3.877,0.1484,0.0071,53.88,True,Normal,0,train
PUMP_01,2026-04-06 04:00:00,0.1452,48.52,34.23,55.86,4.044,0.1482,0.0072,53.83,True,Normal,0,train
PUMP_01,2026-04-06 05:00:00,0.1637,50.8,34.67,59.06,3.991,0.1519,0.0085,53.79,True,Normal,0,train
PUMP_01,2026-04-06 06:00:00,0.1639,51.43,33.33,60.48,3.982,0.1544,0.0096,53.75,True,Normal,0,train
PUMP_01,2026-04-06 07:00:00,0.1572,50.02,35.5,57.69,4.045,0.1572,0.0069,53.71,True,Normal,0,train
PUMP_01,2026-04-06 08:00:00,0.195,49.55,33.69,59.02,4.011,0.1638,0.0167,53.67,True,Normal,0,train
PUMP_01,2026-04-06 09:00:00,0.155,50.2,33.79,59.78,3.996,0.1633,0.017,53.62,True,Normal,0,train
PUMP_01,2026-04-06 10:00:00,0.1508,49.38,33.27,58.25,3.888,0.1643,0.0159,53.58,True,Normal,0,train
PUMP_01,2026-04-06 11:00:00,0.1463,51.81,33.29,57.97,3.867,0.1614,0.0175,53.54,True,Normal,0,train
PUMP_01,2026-04-06 12:00:00,0.1354,52.81,34.58,57.71,3.944,0.1566,0.0203,53.5,True,Normal,0,train
PUMP_01,2026-04-06 13:00:00,0.1577,52.17,35.36,58.65,3.913,0.1567,0.0203,53.46,True,Normal,0,train
PUMP_01,2026-04-06 14:00:00,0.1347,46.77,33.66,59.05,4.022,0.1466,0.0098,53.42,True,Normal,0,train
PUMP_01,2026-04-06 15:00:00,0.1344,49.34,34.21,58.55,3.856,0.1432,0.0099,53.38,True,Normal,0,train
PUMP_01,2026-04-06 16:00:00,0.1333,50.01,34.13,58.51,3.964,0.1403,0.0098,53.33,True,Normal,0,train
PUMP_01,2026-04-06 17:00:00,0.1256,50.69,34.6,57.94,3.986,0.1368,0.0108,53.29,True,Normal,0,train
PUMP_01,2026-04-06 18:00:00,0.1137,47.41,35.33,56.09,3.997,0.1332,0.0144,53.25,True,Normal,0,train
PUMP_01,2026-04-06 19:00:00,0.1334,47.38,34.91,59.08,4.032,0.1292,0.0083,53.21,True,Normal,0,train
PUMP_01,2026-04-06 20:00:00,0.1544,51.96,33.86,56.46,3.974,0.1325,0.0133,53.17,True,Normal,0,train
PUMP_01,2026-04-06 21:00:00,0.1459,49.16,34.32,58.74,3.947,0.1344,0.0144,53.12,True,Normal,0,train
PUMP_01,2026-04-06 22:00:00,0.1684,47.77,34.38,58.91,4.1,0.1402,0.02,53.08,True,Normal,0,train
PUMP_01,2026-04-06 23:00:00,0.1587,48.34,33.99,56.63,3.974,0.1458,0.0197,53.04,True,Normal,0,train
PUMP_01,2026-04-07 00:00:00,0.1579,50.59,33.34,57.27,4.114,0.1531,0.0121,53.0,True,Normal,0,train
PUMP_01,2026-04-07 01:00:00,0.1808,48.77,33.52,60.55,3.974,0.161,0.0121,52.96,True,Normal,0,train
PUMP_01,2026-04-07 02:00:00,0.1535,50.36,34.69,57.9,3.999,0.1609,0.0122,52.92,True,Normal,0,train
PUMP_01,2026-04-07 03:00:00,0.158,48.53,34.75,56.54,3.989,0.1629,0.0101,52.88,True,Normal,0,train
PUMP_01,2026-04-07 04:00:00,0.1585,47.38,33.88,58.96,4.018,0.1612,0.0098,52.83,True,Normal,0,train
PUMP_01,2026-04-07 05:00:00,0.1828,52.14,34.16,57.07,3.966,0.1652,0.013,52.79,True,Normal,0,train
PUMP_01,2026-04-07 06:00:00,0.16,50.6,34.72,55.7,4.008,0.1656,0.0128,52.75,True,Normal,0,train
PUMP_01,2026-04-07 07:00:00,0.1499,49.5,32.98,58.62,4.122,0.1604,0.0116,52.71,True,Normal,0,train
PUMP_01,2026-04-07 08:00:00,0.1675,49.22,33.73,56.9,4.084,0.1628,0.0113,52.67,True,Normal,0,train
PUMP_01,2026-04-07 09:00:00,0.1448,52.2,35.21,58.39,4.084,0.1606,0.0135,52.62,True,Normal,0,train
PUMP_01,2026-04-07 10:00:00,0.163,50.89,34.18,57.02,3.893,0.1613,0.0135,52.58,True,Normal,0,train
PUMP_01,2026-04-07 11:00:00,0.1588,51.72,33.32,58.85,3.906,0.1573,0.0085,52.54,True,Normal,0,train
PUMP_01,2026-04-07 12:00:00,0.1472,49.12,34.07,58.22,4.017,0.1552,0.0092,52.5,True,Normal,0,train
PUMP_01,2026-04-07 13:00:00,0.1559,50.08,34.61,54.89,4.062,0.1562,0.0089,52.46,True,Normal,0,train
PUMP_01,2026-04-07 14:00:00,0.1227,50.6,32.47,58.46,3.958,0.1487,0.0145,52.42,True,Normal,0,train
PUMP_01,2026-04-07 15:00:00,0.1454,49.17,34.11,57.65,3.944,0.1488,0.0145,52.38,True,Normal,0,train
PUMP_01,2026-04-07 16:00:00,0.1344,49.86,33.78,59.7,4.112,0.1441,0.0136,52.33,True,Normal,0,train
PUMP_01,2026-04-07 17:00:00,0.1833,49.12,33.01,58.47,4.055,0.1482,0.0207,52.29,True,Normal,0,train
PUMP_01,2026-04-07 18:00:00,0.1423,50.6,34.05,58.91,4.085,0.1473,0.0208,52.25,True,Normal,0,train
PUMP_01,2026-04-07 19:00:00,0.1314,48.02,33.92,57.15,3.965,0.1432,0.0212,52.21,True,Normal,0,train
PUMP_01,2026-04-07 20:00:00,0.1207,50.86,33.99,57.05,3.958,0.1429,0.0216,52.17,True,Normal,0,train
PUMP_01,2026-04-07 21:00:00,0.1625,50.47,33.79,57.97,4.076,0.1458,0.0231,52.12,True,Normal,0,train
PUMP_01,2026-04-07 22:00:00,0.1397,49.7,33.39,57.57,3.979,0.1466,0.0227,52.08,True,Normal,0,train
PUMP_01,2026-04-07 23:00:00,0.1355,50.67,33.13,59.61,3.951,0.1387,0.0139,52.04,True,Normal,0,train
PUMP_01,2026-04-08 00:00:00,0.155,49.45,33.59,57.82,3.927,0.1408,0.0155,52.0,True,Normal,0,train
PUMP_01,2026-04-08 01:00:00,0.1623,48.99,34.52,56.53,3.959,0.146,0.0168,51.96,True,Normal,0,train
PUMP_01,2026-04-08 02:00:00,0.1645,50.82,34.14,57.01,4.07,0.1532,0.0126,51.92,True,Normal,0,train
PUMP_01,2026-04-08 03:00:00,0.1574,50.88,33.96,59.16,3.879,0.1524,0.012,51.88,True,Normal,0,train
PUMP_01,2026-04-08 04:00:00,0.161,49.24,33.38,57.8,4.05,0.156,0.0106,51.83,True,Normal,0,train
PUMP_01,2026-04-08 05:00:00,0.1631,49.11,33.78,57.74,3.943,0.1606,0.0036,51.79,True,Normal,0,train
PUMP_01,2026-04-08 06:00:00,0.165,49.73,34.44,59.27,3.983,0.1622,0.0028,51.75,True,Normal,0,train
PUMP_01,2026-04-08 07:00:00,0.166,49.17,34.3,56.9,3.988,0.1628,0.0032,51.71,True,Normal,0,train
PUMP_01,2026-04-08 08:00:00,0.1751,52.29,33.71,55.32,3.982,0.1646,0.006,51.67,True,Normal,0,train
PUMP_01,2026-04-08 09:00:00,0.1579,50.47,32.43,56.98,3.977,0.1647,0.0059,51.62,True,Normal,0,train
PUMP_01,2026-04-08 10:00:00,0.1427,50.02,33.6,58.29,3.964,0.1616,0.0108,51.58,True,Normal,0,train
PUMP_01,2026-04-08 11:00:00,0.1504,48.6,33.71,57.7,3.954,0.1595,0.0117,51.54,True,Normal,0,train
PUMP_01,2026-04-08 12:00:00,0.1613,51.11,33.46,56.13,4.106,0.1589,0.0114,51.5,True,Normal,0,train
PUMP_01,2026-04-08 13:00:00,0.1206,49.08,33.75,59.22,4.002,0.1513,0.0186,51.46,True,Normal,0,train
PUMP_01,2026-04-08 14:00:00,0.1183,49.02,34.49,58.2,3.99,0.1419,0.0185,51.42,True,Normal,0,train
PUMP_01,2026-04-08 15:00:00,0.1567,51.16,33.98,58.47,3.948,0.1417,0.0183,51.38,True,Normal,0,train
PUMP_01,2026-04-08 16:00:00,0.1641,50.58,34.59,58.5,3.967,0.1452,0.0205,51.33,True,Normal,0,train
PUMP_01,2026-04-08 17:00:00,0.1214,46.24,33.09,56.44,3.949,0.1404,0.0224,51.29,True,Normal,0,train
PUMP_01,2026-04-08 18:00:00,0.1415,49.76,33.82,58.36,4.061,0.1371,0.02,51.25,True,Normal,0,train
PUMP_01,2026-04-08 19:00:00,0.1343,50.19,32.84,59.09,3.94,0.1394,0.0185,51.21,True,Normal,0,train
PUMP_01,2026-04-08 20:00:00,0.1374,49.49,33.74,59.37,3.82,0.1426,0.0155,51.17,True,Normal,0,train
PUMP_01,2026-04-08 21:00:00,0.1475,50.24,33.37,58.87,4.005,0.141,0.0143,51.12,True,Normal,0,train
PUMP_01,2026-04-08 22:00:00,0.1256,47.29,34.77,58.62,3.978,0.1346,0.0098,51.08,True,Normal,0,train
PUMP_01,2026-04-08 23:00:00,0.1308,45.75,34.25,55.92,3.953,0.1362,0.0078,51.04,True,Normal,0,train
PUMP_01,2026-04-09 00:00:00,0.1455,48.54,34.61,57.98,4.073,0.1368,0.0085,51.0,True,Normal,0,train
PUMP_01,2026-04-09 01:00:00,0.1504,50.42,33.74,56.85,3.781,0.1395,0.0099,50.96,True,Normal,0,train
PUMP_01,2026-04-09 02:00:00,0.1381,45.16,33.39,59.54,4.126,0.1396,0.0099,50.92,True,Normal,0,train
PUMP_01,2026-04-09 03:00:00,0.1689,48.73,33.37,59.36,4.084,0.1432,0.0155,50.88,True,Normal,0,train
PUMP_01,2026-04-09 04:00:00,0.1524,47.12,34.16,56.86,3.95,0.1477,0.0131,50.83,True,Normal,0,train
PUMP_01,2026-04-09 05:00:00,0.1533,49.64,35.09,57.94,3.964,0.1514,0.0102,50.79,True,Normal,0,train
PUMP_01,2026-04-09 06:00:00,0.1642,52.94,34.25,58.3,4.04,0.1546,0.0109,50.75,True,Normal,0,train
PUMP_01,2026-04-09 07:00:00,0.1577,49.67,33.78,59.08,4.042,0.1558,0.0107,50.71,True,Normal,0,train
PUMP_01,2026-04-09 08:00:00,0.1712,49.84,33.89,55.99,3.949,0.1613,0.008,50.67,True,Normal,0,train
PUMP_01,2026-04-09 09:00:00,0.1431,51.26,33.98,55.35,3.871,0.157,0.0098,50.62,True,Normal,0,train
PUMP_01,2026-04-09 10:00:00,0.134,50.03,35.22,58.05,4.169,0.1539,0.0137,50.58,True,Normal,0,train
PUMP_01,2026-04-09 11:00:00,0.1479,49.68,34.74,54.96,4.076,0.153,0.0139,50.54,True,Normal,0,train
PUMP_01,2026-04-09 12:00:00,0.1509,51.39,34.16,58.19,4.013,0.1508,0.0128,50.5,True,Normal,0,train
PUMP_01,2026-04-09 13:00:00,0.1288,50.71,34.07,58.71,4.014,0.146,0.0149,50.46,True,Normal,0,train
PUMP_01,2026-04-09 14:00:00,0.1242,50.43,34.18,59.48,4.05,0.1382,0.0108,50.42,True,Normal,0,train
PUMP_01,2026-04-09 15:00:00,0.1457,49.79,34.3,57.25,4.059,0.1386,0.0111,50.38,True,Normal,0,train
PUMP_01,2026-04-09 16:00:00,0.13,49.48,33.75,58.19,3.833,0.1379,0.0115,50.33,True,Normal,0,train
PUMP_01,2026-04-09 17:00:00,0.1186,51.38,33.49,58.78,3.972,0.133,0.0126,50.29,True,Normal,0,train
PUMP_01,2026-04-09 18:00:00,0.1545,49.5,34.62,56.59,3.964,0.1336,0.0137,50.25,True,Normal,0,train
PUMP_01,2026-04-09 19:00:00,0.1309,51.85,34.01,59.1,3.987,0.134,0.0135,50.21,True,Normal,0,train
PUMP_01,2026-04-09 20:00:00,0.1586,48.43,34.57,58.33,4.062,0.1397,0.0157,50.17,True,Normal,0,train
PUMP_01,2026-04-09 21:00:00,0.1434,52.15,34.99,57.27,3.857,0.1393,0.0155,50.12,True,Normal,0,train
PUMP_01,2026-04-09 22:00:00,0.1494,50.71,34.31,58.17,3.892,0.1426,0.0152,50.08,True,Normal,0,train
PUMP_01,2026-04-09 23:00:00,0.1442,48.55,34.22,57.83,3.945,0.1468,0.0098,50.04,True,Normal,0,train
PUMP_01,2026-04-10 00:00:00,0.1102,50.76,35.92,58.94,4.012,0.1394,0.0169,50.0,True,Normal,0,train
PUMP_01,2026-04-10 01:00:00,0.1355,49.02,34.12,57.57,4.067,0.1402,0.0166,49.96,True,Normal,0,train
PUMP_01,2026-04-10 02:00:00,0.1531,50.05,33.35,58.27,4.131,0.1393,0.0155,49.92,True,Normal,0,train
PUMP_01,2026-04-10 03:00:00,0.1625,49.27,33.83,57.25,3.977,0.1425,0.0182,49.88,True,Normal,0,train
PUMP_01,2026-04-10 04:00:00,0.1318,49.8,34.93,56.87,4.066,0.1395,0.0183,49.83,True,Normal,0,train
PUMP_01,2026-04-10 05:00:00,0.1589,51.41,33.22,58.21,4.057,0.142,0.0199,49.79,True,Normal,0,train
PUMP_01,2026-04-10 06:00:00,0.1432,50.78,33.55,56.92,4.043,0.1475,0.0126,49.75,True,Normal,0,train
PUMP_01,2026-04-10 07:00:00,0.1632,48.31,34.66,58.96,3.998,0.1521,0.0124,49.71,True,Normal,0,train
PUMP_01,2026-04-10 08:00:00,0.1584,48.4,33.84,58.71,3.968,0.153,0.0127,49.67,True,Normal,0,train
PUMP_01,2026-04-10 09:00:00,0.1682,50.41,33.93,57.08,3.915,0.154,0.0137,49.62,True,Normal,0,train
PUMP_01,2026-04-10 10:00:00,0.171,50.51,34.64,58.26,3.909,0.1605,0.0098,49.58,True,Normal,0,train
PUMP_01,2026-04-10 11:00:00,0.1595,48.99,33.57,57.08,4.028,0.1606,0.0098,49.54,True,Normal,0,train
PUMP_01,2026-04-10 12:00:00,0.1629,52.39,33.12,56.07,3.996,0.1639,0.0049,49.5,True,Normal,0,train
PUMP_01,2026-04-10 13:00:00,0.1422,51.22,33.17,57.28,3.967,0.1604,0.0102,49.46,True,Normal,0,train
PUMP_01,2026-04-10 14:00:00,0.1873,49.06,34.35,57.94,4.053,0.1652,0.0148,49.42,True,Normal,0,train
PUMP_01,2026-04-10 15:00:00,0.1246,48.92,34.16,58.63,3.984,0.1579,0.022,49.38,True,Normal,0,train
PUMP_01,2026-04-10 16:00:00,0.1334,49.66,33.58,58.18,3.927,0.1516,0.0229,49.33,True,Normal,0,train
PUMP_01,2026-04-10 17:00:00,0.1539,49.5,33.3,59.09,3.979,0.1507,0.0226,49.29,True,Normal,0,train
PUMP_01,2026-04-10 18:00:00,0.1513,51.88,33.84,56.82,4.066,0.1488,0.0218,49.25,True,Normal,0,train
PUMP_01,2026-04-10 19:00:00,0.1477,51.48,34.67,57.55,3.918,0.1497,0.0216,49.21,True,Normal,0,train
PUMP_01,2026-04-10 20:00:00,0.1515,50.05,33.5,59.97,4.017,0.1437,0.0119,49.17,True,Normal,0,train
PUMP_01,2026-04-10 21:00:00,0.1117,51.02,33.6,55.68,3.996,0.1416,0.0164,49.12,True,Normal,0,train
PUMP_01,2026-04-10 22:00:00,0.1688,51.23,33.29,57.46,3.939,0.1475,0.019,49.08,True,Normal,0,train
PUMP_01,2026-04-10 23:00:00,0.1444,50.09,33.78,56.71,3.977,0.1459,0.0188,49.04,True,Normal,0,train
PUMP_01,2026-04-11 00:00:00,0.1687,50.6,34.2,57.77,3.874,0.1488,0.021,49.0,True,Normal,0,train
PUMP_01,2026-04-11 01:00:00,0.1221,50.89,35.27,57.48,4.009,0.1445,0.0237,48.96,True,Normal,0,train
PUMP_01,2026-04-11 02:00:00,0.1588,50.73,34.13,58.72,3.891,0.1458,0.0243,48.92,True,Normal,0,train
PUMP_01,2026-04-11 03:00:00,0.1486,48.83,33.97,58.31,4.086,0.1519,0.0177,48.88,True,Normal,0,train
PUMP_01,2026-04-11 04:00:00,0.1672,48.98,34.52,56.43,3.993,0.1516,0.0174,48.83,True,Normal,0,train
PUMP_01,2026-04-11 05:00:00,0.1644,49.57,34.42,57.29,3.954,0.155,0.0177,48.79,True,Normal,0,train
PUMP_01,2026-04-11 06:00:00,0.1655,48.94,33.65,58.0,4.093,0.1544,0.0172,48.75,True,Normal,0,train
PUMP_01,2026-04-11 07:00:00,0.1438,47.79,35.38,58.89,3.917,0.158,0.0097,48.71,True,Normal,0,train
PUMP_01,2026-04-11 08:00:00,0.1578,51.01,33.99,60.92,3.94,0.1579,0.0097,48.67,True,Normal,0,train
PUMP_01,2026-04-11 09:00:00,0.1544,50.52,34.14,58.84,3.854,0.1589,0.0089,48.62,True,Normal,0,train
PUMP_01,2026-04-11 10:00:00,0.1624,47.99,34.33,56.79,4.105,0.158,0.0081,48.58,True,Normal,0,train
PUMP_01,2026-04-11 11:00:00,0.1674,49.64,34.21,57.89,4.15,0.1586,0.0087,48.54,True,Normal,0,train
PUMP_01,2026-04-11 12:00:00,0.1523,49.72,34.92,58.22,3.866,0.1564,0.0082,48.5,True,Normal,0,train
PUMP_01,2026-04-11 13:00:00,0.1283,50.27,33.65,57.38,3.935,0.1538,0.0136,48.46,True,Normal,0,train
PUMP_01,2026-04-11 14:00:00,0.1466,48.38,34.47,58.56,4.006,0.1519,0.0137,48.42,True,Normal,0,train
PUMP_01,2026-04-11 15:00:00,0.1821,47.97,34.1,55.27,3.959,0.1565,0.0185,48.38,True,Normal,0,train
PUMP_01,2026-04-11 16:00:00,0.166,50.78,34.59,58.66,3.997,0.1571,0.0188,48.33,True,Normal,0,train
PUMP_01,2026-04-11 17:00:00,0.0957,47.7,33.87,57.43,3.991,0.1452,0.0303,48.29,True,Normal,0,train
PUMP_01,2026-04-11 18:00:00,0.141,49.65,33.79,57.87,4.033,0.1433,0.0301,48.25,True,Normal,0,train
PUMP_01,2026-04-11 19:00:00,0.1543,49.51,34.44,59.76,3.923,0.1476,0.0294,48.21,True,Normal,0,train
PUMP_01,2026-04-11 20:00:00,0.1386,49.82,34.21,56.49,4.015,0.1463,0.0296,48.17,True,Normal,0,train
PUMP_01,2026-04-11 21:00:00,0.136,50.38,33.51,58.33,3.911,0.1386,0.0239,48.12,True,Normal,0,train
PUMP_01,2026-04-11 22:00:00,0.141,52.4,34.81,58.95,3.967,0.1344,0.02,48.08,True,Normal,0,train
PUMP_01,2026-04-11 23:00:00,0.1557,47.6,34.44,58.2,3.861,0.1444,0.0084,48.04,True,Normal,0,train
PUMP_01,2026-04-12 00:00:00,0.1328,51.31,33.96,56.06,3.968,0.1431,0.0096,48.0,True,Normal,0,train
PUMP_01,2026-04-12 01:00:00,0.1704,46.23,33.72,59.62,3.954,0.1458,0.0144,47.96,True,Normal,0,train
PUMP_01,2026-04-12 02:00:00,0.1542,52.09,34.22,57.75,4.075,0.1484,0.0143,47.92,True,Normal,0,train
PUMP_01,2026-04-12 03:00:00,0.143,46.94,34.4,57.37,3.995,0.1495,0.0133,47.88,True,Normal,0,train
PUMP_01,2026-04-12 04:00:00,0.1755,53.65,33.04,57.63,4.01,0.1553,0.0161,47.83,True,Normal,0,train
PUMP_01,2026-04-12 05:00:00,0.1365,49.42,34.23,57.54,3.998,0.1521,0.0178,47.79,True,Normal,0,train
PUMP_01,2026-04-12 06:00:00,0.1517,51.94,34.39,56.57,3.83,0.1552,0.0152,47.75,True,Normal,0,train
PUMP_01,2026-04-12 07:00:00,0.1511,51.63,32.59,58.2,3.84,0.152,0.0133,47.71,True,Normal,0,train
PUMP_01,2026-04-12 08:00:00,0.1908,49.35,34.12,57.28,3.975,0.1581,0.0208,47.67,True,Normal,0,train
PUMP_01,2026-04-12 09:00:00,0.1468,49.46,34.42,58.81,4.022,0.1587,0.0203,47.62,True,Normal,0,train
PUMP_01,2026-04-12 10:00:00,0.1227,48.74,34.35,58.62,3.981,0.1499,0.0228,47.58,True,Normal,0,train
PUMP_01,2026-04-12 11:00:00,0.1439,51.18,34.48,59.95,3.931,0.1512,0.0222,47.54,True,Normal,0,train
PUMP_01,2026-04-12 12:00:00,0.1568,49.36,33.8,57.75,3.981,0.152,0.0223,47.5,True,Normal,0,train
PUMP_01,2026-04-12 13:00:00,0.1592,48.77,33.38,57.04,3.974,0.1534,0.0225,47.46,True,Normal,0,train
PUMP_01,2026-04-12 14:00:00,0.1791,50.81,32.92,56.24,4.062,0.1514,0.0188,47.42,True,Normal,0,train
PUMP_01,2026-04-12 15:00:00,0.164,48.65,34.66,60.63,4.058,0.1543,0.0192,47.38,True,Normal,0,train
PUMP_01,2026-04-12 16:00:00,0.1442,49.51,34.42,58.79,3.956,0.1579,0.0132,47.33,True,Normal,0,train
PUMP_01,2026-04-12 17:00:00,0.127,50.16,34.7,57.17,3.996,0.155,0.0178,47.29,True,Normal,0,train
PUMP_01,2026-04-12 18:00:00,0.1644,49.04,33.56,60.03,4.022,0.1563,0.0182,47.25,True,Normal,0,train
PUMP_01,2026-04-12 19:00:00,0.1348,49.26,34.48,59.63,4.034,0.1522,0.0201,47.21,True,Normal,0,train
PUMP_01,2026-04-12 20:00:00,0.1315,52.3,33.1,56.38,4.132,0.1443,0.0164,47.17,True,Normal,0,train
PUMP_01,2026-04-12 21:00:00,0.1367,49.69,33.48,57.1,3.998,0.1398,0.0134,47.12,True,Normal,0,train
PUMP_01,2026-04-12 22:00:00,0.1262,49.46,34.08,57.84,4.093,0.1368,0.0142,47.08,True,Normal,0,train
PUMP_01,2026-04-12 23:00:00,0.1404,49.74,34.4,56.72,3.907,0.139,0.0133,47.04,True,Normal,0,train
PUMP_01,2026-04-13 00:00:00,0.1465,50.68,35.01,57.88,3.949,0.136,0.007,47.0,True,Normal,0,train
PUMP_01,2026-04-13 01:00:00,0.1635,48.45,33.86,58.85,3.829,0.1408,0.0131,46.96,True,Normal,0,train
PUMP_01,2026-04-13 02:00:00,0.1492,50.64,33.48,56.35,4.012,0.1438,0.0126,46.92,True,Normal,0,train
PUMP_01,2026-04-13 03:00:00,0.1381,50.38,33.45,58.35,4.052,0.144,0.0125,46.88,True,Normal,0,train
PUMP_01,2026-04-13 04:00:00,0.1346,47.32,33.59,59.4,3.796,0.1454,0.0104,46.83,True,Normal,0,train
PUMP_01,2026-04-13 05:00:00,0.1628,52.69,35.33,58.48,4.015,0.1491,0.0121,46.79,True,Normal,0,train
PUMP_01,2026-04-13 06:00:00,0.1611,52.19,34.45,57.91,4.048,0.1516,0.0129,46.75,True,Normal,0,train
PUMP_01,2026-04-13 07:00:00,0.1513,48.8,34.67,57.2,4.044,0.1495,0.0115,46.71,True,Normal,0,train
PUMP_01,2026-04-13 08:00:00,0.1516,48.32,33.86,59.0,3.904,0.1499,0.0116,46.67,True,Normal,0,train
PUMP_01,2026-04-13 09:00:00,0.1629,50.34,34.0,56.59,4.062,0.154,0.0109,46.62,True,Normal,0,train
PUMP_01,2026-04-13 10:00:00,0.1759,47.86,34.42,58.29,4.001,0.1609,0.0091,46.58,True,Normal,0,train
PUMP_01,2026-04-13 11:00:00,0.1409,52.05,33.7,58.03,4.047,0.1573,0.0121,46.54,True,Normal,0,train
PUMP_01,2026-04-13 12:00:00,0.1513,49.3,33.83,59.35,3.99,0.1556,0.0121,46.5,True,Normal,0,train
PUMP_01,2026-04-13 13:00:00,0.1618,52.43,33.6,57.3,4.03,0.1574,0.0121,46.46,True,Normal,0,train
PUMP_01,2026-04-13 14:00:00,0.1334,48.76,33.73,57.4,4.089,0.1544,0.0156,46.42,True,Normal,0,train
PUMP_01,2026-04-13 15:00:00,0.1427,49.83,34.03,56.51,3.984,0.151,0.0156,46.38,True,Normal,0,train
PUMP_01,2026-04-13 16:00:00,0.1408,51.9,33.51,58.52,4.023,0.1452,0.01,46.33,True,Normal,0,train
PUMP_01,2026-04-13 17:00:00,0.1207,49.52,34.17,57.49,4.1,0.1418,0.0142,46.29,True,Normal,0,train
PUMP_01,2026-04-13 18:00:00,0.1425,50.41,34.17,56.97,3.989,0.1403,0.0135,46.25,True,Normal,0,train
PUMP_01,2026-04-13 19:00:00,0.1408,51.64,33.89,57.08,3.91,0.1368,0.0086,46.21,True,Normal,0,train
PUMP_01,2026-04-13 20:00:00,0.1497,49.17,33.5,58.64,4.054,0.1395,0.0098,46.17,True,Normal,0,train
PUMP_01,2026-04-13 21:00:00,0.1251,48.11,34.06,56.68,4.115,0.1366,0.0112,46.12,True,Normal,0,train
PUMP_01,2026-04-13 22:00:00,0.1451,47.81,33.7,56.78,4.103,0.1373,0.0116,46.08,True,Normal,0,train
PUMP_01,2026-04-13 23:00:00,0.1681,50.88,34.03,59.08,4.057,0.1452,0.014,46.04,True,Normal,0,train
PUMP_01,2026-04-14 00:00:00,0.1812,50.58,34.66,57.8,3.812,0.1517,0.0201,46.0,True,Normal,0,train
PUMP_01,2026-04-14 01:00:00,0.1718,51.59,33.25,59.15,3.949,0.1568,0.0207,45.96,True,Normal,0,train
PUMP_01,2026-04-14 02:00:00,0.1373,49.59,35.3,57.57,3.953,0.1548,0.0221,45.92,True,Normal,0,train
PUMP_01,2026-04-14 03:00:00,0.1638,47.85,33.96,58.0,4.004,0.1612,0.0167,45.88,True,Normal,0,train
PUMP_01,2026-04-14 04:00:00,0.1514,46.47,34.25,58.19,4.135,0.1623,0.0157,45.83,True,Normal,0,train
PUMP_01,2026-04-14 05:00:00,0.1639,54.3,33.55,59.66,3.914,0.1616,0.0154,45.79,True,Normal,0,train
PUMP_01,2026-04-14 06:00:00,0.1484,50.79,34.69,59.57,4.179,0.1561,0.0127,45.75,True,Normal,0,train
PUMP_01,2026-04-14 07:00:00,0.134,50.21,33.92,59.38,3.969,0.1498,0.0127,45.71,True,Normal,0,train
PUMP_01,2026-04-14 08:00:00,0.1535,50.42,33.76,57.25,3.939,0.1525,0.0111,45.67,True,Normal,0,train
PUMP_01,2026-04-14 09:00:00,0.1679,47.85,33.65,56.82,4.068,0.1532,0.012,45.62,True,Normal,0,train
PUMP_01,2026-04-14 10:00:00,0.1593,48.81,33.84,58.91,4.074,0.1545,0.0122,45.58,True,Normal,0,train
PUMP_01,2026-04-14 11:00:00,0.1586,52.61,34.25,59.65,4.052,0.1536,0.0116,45.54,True,Normal,0,train
PUMP_01,2026-04-14 12:00:00,0.1532,50.99,34.1,59.4,3.938,0.1544,0.0113,45.5,True,Normal,0,train
PUMP_01,2026-04-14 13:00:00,0.1535,48.85,33.98,58.02,4.04,0.1577,0.0057,45.46,True,Normal,0,train
PUMP_01,2026-04-14 14:00:00,0.1529,48.16,33.57,58.87,3.917,0.1576,0.0058,45.42,True,Normal,0,train
PUMP_01,2026-04-14 15:00:00,0.1388,49.23,33.54,58.89,3.936,0.1527,0.0074,45.38,True,Normal,0,train
PUMP_01,2026-04-14 16:00:00,0.1426,49.53,33.72,58.18,3.992,0.1499,0.0076,45.33,True,Normal,0,train
PUMP_01,2026-04-14 17:00:00,0.1665,53.07,34.28,58.23,3.934,0.1512,0.0097,45.29,True,Normal,0,train
PUMP_01,2026-04-14 18:00:00,0.1421,49.72,34.4,58.12,4.084,0.1494,0.0103,45.25,True,Normal,0,train
PUMP_01,2026-04-14 19:00:00,0.141,48.22,34.48,57.05,3.954,0.1473,0.0106,45.21,True,Normal,0,train
PUMP_01,2026-04-14 20:00:00,0.1429,49.91,34.0,57.18,3.982,0.1456,0.0103,45.17,True,Normal,0,train
PUMP_01,2026-04-14 21:00:00,0.1397,50.4,34.23,57.16,3.93,0.1458,0.0102,45.12,True,Normal,0,train
PUMP_01,2026-04-14 22:00:00,0.1385,48.08,33.9,56.08,4.083,0.1451,0.0106,45.08,True,Normal,0,train
PUMP_01,2026-04-14 23:00:00,0.1505,50.6,32.95,58.17,3.947,0.1424,0.0043,45.04,True,Normal,0,train
PUMP_01,2026-04-15 00:00:00,0.1424,51.81,33.87,57.95,4.091,0.1425,0.0042,45.0,True,Normal,0,train
PUMP_01,2026-04-15 01:00:00,0.1504,50.21,33.77,58.91,4.085,0.1441,0.0052,44.96,True,Normal,0,train
PUMP_01,2026-04-15 02:00:00,0.1431,48.8,33.38,59.51,3.964,0.1441,0.0052,44.92,True,Normal,0,train
PUMP_01,2026-04-15 03:00:00,0.1587,49.21,33.66,59.59,4.002,0.1473,0.0073,44.88,True,Normal,0,train
PUMP_01,2026-04-15 04:00:00,0.1674,47.51,34.08,59.7,3.962,0.1521,0.0096,44.83,True,Normal,0,train
PUMP_01,2026-04-15 05:00:00,0.1565,49.8,33.32,57.09,4.044,0.1531,0.0097,44.79,True,Normal,0,train
PUMP_01,2026-04-15 06:00:00,0.1299,50.47,33.57,56.28,3.984,0.151,0.0132,44.75,True,Normal,0,train
PUMP_01,2026-04-15 07:00:00,0.1685,48.66,34.93,59.12,3.967,0.154,0.015,44.71,True,Normal,0,train
PUMP_01,2026-04-15 08:00:00,0.1605,52.91,33.04,59.66,4.004,0.1569,0.0141,44.67,True,Normal,0,train
PUMP_01,2026-04-15 09:00:00,0.1422,51.19,33.89,59.87,3.873,0.1542,0.0152,44.62,True,Normal,0,train
PUMP_01,2026-04-15 10:00:00,0.1666,47.31,33.3,58.58,3.994,0.154,0.0151,44.58,True,Normal,0,train
PUMP_01,2026-04-15 11:00:00,0.1316,47.34,33.55,55.6,4.052,0.1499,0.0175,44.54,True,Normal,0,train
PUMP_01,2026-04-15 12:00:00,0.1657,48.52,33.88,58.44,4.011,0.1559,0.0153,44.5,True,Normal,0,train
PUMP_01,2026-04-15 13:00:00,0.1466,52.36,33.41,58.67,4.076,0.1522,0.0142,44.46,True,Normal,0,train
PUMP_01,2026-04-15 14:00:00,0.111,51.34,34.34,59.5,3.97,0.144,0.0211,44.42,True,Normal,0,train
PUMP_01,2026-04-15 15:00:00,0.1456,52.44,34.81,59.72,3.963,0.1445,0.0211,44.38,True,Normal,0,train
PUMP_01,2026-04-15 16:00:00,0.1352,50.02,34.51,59.09,3.911,0.1393,0.0183,44.33,True,Normal,0,train
PUMP_01,2026-04-15 17:00:00,0.132,49.69,34.61,57.3,3.968,0.1394,0.0182,44.29,True,Normal,0,train
PUMP_01,2026-04-15 18:00:00,0.1289,48.13,33.17,56.77,4.157,0.1332,0.013,44.25,True,Normal,0,train
PUMP_01,2026-04-15 19:00:00,0.1384,50.52,33.85,58.64,4.022,0.1318,0.0117,44.21,True,Normal,0,train
PUMP_01,2026-04-15 20:00:00,0.1341,49.71,34.28,57.05,3.953,0.1357,0.0058,44.17,True,Normal,0,train
PUMP_01,2026-04-15 21:00:00,0.1151,49.65,34.52,59.77,3.92,0.1306,0.0082,44.12,True,Normal,0,train
PUMP_01,2026-04-15 22:00:00,0.1641,52.43,35.05,55.95,3.872,0.1354,0.0161,44.08,True,Normal,0,train
PUMP_01,2026-04-15 23:00:00,0.1437,49.81,34.64,58.68,3.934,0.1374,0.0163,44.04,True,Normal,0,train
PUMP_01,2026-04-16 00:00:00,0.139,52.0,34.54,58.38,4.061,0.1391,0.0158,44.0,True,Normal,0,train
PUMP_01,2026-04-16 01:00:00,0.1357,47.62,35.58,57.75,3.966,0.1386,0.0159,43.96,True,Normal,0,train
PUMP_01,2026-04-16 02:00:00,0.1666,54.03,34.06,56.89,3.923,0.144,0.0192,43.92,True,Normal,0,train
PUMP_01,2026-04-16 03:00:00,0.1376,49.44,33.83,55.53,3.932,0.1478,0.0139,43.88,True,Normal,0,train
PUMP_01,2026-04-16 04:00:00,0.1607,51.06,34.11,57.36,4.052,0.1472,0.0131,43.83,True,Normal,0,train
PUMP_01,2026-04-16 05:00:00,0.1509,51.3,33.45,57.38,3.993,0.1484,0.0131,43.79,True,Normal,0,train
PUMP_01,2026-04-16 06:00:00,0.1521,49.25,34.04,59.33,3.95,0.1506,0.0123,43.75,True,Normal,0,train
PUMP_01,2026-04-16 07:00:00,0.1431,51.23,32.96,57.06,3.975,0.1518,0.0107,43.71,True,Normal,0,train
PUMP_01,2026-04-16 08:00:00,0.1494,51.31,33.68,58.54,4.176,0.149,0.0079,43.67,True,Normal,0,train
PUMP_01,2026-04-16 09:00:00,0.1572,48.93,33.93,56.45,4.098,0.1522,0.0062,43.62,True,Normal,0,train
PUMP_01,2026-04-16 10:00:00,0.1585,48.95,34.57,58.58,4.117,0.1519,0.0056,43.58,True,Normal,0,train
PUMP_01,2026-04-16 11:00:00,0.1408,50.07,34.67,55.31,3.86,0.1502,0.0072,43.54,True,Normal,0,train
PUMP_01,2026-04-16 12:00:00,0.1486,49.83,33.42,60.51,3.988,0.1496,0.0072,43.5,True,Normal,0,train
PUMP_01,2026-04-16 13:00:00,0.1607,52.09,35.25,57.83,3.948,0.1525,0.0076,43.46,True,Normal,0,train
PUMP_01,2026-04-16 14:00:00,0.1201,51.05,34.09,54.65,4.044,0.1476,0.0154,43.42,True,Normal,0,train
PUMP_01,2026-04-16 15:00:00,0.1428,49.89,34.14,57.14,4.085,0.1453,0.0147,43.38,True,Normal,0,train
PUMP_01,2026-04-16 16:00:00,0.1271,50.91,33.03,56.95,4.026,0.14,0.0147,43.33,True,Normal,0,train
PUMP_01,2026-04-16 17:00:00,0.1246,46.93,33.63,57.21,3.93,0.1373,0.0159,43.29,True,Normal,0,train
PUMP_01,2026-04-16 18:00:00,0.1439,49.08,34.63,57.56,3.947,0.1365,0.0154,43.25,True,Normal,0,train
PUMP_01,2026-04-16 19:00:00,0.1322,50.43,34.1,57.2,4.05,0.1318,0.0098,43.21,True,Normal,0,train
PUMP_01,2026-04-16 20:00:00,0.1231,51.67,34.06,57.02,4.058,0.1323,0.0091,43.17,True,Normal,0,train
PUMP_01,2026-04-16 21:00:00,0.1628,50.3,34.14,56.61,4.011,0.1356,0.0153,43.12,True,Normal,0,train
PUMP_01,2026-04-16 22:00:00,0.1588,52.19,33.13,58.99,4.01,0.1409,0.0171,43.08,True,Normal,0,train
PUMP_01,2026-04-16 23:00:00,0.1184,51.3,33.94,59.44,4.004,0.1399,0.0184,43.04,True,Normal,0,train
PUMP_01,2026-04-17 00:00:00,0.1279,49.27,34.84,57.69,4.022,0.1372,0.0189,43.0,True,Normal,0,train
PUMP_01,2026-04-17 01:00:00,0.1615,49.79,34.65,57.98,4.057,0.1421,0.021,42.96,True,Normal,0,train
PUMP_01,2026-04-17 02:00:00,0.1507,50.61,33.92,56.65,4.05,0.1467,0.0189,42.92,True,Normal,0,train
PUMP_01,2026-04-17 03:00:00,0.1796,49.33,34.94,58.09,4.002,0.1495,0.0227,42.88,True,Normal,0,train
PUMP_01,2026-04-17 04:00:00,0.1679,52.3,33.24,58.28,3.996,0.151,0.0237,42.83,True,Normal,0,train
PUMP_01,2026-04-17 05:00:00,0.1642,48.34,33.42,57.74,3.993,0.1586,0.0177,42.79,True,Normal,0,train
PUMP_01,2026-04-17 06:00:00,0.1447,50.47,35.12,58.48,3.938,0.1614,0.0124,42.75,True,Normal,0,train
PUMP_01,2026-04-17 07:00:00,0.167,51.1,34.35,58.37,3.937,0.1624,0.0127,42.71,True,Normal,0,train
PUMP_01,2026-04-17 08:00:00,0.1395,49.53,33.83,56.74,4.044,0.1605,0.0153,42.67,True,Normal,0,train
PUMP_01,2026-04-17 09:00:00,0.1766,49.19,33.97,59.43,3.943,0.16,0.0146,42.62,True,Normal,0,train
PUMP_01,2026-04-17 10:00:00,0.1613,49.89,33.52,57.75,4.065,0.1589,0.0141,42.58,True,Normal,0,train
PUMP_01,2026-04-17 11:00:00,0.1402,51.22,34.17,60.01,3.996,0.1549,0.0156,42.54,True,Normal,0,train
PUMP_01,2026-04-17 12:00:00,0.1621,49.25,34.12,58.5,4.066,0.1578,0.0149,42.5,True,Normal,0,train
PUMP_01,2026-04-17 13:00:00,0.181,48.4,34.01,60.37,4.051,0.1601,0.0175,42.46,True,Normal,0,train
PUMP_01,2026-04-17 14:00:00,0.1417,51.73,33.3,59.41,4.067,0.1605,0.017,42.42,True,Normal,0,train
PUMP_01,2026-04-17 15:00:00,0.1512,50.6,34.16,58.27,3.962,0.1562,0.0153,42.38,True,Normal,0,train
PUMP_01,2026-04-17 16:00:00,0.1349,51.51,33.68,57.13,4.033,0.1519,0.0172,42.33,True,Normal,0,train
PUMP_01,2026-04-17 17:00:00,0.1416,51.14,33.41,57.16,4.059,0.1521,0.017,42.29,True,Normal,0,train
PUMP_01,2026-04-17 18:00:00,0.1174,53.27,34.76,58.64,3.876,0.1446,0.0211,42.25,True,Normal,0,train
PUMP_01,2026-04-17 19:00:00,0.1403,51.67,35.3,58.17,4.136,0.1378,0.0113,42.21,True,Normal,0,train
PUMP_01,2026-04-17 20:00:00,0.142,48.91,35.17,57.29,4.181,0.1379,0.0113,42.17,True,Normal,0,train
PUMP_01,2026-04-17 21:00:00,0.1699,50.71,34.39,59.0,4.076,0.141,0.0169,42.12,True,Normal,0,train
PUMP_01,2026-04-17 22:00:00,0.1181,49.16,33.84,58.05,4.064,0.1382,0.0193,42.08,True,Normal,0,train
PUMP_01,2026-04-17 23:00:00,0.1432,49.32,33.96,59.01,4.047,0.1385,0.0194,42.04,True,Normal,0,train
PUMP_01,2026-04-18 00:00:00,0.1693,47.88,34.24,56.83,3.974,0.1471,0.0197,42.0,True,Normal,0,train
PUMP_01,2026-04-18 01:00:00,0.149,49.57,33.75,59.2,3.991,0.1486,0.0194,41.96,True,Normal,0,train
PUMP_01,2026-04-18 02:00:00,0.1524,50.82,34.79,58.6,4.077,0.1503,0.0192,41.92,True,Normal,0,train
PUMP_01,2026-04-18 03:00:00,0.1446,49.9,32.78,59.44,3.922,0.1461,0.0166,41.88,True,Normal,0,train
PUMP_01,2026-04-18 04:00:00,0.1447,48.35,33.82,59.17,3.915,0.1505,0.0098,41.83,True,Normal,0,train
PUMP_01,2026-04-18 05:00:00,0.1323,47.72,34.48,57.9,3.968,0.1487,0.0122,41.79,True,Normal,0,train
PUMP_01,2026-04-18 06:00:00,0.1506,53.17,33.49,57.8,4.053,0.1456,0.0072,41.75,True,Normal,0,train
PUMP_01,2026-04-18 07:00:00,0.1448,50.49,33.86,60.14,3.931,0.1449,0.007,41.71,True,Normal,0,train
PUMP_01,2026-04-18 08:00:00,0.1604,48.76,34.36,57.65,3.982,0.1462,0.0092,41.67,True,Normal,0,train
PUMP_01,2026-04-18 09:00:00,0.1453,50.69,34.91,58.9,3.991,0.1464,0.0092,41.62,True,Normal,0,train
PUMP_01,2026-04-18 10:00:00,0.1478,53.28,33.22,57.54,3.919,0.1469,0.0091,41.58,True,Normal,0,train
PUMP_01,2026-04-18 11:00:00,0.1458,50.93,33.18,55.77,3.805,0.1491,0.0059,41.54,True,Normal,0,train
PUMP_01,2026-04-18 12:00:00,0.1493,45.82,33.43,56.53,3.918,0.1489,0.0059,41.5,True,Normal,0,train
PUMP_01,2026-04-18 13:00:00,0.1395,53.98,33.08,58.49,4.021,0.148,0.0069,41.46,True,Normal,0,train
PUMP_01,2026-04-18 14:00:00,0.1291,47.23,33.12,58.84,4.039,0.1428,0.0075,41.42,True,Normal,0,train
PUMP_01,2026-04-18 15:00:00,0.1442,49.69,33.42,58.49,4.04,0.1426,0.0074,41.38,True,Normal,0,train
PUMP_01,2026-04-18 16:00:00,0.1574,48.3,34.74,59.38,4.049,0.1442,0.0095,41.33,True,Normal,0,train
PUMP_01,2026-04-18 17:00:00,0.1423,48.89,33.81,58.47,3.95,0.1436,0.0095,41.29,True,Normal,0,train
PUMP_01,2026-04-18 18:00:00,0.1309,50.43,34.02,57.07,3.933,0.1406,0.0103,41.25,True,Normal,0,train
PUMP_01,2026-04-18 19:00:00,0.1385,46.89,33.43,58.71,4.03,0.1404,0.0103,41.21,True,Normal,0,train
PUMP_01,2026-04-18 20:00:00,0.1106,49.86,34.38,58.2,3.983,0.1373,0.0157,41.17,True,Normal,0,train
PUMP_01,2026-04-18 21:00:00,0.1408,51.72,35.13,57.31,4.073,0.1368,0.0155,41.12,True,Normal,0,train
PUMP_01,2026-04-18 22:00:00,0.139,48.74,33.47,58.57,4.031,0.1337,0.012,41.08,True,Normal,0,train
PUMP_01,2026-04-18 23:00:00,0.1334,47.91,35.03,58.1,4.103,0.1322,0.0112,41.04,True,Normal,0,train
PUMP_01,2026-04-19 00:00:00,0.1387,49.79,34.22,57.27,3.963,0.1335,0.0115,41.0,True,Normal,0,train
PUMP_01,2026-04-19 01:00:00,0.1464,49.49,34.01,57.79,4.085,0.1348,0.0126,40.96,True,Normal,0,train
PUMP_01,2026-04-19 02:00:00,0.1699,49.11,34.24,59.7,4.163,0.1447,0.013,40.92,True,Normal,0,train
PUMP_01,2026-04-19 03:00:00,0.1735,48.22,34.23,59.66,4.004,0.1501,0.0172,40.88,True,Normal,0,train
PUMP_01,2026-04-19 04:00:00,0.1447,50.78,35.11,58.23,4.04,0.1511,0.0166,40.83,True,Normal,0,train
PUMP_01,2026-04-19 05:00:00,0.1519,50.89,34.31,58.07,3.926,0.1542,0.0143,40.79,True,Normal,0,train
PUMP_01,2026-04-19 06:00:00,0.1526,48.4,34.32,56.28,4.072,0.1565,0.0122,40.75,True,Normal,0,train
PUMP_01,2026-04-19 07:00:00,0.1718,48.61,33.75,60.06,4.09,0.1607,0.0124,40.71,True,Normal,0,train
PUMP_01,2026-04-19 08:00:00,0.1608,50.2,34.5,59.24,3.96,0.1592,0.0116,40.67,True,Normal,0,train
PUMP_01,2026-04-19 09:00:00,0.1585,48.55,33.43,58.9,4.047,0.1567,0.0093,40.62,True,Normal,0,train
PUMP_01,2026-04-19 10:00:00,0.163,50.27,34.07,55.27,4.022,0.1598,0.0074,40.58,True,Normal,0,train
PUMP_01,2026-04-19 11:00:00,0.1436,52.2,35.73,58.05,4.031,0.1584,0.0096,40.54,True,Normal,0,train
PUMP_01,2026-04-19 12:00:00,0.1705,49.91,32.5,57.85,4.065,0.1614,0.0102,40.5,True,Normal,0,train
PUMP_01,2026-04-19 13:00:00,0.1474,48.18,34.14,58.82,4.042,0.1573,0.0101,40.46,True,Normal,0,train
PUMP_01,2026-04-19 14:00:00,0.1322,50.59,34.16,57.46,3.989,0.1525,0.0141,40.42,True,Normal,0,train
PUMP_01,2026-04-19 15:00:00,0.1395,49.73,33.86,57.72,4.067,0.1494,0.0146,40.38,True,Normal,0,train
PUMP_01,2026-04-19 16:00:00,0.1598,49.77,33.88,58.74,4.089,0.1488,0.014,40.33,True,Normal,0,train
PUMP_01,2026-04-19 17:00:00,0.134,50.71,34.05,57.07,3.956,0.1472,0.0152,40.29,True,Normal,0,train
PUMP_01,2026-04-19 18:00:00,0.1542,51.04,33.85,57.31,4.0,0.1445,0.0112,40.25,True,Normal,0,train
PUMP_01,2026-04-19 19:00:00,0.131,50.05,34.13,58.23,3.859,0.1418,0.0123,40.21,True,Normal,0,train
PUMP_01,2026-04-19 20:00:00,0.1299,49.91,33.71,59.61,4.047,0.1414,0.0127,40.17,True,Normal,0,train
PUMP_01,2026-04-19 21:00:00,0.1528,53.1,35.21,58.97,4.098,0.1436,0.0134,40.12,True,Normal,0,train
PUMP_01,2026-04-19 22:00:00,0.1319,51.8,33.85,59.29,3.979,0.139,0.0113,40.08,True,Normal,0,train
PUMP_01,2026-04-19 23:00:00,0.1597,51.25,34.34,58.08,4.011,0.1433,0.0137,40.04,True,Normal,0,train
PUMP_01,2026-04-20 00:00:00,0.1553,50.2,33.6,59.79,3.982,0.1434,0.0139,40.0,True,Normal,0,train
PUMP_01,2026-04-20 01:00:00,0.1395,48.49,34.56,55.91,3.969,0.1448,0.0127,39.96,True,Normal,0,train
PUMP_01,2026-04-20 02:00:00,0.1539,51.69,34.44,60.43,4.019,0.1488,0.0107,39.92,True,Normal,0,train
PUMP_01,2026-04-20 03:00:00,0.1488,50.22,34.25,60.58,3.937,0.1482,0.0106,39.88,True,Normal,0,train
PUMP_01,2026-04-20 04:00:00,0.1639,49.13,33.38,58.55,3.981,0.1535,0.0086,39.83,True,Normal,0,train
PUMP_01,2026-04-20 05:00:00,0.188,49.64,33.55,59.0,3.928,0.1582,0.0166,39.79,True,Normal,0,train
PUMP_01,2026-04-20 06:00:00,0.1544,48.55,35.01,57.95,4.047,0.1581,0.0167,39.75,True,Normal,0,train
PUMP_01,2026-04-20 07:00:00,0.1677,51.59,33.54,57.75,4.019,0.1628,0.0142,39.71,True,Normal,0,train
PUMP_01,2026-04-20 08:00:00,0.159,51.02,34.38,57.27,3.966,0.1636,0.0137,39.67,True,Normal,0,train
PUMP_01,2026-04-20 09:00:00,0.1574,50.27,33.43,57.94,4.003,0.1651,0.0122,39.62,True,Normal,0,train
PUMP_01,2026-04-20 10:00:00,0.1525,49.94,34.61,58.67,3.982,0.1632,0.0133,39.58,True,Normal,0,train
PUMP_01,2026-04-20 11:00:00,0.1397,48.98,33.59,58.5,4.092,0.1551,0.0092,39.54,True,Normal,0,train
PUMP_01,2026-04-20 12:00:00,0.155,46.8,33.42,60.38,3.965,0.1552,0.0092,39.5,True,Normal,0,train
PUMP_01,2026-04-20 13:00:00,0.1431,47.88,33.57,58.12,4.051,0.1511,0.0079,39.46,True,Normal,0,train
PUMP_01,2026-04-20 14:00:00,0.1314,48.89,33.67,56.21,3.944,0.1465,0.0101,39.42,True,Normal,0,train
PUMP_01,2026-04-20 15:00:00,0.1581,48.66,34.24,59.97,4.065,0.1466,0.0103,39.38,True,Normal,0,train
PUMP_01,2026-04-20 16:00:00,0.1428,50.43,34.04,56.53,4.083,0.145,0.0099,39.33,True,Normal,0,train
PUMP_01,2026-04-20 17:00:00,0.1369,51.22,33.34,57.33,4.087,0.1445,0.0103,39.29,True,Normal,0,train
PUMP_01,2026-04-20 18:00:00,0.1601,49.81,33.98,58.33,4.118,0.1454,0.0115,39.25,True,Normal,0,train
PUMP_01,2026-04-20 19:00:00,0.1128,52.11,33.31,58.5,4.023,0.1404,0.0177,39.21,True,Normal,0,train
PUMP_01,2026-04-20 20:00:00,0.1604,48.83,34.39,56.27,4.099,0.1452,0.0187,39.17,True,Normal,0,train
PUMP_01,2026-04-20 21:00:00,0.1297,49.8,34.5,57.1,4.13,0.1404,0.0183,39.12,True,Normal,0,train
PUMP_01,2026-04-20 22:00:00,0.1482,49.92,33.99,56.22,3.91,0.1414,0.0186,39.08,True,Normal,0,train
PUMP_01,2026-04-20 23:00:00,0.1386,51.64,34.16,58.75,3.952,0.1416,0.0185,39.04,True,Normal,0,train
PUMP_01,2026-04-21 00:00:00,0.1362,50.16,35.05,59.42,3.88,0.1376,0.0162,39.0,True,Normal,0,train
PUMP_01,2026-04-21 01:00:00,0.1723,50.2,33.91,56.53,4.085,0.1476,0.0162,38.96,True,Normal,0,train
PUMP_01,2026-04-21 02:00:00,0.1828,47.52,33.43,59.19,3.879,0.1513,0.0214,38.92,True,Normal,0,train
PUMP_01,2026-04-21 03:00:00,0.1538,48.65,34.35,59.12,3.858,0.1553,0.0187,38.88,True,Normal,0,train
PUMP_01,2026-04-21 04:00:00,0.1637,51.64,33.32,57.21,3.912,0.1579,0.0186,38.83,True,Normal,0,train
PUMP_01,2026-04-21 05:00:00,0.1605,46.89,33.87,55.62,3.861,0.1616,0.016,38.79,True,Normal,0,train
PUMP_01,2026-04-21 06:00:00,0.186,52.01,33.64,56.71,4.022,0.1698,0.0128,38.75,True,Normal,0,train
PUMP_01,2026-04-21 07:00:00,0.128,50.75,33.58,57.29,3.913,0.1625,0.0211,38.71,True,Normal,0,train
PUMP_01,2026-04-21 08:00:00,0.1643,48.88,33.85,59.85,3.865,0.1594,0.0188,38.67,True,Normal,0,train
PUMP_01,2026-04-21 09:00:00,0.1462,48.75,34.54,57.86,3.997,0.1581,0.0195,38.62,True,Normal,0,train
PUMP_01,2026-04-21 10:00:00,0.1197,52.84,34.66,56.79,4.001,0.1508,0.0246,38.58,True,Normal,0,train
PUMP_01,2026-04-21 11:00:00,0.1472,52.12,34.56,58.18,3.85,0.1486,0.0241,38.54,True,Normal,0,train
PUMP_01,2026-04-21 12:00:00,0.1777,49.82,34.2,56.45,3.943,0.1472,0.0217,38.5,True,Normal,0,train
PUMP_01,2026-04-21 13:00:00,0.1376,50.2,33.85,58.62,3.994,0.1488,0.0203,38.46,True,Normal,0,train
PUMP_01,2026-04-21 14:00:00,0.1569,49.03,32.59,56.83,3.971,0.1475,0.0194,38.42,True,Normal,0,train
PUMP_01,2026-04-21 15:00:00,0.1609,50.2,34.22,57.0,3.974,0.15,0.0201,38.38,True,Normal,0,train
PUMP_01,2026-04-21 16:00:00,0.1411,48.99,32.63,58.45,4.094,0.1536,0.0148,38.33,True,Normal,0,train
PUMP_01,2026-04-21 17:00:00,0.1421,49.88,32.85,60.1,4.172,0.1527,0.0154,38.29,True,Normal,0,train
PUMP_01,2026-04-21 18:00:00,0.1143,52.72,33.9,60.64,3.975,0.1422,0.0165,38.25,True,Normal,0,train
PUMP_01,2026-04-21 19:00:00,0.1296,49.86,34.16,56.75,3.894,0.1408,0.0173,38.21,True,Normal,0,train
PUMP_01,2026-04-21 20:00:00,0.1549,48.43,33.73,57.28,3.981,0.1405,0.0169,38.17,True,Normal,0,train
PUMP_01,2026-04-21 21:00:00,0.1438,47.95,34.92,58.62,4.016,0.1376,0.014,38.12,True,Normal,0,train
PUMP_01,2026-04-21 22:00:00,0.1505,50.19,34.28,59.4,3.996,0.1392,0.0149,38.08,True,Normal,0,train
PUMP_01,2026-04-21 23:00:00,0.1494,48.86,33.85,55.4,4.049,0.1404,0.0155,38.04,True,Normal,0,train
PUMP_01,2026-04-22 00:00:00,0.1829,50.37,34.83,58.1,4.177,0.1519,0.0176,38.0,True,Normal,0,train
PUMP_01,2026-04-22 01:00:00,0.1461,47.57,34.94,57.42,3.863,0.1546,0.0144,37.96,True,Normal,0,train
PUMP_01,2026-04-22 02:00:00,0.1791,51.04,34.31,55.69,3.959,0.1586,0.0175,37.92,True,Normal,0,train
PUMP_01,2026-04-22 03:00:00,0.1591,48.41,33.53,56.4,4.123,0.1612,0.016,37.88,True,Normal,0,train
PUMP_01,2026-04-22 04:00:00,0.1841,50.07,33.67,57.32,3.958,0.1668,0.0173,37.83,True,Normal,0,train
PUMP_01,2026-04-22 05:00:00,0.1413,49.49,33.13,58.07,4.063,0.1654,0.0192,37.79,True,Normal,0,train
PUMP_01,2026-04-22 06:00:00,0.1628,52.58,33.97,59.21,4.05,0.1621,0.0172,37.75,True,Normal,0,train
PUMP_01,2026-04-22 07:00:00,0.1538,50.26,33.37,58.43,4.099,0.1634,0.016,37.71,True,Normal,0,train
PUMP_01,2026-04-22 08:00:00,0.1608,52.92,33.8,59.14,4.153,0.1603,0.014,37.67,True,Normal,0,train
PUMP_01,2026-04-22 09:00:00,0.1754,50.84,34.16,58.03,4.027,0.163,0.0152,37.62,True,Normal,0,train
PUMP_01,2026-04-22 10:00:00,0.1607,52.14,32.81,57.15,3.86,0.1591,0.0112,37.58,True,Normal,0,train
PUMP_01,2026-04-22 11:00:00,0.1709,49.69,33.24,57.78,3.944,0.1641,0.0078,37.54,True,Normal,0,train
PUMP_01,2026-04-22 12:00:00,0.1399,50.52,33.7,58.83,4.175,0.1602,0.0126,37.5,True,Normal,0,train
PUMP_01,2026-04-22 13:00:00,0.1351,51.83,33.97,59.24,3.887,0.1571,0.0163,37.46,True,Normal,0,train
PUMP_01,2026-04-22 14:00:00,0.1452,51.36,33.7,57.82,4.04,0.1545,0.0169,37.42,True,Normal,0,train
PUMP_01,2026-04-22 15:00:00,0.1423,50.8,33.84,56.89,3.799,0.149,0.0138,37.38,True,Normal,0,train
PUMP_01,2026-04-22 16:00:00,0.1386,49.51,33.58,58.4,3.892,0.1453,0.013,37.33,True,Normal,0,train
PUMP_01,2026-04-22 17:00:00,0.126,49.76,33.13,58.57,4.071,0.1378,0.0067,37.29,True,Normal,0,train
PUMP_01,2026-04-22 18:00:00,0.158,51.71,33.68,59.48,4.003,0.1409,0.0107,37.25,True,Normal,0,train
PUMP_01,2026-04-22 19:00:00,0.1349,52.02,33.87,57.19,3.97,0.1408,0.0107,37.21,True,Normal,0,train
PUMP_01,2026-04-22 20:00:00,0.1627,49.11,33.81,57.2,3.935,0.1438,0.014,37.17,True,Normal,0,train
PUMP_01,2026-04-22 21:00:00,0.1431,48.88,34.07,58.91,3.84,0.1439,0.014,37.12,True,Normal,0,train
PUMP_01,2026-04-22 22:00:00,0.1547,48.64,34.25,57.51,4.055,0.1466,0.0143,37.08,True,Normal,0,train
PUMP_01,2026-04-22 23:00:00,0.1558,51.24,34.41,57.46,3.977,0.1515,0.0104,37.04,True,Normal,0,train
PUMP_01,2026-04-23 00:00:00,0.1376,48.61,33.62,59.5,3.878,0.1481,0.0112,37.0,True,Normal,0,train
PUMP_01,2026-04-23 01:00:00,0.1581,51.23,33.05,56.35,4.002,0.152,0.0096,36.96,True,Normal,0,train
PUMP_01,2026-04-23 02:00:00,0.1839,50.82,34.76,60.47,4.046,0.1555,0.0161,36.92,True,Normal,0,train
PUMP_01,2026-04-23 03:00:00,0.1608,49.18,34.23,57.26,3.984,0.1585,0.0149,36.88,True,Normal,0,train
PUMP_01,2026-04-23 04:00:00,0.1722,52.35,33.43,59.04,4.009,0.1614,0.0157,36.83,True,Normal,0,train
PUMP_01,2026-04-23 05:00:00,0.1701,47.81,34.17,57.87,4.003,0.1638,0.0158,36.79,True,Normal,0,train
PUMP_01,2026-04-23 06:00:00,0.1646,52.49,34.64,58.33,3.943,0.1683,0.0093,36.75,True,Normal,0,train
PUMP_01,2026-04-23 07:00:00,0.1625,50.48,35.04,57.68,4.004,0.169,0.0085,36.71,True,Normal,0,train
PUMP_01,2026-04-23 08:00:00,0.1669,46.89,34.15,59.03,4.059,0.1662,0.0044,36.67,True,Normal,0,train
PUMP_01,2026-04-23 09:00:00,0.1685,52.39,34.64,57.58,4.083,0.1675,0.0036,36.62,True,Normal,0,train
PUMP_01,2026-04-23 10:00:00,0.1347,51.46,33.27,57.31,4.063,0.1612,0.0133,36.58,True,Normal,0,train
PUMP_01,2026-04-23 11:00:00,0.1563,49.36,33.98,60.18,3.946,0.1589,0.0126,36.54,True,Normal,0,train
PUMP_01,2026-04-23 12:00:00,0.1472,48.55,33.8,58.04,4.051,0.156,0.013,36.5,True,Normal,0,train
PUMP_01,2026-04-23 13:00:00,0.1415,47.65,34.21,57.19,4.037,0.1525,0.0137,36.46,True,Normal,0,train
PUMP_01,2026-04-23 14:00:00,0.1644,53.62,34.97,56.21,3.943,0.1521,0.0132,36.42,True,Normal,0,train
PUMP_01,2026-04-23 15:00:00,0.1319,48.61,34.15,60.24,3.963,0.146,0.0126,36.38,True,Normal,0,train
PUMP_01,2026-04-23 16:00:00,0.1204,48.1,33.44,57.34,4.054,0.1436,0.016,36.33,True,Normal,0,train
PUMP_01,2026-04-23 17:00:00,0.1523,50.4,33.24,60.47,4.11,0.143,0.0155,36.29,True,Normal,0,train
PUMP_01,2026-04-23 18:00:00,0.1187,47.54,34.99,58.48,3.855,0.1382,0.0181,36.25,True,Normal,0,train
PUMP_01,2026-04-23 19:00:00,0.1114,48.53,34.31,58.17,4.131,0.1332,0.0209,36.21,True,Normal,0,train
PUMP_01,2026-04-23 20:00:00,0.155,51.49,34.27,58.2,4.093,0.1316,0.0183,36.17,True,Normal,0,train
PUMP_01,2026-04-23 21:00:00,0.1453,50.7,33.79,60.66,4.016,0.1338,0.0191,36.12,True,Normal,0,train
PUMP_01,2026-04-23 22:00:00,0.1521,49.42,34.16,55.37,3.981,0.1391,0.0191,36.08,True,Normal,0,train
PUMP_01,2026-04-23 23:00:00,0.1408,50.03,33.41,58.26,4.031,0.1372,0.018,36.04,True,Normal,0,train
PUMP_01,2026-04-24 00:00:00,0.1292,49.34,34.23,57.68,3.949,0.139,0.0163,36.0,True,Normal,0,train
PUMP_01,2026-04-24 01:00:00,0.1348,49.91,33.3,57.74,3.986,0.1429,0.0099,35.96,True,Normal,0,train
PUMP_01,2026-04-24 02:00:00,0.1509,48.86,33.78,58.18,3.882,0.1422,0.009,35.92,True,Normal,0,train
PUMP_01,2026-04-24 03:00:00,0.138,49.13,33.61,57.68,3.861,0.141,0.009,35.88,True,Normal,0,train
PUMP_01,2026-04-24 04:00:00,0.1633,49.08,32.05,58.23,4.187,0.1428,0.0123,35.83,True,Normal,0,train
PUMP_01,2026-04-24 05:00:00,0.1527,48.91,33.79,57.97,4.005,0.1448,0.0129,35.79,True,Normal,0,train
PUMP_01,2026-04-24 06:00:00,0.1628,51.57,33.46,56.42,4.016,0.1504,0.012,35.75,True,Normal,0,train
PUMP_01,2026-04-24 07:00:00,0.162,51.16,33.87,58.46,3.998,0.155,0.0099,35.71,True,Normal,0,train
PUMP_01,2026-04-24 08:00:00,0.1645,48.6,34.0,58.86,3.934,0.1572,0.0103,35.67,True,Normal,0,train
PUMP_01,2026-04-24 09:00:00,0.1646,48.21,35.06,57.35,3.975,0.1616,0.0045,35.62,True,Normal,0,train
PUMP_01,2026-04-24 10:00:00,0.1498,49.76,34.18,60.24,4.007,0.1594,0.0065,35.58,True,Normal,0,train
PUMP_01,2026-04-24 11:00:00,0.1553,53.23,34.2,59.6,3.984,0.1598,0.006,35.54,True,Normal,0,train
PUMP_01,2026-04-24 12:00:00,0.1535,48.46,34.3,59.01,3.94,0.1583,0.0063,35.5,True,Normal,0,train
PUMP_01,2026-04-24 13:00:00,0.111,49.76,34.52,59.0,4.038,0.1498,0.0199,35.46,True,Normal,0,train
PUMP_01,2026-04-24 14:00:00,0.1547,50.13,34.27,58.04,4.015,0.1482,0.0188,35.42,True,Normal,0,train
PUMP_01,2026-04-24 15:00:00,0.1452,49.84,34.17,59.37,4.031,0.1449,0.017,35.38,True,Normal,0,train
PUMP_01,2026-04-24 16:00:00,0.1498,49.31,34.43,59.88,4.056,0.1449,0.017,35.33,True,Normal,0,train
PUMP_01,2026-04-24 17:00:00,0.121,51.73,32.54,58.97,3.986,0.1392,0.0185,35.29,True,Normal,0,train
PUMP_01,2026-04-24 18:00:00,0.1353,50.68,35.25,57.32,3.986,0.1362,0.0172,35.25,True,Normal,0,train
PUMP_01,2026-04-24 19:00:00,0.124,51.27,34.95,57.95,4.119,0.1383,0.0139,35.21,True,Normal,0,train
PUMP_01,2026-04-24 20:00:00,0.1525,50.88,34.13,58.69,3.924,0.138,0.0134,35.17,True,Normal,0,train
PUMP_01,2026-04-24 21:00:00,0.1219,51.34,33.15,59.01,3.85,0.1341,0.0142,35.12,True,Normal,0,train
PUMP_01,2026-04-24 22:00:00,0.1311,52.38,34.73,57.91,4.044,0.131,0.0119,35.08,True,Normal,0,train
PUMP_01,2026-04-24 23:00:00,0.1554,52.0,33.58,57.32,3.95,0.1367,0.0142,35.04,True,Normal,0,train
PUMP_01,2026-04-25 00:00:00,0.1406,53.49,34.32,59.9,3.914,0.1376,0.0143,35.0,True,Normal,0,train
PUMP_01,2026-04-25 01:00:00,0.1387,51.83,33.23,56.71,4.071,0.14,0.0127,34.96,True,Normal,0,train
PUMP_01,2026-04-25 02:00:00,0.1686,49.0,35.34,56.87,3.988,0.1427,0.0169,34.92,True,Normal,0,train
PUMP_01,2026-04-25 03:00:00,0.1713,51.27,33.13,56.41,3.899,0.151,0.0167,34.88,True,Normal,0,train
PUMP_01,2026-04-25 04:00:00,0.1695,51.07,34.04,56.87,4.155,0.1574,0.0148,34.83,True,Normal,0,train
PUMP_01,2026-04-25 05:00:00,0.1724,52.88,32.73,59.5,3.871,0.1602,0.016,34.79,True,Normal,0,train
PUMP_01,2026-04-25 06:00:00,0.1565,48.55,33.98,59.54,3.993,0.1628,0.0131,34.75,True,Normal,0,train
PUMP_01,2026-04-25 07:00:00,0.1566,50.84,33.74,57.91,3.849,0.1658,0.0073,34.71,True,Normal,0,train
PUMP_01,2026-04-25 08:00:00,0.1489,48.98,34.68,58.6,4.022,0.1625,0.0098,34.67,True,Normal,0,train
PUMP_01,2026-04-25 09:00:00,0.1596,50.77,33.74,57.99,3.949,0.1606,0.0088,34.62,True,Normal,0,train
PUMP_01,2026-04-25 10:00:00,0.1471,49.68,34.68,56.57,4.066,0.1568,0.009,34.58,True,Normal,0,train
PUMP_01,2026-04-25 11:00:00,0.1461,50.72,33.39,60.66,3.999,0.1525,0.0058,34.54,True,Normal,0,train
PUMP_01,2026-04-25 12:00:00,0.159,47.88,33.83,59.65,4.108,0.1529,0.0062,34.5,True,Normal,0,train
PUMP_01,2026-04-25 13:00:00,0.1652,51.19,33.84,58.43,3.966,0.1543,0.008,34.46,True,Normal,0,train
PUMP_01,2026-04-25 14:00:00,0.151,50.31,34.3,56.97,3.872,0.1547,0.0077,34.42,True,Normal,0,train
PUMP_01,2026-04-25 15:00:00,0.1698,50.23,34.22,57.73,4.019,0.1564,0.0099,34.38,True,Normal,0,train
PUMP_01,2026-04-25 16:00:00,0.1308,52.93,34.43,57.17,3.98,0.1536,0.0142,34.33,True,Normal,0,train
PUMP_01,2026-04-25 17:00:00,0.1128,49.43,34.16,58.12,3.854,0.1481,0.0221,34.29,True,Normal,0,train
PUMP_01,2026-04-25 18:00:00,0.1507,50.51,34.4,58.37,3.916,0.1467,0.0215,34.25,True,Normal,0,train
PUMP_01,2026-04-25 19:00:00,0.1288,50.15,33.46,57.59,3.941,0.1406,0.0204,34.21,True,Normal,0,train
PUMP_01,2026-04-25 20:00:00,0.1372,50.3,34.23,56.25,4.124,0.1384,0.0197,34.17,True,Normal,0,train
PUMP_01,2026-04-25 21:00:00,0.1164,53.33,34.96,60.56,4.057,0.1294,0.0139,34.12,True,Normal,0,train
PUMP_01,2026-04-25 22:00:00,0.1315,50.1,32.99,58.29,3.972,0.1296,0.0139,34.08,True,Normal,0,train
PUMP_01,2026-04-25 23:00:00,0.1249,49.15,34.29,58.55,4.038,0.1316,0.0117,34.04,True,Normal,0,train
PUMP_01,2026-04-26 00:00:00,0.1435,52.81,34.41,57.49,3.837,0.1304,0.0095,34.0,True,Normal,0,train
PUMP_01,2026-04-26 01:00:00,0.1467,49.54,34.88,56.13,3.955,0.1334,0.0115,33.96,True,Normal,0,train
PUMP_01,2026-04-26 02:00:00,0.1563,47.59,34.44,57.9,4.032,0.1366,0.0149,33.92,True,Normal,0,train
PUMP_01,2026-04-26 03:00:00,0.1757,48.89,34.06,57.61,4.013,0.1464,0.0182,33.88,True,Normal,0,train
PUMP_01,2026-04-26 04:00:00,0.1688,48.13,34.26,58.85,3.957,0.1526,0.0184,33.83,True,Normal,0,train
PUMP_01,2026-04-26 05:00:00,0.1353,47.3,33.56,59.09,3.997,0.1544,0.0155,33.79,True,Normal,0,train
PUMP_01,2026-04-26 06:00:00,0.1691,49.46,33.77,58.92,4.027,0.1586,0.0155,33.75,True,Normal,0,train
PUMP_01,2026-04-26 07:00:00,0.1613,49.89,33.2,59.19,3.999,0.1611,0.0143,33.71,True,Normal,0,train
PUMP_01,2026-04-26 08:00:00,0.1572,51.77,34.89,60.16,4.069,0.1612,0.0143,33.67,True,Normal,0,train
PUMP_01,2026-04-26 09:00:00,0.1567,50.94,34.27,58.47,4.025,0.1581,0.0124,33.62,True,Normal,0,train
PUMP_01,2026-04-26 10:00:00,0.1581,50.88,33.45,59.32,4.041,0.1563,0.0113,33.58,True,Normal,0,train
PUMP_01,2026-04-26 11:00:00,0.1422,48.66,34.16,58.59,4.137,0.1574,0.0088,33.54,True,Normal,0,train
PUMP_01,2026-04-26 12:00:00,0.1473,51.33,34.7,55.72,4.066,0.1538,0.0074,33.5,True,Normal,0,train
PUMP_01,2026-04-26 13:00:00,0.1652,52.09,34.6,57.81,4.139,0.1544,0.0083,33.46,True,Normal,0,train
PUMP_01,2026-04-26 14:00:00,0.1344,50.59,33.44,56.96,3.946,0.1506,0.0114,33.42,True,Normal,0,train
PUMP_01,2026-04-26 15:00:00,0.1275,50.63,32.12,58.28,3.873,0.1458,0.0142,33.38,True,Normal,0,train
PUMP_01,2026-04-26 16:00:00,0.1404,48.1,34.24,57.05,3.989,0.1428,0.0129,33.33,True,Normal,0,train
PUMP_01,2026-04-26 17:00:00,0.1234,51.58,33.47,58.73,3.982,0.1397,0.0152,33.29,True,Normal,0,train
PUMP_01,2026-04-26 18:00:00,0.1142,52.67,34.37,59.18,4.117,0.1342,0.0177,33.25,True,Normal,0,train
PUMP_01,2026-04-26 19:00:00,0.1352,50.48,34.57,59.44,3.91,0.1292,0.0095,33.21,True,Normal,0,train
PUMP_01,2026-04-26 20:00:00,0.1631,49.11,34.67,59.94,3.994,0.134,0.0169,33.17,True,Normal,0,train
PUMP_01,2026-04-26 21:00:00,0.1423,49.76,35.05,55.99,4.032,0.1364,0.0169,33.12,True,Normal,0,train
PUMP_01,2026-04-26 22:00:00,0.1477,49.37,34.74,56.56,4.008,0.1376,0.0175,33.08,True,Normal,0,train
PUMP_01,2026-04-26 23:00:00,0.1155,49.46,35.05,61.51,3.986,0.1363,0.019,33.04,True,Normal,0,train
PUMP_01,2026-04-27 00:00:00,0.1566,50.97,34.83,59.21,4.029,0.1434,0.0169,33.0,True,Normal,0,train
PUMP_01,2026-04-27 01:00:00,0.154,50.42,34.88,58.27,4.086,0.1465,0.0168,32.96,True,Normal,0,train
PUMP_01,2026-04-27 02:00:00,0.145,51.51,33.98,58.04,4.123,0.1435,0.0147,32.92,True,Normal,0,train
PUMP_01,2026-04-27 03:00:00,0.1598,50.56,33.23,57.93,4.003,0.1464,0.0161,32.88,True,Normal,0,train
PUMP_01,2026-04-27 04:00:00,0.1612,48.7,35.49,55.68,3.935,0.1487,0.0172,32.83,True,Normal,0,train
PUMP_01,2026-04-27 05:00:00,0.1438,49.25,34.04,57.07,4.123,0.1534,0.0074,32.79,True,Normal,0,train
PUMP_01,2026-04-27 06:00:00,0.165,49.16,34.74,57.87,3.914,0.1548,0.0088,32.75,True,Normal,0,train
PUMP_01,2026-04-27 07:00:00,0.1776,49.72,33.67,57.14,4.143,0.1587,0.0128,32.71,True,Normal,0,train
PUMP_01,2026-04-27 08:00:00,0.1552,52.69,34.58,57.3,4.108,0.1604,0.0111,32.67,True,Normal,0,train
PUMP_01,2026-04-27 09:00:00,0.1441,52.93,32.53,61.07,4.119,0.1578,0.013,32.62,True,Normal,0,train
PUMP_01,2026-04-27 10:00:00,0.1523,51.25,33.75,57.7,4.055,0.1563,0.0131,32.58,True,Normal,0,train
PUMP_01,2026-04-27 11:00:00,0.1654,50.18,33.94,58.33,3.831,0.1599,0.0118,32.54,True,Normal,0,train
PUMP_01,2026-04-27 12:00:00,0.1316,47.96,34.28,58.29,3.917,0.1544,0.0161,32.5,True,Normal,0,train
PUMP_01,2026-04-27 13:00:00,0.1561,50.33,34.64,58.71,4.025,0.1508,0.0116,32.46,True,Normal,0,train
PUMP_01,2026-04-27 14:00:00,0.1348,48.81,33.34,57.43,3.946,0.1474,0.013,32.42,True,Normal,0,train
PUMP_01,2026-04-27 15:00:00,0.1466,52.45,34.4,59.5,3.975,0.1478,0.0129,32.38,True,Normal,0,train
PUMP_01,2026-04-27 16:00:00,0.1329,47.59,34.74,58.53,4.049,0.1446,0.0139,32.33,True,Normal,0,train
PUMP_01,2026-04-27 17:00:00,0.1318,50.58,35.41,56.46,3.986,0.139,0.0101,32.29,True,Normal,0,train
PUMP_01,2026-04-27 18:00:00,0.1628,48.69,34.42,57.87,3.902,0.1442,0.0131,32.25,True,Normal,0,train
PUMP_01,2026-04-27 19:00:00,0.1192,49.99,33.72,57.79,4.071,0.138,0.0149,32.21,True,Normal,0,train
PUMP_01,2026-04-27 20:00:00,0.1486,51.0,33.24,57.74,4.041,0.1403,0.0154,32.17,True,Normal,0,train
PUMP_01,2026-04-27 21:00:00,0.1689,51.53,35.1,58.61,3.98,0.144,0.0194,32.12,True,Normal,0,train
PUMP_01,2026-04-27 22:00:00,0.1553,49.91,34.44,58.76,4.057,0.1478,0.019,32.08,True,Normal,0,train
PUMP_01,2026-04-27 23:00:00,0.1274,51.14,33.99,58.62,4.008,0.147,0.0198,32.04,True,Normal,0,train
PUMP_01,2026-04-28 00:00:00,0.1308,49.01,33.03,58.41,4.107,0.1417,0.019,32.0,True,Normal,0,train
PUMP_01,2026-04-28 01:00:00,0.1413,50.37,33.44,58.1,4.012,0.1454,0.0156,31.96,True,Normal,0,train
PUMP_01,2026-04-28 02:00:00,0.1574,51.5,34.38,55.42,4.106,0.1468,0.0163,31.92,True,Normal,0,train
PUMP_01,2026-04-28 03:00:00,0.1605,50.5,34.21,58.93,3.85,0.1454,0.0143,31.88,True,Normal,0,train
PUMP_01,2026-04-28 04:00:00,0.1396,49.21,32.83,58.59,4.037,0.1428,0.0136,31.83,True,Normal,0,train
PUMP_01,2026-04-28 05:00:00,0.1466,49.58,34.38,56.82,3.968,0.146,0.0113,31.79,True,Normal,0,train
PUMP_01,2026-04-28 06:00:00,0.1478,51.52,33.06,58.34,3.931,0.1489,0.0085,31.75,True,Normal,0,train
PUMP_01,2026-04-28 07:00:00,0.1569,48.36,34.81,58.78,4.093,0.1515,0.0081,31.71,True,Normal,0,train
PUMP_01,2026-04-28 08:00:00,0.1884,48.58,34.13,59.41,4.071,0.1566,0.0173,31.67,True,Normal,0,train
PUMP_01,2026-04-28 09:00:00,0.1431,50.9,33.72,58.61,3.839,0.1537,0.0179,31.62,True,Normal,0,train
PUMP_01,2026-04-28 10:00:00,0.1403,49.34,34.59,58.39,4.057,0.1539,0.0178,31.58,True,Normal,0,train
PUMP_01,2026-04-28 11:00:00,0.1356,47.82,34.21,59.14,4.048,0.152,0.0192,31.54,True,Normal,0,train
PUMP_01,2026-04-28 12:00:00,0.1595,52.03,34.79,57.63,3.942,0.154,0.0193,31.5,True,Normal,0,train
PUMP_01,2026-04-28 13:00:00,0.1468,48.35,34.05,58.49,3.933,0.1523,0.0195,31.46,True,Normal,0,train
PUMP_01,2026-04-28 14:00:00,0.1316,49.7,34.08,57.25,3.873,0.1428,0.0098,31.42,True,Normal,0,train
PUMP_01,2026-04-28 15:00:00,0.1375,49.07,33.83,59.33,3.973,0.1419,0.01,31.38,True,Normal,0,train
PUMP_01,2026-04-28 16:00:00,0.1295,49.55,34.16,56.07,3.986,0.1401,0.0113,31.33,True,Normal,0,train
PUMP_01,2026-04-28 17:00:00,0.1448,48.67,35.02,58.98,4.064,0.1416,0.0111,31.29,True,Normal,0,train
PUMP_01,2026-04-28 18:00:00,0.1803,51.07,33.7,58.02,4.022,0.1451,0.0186,31.25,True,Normal,0,train
PUMP_01,2026-04-28 19:00:00,0.1486,50.17,34.39,59.16,3.915,0.1454,0.0186,31.21,True,Normal,0,train
PUMP_01,2026-04-28 20:00:00,0.1399,51.48,33.47,57.06,4.019,0.1468,0.0177,31.17,True,Normal,0,train
PUMP_01,2026-04-28 21:00:00,0.133,49.09,32.76,58.11,3.98,0.146,0.0182,31.12,True,Normal,0,train
PUMP_01,2026-04-28 22:00:00,0.1248,53.2,34.12,58.07,3.925,0.1452,0.0192,31.08,True,Normal,0,train
PUMP_01,2026-04-28 23:00:00,0.1584,47.14,34.22,58.52,3.873,0.1475,0.0199,31.04,True,Normal,0,train
PUMP_01,2026-04-29 00:00:00,0.1602,47.62,33.93,56.74,4.05,0.1442,0.0141,31.0,True,Normal,0,train
PUMP_01,2026-04-29 01:00:00,0.1456,52.63,33.1,58.76,4.036,0.1436,0.014,30.96,True,Normal,0,train
PUMP_01,2026-04-29 02:00:00,0.1732,50.71,34.18,55.78,4.045,0.1492,0.0182,30.92,True,Normal,0,train
PUMP_01,2026-04-29 03:00:00,0.1574,50.51,34.16,57.2,3.942,0.1533,0.0165,30.88,True,Normal,0,train
PUMP_01,2026-04-29 04:00:00,0.1703,50.65,33.47,56.12,4.014,0.1608,0.0099,30.83,True,Normal,0,train
PUMP_01,2026-04-29 05:00:00,0.1641,50.86,33.19,58.99,3.89,0.1618,0.0099,30.79,True,Normal,0,train
PUMP_01,2026-04-29 06:00:00,0.1573,50.45,33.85,58.48,3.921,0.1613,0.0101,30.75,True,Normal,0,train
PUMP_01,2026-04-29 07:00:00,0.1453,48.55,34.39,58.55,4.003,0.1613,0.0102,30.71,True,Normal,0,train
PUMP_01,2026-04-29 08:00:00,0.1565,51.23,34.25,59.77,4.021,0.1585,0.0084,30.67,True,Normal,0,train
PUMP_01,2026-04-29 09:00:00,0.1697,50.99,33.47,57.62,3.87,0.1605,0.0095,30.62,True,Normal,0,train
PUMP_01,2026-04-29 10:00:00,0.1474,52.14,34.08,58.73,3.915,0.1567,0.0094,30.58,True,Normal,0,train
PUMP_01,2026-04-29 11:00:00,0.1592,52.65,34.53,58.08,3.971,0.1559,0.0088,30.54,True,Normal,0,train
PUMP_01,2026-04-29 12:00:00,0.1338,50.5,33.3,57.9,4.077,0.152,0.0125,30.5,True,Normal,0,train
PUMP_01,2026-04-29 13:00:00,0.1591,48.16,34.04,59.57,3.935,0.1543,0.0123,30.46,True,Normal,0,train
PUMP_01,2026-04-29 14:00:00,0.1497,52.66,34.8,60.5,4.011,0.1531,0.0124,30.42,True,Normal,0,train
PUMP_01,2026-04-29 15:00:00,0.1249,48.47,33.24,57.48,4.02,0.1457,0.0138,30.38,True,Normal,0,train
PUMP_01,2026-04-29 16:00:00,0.138,50.51,34.69,59.0,3.98,0.1441,0.0141,30.33,True,Normal,0,train
PUMP_01,2026-04-29 17:00:00,0.1543,49.61,34.97,58.38,4.021,0.1433,0.0132,30.29,True,Normal,0,train
PUMP_01,2026-04-29 18:00:00,0.1211,49.35,33.87,58.4,3.892,0.1412,0.0158,30.25,True,Normal,0,train
PUMP_01,2026-04-29 19:00:00,0.1243,51.15,33.79,58.3,3.948,0.1354,0.0142,30.21,True,Normal,0,train
PUMP_01,2026-04-29 20:00:00,0.1403,50.37,34.62,57.6,4.115,0.1338,0.0127,30.17,True,Normal,0,train
PUMP_01,2026-04-29 21:00:00,0.1749,50.77,33.89,53.7,4.12,0.1422,0.02,30.12,True,Normal,0,train
PUMP_01,2026-04-29 22:00:00,0.1349,48.78,32.59,59.84,4.067,0.1416,0.0202,30.08,True,Normal,0,train
PUMP_01,2026-04-29 23:00:00,0.1548,49.74,33.94,57.17,4.088,0.1417,0.0202,30.04,True,Normal,0,train
PUMP_01,2026-04-30 00:00:00,0.1539,48.85,34.28,57.71,3.854,0.1472,0.0179,30.0,True,Normal,0,train
PUMP_01,2026-04-30 01:00:00,0.1437,49.7,34.44,57.74,3.924,0.1504,0.0143,29.96,True,Normal,0,train
PUMP_01,2026-04-30 02:00:00,0.1574,49.82,33.47,57.06,3.975,0.1533,0.0135,29.92,True,Normal,0,train
PUMP_01,2026-04-30 03:00:00,0.1504,52.77,33.84,58.29,4.193,0.1492,0.0084,29.88,True,Normal,0,train
PUMP_01,2026-04-30 04:00:00,0.1533,49.61,34.59,57.95,3.975,0.1522,0.0048,29.83,True,Normal,0,train
PUMP_01,2026-04-30 05:00:00,0.1347,46.81,33.96,57.14,4.06,0.1489,0.0083,29.79,True,Normal,0,train
PUMP_01,2026-04-30 06:00:00,0.1596,52.09,33.08,58.18,4.03,0.1498,0.0093,29.75,True,Normal,0,train
PUMP_01,2026-04-30 07:00:00,0.1731,50.67,34.74,57.96,4.028,0.1548,0.0126,29.71,True,Normal,0,train
PUMP_01,2026-04-30 08:00:00,0.1595,49.8,33.87,59.11,3.998,0.1551,0.0127,29.67,True,Normal,0,train
PUMP_01,2026-04-30 09:00:00,0.1734,49.34,34.65,56.39,3.904,0.1589,0.0144,29.62,True,Normal,0,train
PUMP_01,2026-04-30 10:00:00,0.1637,48.58,33.16,57.03,3.784,0.1607,0.0142,29.58,True,Normal,0,train
PUMP_01,2026-04-30 11:00:00,0.1517,52.91,33.93,58.87,4.103,0.1635,0.0085,29.54,True,Normal,0,train
PUMP_01,2026-04-30 12:00:00,0.1406,50.08,34.31,57.23,3.951,0.1603,0.0127,29.5,True,Normal,0,train
PUMP_01,2026-04-30 13:00:00,0.1401,47.39,33.95,56.92,3.851,0.1548,0.0132,29.46,True,Normal,0,train
PUMP_01,2026-04-30 14:00:00,0.1229,50.49,33.29,57.29,4.035,0.1487,0.0182,29.42,True,Normal,0,train
PUMP_01,2026-04-30 15:00:00,0.1389,51.81,32.57,57.88,4.034,0.143,0.0137,29.38,True,Normal,0,train
PUMP_01,2026-04-30 16:00:00,0.1435,50.23,34.91,57.88,4.061,0.1396,0.0094,29.33,True,Normal,0,train
PUMP_01,2026-04-30 17:00:00,0.1661,48.65,34.15,57.75,4.089,0.142,0.0139,29.29,True,Normal,0,train
PUMP_01,2026-04-30 18:00:00,0.1479,48.51,34.7,56.77,3.926,0.1432,0.014,29.25,True,Normal,0,train
PUMP_01,2026-04-30 19:00:00,0.1274,48.62,34.56,58.93,3.93,0.1411,0.0155,29.21,True,Normal,0,train
PUMP_01,2026-04-30 20:00:00,0.1197,52.28,34.36,59.59,3.975,0.1406,0.0163,29.17,True,Normal,0,train
PUMP_01,2026-04-30 21:00:00,0.1398,49.89,33.81,55.71,4.066,0.1407,0.0163,29.12,True,Normal,0,train
PUMP_01,2026-04-30 22:00:00,0.1572,47.48,34.29,56.14,3.832,0.143,0.0176,29.08,True,Normal,0,train
PUMP_01,2026-04-30 23:00:00,0.1441,50.58,34.86,59.2,4.01,0.1394,0.0137,29.04,True,Normal,0,train
PUMP_01,2026-05-01 00:00:00,0.1581,50.21,34.05,59.88,4.075,0.141,0.0155,29.0,True,Normal,0,train
PUMP_01,2026-05-01 01:00:00,0.1499,49.33,35.14,55.44,4.071,0.1448,0.0142,28.96,True,Normal,0,train
PUMP_01,2026-05-01 02:00:00,0.1658,48.47,33.1,58.98,4.057,0.1525,0.0097,28.92,True,Normal,0,train
PUMP_01,2026-05-01 03:00:00,0.1331,48.4,33.04,59.97,4.085,0.1514,0.0116,28.88,True,Normal,0,train
PUMP_01,2026-05-01 04:00:00,0.1827,51.63,34.59,56.97,3.78,0.1556,0.0174,28.83,True,Normal,0,train
PUMP_01,2026-05-01 05:00:00,0.143,50.37,33.51,59.9,4.129,0.1554,0.0176,28.79,True,Normal,0,train
PUMP_01,2026-05-01 06:00:00,0.1719,50.72,35.23,57.79,4.026,0.1577,0.0188,28.75,True,Normal,0,train
PUMP_01,2026-05-01 07:00:00,0.1556,50.37,34.8,58.38,4.107,0.1587,0.0185,28.71,True,Normal,0,train
PUMP_01,2026-05-01 08:00:00,0.1569,50.49,34.95,57.14,3.906,0.1572,0.0182,28.67,True,Normal,0,train
PUMP_01,2026-05-01 09:00:00,0.1535,49.3,34.53,59.2,3.86,0.1606,0.0142,28.62,True,Normal,0,train
PUMP_01,2026-05-01 10:00:00,0.1588,49.69,33.45,59.0,4.143,0.1566,0.0093,28.58,True,Normal,0,train
PUMP_01,2026-05-01 11:00:00,0.1595,51.75,33.0,60.07,3.926,0.1594,0.0065,28.54,True,Normal,0,train
PUMP_01,2026-05-01 12:00:00,0.1659,52.12,34.9,59.73,3.975,0.1584,0.0043,28.5,True,Normal,0,train
PUMP_01,2026-05-01 13:00:00,0.1685,48.17,33.1,57.99,4.042,0.1605,0.0056,28.46,True,Normal,0,train
PUMP_01,2026-05-01 14:00:00,0.15,49.69,34.95,61.73,4.062,0.1594,0.0071,28.42,True,Normal,0,train
PUMP_01,2026-05-01 15:00:00,0.1686,51.26,34.4,59.62,4.086,0.1619,0.0072,28.38,True,Normal,0,train
PUMP_01,2026-05-01 16:00:00,0.1427,52.82,33.95,58.65,4.018,0.1592,0.0107,28.33,True,Normal,0,train
PUMP_01,2026-05-01 17:00:00,0.1565,52.67,34.27,56.8,3.916,0.1587,0.0108,28.29,True,Normal,0,train
PUMP_01,2026-05-01 18:00:00,0.1464,48.81,34.28,56.16,4.057,0.1554,0.0111,28.25,True,Normal,0,train
PUMP_01,2026-05-01 19:00:00,0.1321,51.91,33.88,56.27,4.058,0.1494,0.0124,28.21,True,Normal,0,train
PUMP_01,2026-05-01 20:00:00,0.1441,50.09,34.86,56.88,3.855,0.1484,0.0126,28.17,True,Normal,0,train
PUMP_01,2026-05-01 21:00:00,0.1505,51.57,34.83,59.65,4.113,0.1454,0.0082,28.12,True,Normal,0,train
PUMP_01,2026-05-01 22:00:00,0.1445,51.18,34.09,58.58,3.801,0.1457,0.0081,28.08,True,Normal,0,train
PUMP_01,2026-05-01 23:00:00,0.1536,48.1,33.64,57.26,4.083,0.1452,0.0074,28.04,True,Normal,0,train
PUMP_01,2026-05-02 00:00:00,0.163,50.82,34.78,57.84,3.949,0.148,0.0104,28.0,True,Normal,0,train
PUMP_01,2026-05-02 01:00:00,0.1522,51.51,32.79,57.69,4.056,0.1513,0.007,27.96,True,Normal,0,train
PUMP_01,2026-05-02 02:00:00,0.1108,49.97,34.27,58.96,4.041,0.1458,0.0181,27.92,True,Normal,0,train
PUMP_01,2026-05-02 03:00:00,0.1822,49.63,34.44,56.95,3.997,0.151,0.0236,27.88,True,Normal,0,train
PUMP_01,2026-05-02 04:00:00,0.1542,47.64,33.5,58.42,4.036,0.1527,0.0234,27.83,True,Normal,0,train
PUMP_01,2026-05-02 05:00:00,0.1473,51.03,34.58,58.36,3.993,0.1516,0.0235,27.79,True,Normal,0,train
PUMP_01,2026-05-02 06:00:00,0.1431,50.31,33.98,56.98,4.057,0.1483,0.023,27.75,True,Normal,0,train
PUMP_01,2026-05-02 07:00:00,0.1546,48.62,33.67,59.91,4.175,0.1487,0.0231,27.71,True,Normal,0,train
PUMP_01,2026-05-02 08:00:00,0.1502,49.51,34.58,57.65,3.893,0.1553,0.0139,27.67,True,Normal,0,train
PUMP_01,2026-05-02 09:00:00,0.146,50.23,33.35,56.81,3.745,0.1492,0.0046,27.62,True,Normal,0,train
PUMP_01,2026-05-02 10:00:00,0.1448,49.16,34.52,59.02,3.967,0.1477,0.0042,27.58,True,Normal,0,train
PUMP_01,2026-05-02 11:00:00,0.1605,50.0,32.81,58.07,3.961,0.1499,0.0067,27.54,True,Normal,0,train
PUMP_01,2026-05-02 12:00:00,0.1805,47.38,34.17,58.49,3.97,0.1561,0.0133,27.5,True,Normal,0,train
PUMP_01,2026-05-02 13:00:00,0.1597,52.02,34.03,56.58,3.926,0.157,0.0133,27.46,True,Normal,0,train
PUMP_01,2026-05-02 14:00:00,0.1618,50.02,33.68,58.97,4.07,0.1589,0.013,27.42,True,Normal,0,train
PUMP_01,2026-05-02 15:00:00,0.1373,48.35,34.23,60.61,3.889,0.1574,0.015,27.38,True,Normal,0,train
PUMP_01,2026-05-02 16:00:00,0.1429,46.31,33.95,56.48,4.036,0.1571,0.0154,27.33,True,Normal,0,train
PUMP_01,2026-05-02 17:00:00,0.1467,51.54,34.63,58.43,4.051,0.1548,0.0158,27.29,True,Normal,0,train
PUMP_01,2026-05-02 18:00:00,0.1301,50.84,34.34,57.06,4.025,0.1464,0.0124,27.25,True,Normal,0,train
PUMP_01,2026-05-02 19:00:00,0.134,50.32,34.27,61.23,4.039,0.1421,0.0113,27.21,True,Normal,0,train
PUMP_01,2026-05-02 20:00:00,0.1542,51.3,34.18,59.49,4.076,0.1409,0.0089,27.17,True,Normal,0,train
PUMP_01,2026-05-02 21:00:00,0.1593,51.29,33.72,58.34,4.004,0.1445,0.0113,27.12,True,Normal,0,train
PUMP_01,2026-05-02 22:00:00,0.146,50.29,33.82,56.53,3.972,0.145,0.0113,27.08,True,Normal,0,train
PUMP_01,2026-05-02 23:00:00,0.1295,49.62,34.15,56.82,4.039,0.1422,0.0129,27.04,True,Normal,0,train
PUMP_01,2026-05-03 00:00:00,0.1456,49.37,33.9,58.9,4.048,0.1448,0.0114,27.0,True,Normal,0,val
PUMP_01,2026-05-03 01:00:00,0.131,50.63,34.67,56.37,4.071,0.1443,0.012,26.96,True,Normal,0,val
PUMP_01,2026-05-03 02:00:00,0.1561,52.1,34.06,56.4,3.863,0.1446,0.0124,26.92,True,Normal,0,val
PUMP_01,2026-05-03 03:00:00,0.1609,49.85,34.23,58.01,3.985,0.1448,0.0128,26.88,True,Normal,0,val
PUMP_01,2026-05-03 04:00:00,0.1546,52.21,33.16,58.16,3.915,0.1463,0.0134,26.83,True,Normal,0,val
PUMP_01,2026-05-03 05:00:00,0.1633,50.56,34.57,58.46,4.045,0.1519,0.0119,26.79,True,Normal,0,val
PUMP_01,2026-05-03 06:00:00,0.1663,50.57,33.65,57.47,4.058,0.1554,0.0127,26.75,True,Normal,0,val
PUMP_01,2026-05-03 07:00:00,0.1635,53.61,33.37,59.1,3.978,0.1608,0.0046,26.71,True,Normal,0,val
PUMP_01,2026-05-03 08:00:00,0.1406,52.48,34.99,56.97,3.942,0.1582,0.0095,26.67,True,Normal,0,val
PUMP_01,2026-05-03 09:00:00,0.1533,52.52,34.42,58.75,4.048,0.1569,0.0096,26.62,True,Normal,0,val
PUMP_01,2026-05-03 10:00:00,0.1611,48.8,34.59,58.26,3.989,0.158,0.0096,26.58,True,Normal,0,val
PUMP_01,2026-05-03 11:00:00,0.1763,53.29,34.27,58.72,4.114,0.1602,0.0122,26.54,True,Normal,0,val
PUMP_01,2026-05-03 12:00:00,0.1459,49.88,33.94,59.42,4.142,0.1568,0.0129,26.5,True,Normal,0,val
PUMP_01,2026-05-03 13:00:00,0.1557,49.66,33.83,57.45,4.08,0.1555,0.0125,26.46,True,Normal,0,val
PUMP_01,2026-05-03 14:00:00,0.1582,46.76,34.47,57.21,4.019,0.1584,0.0102,26.42,True,Normal,0,val
PUMP_01,2026-05-03 15:00:00,0.14,50.49,34.68,55.97,4.146,0.1562,0.0127,26.38,True,Normal,0,val
PUMP_01,2026-05-03 16:00:00,0.1586,48.37,33.96,55.58,4.019,0.1558,0.0125,26.33,True,Normal,0,val
PUMP_01,2026-05-03 17:00:00,0.1584,50.61,35.24,57.79,3.962,0.1528,0.0079,26.29,True,Normal,0,val
PUMP_01,2026-05-03 18:00:00,0.1607,48.26,33.88,57.87,3.946,0.1553,0.0076,26.25,True,Normal,0,val
PUMP_01,2026-05-03 19:00:00,0.1472,52.7,33.16,56.7,3.944,0.1539,0.0083,26.21,True,Normal,0,val
PUMP_01,2026-05-03 20:00:00,0.1767,50.83,32.97,56.95,3.999,0.1569,0.0126,26.17,True,Normal,0,val
PUMP_01,2026-05-03 21:00:00,0.1337,53.42,32.99,59.83,4.037,0.1559,0.0144,26.12,True,Normal,0,val
PUMP_01,2026-05-03 22:00:00,0.1769,48.47,33.75,59.05,3.887,0.1589,0.0168,26.08,True,Normal,0,val
PUMP_01,2026-05-03 23:00:00,0.1589,52.32,33.86,56.49,3.964,0.159,0.0168,26.04,True,Normal,0,val
PUMP_01,2026-05-04 00:00:00,0.1701,47.3,34.41,57.47,4.017,0.1606,0.0174,26.0,True,Normal,0,val
PUMP_01,2026-05-04 01:00:00,0.1478,50.31,33.98,58.49,4.051,0.1607,0.0174,25.96,True,Normal,0,val
PUMP_01,2026-05-04 02:00:00,0.1677,49.05,34.51,57.25,3.998,0.1592,0.016,25.92,True,Normal,0,val
PUMP_01,2026-05-04 03:00:00,0.1785,49.33,34.03,57.03,4.02,0.1666,0.0116,25.88,True,Normal,0,val
PUMP_01,2026-05-04 04:00:00,0.1423,49.23,34.01,57.59,3.901,0.1609,0.0139,25.83,True,Normal,0,val
PUMP_01,2026-05-04 05:00:00,0.1572,48.63,33.65,59.31,3.927,0.1606,0.0139,25.79,True,Normal,0,val
PUMP_01,2026-05-04 06:00:00,0.1279,48.11,34.85,59.42,3.995,0.1536,0.0182,25.75,True,Normal,0,val
PUMP_01,2026-05-04 07:00:00,0.157,49.34,33.08,57.12,4.041,0.1551,0.018,25.71,True,Normal,0,val
PUMP_01,2026-05-04 08:00:00,0.1464,50.17,34.18,58.55,4.019,0.1516,0.0171,25.67,True,Normal,0,val
PUMP_01,2026-05-04 09:00:00,0.1538,51.75,33.89,57.99,3.932,0.1474,0.0113,25.62,True,Normal,0,val
PUMP_01,2026-05-04 10:00:00,0.1989,50.44,34.47,56.79,3.981,0.1569,0.0233,25.58,True,Normal,0,val
PUMP_01,2026-05-04 11:00:00,0.1784,51.75,33.99,57.64,4.121,0.1604,0.025,25.54,True,Normal,0,val
PUMP_01,2026-05-04 12:00:00,0.1284,47.78,34.01,56.48,4.044,0.1605,0.0248,25.5,True,Normal,0,val
PUMP_01,2026-05-04 13:00:00,0.1557,49.35,33.84,59.4,3.987,0.1603,0.0249,25.46,True,Normal,0,val
PUMP_01,2026-05-04 14:00:00,0.157,51.07,34.84,59.86,3.918,0.162,0.024,25.42,True,Normal,0,val
PUMP_01,2026-05-04 15:00:00,0.1379,50.51,34.0,57.51,3.943,0.1594,0.0259,25.38,True,Normal,0,val
PUMP_01,2026-05-04 16:00:00,0.144,48.71,35.18,57.22,4.001,0.1502,0.0175,25.33,True,Normal,0,val
PUMP_01,2026-05-04 17:00:00,0.1445,51.4,34.16,59.27,4.022,0.1446,0.0108,25.29,True,Normal,0,val
PUMP_01,2026-05-04 18:00:00,0.1198,49.2,34.01,59.46,4.045,0.1431,0.0136,25.25,True,Normal,0,val
PUMP_01,2026-05-04 19:00:00,0.1249,48.83,33.91,56.66,4.031,0.138,0.0137,25.21,True,Normal,0,val
PUMP_01,2026-05-04 20:00:00,0.1439,50.73,34.34,57.82,3.97,0.1358,0.0108,25.17,True,Normal,0,val
PUMP_01,2026-05-04 21:00:00,0.1444,50.01,33.65,57.93,3.959,0.1369,0.0114,25.12,True,Normal,0,val
PUMP_01,2026-05-04 22:00:00,0.1344,49.22,34.09,57.08,4.164,0.1353,0.0109,25.08,True,Normal,0,val
PUMP_01,2026-05-04 23:00:00,0.1355,49.16,34.0,58.46,3.955,0.1338,0.0099,25.04,True,Normal,0,val
PUMP_01,2026-05-05 00:00:00,0.1487,48.4,34.2,57.16,3.897,0.1386,0.0087,25.0,True,Normal,0,val
PUMP_01,2026-05-05 01:00:00,0.1659,49.41,34.21,57.35,3.869,0.1455,0.0114,24.96,True,Normal,0,val
PUMP_01,2026-05-05 02:00:00,0.1539,51.65,34.24,57.88,3.972,0.1471,0.0119,24.92,True,Normal,0,val
PUMP_01,2026-05-05 03:00:00,0.1814,50.37,34.06,56.21,4.075,0.1533,0.0181,24.88,True,Normal,0,val
PUMP_01,2026-05-05 04:00:00,0.1482,51.44,34.94,55.53,3.954,0.1556,0.016,24.83,True,Normal,0,val
PUMP_01,2026-05-05 05:00:00,0.1626,50.77,34.25,59.1,4.118,0.1601,0.0127,24.79,True,Normal,0,val
PUMP_01,2026-05-05 06:00:00,0.1547,49.08,35.56,57.11,3.999,0.1611,0.0118,24.75,True,Normal,0,val
PUMP_01,2026-05-05 07:00:00,0.1685,47.53,34.03,60.56,4.089,0.1616,0.0121,24.71,True,Normal,0,val
PUMP_01,2026-05-05 08:00:00,0.1469,48.61,34.58,60.37,3.939,0.1604,0.0132,24.67,True,Normal,0,val
PUMP_01,2026-05-05 09:00:00,0.186,48.99,33.56,57.39,3.941,0.1611,0.0147,24.62,True,Normal,0,val
PUMP_01,2026-05-05 10:00:00,0.1296,48.88,34.84,60.81,4.007,0.158,0.0193,24.58,True,Normal,0,val
PUMP_01,2026-05-05 11:00:00,0.1783,51.47,33.58,59.13,4.039,0.1607,0.021,24.54,True,Normal,0,val
PUMP_01,2026-05-05 12:00:00,0.1513,51.46,34.27,57.23,3.986,0.1601,0.0212,24.5,True,Normal,0,val
PUMP_01,2026-05-05 13:00:00,0.1557,53.32,33.84,54.9,4.023,0.158,0.0209,24.46,True,Normal,0,val
PUMP_01,2026-05-05 14:00:00,0.165,48.85,34.27,58.83,4.047,0.161,0.0202,24.42,True,Normal,0,val
PUMP_01,2026-05-05 15:00:00,0.1558,52.4,33.86,58.04,3.886,0.156,0.0161,24.38,True,Normal,0,val
PUMP_01,2026-05-05 16:00:00,0.1304,52.39,33.53,58.52,3.973,0.1561,0.0158,24.33,True,Normal,0,val
PUMP_01,2026-05-05 17:00:00,0.1493,49.65,33.84,57.73,3.959,0.1512,0.0116,24.29,True,Normal,0,val
PUMP_01,2026-05-05 18:00:00,0.168,50.71,34.92,56.63,3.962,0.154,0.0134,24.25,True,Normal,0,val
PUMP_01,2026-05-05 19:00:00,0.127,51.86,34.28,57.49,4.033,0.1492,0.0173,24.21,True,Normal,0,val
PUMP_01,2026-05-05 20:00:00,0.1731,49.91,33.23,58.85,3.96,0.1506,0.019,24.17,True,Normal,0,val
PUMP_01,2026-05-05 21:00:00,0.1487,49.8,34.66,57.57,3.84,0.1494,0.0188,24.12,True,Normal,0,val
PUMP_01,2026-05-05 22:00:00,0.1385,49.06,33.47,57.57,3.981,0.1508,0.0174,24.08,True,Normal,0,val
PUMP_01,2026-05-05 23:00:00,0.134,46.46,34.45,56.18,3.915,0.1482,0.0187,24.04,True,Normal,0,val
PUMP_01,2026-05-06 00:00:00,0.1467,50.11,34.33,58.11,4.04,0.1447,0.0161,24.0,True,Normal,0,val
PUMP_01,2026-05-06 01:00:00,0.1233,48.94,34.37,56.67,4.064,0.144,0.0169,23.96,True,Normal,0,val
PUMP_01,2026-05-06 02:00:00,0.1488,48.39,35.11,59.1,3.826,0.14,0.0102,23.92,True,Normal,0,val
PUMP_01,2026-05-06 03:00:00,0.1531,50.63,33.5,57.12,3.938,0.1407,0.011,23.88,True,Normal,0,val
PUMP_01,2026-05-06 04:00:00,0.1425,47.82,34.37,57.65,4.028,0.1414,0.011,23.83,True,Normal,0,val
PUMP_01,2026-05-06 05:00:00,0.1709,51.21,34.76,60.6,3.887,0.1475,0.0154,23.79,True,Normal,0,val
PUMP_01,2026-05-06 06:00:00,0.1567,50.73,33.61,57.63,4.063,0.1492,0.0159,23.75,True,Normal,0,val
PUMP_01,2026-05-06 07:00:00,0.1501,49.4,33.55,57.47,4.084,0.1537,0.0097,23.71,True,Normal,0,val
PUMP_01,2026-05-06 08:00:00,0.1538,49.91,33.83,58.7,3.987,0.1545,0.0094,23.67,True,Normal,0,val
PUMP_01,2026-05-06 09:00:00,0.1624,48.21,34.19,55.86,3.938,0.1561,0.0099,23.62,True,Normal,0,val
PUMP_01,2026-05-06 10:00:00,0.1561,51.13,33.15,59.5,3.815,0.1583,0.0074,23.58,True,Normal,0,val
PUMP_01,2026-05-06 11:00:00,0.1421,50.28,34.33,59.19,4.065,0.1535,0.0069,23.54,True,Normal,0,val
PUMP_01,2026-05-06 12:00:00,0.1519,50.39,33.15,58.63,4.16,0.1527,0.0067,23.5,True,Normal,0,val
PUMP_01,2026-05-06 13:00:00,0.1467,50.75,34.78,53.95,4.144,0.1522,0.0071,23.46,True,Normal,0,val
PUMP_01,2026-05-06 14:00:00,0.1279,49.04,34.31,57.69,3.984,0.1478,0.0121,23.42,True,Normal,0,val
PUMP_01,2026-05-06 15:00:00,0.1386,47.72,35.15,56.47,3.913,0.1439,0.0101,23.38,True,Normal,0,val
PUMP_01,2026-05-06 16:00:00,0.15,51.44,34.4,59.35,4.067,0.1429,0.0088,23.33,True,Normal,0,val
PUMP_01,2026-05-06 17:00:00,0.1489,51.03,33.82,59.26,3.99,0.144,0.0091,23.29,True,Normal,0,val
PUMP_01,2026-05-06 18:00:00,0.1366,49.2,33.52,58.47,4.038,0.1414,0.0086,23.25,True,Normal,0,val
PUMP_01,2026-05-06 19:00:00,0.1505,50.61,34.14,56.56,4.024,0.1421,0.0092,23.21,True,Normal,0,val
PUMP_01,2026-05-06 20:00:00,0.1266,51.89,33.98,59.79,4.007,0.1419,0.0096,23.17,True,Normal,0,val
PUMP_01,2026-05-06 21:00:00,0.1287,51.71,34.71,57.69,4.082,0.1402,0.011,23.12,True,Normal,0,val
PUMP_01,2026-05-06 22:00:00,0.1412,49.15,33.44,60.17,4.085,0.1388,0.01,23.08,True,Normal,0,val
PUMP_01,2026-05-06 23:00:00,0.1699,47.77,35.21,58.32,3.958,0.1422,0.0161,23.04,True,Normal,0,val
PUMP_01,2026-05-07 00:00:00,0.1524,48.02,34.76,58.61,3.926,0.1449,0.0163,23.0,True,Normal,0,val
PUMP_01,2026-05-07 01:00:00,0.1485,49.53,33.88,57.45,3.8,0.1445,0.0162,22.96,True,Normal,0,val
PUMP_01,2026-05-07 02:00:00,0.1782,52.19,35.08,59.69,3.972,0.1532,0.0183,22.92,True,Normal,0,val
PUMP_01,2026-05-07 03:00:00,0.1528,48.91,33.53,58.73,3.913,0.1572,0.014,22.88,True,Normal,0,val
PUMP_01,2026-05-07 04:00:00,0.1922,49.11,34.12,59.73,4.034,0.1657,0.0174,22.83,True,Normal,0,val
PUMP_01,2026-05-07 05:00:00,0.152,49.07,33.23,58.21,3.973,0.1627,0.0181,22.79,True,Normal,0,val
PUMP_01,2026-05-07 06:00:00,0.1448,49.2,35.11,57.94,3.982,0.1614,0.0192,22.75,True,Normal,0,val
PUMP_01,2026-05-07 07:00:00,0.1572,49.98,33.01,58.71,4.065,0.1629,0.0183,22.71,True,Normal,0,val
PUMP_01,2026-05-07 08:00:00,0.1549,48.08,33.14,59.73,4.032,0.159,0.0168,22.67,True,Normal,0,val
PUMP_01,2026-05-07 09:00:00,0.145,51.63,33.62,59.22,3.991,0.1577,0.0177,22.62,True,Normal,0,val
PUMP_01,2026-05-07 10:00:00,0.194,49.78,34.79,58.17,4.135,0.158,0.0184,22.58,True,Normal,0,val
PUMP_01,2026-05-07 11:00:00,0.1574,53.72,34.57,55.77,4.059,0.1589,0.0181,22.54,True,Normal,0,val
PUMP_01,2026-05-07 12:00:00,0.157,48.24,34.07,58.97,3.967,0.1609,0.0169,22.5,True,Normal,0,val
PUMP_01,2026-05-07 13:00:00,0.1405,52.38,34.61,56.27,3.97,0.1581,0.0189,22.46,True,Normal,0,val
PUMP_01,2026-05-07 14:00:00,0.1363,52.09,33.93,58.04,4.063,0.155,0.0209,22.42,True,Normal,0,val
PUMP_01,2026-05-07 15:00:00,0.1583,49.38,34.25,57.86,4.016,0.1572,0.0204,22.38,True,Normal,0,val
PUMP_01,2026-05-07 16:00:00,0.1162,49.41,34.99,56.3,3.91,0.1443,0.0167,22.33,True,Normal,0,val
PUMP_01,2026-05-07 17:00:00,0.1232,48.62,33.85,58.45,4.072,0.1386,0.0172,22.29,True,Normal,0,val
PUMP_01,2026-05-07 18:00:00,0.1363,48.64,33.54,60.59,4.101,0.1351,0.0146,22.25,True,Normal,0,val
PUMP_01,2026-05-07 19:00:00,0.1606,50.0,34.28,57.62,4.095,0.1385,0.018,22.21,True,Normal,0,val
PUMP_01,2026-05-07 20:00:00,0.1357,50.03,34.44,58.92,4.123,0.1384,0.018,22.17,True,Normal,0,val
PUMP_01,2026-05-07 21:00:00,0.1492,47.6,34.07,60.83,4.166,0.1369,0.0163,22.12,True,Normal,0,val
PUMP_01,2026-05-07 22:00:00,0.1454,53.44,34.6,59.04,4.138,0.1417,0.0129,22.08,True,Normal,0,val
PUMP_01,2026-05-07 23:00:00,0.1669,49.61,33.88,57.23,4.027,0.149,0.0127,22.04,True,Normal,0,val
PUMP_01,2026-05-08 00:00:00,0.1262,50.1,34.08,58.28,3.983,0.1473,0.0152,22.0,True,Normal,0,val
PUMP_01,2026-05-08 01:00:00,0.1636,49.06,34.22,58.58,3.854,0.1478,0.0157,21.96,True,Normal,0,val
PUMP_01,2026-05-08 02:00:00,0.152,49.6,34.17,59.72,4.001,0.1506,0.0146,21.92,True,Normal,0,val
PUMP_01,2026-05-08 03:00:00,0.1709,49.46,34.97,59.46,4.042,0.1542,0.0167,21.88,True,Normal,0,val
PUMP_01,2026-05-08 04:00:00,0.1464,50.0,34.22,54.68,4.003,0.1543,0.0166,21.83,True,Normal,0,val
PUMP_01,2026-05-08 05:00:00,0.16,49.98,33.82,56.97,3.849,0.1532,0.0158,21.79,True,Normal,0,val
PUMP_01,2026-05-08 06:00:00,0.1585,51.21,34.32,57.92,3.977,0.1586,0.0086,21.75,True,Normal,0,val
PUMP_01,2026-05-08 07:00:00,0.1446,50.34,34.61,56.78,4.052,0.1554,0.0098,21.71,True,Normal,0,val
PUMP_01,2026-05-08 08:00:00,0.1395,51.06,34.46,53.56,3.918,0.1533,0.0118,21.67,True,Normal,0,val
PUMP_01,2026-05-08 09:00:00,0.1484,49.99,34.43,57.13,4.013,0.1496,0.0081,21.62,True,Normal,0,val
PUMP_01,2026-05-08 10:00:00,0.1569,50.35,33.1,58.0,4.035,0.1513,0.0084,21.58,True,Normal,0,val
PUMP_01,2026-05-08 11:00:00,0.1412,49.64,32.5,57.37,4.089,0.1482,0.008,21.54,True,Normal,0,val
PUMP_01,2026-05-08 12:00:00,0.145,51.5,34.77,56.8,4.137,0.1459,0.0062,21.5,True,Normal,0,val
PUMP_01,2026-05-08 13:00:00,0.1191,50.48,34.26,58.05,3.97,0.1417,0.0127,21.46,True,Normal,0,val
PUMP_01,2026-05-08 14:00:00,0.1394,49.76,33.99,58.41,4.015,0.1417,0.0127,21.42,True,Normal,0,val
PUMP_01,2026-05-08 15:00:00,0.1583,49.72,34.42,57.44,4.017,0.1433,0.0143,21.38,True,Normal,0,val
PUMP_01,2026-05-08 16:00:00,0.1519,49.84,35.16,59.65,4.052,0.1425,0.0134,21.33,True,Normal,0,val
PUMP_01,2026-05-08 17:00:00,0.139,50.05,34.85,58.07,4.043,0.1421,0.0135,21.29,True,Normal,0,val
PUMP_01,2026-05-08 18:00:00,0.1437,49.92,34.58,56.95,4.114,0.1419,0.0135,21.25,True,Normal,0,val
PUMP_01,2026-05-08 19:00:00,0.1279,49.16,33.47,56.65,3.813,0.1434,0.0107,21.21,True,Normal,0,val
PUMP_01,2026-05-08 20:00:00,0.1657,51.15,33.55,57.74,4.033,0.1478,0.0137,21.17,True,Normal,0,val
PUMP_01,2026-05-08 21:00:00,0.1739,51.24,32.57,59.34,4.039,0.1503,0.0171,21.12,True,Normal,0,val
PUMP_01,2026-05-08 22:00:00,0.1475,52.68,34.38,57.01,3.981,0.1496,0.0172,21.08,True,Normal,0,val
PUMP_01,2026-05-08 23:00:00,0.1863,49.09,34.67,58.72,3.819,0.1575,0.0216,21.04,True,Normal,0,val
PUMP_01,2026-05-09 00:00:00,0.1398,51.0,34.71,58.11,3.995,0.1568,0.0221,21.0,True,Normal,0,val
PUMP_01,2026-05-09 01:00:00,0.1338,47.14,34.41,60.39,3.943,0.1578,0.0207,20.96,True,Normal,0,val
PUMP_01,2026-05-09 02:00:00,0.1444,51.24,33.91,58.47,4.134,0.1543,0.0209,20.92,True,Normal,0,val
PUMP_01,2026-05-09 03:00:00,0.1538,47.82,33.66,57.16,4.03,0.1509,0.0186,20.88,True,Normal,0,val
PUMP_01,2026-05-09 04:00:00,0.1933,48.52,33.5,58.88,3.936,0.1586,0.0252,20.83,True,Normal,0,val
PUMP_01,2026-05-09 05:00:00,0.1554,50.5,33.9,58.92,3.836,0.1534,0.0212,20.79,True,Normal,0,val
PUMP_01,2026-05-09 06:00:00,0.1471,49.07,33.41,57.52,4.047,0.1546,0.0205,20.75,True,Normal,0,val
PUMP_01,2026-05-09 07:00:00,0.1462,48.86,35.05,56.6,4.056,0.1567,0.0185,20.71,True,Normal,0,val
PUMP_01,2026-05-09 08:00:00,0.1758,49.27,33.22,58.64,3.983,0.1619,0.0187,20.67,True,Normal,0,val
PUMP_01,2026-05-09 09:00:00,0.172,51.09,33.88,58.08,4.048,0.165,0.0186,20.62,True,Normal,0,val
PUMP_01,2026-05-09 10:00:00,0.1477,48.6,32.84,56.18,3.972,0.1574,0.0133,20.58,True,Normal,0,val
PUMP_01,2026-05-09 11:00:00,0.1245,49.92,34.18,58.31,4.085,0.1522,0.019,20.54,True,Normal,0,val
PUMP_01,2026-05-09 12:00:00,0.1331,49.43,34.0,57.24,4.079,0.1499,0.0205,20.5,True,Normal,0,val
PUMP_01,2026-05-09 13:00:00,0.1732,51.23,33.79,56.18,3.869,0.1544,0.0224,20.46,True,Normal,0,val
PUMP_01,2026-05-09 14:00:00,0.1553,51.27,33.44,57.58,3.888,0.151,0.0199,20.42,True,Normal,0,val
PUMP_01,2026-05-09 15:00:00,0.1439,47.25,34.0,59.54,4.163,0.1463,0.0171,20.38,True,Normal,0,val
PUMP_01,2026-05-09 16:00:00,0.1694,51.57,33.67,59.45,4.075,0.1499,0.0196,20.33,True,Normal,0,val
PUMP_01,2026-05-09 17:00:00,0.1697,49.08,33.92,59.14,3.899,0.1574,0.0163,20.29,True,Normal,0,val
PUMP_01,2026-05-09 18:00:00,0.1395,50.35,35.17,58.32,3.874,0.1585,0.0145,20.25,True,Normal,0,val
PUMP_01,2026-05-09 19:00:00,0.1401,48.59,34.1,58.71,4.017,0.153,0.014,20.21,True,Normal,0,val
PUMP_01,2026-05-09 20:00:00,0.1326,50.56,34.32,58.12,3.909,0.1492,0.0162,20.17,True,Normal,0,val
PUMP_01,2026-05-09 21:00:00,0.1387,53.83,33.72,56.67,3.975,0.1483,0.0167,20.12,True,Normal,0,val
PUMP_01,2026-05-09 22:00:00,0.1227,50.19,33.53,56.91,3.996,0.1406,0.0157,20.08,True,Normal,0,val
PUMP_01,2026-05-09 23:00:00,0.1251,49.31,33.99,57.27,3.993,0.1331,0.0077,20.04,True,Normal,0,val
PUMP_01,2026-05-10 00:00:00,0.1242,49.65,35.5,59.68,4.09,0.1306,0.0077,20.0,True,Normal,0,val
PUMP_01,2026-05-10 01:00:00,0.1689,47.8,33.83,59.29,4.147,0.1354,0.0175,19.96,True,Normal,0,val
PUMP_01,2026-05-10 02:00:00,0.1316,52.17,34.22,56.7,3.962,0.1352,0.0176,19.92,True,Normal,0,val
PUMP_01,2026-05-10 03:00:00,0.1863,50.47,33.5,58.06,3.91,0.1431,0.0274,19.88,True,Normal,0,val
PUMP_01,2026-05-10 04:00:00,0.1477,48.43,32.35,57.52,4.031,0.1473,0.0255,19.83,True,Normal,0,val
PUMP_01,2026-05-10 05:00:00,0.1857,48.48,33.53,57.81,4.131,0.1574,0.0269,19.79,True,Normal,0,val
PUMP_01,2026-05-10 06:00:00,0.1545,50.02,35.43,57.36,3.968,0.1624,0.0218,19.75,True,Normal,0,val
PUMP_01,2026-05-10 07:00:00,0.1362,51.4,34.36,59.69,4.068,0.157,0.0239,19.71,True,Normal,0,val
PUMP_01,2026-05-10 08:00:00,0.1779,48.27,34.98,57.98,3.933,0.1647,0.0214,19.67,True,Normal,0,val
PUMP_01,2026-05-10 09:00:00,0.1781,51.67,33.79,58.26,4.002,0.1634,0.0199,19.62,True,Normal,0,val
PUMP_01,2026-05-10 10:00:00,0.1414,49.86,32.59,58.27,3.907,0.1623,0.0211,19.58,True,Normal,0,val
PUMP_01,2026-05-10 11:00:00,0.1476,48.6,33.33,56.77,4.001,0.156,0.0181,19.54,True,Normal,0,val
PUMP_01,2026-05-10 12:00:00,0.1364,49.3,34.24,58.13,3.991,0.1529,0.0199,19.5,True,Normal,0,val
PUMP_01,2026-05-10 13:00:00,0.1456,52.62,34.14,59.27,4.049,0.1545,0.0186,19.46,True,Normal,0,val
PUMP_01,2026-05-10 14:00:00,0.1466,47.92,33.99,59.77,4.142,0.1493,0.0147,19.42,True,Normal,0,val
PUMP_01,2026-05-10 15:00:00,0.1377,48.9,33.68,56.62,3.969,0.1425,0.0048,19.38,True,Normal,0,val
PUMP_01,2026-05-10 16:00:00,0.1141,51.43,34.56,56.18,3.84,0.138,0.0126,19.33,True,Normal,0,val
PUMP_01,2026-05-10 17:00:00,0.1316,50.32,33.7,58.07,3.984,0.1353,0.0119,19.29,True,Normal,0,val
PUMP_01,2026-05-10 18:00:00,0.1506,48.81,34.18,59.33,4.024,0.1377,0.0134,19.25,True,Normal,0,val
PUMP_01,2026-05-10 19:00:00,0.1372,51.45,34.12,58.43,4.016,0.1363,0.0129,19.21,True,Normal,0,val
PUMP_01,2026-05-10 20:00:00,0.1364,51.52,33.78,58.82,3.987,0.1346,0.0119,19.17,True,Normal,0,val
PUMP_01,2026-05-10 21:00:00,0.129,50.5,33.47,56.37,4.119,0.1332,0.0119,19.12,True,Normal,0,val
PUMP_01,2026-05-10 22:00:00,0.1358,49.08,33.74,57.31,4.011,0.1368,0.0075,19.08,True,Normal,0,val
PUMP_01,2026-05-10 23:00:00,0.1685,49.31,35.12,55.36,3.992,0.1429,0.0144,19.04,True,Normal,0,val
PUMP_01,2026-05-11 00:00:00,0.1329,50.43,34.67,57.83,3.938,0.14,0.0143,19.0,True,Normal,0,val
PUMP_01,2026-05-11 01:00:00,0.1634,48.03,34.61,55.4,3.86,0.1443,0.017,18.96,True,Normal,0,val
PUMP_01,2026-05-11 02:00:00,0.1557,51.99,33.53,59.6,4.026,0.1475,0.017,18.92,True,Normal,0,val
PUMP_01,2026-05-11 03:00:00,0.1607,52.55,33.14,59.87,4.02,0.1528,0.0149,18.88,True,Normal,0,val
PUMP_01,2026-05-11 04:00:00,0.1477,49.65,34.66,58.17,3.915,0.1548,0.0129,18.83,True,Normal,0,val
PUMP_01,2026-05-11 05:00:00,0.1544,50.53,34.54,56.18,3.996,0.1525,0.011,18.79,True,Normal,0,val
PUMP_01,2026-05-11 06:00:00,0.1599,51.78,34.08,58.45,3.988,0.157,0.0056,18.75,True,Normal,0,val
PUMP_01,2026-05-11 07:00:00,0.1518,52.93,33.78,60.23,3.95,0.155,0.0049,18.71,True,Normal,0,val
PUMP_01,2026-05-11 08:00:00,0.1636,52.34,33.12,58.57,3.937,0.1564,0.0061,18.67,True,Normal,0,val
PUMP_01,2026-05-11 09:00:00,0.1639,47.4,34.52,59.42,4.032,0.1569,0.0066,18.62,True,Normal,0,val
PUMP_01,2026-05-11 10:00:00,0.1876,49.53,34.71,57.42,3.982,0.1635,0.0128,18.58,True,Normal,0,val
PUMP_01,2026-05-11 11:00:00,0.1568,50.75,33.59,56.95,3.953,0.1639,0.0124,18.54,True,Normal,0,val
PUMP_01,2026-05-11 12:00:00,0.1213,49.26,33.54,57.91,3.931,0.1575,0.0216,18.5,True,Normal,0,val
PUMP_01,2026-05-11 13:00:00,0.1649,52.67,34.74,55.69,3.99,0.1597,0.0215,18.46,True,Normal,0,val
PUMP_01,2026-05-11 14:00:00,0.1419,52.44,33.61,60.72,4.074,0.1561,0.0226,18.42,True,Normal,0,val
PUMP_01,2026-05-11 15:00:00,0.1731,48.78,35.07,58.17,4.017,0.1576,0.0235,18.38,True,Normal,0,val
PUMP_01,2026-05-11 16:00:00,0.1634,49.76,33.93,59.04,3.981,0.1536,0.0189,18.33,True,Normal,0,val
PUMP_01,2026-05-11 17:00:00,0.1328,48.88,33.77,57.45,4.025,0.1496,0.0206,18.29,True,Normal,0,val
PUMP_01,2026-05-11 18:00:00,0.1508,49.71,34.03,56.15,4.109,0.1545,0.0153,18.25,True,Normal,0,val
PUMP_01,2026-05-11 19:00:00,0.1314,49.66,33.77,59.71,4.039,0.1489,0.0168,18.21,True,Normal,0,val
PUMP_01,2026-05-11 20:00:00,0.1414,51.43,34.68,56.65,4.021,0.1488,0.0169,18.17,True,Normal,0,val
PUMP_01,2026-05-11 21:00:00,0.1531,48.67,34.53,58.42,4.051,0.1455,0.0125,18.12,True,Normal,0,val
PUMP_01,2026-05-11 22:00:00,0.1617,46.07,34.65,58.53,3.987,0.1452,0.012,18.08,True,Normal,0,val
PUMP_01,2026-05-11 23:00:00,0.1608,47.59,34.11,58.09,4.015,0.1499,0.0117,18.04,True,Normal,0,val
PUMP_01,2026-05-12 00:00:00,0.1511,48.46,33.73,57.06,3.961,0.1499,0.0117,18.0,True,Normal,0,val
PUMP_01,2026-05-12 01:00:00,0.1898,49.02,33.99,57.82,3.876,0.1596,0.0165,17.96,True,Normal,0,val
PUMP_01,2026-05-12 02:00:00,0.1495,50.28,33.74,56.86,4.027,0.161,0.015,17.92,True,Normal,0,val
PUMP_01,2026-05-12 03:00:00,0.133,48.38,34.88,58.97,4.028,0.1576,0.0189,17.88,True,Normal,0,val
PUMP_01,2026-05-12 04:00:00,0.1374,48.18,34.6,58.69,3.977,0.1536,0.0204,17.83,True,Normal,0,val
PUMP_01,2026-05-12 05:00:00,0.1818,48.61,33.95,57.97,4.083,0.1571,0.0234,17.79,True,Normal,0,val
PUMP_01,2026-05-12 06:00:00,0.1589,48.33,33.44,57.32,3.942,0.1584,0.0232,17.75,True,Normal,0,val
PUMP_01,2026-05-12 07:00:00,0.162,49.17,34.92,60.53,3.858,0.1538,0.0179,17.71,True,Normal,0,val
PUMP_01,2026-05-12 08:00:00,0.1505,49.1,34.08,56.44,3.944,0.1539,0.0178,17.67,True,Normal,0,val
PUMP_01,2026-05-12 09:00:00,0.1503,51.03,33.92,56.15,3.877,0.1568,0.0149,17.62,True,Normal,0,val
PUMP_01,2026-05-12 10:00:00,0.1432,48.52,34.93,57.9,4.027,0.1578,0.0135,17.58,True,Normal,0,val
PUMP_01,2026-05-12 11:00:00,0.1597,49.46,33.69,57.69,3.94,0.1541,0.0073,17.54,True,Normal,0,val
PUMP_01,2026-05-12 12:00:00,0.1485,49.18,33.81,59.32,4.079,0.1524,0.0071,17.5,True,Normal,0,val
PUMP_01,2026-05-12 13:00:00,0.1539,51.21,33.86,58.78,4.077,0.151,0.0055,17.46,True,Normal,0,val
PUMP_01,2026-05-12 14:00:00,0.1501,49.77,33.21,58.04,3.926,0.151,0.0055,17.42,True,Normal,0,val
PUMP_01,2026-05-12 15:00:00,0.1365,51.58,34.19,58.6,3.935,0.1487,0.0081,17.38,True,Normal,0,val
PUMP_01,2026-05-12 16:00:00,0.1195,48.27,33.54,58.58,4.043,0.1447,0.0145,17.33,True,Normal,0,val
PUMP_01,2026-05-12 17:00:00,0.1172,49.93,33.66,60.52,4.078,0.1376,0.016,17.29,True,Normal,0,val
PUMP_01,2026-05-12 18:00:00,0.1854,49.14,33.58,58.3,3.839,0.1438,0.0254,17.25,True,Normal,0,val
PUMP_01,2026-05-12 19:00:00,0.1625,48.16,33.65,57.18,4.023,0.1452,0.0263,17.21,True,Normal,0,val
PUMP_01,2026-05-12 20:00:00,0.1614,49.9,33.5,58.24,3.824,0.1471,0.0271,17.17,True,Normal,0,val
PUMP_01,2026-05-12 21:00:00,0.1328,52.6,34.15,54.86,3.956,0.1465,0.0274,17.12,True,Normal,0,val
PUMP_01,2026-05-12 22:00:00,0.1451,48.72,33.91,57.96,4.087,0.1507,0.0242,17.08,True,Normal,0,val
PUMP_01,2026-05-12 23:00:00,0.1352,49.81,34.03,59.31,4.241,0.1537,0.02,17.04,True,Normal,0,val
PUMP_01,2026-05-13 00:00:00,0.1303,48.03,35.41,58.72,3.981,0.1445,0.0144,17.0,True,Normal,0,val
PUMP_01,2026-05-13 01:00:00,0.1438,47.81,33.91,58.36,3.9,0.1414,0.0114,16.96,True,Normal,0,val
PUMP_01,2026-05-13 02:00:00,0.1749,48.82,34.36,58.78,3.959,0.1437,0.0164,16.92,True,Normal,0,val
PUMP_01,2026-05-13 03:00:00,0.1697,49.33,34.43,59.32,4.005,0.1498,0.0183,16.88,True,Normal,0,val
PUMP_01,2026-05-13 04:00:00,0.1441,49.39,33.96,59.71,3.946,0.1497,0.0184,16.83,True,Normal,0,val
PUMP_01,2026-05-13 05:00:00,0.1549,49.66,34.16,58.54,3.926,0.153,0.017,16.79,True,Normal,0,val
PUMP_01,2026-05-13 06:00:00,0.1712,47.53,34.01,57.62,3.966,0.1598,0.014,16.75,True,Normal,0,val
PUMP_01,2026-05-13 07:00:00,0.1511,49.06,34.12,55.22,4.032,0.161,0.0126,16.71,True,Normal,0,val
PUMP_01,2026-05-13 08:00:00,0.1599,50.75,33.65,59.17,3.986,0.1585,0.0106,16.67,True,Normal,0,val
PUMP_01,2026-05-13 09:00:00,0.1631,47.96,33.7,58.62,3.929,0.1574,0.0095,16.62,True,Normal,0,val
PUMP_01,2026-05-13 10:00:00,0.1609,49.47,34.01,58.18,3.946,0.1602,0.0069,16.58,True,Normal,0,val
PUMP_01,2026-05-13 11:00:00,0.1564,50.44,32.82,57.17,3.967,0.1604,0.0067,16.54,True,Normal,0,val
PUMP_01,2026-05-13 12:00:00,0.1402,48.83,34.9,59.16,3.92,0.1553,0.0085,16.5,True,Normal,0,val
PUMP_01,2026-05-13 13:00:00,0.1391,50.51,35.3,57.69,3.943,0.1533,0.0108,16.46,True,Normal,0,val
PUMP_01,2026-05-13 14:00:00,0.128,47.72,34.1,57.96,4.051,0.148,0.0142,16.42,True,Normal,0,val
PUMP_01,2026-05-13 15:00:00,0.1195,51.33,34.4,57.93,3.982,0.1407,0.0159,16.38,True,Normal,0,val
PUMP_01,2026-05-13 16:00:00,0.1396,50.55,34.65,58.54,3.86,0.1371,0.0125,16.33,True,Normal,0,val
PUMP_01,2026-05-13 17:00:00,0.1526,50.08,33.21,56.62,4.082,0.1365,0.0114,16.29,True,Normal,0,val
PUMP_01,2026-05-13 18:00:00,0.1193,51.69,34.56,58.68,4.033,0.133,0.0131,16.25,True,Normal,0,val
PUMP_01,2026-05-13 19:00:00,0.1444,49.51,33.74,57.13,3.889,0.1339,0.0138,16.21,True,Normal,0,val
PUMP_01,2026-05-13 20:00:00,0.1531,49.07,35.37,57.18,3.971,0.1381,0.0153,16.17,True,Normal,0,val
PUMP_01,2026-05-13 21:00:00,0.1154,52.06,33.89,59.06,3.937,0.1374,0.0164,16.12,True,Normal,0,val
PUMP_01,2026-05-13 22:00:00,0.1409,52.76,34.54,56.81,4.054,0.1376,0.0164,16.08,True,Normal,0,val
PUMP_01,2026-05-13 23:00:00,0.1721,48.96,33.89,59.06,3.97,0.1409,0.0212,16.04,True,Normal,0,val
PUMP_01,2026-05-14 00:00:00,0.1583,49.83,35.32,58.12,3.994,0.1474,0.0192,16.0,True,Normal,0,val
PUMP_01,2026-05-14 01:00:00,0.1245,51.57,33.69,56.02,3.985,0.144,0.0214,15.96,True,Normal,0,val
PUMP_01,2026-05-14 02:00:00,0.1649,49.88,34.7,59.64,3.882,0.146,0.0229,15.92,True,Normal,0,val
PUMP_01,2026-05-14 03:00:00,0.1459,50.89,34.38,58.37,4.112,0.1511,0.0174,15.88,True,Normal,0,val
PUMP_01,2026-05-14 04:00:00,0.169,51.17,34.24,58.47,4.053,0.1558,0.0179,15.83,True,Normal,0,val
PUMP_01,2026-05-14 05:00:00,0.1493,49.16,34.14,59.21,3.94,0.152,0.0161,15.79,True,Normal,0,val
PUMP_01,2026-05-14 06:00:00,0.1592,50.63,33.6,59.8,4.015,0.1521,0.0162,15.75,True,Normal,0,val
PUMP_01,2026-05-14 07:00:00,0.1516,49.99,32.45,58.24,4.078,0.1566,0.0092,15.71,True,Normal,0,val
PUMP_01,2026-05-14 08:00:00,0.1587,48.17,34.64,58.74,4.004,0.1556,0.0084,15.67,True,Normal,0,val
PUMP_01,2026-05-14 09:00:00,0.1486,48.52,33.71,58.45,4.125,0.1561,0.0078,15.62,True,Normal,0,val
PUMP_01,2026-05-14 10:00:00,0.1516,49.02,34.7,57.59,4.233,0.1532,0.0046,15.58,True,Normal,0,val
PUMP_01,2026-05-14 11:00:00,0.135,51.39,34.21,56.1,3.99,0.1508,0.0088,15.54,True,Normal,0,val
PUMP_01,2026-05-14 12:00:00,0.1574,51.44,34.72,58.26,3.953,0.1505,0.0085,15.5,True,Normal,0,val
PUMP_01,2026-05-14 13:00:00,0.15,51.12,34.48,59.65,3.921,0.1502,0.0085,15.46,True,Normal,0,val
PUMP_01,2026-05-14 14:00:00,0.1208,50.66,32.52,58.7,3.823,0.1439,0.0135,15.42,True,Normal,0,val
PUMP_01,2026-05-14 15:00:00,0.1578,50.62,34.37,56.72,4.1,0.1454,0.0146,15.38,True,Normal,0,val
PUMP_01,2026-05-14 16:00:00,0.1387,50.42,33.79,59.32,3.972,0.1433,0.0145,15.33,True,Normal,0,val
PUMP_01,2026-05-14 17:00:00,0.1428,50.61,34.7,57.63,4.07,0.1446,0.0139,15.29,True,Normal,0,val
PUMP_01,2026-05-14 18:00:00,0.1515,50.71,34.35,55.49,4.086,0.1436,0.013,15.25,True,Normal,0,val
PUMP_01,2026-05-14 19:00:00,0.1453,47.89,34.36,59.22,3.914,0.1428,0.0127,15.21,True,Normal,0,val
PUMP_01,2026-05-14 20:00:00,0.1588,48.81,33.84,56.87,3.926,0.1492,0.0082,15.17,True,Normal,0,val
PUMP_01,2026-05-14 21:00:00,0.1385,48.46,33.45,60.14,4.14,0.1459,0.0079,15.12,True,Normal,0,val
PUMP_01,2026-05-14 22:00:00,0.1605,51.66,33.74,59.38,3.994,0.1496,0.0089,15.08,True,Normal,0,val
PUMP_01,2026-05-14 23:00:00,0.1493,52.48,32.92,57.73,3.947,0.1506,0.0083,15.04,True,Normal,0,val
PUMP_01,2026-05-15 00:00:00,0.1576,46.75,33.65,58.55,3.916,0.1517,0.0088,15.0,True,Normal,0,val
PUMP_01,2026-05-15 01:00:00,0.1586,52.35,33.12,60.91,3.989,0.1539,0.0085,14.96,True,Normal,0,val
PUMP_01,2026-05-15 02:00:00,0.1736,50.13,33.14,59.2,4.121,0.1564,0.0117,14.92,True,Normal,0,val
PUMP_01,2026-05-15 03:00:00,0.1679,51.52,34.07,58.29,4.055,0.1612,0.0085,14.88,True,Normal,0,val
PUMP_01,2026-05-15 04:00:00,0.152,50.76,34.32,61.47,4.015,0.1598,0.0093,14.83,True,Normal,0,val
PUMP_01,2026-05-15 05:00:00,0.15,52.16,33.98,58.14,4.127,0.1599,0.0092,14.79,True,Normal,0,val
PUMP_01,2026-05-15 06:00:00,0.1593,50.31,33.7,58.7,4.112,0.1602,0.0091,14.75,True,Normal,0,val
PUMP_01,2026-05-15 07:00:00,0.1483,47.95,33.43,56.88,4.027,0.1585,0.0103,14.71,True,Normal,0,val
PUMP_01,2026-05-15 08:00:00,0.1429,49.84,33.81,55.99,4.222,0.1534,0.0089,14.67,True,Normal,0,val
PUMP_01,2026-05-15 09:00:00,0.1252,50.77,33.51,57.65,3.98,0.1463,0.0116,14.62,True,Normal,0,val
PUMP_01,2026-05-15 10:00:00,0.1318,49.68,33.96,58.05,4.088,0.1429,0.0125,14.58,True,Normal,0,val
PUMP_01,2026-05-15 11:00:00,0.1824,50.99,33.09,58.4,3.969,0.1483,0.0206,14.54,True,Normal,0,val
PUMP_01,2026-05-15 12:00:00,0.1402,49.9,34.42,56.3,4.072,0.1451,0.02,14.5,True,Normal,0,val
PUMP_01,2026-05-15 13:00:00,0.176,49.11,33.66,58.79,3.98,0.1498,0.0237,14.46,True,Normal,0,val
PUMP_01,2026-05-15 14:00:00,0.151,48.37,34.23,57.0,4.037,0.1511,0.0235,14.42,True,Normal,0,val
PUMP_01,2026-05-15 15:00:00,0.1422,49.41,34.53,58.73,4.191,0.1539,0.0206,14.38,True,Normal,0,val
PUMP_01,2026-05-15 16:00:00,0.1188,50.31,34.2,59.12,4.076,0.1518,0.0238,14.33,True,Normal,0,val
PUMP_01,2026-05-15 17:00:00,0.1404,47.06,34.48,57.53,4.038,0.1448,0.0186,14.29,True,Normal,0,val
PUMP_01,2026-05-15 18:00:00,0.1684,48.83,32.76,56.84,3.938,0.1495,0.0207,14.25,True,Normal,0,val
PUMP_01,2026-05-15 19:00:00,0.1637,47.0,33.7,59.85,4.015,0.1474,0.018,14.21,True,Normal,0,val
PUMP_01,2026-05-15 20:00:00,0.1455,49.07,34.66,59.05,3.919,0.1465,0.0179,14.17,True,Normal,0,val
PUMP_01,2026-05-15 21:00:00,0.1257,51.8,34.31,58.18,4.071,0.1438,0.0198,14.12,True,Normal,0,val
PUMP_01,2026-05-15 22:00:00,0.1306,48.22,35.11,59.76,4.069,0.1457,0.0173,14.08,True,Normal,0,val
PUMP_01,2026-05-15 23:00:00,0.1346,51.05,35.02,58.1,3.986,0.1448,0.0178,14.04,True,Normal,0,val
PUMP_01,2026-05-16 00:00:00,0.1692,54.27,34.18,57.26,4.133,0.1449,0.018,14.0,True,Normal,0,val
PUMP_01,2026-05-16 01:00:00,0.1771,52.18,33.85,56.8,4.122,0.1471,0.0213,13.96,True,Normal,0,val
PUMP_01,2026-05-16 02:00:00,0.1579,50.2,33.42,57.87,4.012,0.1492,0.0218,13.92,True,Normal,0,val
PUMP_01,2026-05-16 03:00:00,0.1525,51.29,33.71,58.93,4.045,0.1536,0.0185,13.88,True,Normal,0,val
PUMP_01,2026-05-16 04:00:00,0.1819,47.95,33.76,59.67,3.953,0.1622,0.0175,13.83,True,Normal,0,val
PUMP_01,2026-05-16 05:00:00,0.145,47.64,33.64,58.03,3.978,0.1639,0.0145,13.79,True,Normal,0,val
PUMP_01,2026-05-16 06:00:00,0.1608,50.04,33.45,59.46,3.914,0.1625,0.0143,13.75,True,Normal,0,val
PUMP_01,2026-05-16 07:00:00,0.1666,50.6,34.24,57.74,3.962,0.1608,0.0127,13.71,True,Normal,0,val
PUMP_01,2026-05-16 08:00:00,0.1457,51.64,35.02,57.06,3.992,0.1588,0.0141,13.67,True,Normal,0,val
PUMP_01,2026-05-16 09:00:00,0.1475,49.15,34.56,56.43,3.867,0.1579,0.0147,13.62,True,Normal,0,val
PUMP_01,2026-05-16 10:00:00,0.1443,50.29,33.81,57.39,4.046,0.1516,0.0096,13.58,True,Normal,0,val
PUMP_01,2026-05-16 11:00:00,0.1738,50.24,34.61,56.48,4.082,0.1564,0.0124,13.54,True,Normal,0,val
PUMP_01,2026-05-16 12:00:00,0.1787,49.8,34.21,60.41,3.999,0.1594,0.0154,13.5,True,Normal,0,test
PUMP_01,2026-05-16 13:00:00,0.1491,49.89,33.98,58.53,3.784,0.1565,0.0154,13.46,True,Normal,0,test
PUMP_01,2026-05-16 14:00:00,0.141,48.72,33.94,57.89,3.98,0.1557,0.0162,13.42,True,Normal,0,test
PUMP_01,2026-05-16 15:00:00,0.1339,50.42,33.88,60.07,3.889,0.1535,0.0184,13.38,True,Normal,0,test
PUMP_01,2026-05-16 16:00:00,0.1414,50.29,34.39,56.44,3.951,0.153,0.0187,13.33,True,Normal,0,test
PUMP_01,2026-05-16 17:00:00,0.1321,49.34,34.08,57.84,4.116,0.146,0.0171,13.29,True,Normal,0,test
PUMP_01,2026-05-16 18:00:00,0.1385,51.0,33.56,60.4,3.805,0.1393,0.0061,13.25,True,Normal,0,test
PUMP_01,2026-05-16 19:00:00,0.1465,51.54,33.53,57.83,3.935,0.1389,0.0053,13.21,True,Normal,0,test
PUMP_01,2026-05-16 20:00:00,0.1353,51.02,34.18,60.94,4.066,0.138,0.0053,13.17,True,Normal,0,test
PUMP_01,2026-05-16 21:00:00,0.1401,48.44,34.26,58.94,3.944,0.139,0.005,13.12,True,Normal,0,test
PUMP_01,2026-05-16 22:00:00,0.1422,50.15,33.81,59.57,3.938,0.1391,0.0051,13.08,True,Normal,0,test
PUMP_01,2026-05-16 23:00:00,0.1426,48.63,33.32,59.6,4.163,0.1409,0.0038,13.04,True,Normal,0,test
PUMP_01,2026-05-17 00:00:00,0.1434,50.14,34.75,58.0,4.03,0.1417,0.0038,13.0,True,Normal,0,test
PUMP_01,2026-05-17 01:00:00,0.164,48.64,34.62,57.41,4.075,0.1446,0.0099,12.96,True,Normal,0,test
PUMP_01,2026-05-17 02:00:00,0.1284,51.92,32.81,57.86,4.04,0.1434,0.0115,12.92,True,Normal,0,test
PUMP_01,2026-05-17 03:00:00,0.1807,51.17,34.8,56.82,4.013,0.1502,0.0188,12.88,True,Normal,0,test
PUMP_01,2026-05-17 04:00:00,0.1607,51.73,33.87,57.92,4.101,0.1533,0.0187,12.83,True,Normal,0,test
PUMP_01,2026-05-17 05:00:00,0.1688,51.58,34.11,57.99,4.152,0.1577,0.0188,12.79,True,Normal,0,test
PUMP_01,2026-05-17 06:00:00,0.1709,49.59,34.68,60.03,3.865,0.1622,0.0179,12.75,True,Normal,0,test
PUMP_01,2026-05-17 07:00:00,0.149,49.36,34.99,58.71,3.997,0.1598,0.0187,12.71,True,Normal,0,test
PUMP_01,2026-05-17 08:00:00,0.1449,52.61,34.6,60.84,3.997,0.1625,0.0137,12.67,True,Normal,0,test
PUMP_01,2026-05-17 09:00:00,0.1416,49.75,34.14,55.41,3.966,0.156,0.0125,12.62,True,Normal,0,test
PUMP_01,2026-05-17 10:00:00,0.1513,47.97,33.17,56.54,4.078,0.1544,0.0124,12.58,True,Normal,0,test
PUMP_01,2026-05-17 11:00:00,0.1631,51.51,32.78,57.57,4.021,0.1535,0.0113,12.54,True,Normal,0,test
PUMP_01,2026-05-17 12:00:00,0.1412,50.22,34.53,59.79,4.154,0.1485,0.0082,12.5,True,Normal,0,test
PUMP_01,2026-05-17 13:00:00,0.1565,52.26,34.81,57.87,4.088,0.1498,0.0088,12.46,True,Normal,0,test
PUMP_01,2026-05-17 14:00:00,0.1095,50.36,33.51,56.24,4.109,0.1439,0.0189,12.42,True,Normal,0,test
PUMP_01,2026-05-17 15:00:00,0.1371,49.97,33.84,57.71,3.904,0.1431,0.0191,12.38,True,Normal,0,test
PUMP_01,2026-05-17 16:00:00,0.1588,52.29,33.67,56.56,3.936,0.1444,0.0199,12.33,True,Normal,0,test
PUMP_01,2026-05-17 17:00:00,0.1378,47.69,33.65,56.33,3.942,0.1402,0.0177,12.29,True,Normal,0,test
PUMP_01,2026-05-17 18:00:00,0.1276,49.12,34.64,60.4,4.106,0.1379,0.0184,12.25,True,Normal,0,test
PUMP_01,2026-05-17 19:00:00,0.1305,48.67,34.13,57.58,3.923,0.1336,0.0161,12.21,True,Normal,0,test
PUMP_01,2026-05-17 20:00:00,0.0959,46.71,33.86,58.21,3.925,0.1313,0.0205,12.17,True,Normal,0,test
PUMP_01,2026-05-17 21:00:00,0.1278,51.31,35.59,57.89,3.91,0.1297,0.0203,12.12,True,Normal,0,test
PUMP_01,2026-05-17 22:00:00,0.1609,49.16,33.14,57.7,4.22,0.1301,0.0209,12.08,True,Normal,0,test
PUMP_01,2026-05-17 23:00:00,0.1387,51.36,34.33,56.99,3.989,0.1302,0.021,12.04,True,Normal,0,test
PUMP_01,2026-05-18 00:00:00,0.143,50.58,33.37,57.63,4.042,0.1328,0.0215,12.0,True,Normal,0,test
PUMP_01,2026-05-18 01:00:00,0.1176,50.91,33.91,58.4,3.909,0.1306,0.0224,11.96,True,Normal,0,test
PUMP_01,2026-05-18 02:00:00,0.1305,49.32,34.09,59.7,4.077,0.1364,0.0149,11.92,True,Normal,0,test
PUMP_01,2026-05-18 03:00:00,0.1749,48.85,34.51,59.14,3.858,0.1443,0.0207,11.88,True,Normal,0,test
PUMP_01,2026-05-18 04:00:00,0.1679,50.13,33.84,56.54,3.922,0.1454,0.022,11.83,True,Normal,0,test
PUMP_01,2026-05-18 05:00:00,0.1402,51.38,33.78,59.19,3.941,0.1457,0.0219,11.79,True,Normal,0,test
PUMP_01,2026-05-18 06:00:00,0.1505,49.92,33.83,58.57,4.018,0.1469,0.022,11.75,True,Normal,0,test
PUMP_01,2026-05-18 07:00:00,0.1592,48.95,33.35,57.25,3.937,0.1539,0.0168,11.71,True,Normal,0,test
PUMP_01,2026-05-18 08:00:00,0.1407,48.2,34.38,58.22,4.122,0.1556,0.0143,11.67,True,Normal,0,test
PUMP_01,2026-05-18 09:00:00,0.127,50.31,34.17,58.69,4.04,0.1476,0.0147,11.62,True,Normal,0,test
PUMP_01,2026-05-18 10:00:00,0.1526,49.17,34.26,58.06,3.945,0.145,0.0114,11.58,True,Normal,0,test
PUMP_01,2026-05-18 11:00:00,0.1612,49.89,33.96,58.58,4.08,0.1485,0.0128,11.54,True,Normal,0,test
PUMP_01,2026-05-18 12:00:00,0.1589,49.64,33.88,56.96,3.969,0.1499,0.0135,11.5,True,Normal,0,test
PUMP_01,2026-05-18 13:00:00,0.1605,49.33,34.71,60.39,3.953,0.1502,0.0137,11.46,True,Normal,0,test
PUMP_01,2026-05-18 14:00:00,0.1217,50.44,34.61,55.68,4.072,0.147,0.0179,11.42,True,Normal,0,test
PUMP_01,2026-05-18 15:00:00,0.1438,50.83,34.85,58.69,3.804,0.1498,0.0152,11.38,True,Normal,0,test
PUMP_01,2026-05-18 16:00:00,0.1373,52.95,34.22,58.44,4.059,0.1472,0.0159,11.33,True,Normal,0,test
PUMP_01,2026-05-18 17:00:00,0.139,51.14,34.81,58.77,3.943,0.1435,0.0146,11.29,True,Normal,0,test
PUMP_01,2026-05-18 18:00:00,0.1368,52.39,33.75,57.15,3.943,0.1398,0.0126,11.25,True,Normal,0,test
PUMP_01,2026-05-18 19:00:00,0.1304,48.77,33.88,59.4,4.157,0.1348,0.0077,11.21,True,Normal,0,test
PUMP_01,2026-05-18 20:00:00,0.0961,47.6,34.72,57.87,3.958,0.1306,0.0174,11.17,True,Normal,0,test
PUMP_01,2026-05-18 21:00:00,0.1604,49.98,34.51,56.58,4.076,0.1333,0.0209,11.12,True,Normal,0,test
PUMP_01,2026-05-18 22:00:00,0.1499,51.29,33.83,56.69,4.022,0.1354,0.022,11.08,True,Normal,0,test
PUMP_01,2026-05-18 23:00:00,0.1251,51.05,33.37,58.15,4.031,0.1331,0.0223,11.04,True,Normal,0,test
PUMP_01,2026-05-19 00:00:00,0.1571,51.82,33.88,56.08,3.98,0.1365,0.0244,11.0,True,Normal,0,test
PUMP_01,2026-05-19 01:00:00,0.1459,46.2,33.59,60.16,3.976,0.1391,0.0244,10.96,True,Normal,0,test
PUMP_01,2026-05-19 02:00:00,0.1487,51.88,35.03,59.26,4.122,0.1478,0.0124,10.92,True,Normal,0,test
PUMP_01,2026-05-19 03:00:00,0.1455,50.5,34.46,60.19,4.074,0.1454,0.0108,10.88,True,Normal,0,test
PUMP_01,2026-05-19 04:00:00,0.1667,47.68,33.54,60.07,3.96,0.1482,0.0139,10.83,True,Normal,0,test
PUMP_01,2026-05-19 05:00:00,0.1477,51.09,33.37,57.58,3.916,0.1519,0.0084,10.79,True,Normal,0,test
PUMP_01,2026-05-19 06:00:00,0.1435,50.25,33.53,56.96,3.953,0.1497,0.0085,10.75,True,Normal,0,test
PUMP_01,2026-05-19 07:00:00,0.1766,50.57,33.66,54.79,4.079,0.1548,0.0136,10.71,True,Normal,0,test
PUMP_01,2026-05-19 08:00:00,0.156,51.5,33.9,57.51,4.094,0.156,0.0132,10.67,True,Normal,0,test
PUMP_01,2026-05-19 09:00:00,0.1549,50.65,34.67,60.12,4.044,0.1576,0.0123,10.62,True,Normal,0,test
PUMP_01,2026-05-19 10:00:00,0.1654,47.79,33.42,57.01,3.871,0.1574,0.0121,10.58,True,Normal,0,test
PUMP_01,2026-05-19 11:00:00,0.1426,49.79,35.37,57.75,4.06,0.1565,0.013,10.54,True,Normal,0,test
PUMP_01,2026-05-19 12:00:00,0.143,47.57,33.43,57.33,4.104,0.1564,0.0131,10.5,True,Normal,0,test
PUMP_01,2026-05-19 13:00:00,0.152,50.97,33.15,58.45,4.014,0.1523,0.0086,10.46,True,Normal,0,test
PUMP_01,2026-05-19 14:00:00,0.1219,52.1,35.01,59.54,4.158,0.1466,0.0148,10.42,True,Normal,0,test
PUMP_01,2026-05-19 15:00:00,0.1462,48.14,34.79,56.15,3.894,0.1452,0.0142,10.38,True,Normal,0,test
PUMP_01,2026-05-19 16:00:00,0.13,48.99,33.89,56.38,4.055,0.1393,0.0112,10.33,True,Normal,0,test
PUMP_01,2026-05-19 17:00:00,0.1532,48.68,34.23,59.78,3.918,0.141,0.0125,10.29,True,Normal,0,test
PUMP_01,2026-05-19 18:00:00,0.1482,49.32,34.24,58.88,4.085,0.1419,0.0129,10.25,True,Normal,0,test
PUMP_01,2026-05-19 19:00:00,0.1466,50.62,34.08,57.69,4.049,0.141,0.0122,10.21,True,Normal,0,test
PUMP_01,2026-05-19 20:00:00,0.1172,49.34,33.22,60.05,4.144,0.1402,0.0137,10.17,True,Normal,0,test
PUMP_01,2026-05-19 21:00:00,0.1414,50.98,32.51,56.36,4.04,0.1394,0.0135,10.12,True,Normal,0,test
PUMP_01,2026-05-19 22:00:00,0.1273,51.6,33.49,59.12,3.968,0.139,0.0139,10.08,True,Normal,0,test
PUMP_01,2026-05-19 23:00:00,0.1469,51.65,35.09,57.92,3.961,0.1379,0.0128,10.04,True,Normal,0,test
PUMP_01,2026-05-20 00:00:00,0.1153,48.32,35.11,58.73,3.98,0.1324,0.0144,10.0,True,Normal,0,test
PUMP_01,2026-05-20 01:00:00,0.1295,52.08,33.84,55.14,3.959,0.1296,0.0127,9.96,True,Normal,0,test
PUMP_01,2026-05-20 02:00:00,0.1728,52.2,33.43,57.69,4.108,0.1389,0.02,9.92,True,Normal,0,test
PUMP_01,2026-05-20 03:00:00,0.1626,52.33,34.17,58.88,4.102,0.1424,0.0223,9.88,True,Normal,0,test
PUMP_01,2026-05-20 04:00:00,0.1534,49.76,34.26,57.92,3.88,0.1468,0.0213,9.83,True,Normal,0,test
PUMP_01,2026-05-20 05:00:00,0.146,48.87,34.36,59.51,4.003,0.1466,0.0213,9.79,True,Normal,0,test
PUMP_01,2026-05-20 06:00:00,0.1437,48.52,32.48,59.47,4.005,0.1513,0.0152,9.75,True,Normal,0,test
PUMP_01,2026-05-20 07:00:00,0.1627,48.35,35.89,56.85,3.937,0.1569,0.0112,9.71,True,Normal,0,test
PUMP_01,2026-05-20 08:00:00,0.1535,50.02,34.68,58.99,4.035,0.1536,0.008,9.67,True,Normal,0,test
PUMP_01,2026-05-20 09:00:00,0.1803,51.27,33.88,56.81,4.117,0.1566,0.0134,9.62,True,Normal,0,test
PUMP_01,2026-05-20 10:00:00,0.1522,51.96,33.57,58.06,4.071,0.1564,0.0135,9.58,True,Normal,0,test
PUMP_01,2026-05-20 11:00:00,0.1535,49.27,34.59,58.79,4.108,0.1576,0.0126,9.54,True,Normal,0,test
PUMP_01,2026-05-20 12:00:00,0.1292,49.94,34.3,57.0,3.943,0.1552,0.0166,9.5,True,Normal,0,test
PUMP_01,2026-05-20 13:00:00,0.142,49.84,34.06,58.94,4.003,0.1518,0.0169,9.46,True,Normal,0,test
PUMP_01,2026-05-20 14:00:00,0.1477,49.05,34.28,57.39,3.939,0.1508,0.0169,9.42,True,Normal,0,test
PUMP_01,2026-05-20 15:00:00,0.1373,51.1,33.93,57.3,4.019,0.1436,0.0094,9.38,True,Normal,0,test
PUMP_01,2026-05-20 16:00:00,0.1341,50.54,34.24,58.85,4.026,0.1406,0.009,9.33,True,Normal,0,test
PUMP_01,2026-05-20 17:00:00,0.1452,50.21,34.44,57.0,4.077,0.1393,0.007,9.29,True,Normal,0,test
PUMP_01,2026-05-20 18:00:00,0.1627,50.54,34.21,56.94,4.105,0.1448,0.0101,9.25,True,Normal,0,test
PUMP_01,2026-05-20 19:00:00,0.1425,50.92,34.17,59.25,4.055,0.1449,0.01,9.21,True,Normal,0,test
PUMP_01,2026-05-20 20:00:00,0.1585,50.91,34.84,58.13,3.931,0.1467,0.0115,9.17,True,Normal,0,test
PUMP_01,2026-05-20 21:00:00,0.1523,48.74,33.04,56.26,3.892,0.1492,0.0107,9.12,True,Normal,0,test
PUMP_01,2026-05-20 22:00:00,0.1613,51.34,33.52,59.03,4.042,0.1538,0.0085,9.08,True,Normal,0,test
PUMP_01,2026-05-20 23:00:00,0.1383,50.38,34.02,57.51,4.12,0.1526,0.0102,9.04,True,Normal,0,test
PUMP_01,2026-05-21 00:00:00,0.1469,49.35,33.56,56.32,3.998,0.15,0.009,9.0,True,Normal,0,test
PUMP_01,2026-05-21 01:00:00,0.1495,50.35,33.76,54.99,3.878,0.1511,0.0083,8.96,True,Normal,0,test
PUMP_01,2026-05-21 02:00:00,0.1632,50.52,34.77,59.08,4.167,0.1519,0.0093,8.92,True,Normal,0,test
PUMP_01,2026-05-21 03:00:00,0.169,51.62,33.91,56.97,4.039,0.1547,0.0116,8.88,True,Normal,0,test
PUMP_01,2026-05-21 04:00:00,0.1605,48.43,32.9,56.51,4.014,0.1546,0.0116,8.83,True,Normal,0,test
PUMP_01,2026-05-21 05:00:00,0.1728,51.99,33.75,58.77,3.907,0.1603,0.0104,8.79,True,Normal,0,test
PUMP_01,2026-05-21 06:00:00,0.1516,50.03,34.03,58.97,4.001,0.1611,0.0093,8.75,True,Normal,0,test
PUMP_01,2026-05-21 07:00:00,0.1729,49.24,34.02,57.06,4.055,0.165,0.0083,8.71,True,Normal,0,test
PUMP_01,2026-05-21 08:00:00,0.1739,49.19,34.33,59.1,4.04,0.1668,0.0089,8.67,True,Normal,0,test
PUMP_01,2026-05-21 09:00:00,0.1672,48.5,34.28,60.47,3.946,0.1665,0.0089,8.62,True,Normal,0,test
PUMP_01,2026-05-21 10:00:00,0.157,47.39,33.92,59.62,3.995,0.1659,0.0094,8.58,True,Normal,0,test
PUMP_01,2026-05-21 11:00:00,0.1633,51.02,33.28,59.43,3.951,0.1643,0.0088,8.54,True,Normal,0,test
PUMP_01,2026-05-21 12:00:00,0.1366,52.97,33.74,58.38,4.133,0.1618,0.0138,8.5,True,Normal,0,test
PUMP_01,2026-05-21 13:00:00,0.1504,47.57,33.63,57.47,4.072,0.1581,0.0133,8.46,True,Normal,0,test
PUMP_01,2026-05-21 14:00:00,0.1495,48.57,33.83,57.93,3.958,0.154,0.011,8.42,True,Normal,0,test
PUMP_01,2026-05-21 15:00:00,0.123,51.13,34.41,58.53,3.907,0.1466,0.0146,8.38,True,Normal,0,test
PUMP_01,2026-05-21 16:00:00,0.1485,49.93,34.24,56.49,4.022,0.1452,0.0138,8.33,True,Normal,0,test
PUMP_01,2026-05-21 17:00:00,0.1216,51.25,34.49,57.08,3.961,0.1383,0.0134,8.29,True,Normal,0,test
PUMP_01,2026-05-21 18:00:00,0.1336,49.85,33.77,56.29,3.967,0.1378,0.0135,8.25,True,Normal,0,test
PUMP_01,2026-05-21 19:00:00,0.1409,49.13,34.91,58.28,3.909,0.1362,0.0122,8.21,True,Normal,0,test
PUMP_01,2026-05-21 20:00:00,0.1304,49.66,34.4,58.1,3.919,0.133,0.0104,8.17,True,Normal,0,test
PUMP_01,2026-05-21 21:00:00,0.1442,46.43,34.07,57.22,4.013,0.1365,0.0099,8.12,True,Normal,0,test
PUMP_01,2026-05-21 22:00:00,0.146,48.28,34.36,58.98,3.979,0.1361,0.0093,8.08,True,Normal,0,test
PUMP_01,2026-05-21 23:00:00,0.1351,51.42,33.59,56.75,4.2,0.1384,0.0063,8.04,True,Normal,0,test
PUMP_01,2026-05-22 00:00:00,0.1585,51.79,32.73,57.17,4.048,0.1425,0.0097,8.0,True,Normal,0,test
PUMP_01,2026-05-22 01:00:00,0.1411,52.11,33.64,58.94,3.908,0.1425,0.0097,7.96,True,Normal,0,test
PUMP_01,2026-05-22 02:00:00,0.1893,50.66,34.45,59.11,3.877,0.1524,0.0197,7.92,True,Normal,0,test
PUMP_01,2026-05-22 03:00:00,0.1554,46.62,34.05,57.05,4.032,0.1542,0.0193,7.88,True,Normal,0,test
PUMP_01,2026-05-22 04:00:00,0.1411,49.05,33.92,58.28,3.968,0.1534,0.0198,7.83,True,Normal,0,test
PUMP_01,2026-05-22 05:00:00,0.1449,51.99,33.49,57.07,4.107,0.155,0.0183,7.79,True,Normal,0,test
PUMP_01,2026-05-22 06:00:00,0.1772,52.43,32.83,57.76,4.023,0.1582,0.0205,7.75,True,Normal,0,test
PUMP_01,2026-05-22 07:00:00,0.1535,52.04,34.85,58.17,3.841,0.1602,0.019,7.71,True,Normal,0,test
PUMP_01,2026-05-22 08:00:00,0.1382,49.65,33.88,58.67,3.918,0.1517,0.0142,7.67,True,Normal,0,test
PUMP_01,2026-05-22 09:00:00,0.1699,48.04,33.74,58.38,3.946,0.1541,0.0161,7.62,True,Normal,0,test
PUMP_01,2026-05-22 10:00:00,0.1488,49.94,33.6,58.33,4.035,0.1554,0.0151,7.58,True,Normal,0,test
PUMP_01,2026-05-22 11:00:00,0.1624,50.02,34.75,56.71,3.916,0.1583,0.0143,7.54,True,Normal,0,test
PUMP_01,2026-05-22 12:00:00,0.164,52.35,34.53,58.47,4.012,0.1561,0.0116,7.5,True,Normal,0,test
PUMP_01,2026-05-22 13:00:00,0.1515,50.34,33.42,58.66,3.893,0.1558,0.0117,7.46,True,Normal,0,test
PUMP_01,2026-05-22 14:00:00,0.1809,50.03,34.7,58.83,4.0,0.1629,0.0119,7.42,True,Normal,0,test
PUMP_01,2026-05-22 15:00:00,0.1171,50.11,33.91,57.14,4.03,0.1541,0.0214,7.38,True,Normal,0,test
PUMP_01,2026-05-22 16:00:00,0.1291,50.6,33.63,59.1,4.117,0.1508,0.0238,7.33,True,Normal,0,test
PUMP_01,2026-05-22 17:00:00,0.1365,50.94,33.82,56.42,4.02,0.1465,0.0236,7.29,True,Normal,0,test
PUMP_01,2026-05-22 18:00:00,0.1739,48.91,33.53,57.48,3.935,0.1482,0.0253,7.25,True,Normal,0,test
PUMP_01,2026-05-22 19:00:00,0.1673,48.41,33.21,57.67,4.119,0.1508,0.0265,7.21,True,Normal,0,test
PUMP_01,2026-05-22 20:00:00,0.1607,52.06,34.47,56.49,3.985,0.1474,0.023,7.17,True,Normal,0,test
PUMP_01,2026-05-22 21:00:00,0.131,47.54,33.87,57.65,4.062,0.1498,0.0198,7.12,True,Normal,0,test
PUMP_01,2026-05-22 22:00:00,0.1348,52.46,34.37,58.27,3.951,0.1507,0.0187,7.08,True,Normal,0,test
PUMP_01,2026-05-22 23:00:00,0.135,47.13,34.17,55.81,4.007,0.1504,0.019,7.04,True,Normal,0,test
PUMP_01,2026-05-23 00:00:00,0.1382,49.12,34.33,57.53,3.936,0.1445,0.0154,7.0,True,Normal,0,test
PUMP_01,2026-05-23 01:00:00,0.175,51.46,32.77,55.9,4.026,0.1458,0.0178,6.96,True,Normal,0,test
PUMP_01,2026-05-23 02:00:00,0.1513,50.0,33.48,60.45,4.064,0.1442,0.0166,6.92,True,Normal,0,test
PUMP_01,2026-05-23 03:00:00,0.1554,48.03,34.34,58.25,3.96,0.1483,0.0157,6.88,True,Normal,0,test
PUMP_01,2026-05-23 04:00:00,0.1703,50.64,33.24,58.15,3.956,0.1542,0.0163,6.83,True,Normal,0,test
PUMP_01,2026-05-23 05:00:00,0.1347,50.1,34.22,58.28,4.029,0.1541,0.0164,6.79,True,Normal,0,test
PUMP_01,2026-05-23 06:00:00,0.1608,49.68,33.17,58.73,3.934,0.1579,0.0144,6.75,True,Normal,0,test
PUMP_01,2026-05-23 07:00:00,0.1432,49.06,34.01,59.17,3.879,0.1526,0.0126,6.71,True,Normal,0,test
PUMP_01,2026-05-23 08:00:00,0.1542,49.95,34.97,56.12,4.028,0.1531,0.0126,6.67,True,Normal,0,test
PUMP_01,2026-05-23 09:00:00,0.1483,49.13,34.46,59.57,3.991,0.1519,0.0127,6.62,True,Normal,0,test
PUMP_01,2026-05-23 10:00:00,0.1454,53.65,32.89,59.49,3.99,0.1478,0.009,6.58,True,Normal,0,test
PUMP_01,2026-05-23 11:00:00,0.156,49.64,34.51,57.92,4.042,0.1513,0.0068,6.54,True,Normal,0,test
PUMP_01,2026-05-23 12:00:00,0.1533,49.44,35.09,57.86,4.053,0.1501,0.0052,6.5,True,Normal,0,test
PUMP_01,2026-05-23 13:00:00,0.1441,49.19,35.68,54.28,3.987,0.1502,0.005,6.46,True,Normal,0,test
PUMP_01,2026-05-23 14:00:00,0.1506,52.67,34.29,56.51,3.91,0.1496,0.0046,6.42,True,Normal,0,test
PUMP_01,2026-05-23 15:00:00,0.1299,47.54,33.18,58.62,3.949,0.1466,0.0093,6.38,True,Normal,0,test
PUMP_01,2026-05-23 16:00:00,0.1516,50.54,34.26,59.44,4.047,0.1476,0.0095,6.33,True,Normal,0,test
PUMP_01,2026-05-23 17:00:00,0.1372,49.64,34.96,58.87,4.011,0.1444,0.0093,6.29,True,Normal,0,test
PUMP_01,2026-05-23 18:00:00,0.1327,47.86,33.89,57.91,3.956,0.141,0.0092,6.25,True,Normal,0,test
PUMP_01,2026-05-23 19:00:00,0.1284,48.77,34.63,60.31,3.937,0.1384,0.0103,6.21,True,Normal,0,test
PUMP_01,2026-05-23 20:00:00,0.1377,50.48,33.5,59.21,4.049,0.1362,0.0084,6.17,True,Normal,0,test
PUMP_01,2026-05-23 21:00:00,0.171,48.7,34.22,57.53,3.982,0.1431,0.0157,6.12,True,Normal,0,test
PUMP_01,2026-05-23 22:00:00,0.1441,50.39,32.51,60.62,4.06,0.1418,0.0152,6.08,True,Normal,0,test
PUMP_01,2026-05-23 23:00:00,0.1302,52.59,33.43,56.68,4.07,0.1407,0.0159,6.04,True,Normal,0,test
PUMP_01,2026-05-24 00:00:00,0.1638,50.26,34.0,56.23,3.975,0.1459,0.0177,6.0,True,Normal,0,test
PUMP_01,2026-05-24 01:00:00,0.1455,47.82,33.78,57.49,4.076,0.1487,0.0156,5.96,True,Normal,0,test
PUMP_01,2026-05-24 02:00:00,0.1593,48.73,33.22,57.09,4.011,0.1523,0.0151,5.92,True,Normal,0,test
PUMP_01,2026-05-24 03:00:00,0.148,49.57,33.7,57.56,4.021,0.1485,0.012,5.88,True,Normal,0,test
PUMP_01,2026-05-24 04:00:00,0.1779,49.47,34.2,58.96,3.825,0.1541,0.0166,5.83,True,Normal,0,test
PUMP_01,2026-05-24 05:00:00,0.1508,50.23,33.95,57.96,3.922,0.1576,0.0122,5.79,True,Normal,0,test
PUMP_01,2026-05-24 06:00:00,0.181,50.47,34.04,57.99,3.927,0.1604,0.0155,5.75,True,Normal,0,test
PUMP_01,2026-05-24 07:00:00,0.1439,52.6,34.44,58.07,3.975,0.1601,0.0158,5.71,True,Normal,0,test
PUMP_01,2026-05-24 08:00:00,0.1543,49.99,33.79,55.23,4.009,0.1593,0.016,5.67,True,Normal,0,test
PUMP_01,2026-05-24 09:00:00,0.1781,48.27,34.82,56.18,4.012,0.1643,0.0164,5.62,True,Normal,0,test
PUMP_01,2026-05-24 10:00:00,0.1575,51.73,33.41,57.54,4.023,0.1609,0.0151,5.58,True,Normal,0,test
PUMP_01,2026-05-24 11:00:00,0.1867,51.89,35.16,56.99,3.945,0.1669,0.0173,5.54,True,Normal,0,test
PUMP_01,2026-05-24 12:00:00,0.146,50.35,34.67,57.72,4.055,0.1611,0.0175,5.5,True,Normal,0,test
PUMP_01,2026-05-24 13:00:00,0.1513,49.63,33.79,59.68,4.145,0.1623,0.0162,5.46,True,Normal,0,test
PUMP_01,2026-05-24 14:00:00,0.1736,50.93,33.83,57.91,3.972,0.1655,0.0162,5.42,True,Normal,0,test
PUMP_01,2026-05-24 15:00:00,0.1202,49.68,34.12,56.41,3.947,0.1559,0.0231,5.38,True,Normal,0,test
PUMP_01,2026-05-24 16:00:00,0.1168,46.92,34.36,57.05,3.945,0.1491,0.028,5.33,True,Normal,0,test
PUMP_01,2026-05-24 17:00:00,0.1284,50.85,34.66,60.05,4.007,0.1394,0.0217,5.29,True,Normal,0,test
PUMP_01,2026-05-24 18:00:00,0.1522,51.34,33.2,59.84,3.958,0.1404,0.0222,5.25,True,Normal,0,test
PUMP_01,2026-05-24 19:00:00,0.1162,52.16,34.26,58.72,3.862,0.1346,0.0234,5.21,True,Normal,0,test
PUMP_01,2026-05-24 20:00:00,0.1503,48.9,32.73,56.13,3.883,0.1307,0.0165,5.17,True,Normal,0,test
PUMP_01,2026-05-24 21:00:00,0.1508,50.34,33.89,58.37,4.082,0.1358,0.0173,5.12,True,Normal,0,test
PUMP_01,2026-05-24 22:00:00,0.1752,50.37,34.87,58.46,4.103,0.1455,0.0206,5.08,True,Normal,0,test
PUMP_01,2026-05-24 23:00:00,0.1631,50.13,33.15,58.03,4.128,0.1513,0.0197,5.04,True,Normal,0,test
PUMP_01,2026-05-25 00:00:00,0.1555,50.17,33.04,57.32,4.018,0.1519,0.0198,5.0,True,Normal,0,test
PUMP_01,2026-05-25 01:00:00,0.173,50.06,34.13,57.56,3.921,0.1613,0.0109,4.96,True,Normal,0,test
PUMP_01,2026-05-25 02:00:00,0.1631,50.32,34.83,57.23,3.965,0.1635,0.0095,4.92,True,Normal,0,test
PUMP_01,2026-05-25 03:00:00,0.1502,51.11,34.2,56.63,3.881,0.1634,0.0097,4.88,True,Normal,0,test
PUMP_01,2026-05-25 04:00:00,0.1415,51.83,32.86,59.64,3.878,0.1577,0.0111,4.83,True,Normal,0,test
PUMP_01,2026-05-25 05:00:00,0.1511,48.87,32.99,59.06,4.02,0.1557,0.011,4.79,True,Normal,0,test
PUMP_01,2026-05-25 06:00:00,0.1594,49.74,34.06,57.66,4.043,0.1564,0.0111,4.75,True,Normal,0,test
PUMP_01,2026-05-25 07:00:00,0.1623,49.37,33.29,58.42,4.157,0.1546,0.0085,4.71,True,Normal,0,test
PUMP_01,2026-05-25 08:00:00,0.1266,49.15,34.08,58.47,3.993,0.1485,0.013,4.67,True,Normal,0,test
PUMP_01,2026-05-25 09:00:00,0.1538,47.58,34.12,60.81,3.891,0.1491,0.0132,4.62,True,Normal,0,test
PUMP_01,2026-05-25 10:00:00,0.1554,50.04,33.71,59.05,3.99,0.1514,0.0128,4.58,True,Normal,0,test
PUMP_01,2026-05-25 11:00:00,0.1608,50.72,35.09,59.0,3.977,0.153,0.0134,4.54,True,Normal,0,test
PUMP_01,2026-05-25 12:00:00,0.1744,49.77,34.35,58.05,3.961,0.1556,0.0159,4.5,True,Normal,0,test
PUMP_01,2026-05-25 13:00:00,0.1502,49.99,34.73,57.48,4.027,0.1535,0.0157,4.46,True,Normal,0,test
PUMP_01,2026-05-25 14:00:00,0.1314,50.63,34.55,59.66,3.903,0.1543,0.0141,4.42,True,Normal,0,test
PUMP_01,2026-05-25 15:00:00,0.1157,52.12,33.91,58.78,4.01,0.148,0.0212,4.38,True,Normal,0,test
PUMP_01,2026-05-25 16:00:00,0.1516,49.37,33.88,57.0,4.052,0.1474,0.021,4.33,True,Normal,0,test
PUMP_01,2026-05-25 17:00:00,0.1273,48.24,33.82,58.54,4.114,0.1418,0.0211,4.29,True,Normal,0,test
PUMP_01,2026-05-25 18:00:00,0.153,49.86,34.41,59.0,4.025,0.1382,0.0156,4.25,True,Normal,0,test
PUMP_01,2026-05-25 19:00:00,0.1613,52.83,33.61,55.49,4.083,0.14,0.0178,4.21,True,Normal,0,test
PUMP_01,2026-05-25 20:00:00,0.1182,48.26,35.04,56.89,3.964,0.1378,0.0198,4.17,True,Normal,0,test
PUMP_01,2026-05-25 21:00:00,0.1512,50.98,33.55,58.44,3.976,0.1438,0.0169,4.12,True,Normal,0,test
PUMP_01,2026-05-25 22:00:00,0.1644,51.74,34.13,55.69,4.108,0.1459,0.0188,4.08,True,Normal,0,test
PUMP_01,2026-05-25 23:00:00,0.1627,46.45,33.86,55.88,3.89,0.1518,0.0173,4.04,True,Normal,0,test
PUMP_01,2026-05-26 00:00:00,0.1186,50.62,33.73,57.68,3.968,0.1461,0.0219,4.0,True,Normal,0,test
PUMP_01,2026-05-26 01:00:00,0.1398,50.91,35.3,58.59,4.09,0.1425,0.0207,3.96,True,Normal,0,test
PUMP_01,2026-05-26 02:00:00,0.1358,49.6,33.74,58.65,3.983,0.1454,0.0175,3.92,True,Normal,0,test
PUMP_01,2026-05-26 03:00:00,0.1649,49.03,33.82,59.9,3.977,0.1477,0.0192,3.88,True,Normal,0,test
PUMP_01,2026-05-26 04:00:00,0.1649,49.11,33.6,58.1,3.979,0.1478,0.0193,3.83,True,Normal,0,test
PUMP_01,2026-05-26 05:00:00,0.1192,49.51,34.02,57.55,4.009,0.1405,0.0207,3.79,True,Normal,0,test
PUMP_01,2026-05-26 06:00:00,0.1555,49.55,33.94,56.43,4.087,0.1467,0.0182,3.75,True,Normal,0,test
PUMP_01,2026-05-26 07:00:00,0.1717,49.26,33.33,57.54,4.074,0.152,0.0204,3.71,True,Normal,0,test
PUMP_01,2026-05-26 08:00:00,0.1609,49.48,33.75,58.85,4.001,0.1562,0.0189,3.67,True,Normal,0,test
PUMP_01,2026-05-26 09:00:00,0.1593,51.79,34.37,58.9,4.087,0.1552,0.0185,3.62,True,Normal,0,test
PUMP_01,2026-05-26 10:00:00,0.1495,48.18,34.62,58.32,4.027,0.1527,0.018,3.58,True,Normal,0,test
PUMP_01,2026-05-26 11:00:00,0.1367,47.38,34.01,58.66,4.069,0.1556,0.0118,3.54,True,Normal,0,test
PUMP_01,2026-05-26 12:00:00,0.1497,51.81,34.04,59.53,3.918,0.1546,0.012,3.5,True,Normal,0,test
PUMP_01,2026-05-26 13:00:00,0.1482,49.71,33.78,58.09,4.139,0.1507,0.0087,3.46,True,Normal,0,test
PUMP_01,2026-05-26 14:00:00,0.1542,49.42,33.7,59.64,4.018,0.1496,0.0075,3.42,True,Normal,0,test
PUMP_01,2026-05-26 15:00:00,0.1534,49.83,33.45,57.13,3.78,0.1486,0.0063,3.38,True,Normal,0,test
PUMP_01,2026-05-26 16:00:00,0.1426,50.31,33.07,57.91,4.133,0.1475,0.0067,3.33,True,Normal,0,test
PUMP_01,2026-05-26 17:00:00,0.1568,49.21,33.58,57.42,4.0,0.1508,0.0051,3.29,True,Normal,0,test
PUMP_01,2026-05-26 18:00:00,0.1344,50.76,34.54,58.95,3.968,0.1483,0.0085,3.25,True,Normal,0,test
PUMP_01,2026-05-26 19:00:00,0.1187,48.56,33.75,56.78,3.952,0.1434,0.0148,3.21,True,Normal,0,test
PUMP_01,2026-05-26 20:00:00,0.1485,49.55,33.79,57.61,4.035,0.1424,0.0141,3.17,True,Normal,0,test
PUMP_01,2026-05-26 21:00:00,0.1448,46.68,33.78,55.77,3.929,0.141,0.0131,3.12,True,Normal,0,test
PUMP_01,2026-05-26 22:00:00,0.1525,51.76,34.75,58.71,3.954,0.1426,0.014,3.08,True,Normal,0,test
PUMP_01,2026-05-26 23:00:00,0.1284,49.74,33.44,59.5,3.956,0.1379,0.013,3.04,True,Normal,0,test
PUMP_01,2026-05-27 00:00:00,0.1769,51.01,34.17,59.09,3.977,0.145,0.0203,3.0,True,Normal,0,test
PUMP_01,2026-05-27 01:00:00,0.1632,50.71,33.96,58.98,3.959,0.1524,0.0165,2.96,True,Normal,0,test
PUMP_01,2026-05-27 02:00:00,0.1507,50.82,34.04,59.01,4.068,0.1528,0.0164,2.92,True,Normal,0,test
PUMP_01,2026-05-27 03:00:00,0.143,49.99,34.15,58.84,4.022,0.1524,0.0166,2.88,True,Normal,0,test
PUMP_01,2026-05-27 04:00:00,0.1748,50.58,34.03,58.74,4.031,0.1562,0.019,2.83,True,Normal,0,test
PUMP_01,2026-05-27 05:00:00,0.1431,48.56,34.48,58.81,4.049,0.1586,0.0153,2.79,True,Normal,0,test
PUMP_01,2026-05-27 06:00:00,0.1939,48.24,33.98,57.21,3.993,0.1614,0.0201,2.75,True,Normal,0,test
PUMP_01,2026-05-27 07:00:00,0.1505,49.85,35.05,57.76,3.918,0.1593,0.0206,2.71,True,Normal,0,test
PUMP_01,2026-05-27 08:00:00,0.1845,48.98,34.03,58.08,4.144,0.165,0.0223,2.67,True,Normal,0,test
PUMP_01,2026-05-27 09:00:00,0.1543,52.14,32.98,57.6,4.074,0.1669,0.0205,2.62,True,Normal,0,test
PUMP_01,2026-05-27 10:00:00,0.1787,50.56,34.38,56.12,4.129,0.1675,0.0208,2.58,True,Normal,0,test
PUMP_01,2026-05-27 11:00:00,0.1416,48.93,34.24,56.52,4.083,0.1672,0.0212,2.54,True,Normal,0,test
PUMP_01,2026-05-27 12:00:00,0.1503,49.59,34.02,58.28,3.963,0.16,0.0174,2.5,True,Normal,0,test
PUMP_01,2026-05-27 13:00:00,0.1595,50.2,33.84,59.09,3.812,0.1615,0.0167,2.46,True,Normal,0,test
PUMP_01,2026-05-27 14:00:00,0.1549,49.9,32.73,58.01,3.902,0.1566,0.0124,2.42,True,Normal,0,test
PUMP_01,2026-05-27 15:00:00,0.1594,50.41,32.83,61.32,4.051,0.1574,0.0124,2.38,True,Normal,0,test
PUMP_01,2026-05-27 16:00:00,0.134,50.1,34.99,56.9,3.992,0.15,0.0103,2.33,True,Normal,0,test
PUMP_01,2026-05-27 17:00:00,0.1416,47.91,33.65,58.53,3.966,0.15,0.0103,2.29,True,Normal,0,test
PUMP_01,2026-05-27 18:00:00,0.1587,46.77,34.58,59.55,3.8,0.1514,0.0109,2.25,True,Normal,0,test
PUMP_01,2026-05-27 19:00:00,0.1298,49.44,33.04,59.28,3.999,0.1464,0.013,2.21,True,Normal,0,test
PUMP_01,2026-05-27 20:00:00,0.1499,50.84,33.37,58.79,3.913,0.1456,0.0125,2.17,True,Normal,0,test
PUMP_01,2026-05-27 21:00:00,0.1396,49.46,34.41,59.28,3.942,0.1423,0.0106,2.12,True,Normal,0,test
PUMP_01,2026-05-27 22:00:00,0.1481,51.85,33.94,58.07,4.068,0.1446,0.0099,2.08,True,Normal,0,test
PUMP_01,2026-05-27 23:00:00,0.1487,49.93,34.32,60.0,3.918,0.1458,0.0099,2.04,True,Normal,0,test
PUMP_01,2026-05-28 00:00:00,0.1382,52.04,33.99,59.54,3.925,0.1424,0.0079,2.0,True,Normal,0,test
PUMP_01,2026-05-28 01:00:00,0.1487,51.73,33.88,56.98,4.015,0.1455,0.0052,1.96,True,Normal,0,test
PUMP_01,2026-05-28 02:00:00,0.1572,51.58,33.59,58.39,4.07,0.1468,0.007,1.92,True,Normal,0,test
PUMP_01,2026-05-28 03:00:00,0.1555,48.19,33.28,56.14,3.968,0.1494,0.0067,1.88,True,Normal,0,test
PUMP_01,2026-05-28 04:00:00,0.1823,50.03,34.84,59.83,4.117,0.1551,0.0149,1.83,True,Normal,0,test
PUMP_01,2026-05-28 05:00:00,0.1748,51.83,34.94,58.27,3.898,0.1594,0.0164,1.79,True,Normal,0,test
PUMP_01,2026-05-28 06:00:00,0.1643,50.41,33.38,59.62,3.884,0.1638,0.0127,1.75,True,Normal,0,test
PUMP_01,2026-05-28 07:00:00,0.1482,50.83,33.34,57.87,3.877,0.1637,0.0128,1.71,True,Normal,0,test
PUMP_01,2026-05-28 08:00:00,0.1463,47.92,33.79,55.77,3.868,0.1619,0.0146,1.67,True,Normal,0,test
PUMP_01,2026-05-28 09:00:00,0.1867,52.88,34.2,61.16,4.027,0.1671,0.0172,1.62,True,Normal,0,test
PUMP_01,2026-05-28 10:00:00,0.1399,48.81,33.89,58.16,3.922,0.16,0.0183,1.58,True,Normal,0,test
PUMP_01,2026-05-28 11:00:00,0.1543,47.01,34.3,56.8,3.887,0.1566,0.0169,1.54,True,Normal,0,test
PUMP_01,2026-05-28 12:00:00,0.1554,49.47,33.97,59.37,4.03,0.1551,0.0165,1.5,True,Normal,0,test
PUMP_01,2026-05-28 13:00:00,0.1427,46.33,33.93,60.44,4.066,0.1542,0.0171,1.46,True,Normal,0,test
PUMP_01,2026-05-28 14:00:00,0.13,48.37,35.45,57.76,4.084,0.1515,0.0197,1.42,True,Normal,0,test
PUMP_01,2026-05-28 15:00:00,0.1312,53.84,33.68,57.88,4.07,0.1423,0.0109,1.38,True,Normal,0,test
PUMP_01,2026-05-28 16:00:00,0.1331,49.43,34.98,58.29,3.927,0.1411,0.0115,1.33,True,Normal,0,test
PUMP_01,2026-05-28 17:00:00,0.1297,47.86,34.87,56.67,4.022,0.137,0.0102,1.29,True,Normal,0,test
PUMP_01,2026-05-28 18:00:00,0.1599,50.04,34.3,57.17,4.04,0.1378,0.0119,1.25,True,Normal,0,test
PUMP_01,2026-05-28 19:00:00,0.1402,48.65,32.84,60.14,3.962,0.1374,0.0117,1.21,True,Normal,0,test
PUMP_01,2026-05-28 20:00:00,0.1335,51.3,34.02,57.84,4.013,0.1379,0.0113,1.17,True,Normal,0,test
PUMP_01,2026-05-28 21:00:00,0.1445,48.67,33.69,56.99,3.9,0.1402,0.0111,1.12,True,Normal,0,test
PUMP_01,2026-05-28 22:00:00,0.155,50.41,34.01,57.46,3.95,0.1438,0.0119,1.08,True,Normal,0,test
PUMP_01,2026-05-28 23:00:00,0.1422,48.28,33.36,59.29,4.03,0.1459,0.0098,1.04,True,Normal,0,test
PUMP_01,2026-05-29 00:00:00,0.1635,53.9,34.45,55.63,4.121,0.1465,0.0109,1.0,True,Normal,0,test
PUMP_01,2026-05-29 01:00:00,0.1335,50.76,34.59,58.31,4.092,0.1454,0.012,0.96,True,Normal,0,test
PUMP_01,2026-05-29 02:00:00,0.1726,49.78,34.7,60.95,4.053,0.1519,0.0146,0.92,True,Normal,0,test
PUMP_01,2026-05-29 03:00:00,0.1569,49.56,33.77,60.44,4.006,0.154,0.0142,0.88,True,Normal,0,test
PUMP_01,2026-05-29 04:00:00,0.1579,49.17,33.36,58.69,3.994,0.1544,0.0143,0.83,True,Normal,0,test
PUMP_01,2026-05-29 05:00:00,0.1493,48.86,34.21,59.58,3.884,0.1556,0.0133,0.79,True,Normal,0,test
PUMP_01,2026-05-29 06:00:00,0.1416,48.82,35.05,59.57,3.933,0.152,0.0137,0.75,True,Normal,0,test
PUMP_01,2026-05-29 07:00:00,0.1347,52.52,34.04,57.85,3.936,0.1522,0.0134,0.71,True,Normal,0,test
PUMP_01,2026-05-29 08:00:00,0.1472,49.17,34.27,59.11,4.046,0.1479,0.0089,0.67,True,Normal,0,test
PUMP_01,2026-05-29 09:00:00,0.1659,46.81,33.86,60.15,4.076,0.1494,0.0112,0.62,True,Normal,0,test
PUMP_01,2026-05-29 10:00:00,0.1406,48.25,33.7,56.48,4.059,0.1465,0.0108,0.58,True,Normal,0,test
PUMP_01,2026-05-29 11:00:00,0.1294,51.39,34.39,58.69,4.095,0.1432,0.0127,0.54,True,Normal,0,test
PUMP_01,2026-05-29 12:00:00,0.1364,49.62,33.94,58.43,4.006,0.1424,0.013,0.5,True,Normal,0,test
PUMP_01,2026-05-29 13:00:00,0.1416,49.8,34.24,58.12,3.921,0.1435,0.0125,0.46,True,Normal,0,test
PUMP_01,2026-05-29 14:00:00,0.1398,51.75,34.3,58.02,3.996,0.1423,0.0124,0.42,True,Normal,0,test
PUMP_01,2026-05-29 15:00:00,0.141,48.83,34.21,58.28,3.942,0.1381,0.0047,0.38,True,Normal,0,test
PUMP_01,2026-05-29 16:00:00,0.1568,50.95,34.33,58.38,4.053,0.1408,0.009,0.33,True,Normal,0,test
PUMP_01,2026-05-29 17:00:00,0.1591,49.0,33.49,59.34,3.971,0.1458,0.0096,0.29,True,Normal,0,test
PUMP_01,2026-05-29 18:00:00,0.1701,50.86,33.45,58.57,3.992,0.1514,0.0125,0.25,True,Normal,0,test
PUMP_01,2026-05-29 19:00:00,0.116,49.41,33.97,57.79,4.055,0.1471,0.0191,0.21,True,Normal,0,test
PUMP_01,2026-05-29 20:00:00,0.1285,49.64,33.99,56.99,3.941,0.1452,0.0205,0.17,True,Normal,0,test
PUMP_01,2026-05-29 21:00:00,0.1534,51.23,33.69,57.43,4.077,0.1473,0.0206,0.12,True,Normal,0,test
PUMP_01,2026-05-29 22:00:00,0.1382,51.12,34.14,58.31,3.892,0.1442,0.0203,0.08,True,Normal,0,test
PUMP_01,2026-05-29 23:00:00,0.1603,49.75,34.54,57.15,4.025,0.1444,0.0205,0.04,True,Normal,0,test
PUMP_02,2026-03-01 00:00:00,0.1517,49.12,33.46,57.68,4.052,0.1517,0.0,70.0,False,Normal,0,train
PUMP_02,2026-03-01 01:00:00,0.1244,52.34,33.27,57.99,4.035,0.138,0.0193,69.96,False,Normal,0,train
PUMP_02,2026-03-01 02:00:00,0.1569,52.25,34.52,57.2,3.906,0.1443,0.0175,69.92,False,Normal,0,train
PUMP_02,2026-03-01 03:00:00,0.168,48.99,34.23,58.78,3.764,0.1502,0.0185,69.88,False,Normal,0,train
PUMP_02,2026-03-01 04:00:00,0.1718,47.73,34.9,56.42,4.01,0.1546,0.0187,69.83,False,Normal,0,train
PUMP_02,2026-03-01 05:00:00,0.1575,47.29,33.76,58.39,4.05,0.155,0.0168,69.79,False,Normal,0,train
PUMP_02,2026-03-01 06:00:00,0.1827,50.91,33.42,57.19,3.984,0.1602,0.02,69.75,False,Normal,0,train
PUMP_02,2026-03-01 07:00:00,0.1646,50.2,34.38,57.49,4.053,0.1669,0.0097,69.71,False,Normal,0,train
PUMP_02,2026-03-01 08:00:00,0.1713,48.83,33.5,57.52,3.92,0.1693,0.0084,69.67,False,Normal,0,train
PUMP_02,2026-03-01 09:00:00,0.146,50.41,33.81,57.8,3.972,0.1656,0.0128,69.62,False,Normal,0,train
PUMP_02,2026-03-01 10:00:00,0.1778,48.15,34.32,58.6,3.926,0.1666,0.0135,69.58,False,Normal,0,train
PUMP_02,2026-03-01 11:00:00,0.1525,51.19,33.92,57.96,4.056,0.1658,0.0144,69.54,False,Normal,0,train
PUMP_02,2026-03-01 12:00:00,0.1737,49.43,33.71,59.12,3.927,0.1643,0.0126,69.5,False,Normal,0,train
PUMP_02,2026-03-01 13:00:00,0.1678,48.38,33.16,59.25,4.165,0.1648,0.0127,69.46,False,Normal,0,train
PUMP_02,2026-03-01 14:00:00,0.1489,49.45,34.56,58.37,3.96,0.1611,0.0137,69.42,False,Normal,0,train
PUMP_02,2026-03-01 15:00:00,0.149,49.4,33.78,58.82,4.064,0.1616,0.013,69.38,False,Normal,0,train
PUMP_02,2026-03-01 16:00:00,0.1386,50.55,34.37,60.43,3.961,0.1551,0.0131,69.33,False,Normal,0,train
PUMP_02,2026-03-01 17:00:00,0.1281,51.75,34.29,56.3,4.107,0.151,0.0172,69.29,False,Normal,0,train
PUMP_02,2026-03-01 18:00:00,0.1489,51.67,34.65,59.29,4.104,0.1469,0.0132,69.25,False,Normal,0,train
PUMP_02,2026-03-01 19:00:00,0.1485,50.24,33.86,59.85,3.974,0.1437,0.0087,69.21,False,Normal,0,train
PUMP_02,2026-03-01 20:00:00,0.1171,49.72,33.79,58.52,4.022,0.1384,0.0133,69.17,False,Normal,0,train
PUMP_02,2026-03-01 21:00:00,0.1417,49.15,33.34,60.28,4.102,0.1372,0.0124,69.12,False,Normal,0,train
PUMP_02,2026-03-01 22:00:00,0.158,47.35,33.67,60.13,4.024,0.1404,0.0151,69.08,False,Normal,0,train
PUMP_02,2026-03-01 23:00:00,0.1694,49.97,34.2,57.6,3.926,0.1473,0.0176,69.04,False,Normal,0,train
PUMP_02,2026-03-02 00:00:00,0.1609,48.72,33.51,57.69,4.006,0.1493,0.0185,69.0,False,Normal,0,train
PUMP_02,2026-03-02 01:00:00,0.1298,51.83,34.19,58.64,3.94,0.1462,0.0201,68.96,False,Normal,0,train
PUMP_02,2026-03-02 02:00:00,0.1392,49.7,34.88,57.25,4.012,0.1498,0.0152,68.92,False,Normal,0,train
PUMP_02,2026-03-02 03:00:00,0.1519,51.12,33.73,61.25,3.937,0.1515,0.0147,68.88,False,Normal,0,train
PUMP_02,2026-03-02 04:00:00,0.1796,49.28,33.21,58.95,4.03,0.1551,0.0187,68.83,False,Normal,0,train
PUMP_02,2026-03-02 05:00:00,0.1506,48.99,33.75,58.06,3.857,0.152,0.0173,68.79,False,Normal,0,train
PUMP_02,2026-03-02 06:00:00,0.1759,50.91,33.15,56.31,3.91,0.1545,0.0198,68.75,False,Normal,0,train
PUMP_02,2026-03-02 07:00:00,0.1503,50.42,34.8,58.3,3.937,0.1579,0.0161,68.71,False,Normal,0,train
PUMP_02,2026-03-02 08:00:00,0.1666,50.48,34.05,56.58,3.987,0.1625,0.0134,68.67,False,Normal,0,train
PUMP_02,2026-03-02 09:00:00,0.143,49.86,33.56,58.91,3.879,0.161,0.0151,68.62,False,Normal,0,train
PUMP_02,2026-03-02 10:00:00,0.1521,51.18,33.66,55.0,3.929,0.1564,0.0123,68.58,False,Normal,0,train
PUMP_02,2026-03-02 11:00:00,0.1356,50.97,33.29,59.66,4.062,0.1539,0.0149,68.54,False,Normal,0,train
PUMP_02,2026-03-02 12:00:00,0.1716,46.73,34.61,57.49,4.072,0.1532,0.0137,68.5,False,Normal,0,train
PUMP_02,2026-03-02 13:00:00,0.137,49.61,35.1,55.97,3.797,0.151,0.0153,68.46,False,Normal,0,train
PUMP_02,2026-03-02 14:00:00,0.1218,51.52,33.1,57.98,3.953,0.1435,0.017,68.42,False,Normal,0,train
PUMP_02,2026-03-02 15:00:00,0.1185,48.47,34.63,58.02,4.102,0.1394,0.0198,68.38,False,Normal,0,train
PUMP_02,2026-03-02 16:00:00,0.1401,47.46,33.85,57.92,4.031,0.1374,0.0189,68.33,False,Normal,0,train
PUMP_02,2026-03-02 17:00:00,0.1335,49.79,34.76,59.66,4.033,0.1371,0.0189,68.29,False,Normal,0,train
PUMP_02,2026-03-02 18:00:00,0.1497,50.78,32.9,58.46,4.045,0.1334,0.0117,68.25,False,Normal,0,train
PUMP_02,2026-03-02 19:00:00,0.1368,49.31,34.14,58.96,3.923,0.1334,0.0117,68.21,False,Normal,0,train
PUMP_02,2026-03-02 20:00:00,0.1588,51.94,33.76,57.7,4.017,0.1396,0.0139,68.17,False,Normal,0,train
PUMP_02,2026-03-02 21:00:00,0.1371,52.77,34.4,58.51,4.038,0.1427,0.0097,68.12,False,Normal,0,train
PUMP_02,2026-03-02 22:00:00,0.1604,47.11,34.04,56.43,4.009,0.146,0.0119,68.08,False,Normal,0,train
PUMP_02,2026-03-02 23:00:00,0.1331,49.42,34.01,58.31,3.969,0.146,0.012,68.04,False,Normal,0,train
PUMP_02,2026-03-03 00:00:00,0.1275,46.58,33.94,57.09,3.996,0.1423,0.0139,68.0,False,Normal,0,train
PUMP_02,2026-03-03 01:00:00,0.1402,50.99,34.94,59.58,3.909,0.1428,0.0137,67.96,False,Normal,0,train
PUMP_02,2026-03-03 02:00:00,0.1381,48.98,33.9,58.09,4.049,0.1394,0.0112,67.92,False,Normal,0,train
PUMP_02,2026-03-03 03:00:00,0.1385,49.29,34.52,58.8,3.885,0.1396,0.0112,67.88,False,Normal,0,train
PUMP_02,2026-03-03 04:00:00,0.1649,51.72,34.38,58.31,3.935,0.1404,0.0129,67.83,False,Normal,0,train
PUMP_02,2026-03-03 05:00:00,0.1557,48.01,34.53,60.17,4.055,0.1442,0.0136,67.79,False,Normal,0,train
PUMP_02,2026-03-03 06:00:00,0.1621,47.63,33.39,56.13,4.023,0.1499,0.0124,67.75,False,Normal,0,train
PUMP_02,2026-03-03 07:00:00,0.1676,46.58,34.42,57.86,3.961,0.1545,0.0131,67.71,False,Normal,0,train
PUMP_02,2026-03-03 08:00:00,0.1334,51.91,34.2,56.85,3.863,0.1537,0.0144,67.67,False,Normal,0,train
PUMP_02,2026-03-03 09:00:00,0.1656,51.56,33.29,55.54,3.996,0.1582,0.0128,67.62,False,Normal,0,train
PUMP_02,2026-03-03 10:00:00,0.1369,49.56,33.87,56.77,3.95,0.1536,0.0149,67.58,False,Normal,0,train
PUMP_02,2026-03-03 11:00:00,0.1439,48.09,35.38,59.41,4.038,0.1516,0.0153,67.54,False,Normal,0,train
PUMP_02,2026-03-03 12:00:00,0.1216,51.25,33.76,57.96,3.959,0.1448,0.0184,67.5,False,Normal,0,train
PUMP_02,2026-03-03 13:00:00,0.1572,54.13,33.78,57.74,3.86,0.1431,0.0161,67.46,False,Normal,0,train
PUMP_02,2026-03-03 14:00:00,0.1197,49.65,34.27,58.93,3.889,0.1408,0.0186,67.42,False,Normal,0,train
PUMP_02,2026-03-03 15:00:00,0.1249,48.2,33.68,58.14,3.966,0.134,0.0147,67.38,False,Normal,0,train
PUMP_02,2026-03-03 16:00:00,0.1244,51.86,34.08,58.74,4.009,0.132,0.0151,67.33,False,Normal,0,train
PUMP_02,2026-03-03 17:00:00,0.1384,48.3,33.73,58.39,3.907,0.131,0.0144,67.29,False,Normal,0,train
PUMP_02,2026-03-03 18:00:00,0.1376,49.45,34.24,58.65,3.939,0.1337,0.0138,67.25,False,Normal,0,train
PUMP_02,2026-03-03 19:00:00,0.1525,46.04,33.96,57.46,4.063,0.1329,0.0122,67.21,False,Normal,0,train
PUMP_02,2026-03-03 20:00:00,0.1398,49.55,35.17,59.26,4.089,0.1363,0.0105,67.17,False,Normal,0,train
PUMP_02,2026-03-03 21:00:00,0.1574,48.08,34.03,56.55,4.022,0.1417,0.0118,67.12,False,Normal,0,train
PUMP_02,2026-03-03 22:00:00,0.1507,51.89,33.87,57.9,3.977,0.1461,0.0085,67.08,False,Normal,0,train
PUMP_02,2026-03-03 23:00:00,0.1332,48.54,34.62,59.32,3.95,0.1452,0.0096,67.04,False,Normal,0,train
PUMP_02,2026-03-04 00:00:00,0.14,51.17,33.17,57.82,4.043,0.1456,0.0093,67.0,False,Normal,0,train
PUMP_02,2026-03-04 01:00:00,0.1752,49.84,35.02,57.48,3.975,0.1494,0.0153,66.96,False,Normal,0,train
PUMP_02,2026-03-04 02:00:00,0.1734,50.19,33.41,60.75,4.074,0.155,0.0172,66.92,False,Normal,0,train
PUMP_02,2026-03-04 03:00:00,0.1694,50.78,34.72,59.7,4.078,0.157,0.0182,66.88,False,Normal,0,train
PUMP_02,2026-03-04 04:00:00,0.173,49.92,34.87,58.17,4.033,0.1607,0.0189,66.83,False,Normal,0,train
PUMP_02,2026-03-04 05:00:00,0.1666,49.03,33.68,56.84,3.96,0.1663,0.0132,66.79,False,Normal,0,train
PUMP_02,2026-03-04 06:00:00,0.165,48.78,33.74,55.56,3.966,0.1704,0.0041,66.75,False,Normal,0,train
PUMP_02,2026-03-04 07:00:00,0.1604,50.76,33.93,58.85,3.869,0.168,0.005,66.71,False,Normal,0,train
PUMP_02,2026-03-04 08:00:00,0.1841,47.15,34.37,59.52,3.996,0.1697,0.0082,66.67,False,Normal,0,train
PUMP_02,2026-03-04 09:00:00,0.1501,52.52,33.4,58.47,3.993,0.1665,0.0115,66.62,False,Normal,0,train
PUMP_02,2026-03-04 10:00:00,0.1586,50.2,33.93,55.95,3.89,0.1641,0.0114,66.58,False,Normal,0,train
PUMP_02,2026-03-04 11:00:00,0.127,49.49,33.81,58.19,4.189,0.1575,0.0188,66.54,False,Normal,0,train
PUMP_02,2026-03-04 12:00:00,0.1285,50.4,33.31,57.42,4.044,0.1514,0.0216,66.5,False,Normal,0,train
PUMP_02,2026-03-04 13:00:00,0.1746,49.11,33.37,58.19,3.933,0.1538,0.0234,66.46,False,Normal,0,train
PUMP_02,2026-03-04 14:00:00,0.1543,49.73,34.08,60.33,4.164,0.1488,0.0183,66.42,False,Normal,0,train
PUMP_02,2026-03-04 15:00:00,0.1397,48.3,34.07,58.95,3.96,0.1471,0.0187,66.38,False,Normal,0,train
PUMP_02,2026-03-04 16:00:00,0.1425,50.56,33.54,58.69,4.066,0.1444,0.0178,66.33,False,Normal,0,train
PUMP_02,2026-03-04 17:00:00,0.12,49.88,34.05,57.95,4.007,0.1433,0.0194,66.29,False,Normal,0,train
PUMP_02,2026-03-04 18:00:00,0.1336,50.28,33.61,58.5,3.963,0.1441,0.0187,66.25,False,Normal,0,train
PUMP_02,2026-03-04 19:00:00,0.1185,52.22,34.78,57.13,3.973,0.1348,0.0138,66.21,False,Normal,0,train
PUMP_02,2026-03-04 20:00:00,0.1369,48.79,33.94,58.67,4.115,0.1319,0.0102,66.17,False,Normal,0,train
PUMP_02,2026-03-04 21:00:00,0.1531,49.81,34.66,57.77,4.07,0.1341,0.0133,66.12,False,Normal,0,train
PUMP_02,2026-03-04 22:00:00,0.1518,47.52,32.98,57.01,3.99,0.1356,0.0149,66.08,False,Normal,0,train
PUMP_02,2026-03-04 23:00:00,0.1712,50.83,34.19,58.98,3.836,0.1442,0.0184,66.04,False,Normal,0,train
PUMP_02,2026-03-05 00:00:00,0.1544,49.97,34.36,55.32,4.024,0.1476,0.018,66.0,False,Normal,0,train
PUMP_02,2026-03-05 01:00:00,0.1154,50.03,33.92,57.35,3.9,0.1471,0.019,65.96,False,Normal,0,train
PUMP_02,2026-03-05 02:00:00,0.1843,49.76,33.68,58.74,4.043,0.155,0.0233,65.92,False,Normal,0,train
PUMP_02,2026-03-05 03:00:00,0.1445,49.13,33.91,59.47,3.943,0.1536,0.0237,65.88,False,Normal,0,train
PUMP_02,2026-03-05 04:00:00,0.1611,53.74,34.45,58.57,3.951,0.1552,0.0238,65.83,False,Normal,0,train
PUMP_02,2026-03-05 05:00:00,0.1612,50.06,33.27,57.19,3.949,0.1535,0.0228,65.79,False,Normal,0,train
PUMP_02,2026-03-05 06:00:00,0.1636,50.44,34.42,57.94,4.082,0.155,0.0232,65.75,False,Normal,0,train
PUMP_02,2026-03-05 07:00:00,0.1604,48.29,34.19,58.35,3.859,0.1625,0.0127,65.71,False,Normal,0,train
PUMP_02,2026-03-05 08:00:00,0.1596,51.33,33.84,59.87,4.059,0.1584,0.0069,65.67,False,Normal,0,train
PUMP_02,2026-03-05 09:00:00,0.1372,49.81,33.87,59.1,4.027,0.1572,0.0099,65.62,False,Normal,0,train
PUMP_02,2026-03-05 10:00:00,0.1938,50.67,34.04,59.11,3.994,0.1626,0.0181,65.58,False,Normal,0,train
PUMP_02,2026-03-05 11:00:00,0.1624,51.35,35.0,58.08,3.964,0.1628,0.0181,65.54,False,Normal,0,train
PUMP_02,2026-03-05 12:00:00,0.1508,49.84,34.21,56.71,4.039,0.1607,0.0187,65.5,False,Normal,0,train
PUMP_02,2026-03-05 13:00:00,0.175,48.98,33.43,56.31,3.965,0.1631,0.0196,65.46,False,Normal,0,train
PUMP_02,2026-03-05 14:00:00,0.1289,46.51,33.74,57.64,3.964,0.158,0.0242,65.42,False,Normal,0,train
PUMP_02,2026-03-05 15:00:00,0.156,49.42,33.31,58.84,4.005,0.1611,0.0221,65.38,False,Normal,0,train
PUMP_02,2026-03-05 16:00:00,0.133,48.98,32.87,57.4,4.138,0.151,0.0176,65.33,False,Normal,0,train
PUMP_02,2026-03-05 17:00:00,0.1464,48.29,33.3,58.69,3.879,0.1484,0.0167,65.29,False,Normal,0,train
PUMP_02,2026-03-05 18:00:00,0.1464,52.18,34.07,57.05,4.04,0.1476,0.0167,65.25,False,Normal,0,train
PUMP_02,2026-03-05 19:00:00,0.1053,51.47,34.76,57.23,3.989,0.136,0.018,65.21,False,Normal,0,train
PUMP_02,2026-03-05 20:00:00,0.1199,47.26,34.6,59.69,3.982,0.1345,0.019,65.17,False,Normal,0,train
PUMP_02,2026-03-05 21:00:00,0.1667,50.23,33.31,58.92,3.878,0.1363,0.0218,65.12,False,Normal,0,train
PUMP_02,2026-03-05 22:00:00,0.1412,48.77,33.52,57.63,3.86,0.1376,0.0218,65.08,False,Normal,0,train
PUMP_02,2026-03-05 23:00:00,0.1774,50.55,33.44,57.0,4.027,0.1428,0.0273,65.04,False,Normal,0,train
PUMP_02,2026-03-06 00:00:00,0.1697,48.8,32.45,59.14,3.898,0.1467,0.0294,65.0,False,Normal,0,train
PUMP_02,2026-03-06 01:00:00,0.1493,49.19,33.9,59.05,4.081,0.154,0.0215,64.96,False,Normal,0,train
PUMP_02,2026-03-06 02:00:00,0.1504,51.44,34.48,58.77,3.919,0.1591,0.0141,64.92,False,Normal,0,train
PUMP_02,2026-03-06 03:00:00,0.1818,51.23,33.85,57.79,4.044,0.1616,0.0168,64.88,False,Normal,0,train
PUMP_02,2026-03-06 04:00:00,0.1902,52.26,33.24,56.69,3.954,0.1698,0.0168,64.83,False,Normal,0,train
PUMP_02,2026-03-06 05:00:00,0.1554,49.67,33.49,57.98,3.95,0.1661,0.0172,64.79,False,Normal,0,train
PUMP_02,2026-03-06 06:00:00,0.1831,47.82,33.8,59.69,3.927,0.1684,0.0186,64.75,False,Normal,0,train
PUMP_02,2026-03-06 07:00:00,0.1751,51.38,34.46,56.91,4.035,0.1727,0.0161,64.71,False,Normal,0,train
PUMP_02,2026-03-06 08:00:00,0.1767,51.39,33.89,58.06,4.057,0.1771,0.0119,64.67,False,Normal,0,train
PUMP_02,2026-03-06 09:00:00,0.1586,50.94,34.38,59.96,3.975,0.1732,0.0137,64.62,False,Normal,0,train
PUMP_02,2026-03-06 10:00:00,0.1449,48.88,33.95,57.63,4.047,0.1656,0.0148,64.58,False,Normal,0,train
PUMP_02,2026-03-06 11:00:00,0.1368,48.39,34.14,57.85,4.001,0.1625,0.0188,64.54,False,Normal,0,train
PUMP_02,2026-03-06 12:00:00,0.1304,50.8,33.44,56.38,3.893,0.1538,0.0196,64.5,False,Normal,0,train
PUMP_02,2026-03-06 13:00:00,0.1761,48.67,33.59,58.75,4.03,0.1539,0.0198,64.46,False,Normal,0,train
PUMP_02,2026-03-06 14:00:00,0.1452,49.54,33.25,57.11,3.976,0.1487,0.0164,64.42,False,Normal,0,train
PUMP_02,2026-03-06 15:00:00,0.1258,54.36,34.36,56.13,3.791,0.1432,0.0179,64.38,False,Normal,0,train
PUMP_02,2026-03-06 16:00:00,0.1564,53.19,33.83,56.86,3.969,0.1451,0.0187,64.33,False,Normal,0,train
PUMP_02,2026-03-06 17:00:00,0.1332,51.19,31.84,58.25,3.865,0.1445,0.0191,64.29,False,Normal,0,train
PUMP_02,2026-03-06 18:00:00,0.1302,49.01,34.29,56.1,3.901,0.1445,0.0191,64.25,False,Normal,0,train
PUMP_02,2026-03-06 19:00:00,0.1714,48.92,34.58,56.34,3.98,0.1437,0.0176,64.21,False,Normal,0,train
PUMP_02,2026-03-06 20:00:00,0.1214,51.07,33.51,58.67,3.994,0.1397,0.0197,64.17,False,Normal,0,train
PUMP_02,2026-03-06 21:00:00,0.1465,52.25,34.29,57.91,3.933,0.1432,0.0186,64.12,False,Normal,0,train
PUMP_02,2026-03-06 22:00:00,0.1361,49.23,33.87,56.9,4.042,0.1398,0.0175,64.08,False,Normal,0,train
PUMP_02,2026-03-06 23:00:00,0.1362,49.31,32.73,57.61,3.991,0.1403,0.0173,64.04,False,Normal,0,train
PUMP_02,2026-03-07 00:00:00,0.128,50.13,35.17,60.09,3.966,0.1399,0.0176,64.0,False,Normal,0,train
PUMP_02,2026-03-07 01:00:00,0.1535,47.92,33.88,59.54,4.003,0.1369,0.0117,63.96,False,Normal,0,train
PUMP_02,2026-03-07 02:00:00,0.1419,47.96,34.12,57.87,4.096,0.1404,0.009,63.92,False,Normal,0,train
PUMP_02,2026-03-07 03:00:00,0.1659,48.24,33.63,58.98,3.828,0.1436,0.0138,63.88,False,Normal,0,train
PUMP_02,2026-03-07 04:00:00,0.158,50.82,33.82,58.15,4.104,0.1473,0.0143,63.83,False,Normal,0,train
PUMP_02,2026-03-07 05:00:00,0.155,50.41,34.1,55.87,3.951,0.1504,0.0134,63.79,False,Normal,0,train
PUMP_02,2026-03-07 06:00:00,0.147,51.71,33.37,55.66,3.938,0.1536,0.0084,63.75,False,Normal,0,train
PUMP_02,2026-03-07 07:00:00,0.1811,47.39,35.02,56.91,3.968,0.1581,0.014,63.71,False,Normal,0,train
PUMP_02,2026-03-07 08:00:00,0.1697,47.72,34.5,56.11,3.929,0.1628,0.012,63.67,False,Normal,0,train
PUMP_02,2026-03-07 09:00:00,0.1469,50.68,34.31,58.33,3.917,0.1596,0.0135,63.62,False,Normal,0,train
PUMP_02,2026-03-07 10:00:00,0.1346,48.69,33.91,57.34,4.068,0.1557,0.017,63.58,False,Normal,0,train
PUMP_02,2026-03-07 11:00:00,0.1243,48.8,33.54,58.51,4.013,0.1506,0.0213,63.54,False,Normal,0,train
PUMP_02,2026-03-07 12:00:00,0.1671,51.52,34.62,58.53,3.847,0.154,0.0222,63.5,False,Normal,0,train
PUMP_02,2026-03-07 13:00:00,0.161,49.17,34.37,58.83,4.054,0.1506,0.0185,63.46,False,Normal,0,train
PUMP_02,2026-03-07 14:00:00,0.1607,49.35,33.76,56.88,4.042,0.1491,0.0169,63.42,False,Normal,0,train
PUMP_02,2026-03-07 15:00:00,0.1411,49.62,33.35,58.62,3.881,0.1481,0.0172,63.38,False,Normal,0,train
PUMP_02,2026-03-07 16:00:00,0.1534,49.72,33.05,56.85,4.014,0.1513,0.0159,63.33,False,Normal,0,train
PUMP_02,2026-03-07 17:00:00,0.1557,51.03,34.02,58.85,4.05,0.1565,0.0089,63.29,False,Normal,0,train
PUMP_02,2026-03-07 18:00:00,0.139,48.18,33.85,59.47,3.872,0.1518,0.0096,63.25,False,Normal,0,train
PUMP_02,2026-03-07 19:00:00,0.135,49.72,34.71,58.87,4.023,0.1475,0.0104,63.21,False,Normal,0,train
PUMP_02,2026-03-07 20:00:00,0.1267,51.74,34.6,57.79,3.946,0.1418,0.011,63.17,False,Normal,0,train
PUMP_02,2026-03-07 21:00:00,0.1493,53.2,34.02,58.68,4.043,0.1432,0.0114,63.12,False,Normal,0,train
PUMP_02,2026-03-07 22:00:00,0.1534,47.97,33.95,56.16,3.925,0.1432,0.0114,63.08,False,Normal,0,train
PUMP_02,2026-03-07 23:00:00,0.1413,50.5,33.31,55.89,4.083,0.1408,0.0097,63.04,False,Normal,0,train
PUMP_02,2026-03-08 00:00:00,0.1457,49.71,34.64,58.56,3.981,0.1419,0.0098,63.0,False,Normal,0,train
PUMP_02,2026-03-08 01:00:00,0.1493,49.85,33.97,59.57,3.951,0.1443,0.0095,62.96,False,Normal,0,train
PUMP_02,2026-03-08 02:00:00,0.1669,48.82,34.36,56.52,3.942,0.151,0.0088,62.92,False,Normal,0,train
PUMP_02,2026-03-08 03:00:00,0.1365,51.13,34.71,58.02,4.07,0.1488,0.0106,62.88,False,Normal,0,train
PUMP_02,2026-03-08 04:00:00,0.1421,51.06,33.66,58.53,3.942,0.147,0.0107,62.83,False,Normal,0,train
PUMP_02,2026-03-08 05:00:00,0.1434,53.78,33.5,57.26,4.085,0.1473,0.0105,62.79,False,Normal,0,train
PUMP_02,2026-03-08 06:00:00,0.1578,48.02,35.48,57.59,4.017,0.1493,0.0112,62.75,False,Normal,0,train
PUMP_02,2026-03-08 07:00:00,0.1644,47.38,34.36,58.74,3.889,0.1519,0.0128,62.71,False,Normal,0,train
PUMP_02,2026-03-08 08:00:00,0.1426,53.08,33.83,58.13,4.002,0.1478,0.0108,62.67,False,Normal,0,train
PUMP_02,2026-03-08 09:00:00,0.1707,49.92,34.74,58.14,4.004,0.1535,0.0125,62.62,False,Normal,0,train
PUMP_02,2026-03-08 10:00:00,0.1769,49.31,33.82,56.82,3.887,0.1593,0.0141,62.58,False,Normal,0,train
PUMP_02,2026-03-08 11:00:00,0.1588,50.28,34.2,57.96,4.001,0.1619,0.0119,62.54,False,Normal,0,train
PUMP_02,2026-03-08 12:00:00,0.1668,47.91,33.66,57.52,4.043,0.1634,0.0118,62.5,False,Normal,0,train
PUMP_02,2026-03-08 13:00:00,0.1337,50.56,33.99,57.59,4.09,0.1582,0.0169,62.46,False,Normal,0,train
PUMP_02,2026-03-08 14:00:00,0.1316,49.88,33.84,57.35,4.087,0.1564,0.0193,62.42,False,Normal,0,train
PUMP_02,2026-03-08 15:00:00,0.1506,51.61,33.55,57.97,4.191,0.1531,0.0181,62.38,False,Normal,0,train
PUMP_02,2026-03-08 16:00:00,0.1408,51.29,34.15,56.96,4.0,0.1471,0.0141,62.33,False,Normal,0,train
PUMP_02,2026-03-08 17:00:00,0.1269,51.41,33.62,58.01,4.044,0.1417,0.0148,62.29,False,Normal,0,train
PUMP_02,2026-03-08 18:00:00,0.1614,50.29,34.35,57.56,3.952,0.1408,0.013,62.25,False,Normal,0,train
PUMP_02,2026-03-08 19:00:00,0.1448,52.41,33.82,56.88,4.151,0.1427,0.0126,62.21,False,Normal,0,train
PUMP_02,2026-03-08 20:00:00,0.1519,50.86,32.97,55.66,3.929,0.1461,0.0117,62.17,False,Normal,0,train
PUMP_02,2026-03-08 21:00:00,0.1328,49.2,34.37,59.14,4.147,0.1431,0.0126,62.12,False,Normal,0,train
PUMP_02,2026-03-08 22:00:00,0.1702,48.79,34.38,58.9,4.137,0.148,0.0166,62.08,False,Normal,0,train
PUMP_02,2026-03-08 23:00:00,0.1451,48.96,35.35,57.03,3.937,0.151,0.0133,62.04,False,Normal,0,train
PUMP_02,2026-03-09 00:00:00,0.1653,50.88,34.01,58.82,4.083,0.1517,0.014,62.0,False,Normal,0,train
PUMP_02,2026-03-09 01:00:00,0.1438,48.0,34.11,56.77,4.037,0.1515,0.0141,61.96,False,Normal,0,train
PUMP_02,2026-03-09 02:00:00,0.1575,50.23,34.29,57.63,3.967,0.1524,0.0143,61.92,False,Normal,0,train
PUMP_02,2026-03-09 03:00:00,0.1654,48.75,34.61,57.36,3.989,0.1579,0.0112,61.88,False,Normal,0,train
PUMP_02,2026-03-09 04:00:00,0.1886,48.12,34.57,57.67,4.021,0.161,0.0165,61.83,False,Normal,0,train
PUMP_02,2026-03-09 05:00:00,0.1531,48.36,34.19,58.78,4.029,0.1623,0.0152,61.79,False,Normal,0,train
PUMP_02,2026-03-09 06:00:00,0.163,49.96,33.98,57.52,4.12,0.1619,0.0152,61.75,False,Normal,0,train
PUMP_02,2026-03-09 07:00:00,0.1685,51.15,34.51,57.59,4.046,0.166,0.0124,61.71,False,Normal,0,train
PUMP_02,2026-03-09 08:00:00,0.1374,48.99,33.96,58.89,3.938,0.1627,0.017,61.67,False,Normal,0,train
PUMP_02,2026-03-09 09:00:00,0.1245,46.89,33.23,58.07,4.059,0.1559,0.0229,61.62,False,Normal,0,train
PUMP_02,2026-03-09 10:00:00,0.1401,54.73,33.1,57.29,3.86,0.1478,0.0167,61.58,False,Normal,0,train
PUMP_02,2026-03-09 11:00:00,0.1671,51.68,33.82,58.29,3.969,0.1501,0.0185,61.54,False,Normal,0,train
PUMP_02,2026-03-09 12:00:00,0.1757,51.4,34.07,59.19,3.977,0.1522,0.0208,61.5,False,Normal,0,train
PUMP_02,2026-03-09 13:00:00,0.1336,52.44,35.48,59.27,4.053,0.1464,0.0203,61.46,False,Normal,0,train
PUMP_02,2026-03-09 14:00:00,0.1267,50.14,33.93,56.41,4.142,0.1446,0.0216,61.42,False,Normal,0,train
PUMP_02,2026-03-09 15:00:00,0.166,49.8,34.03,56.47,4.017,0.1515,0.0205,61.38,False,Normal,0,train
PUMP_02,2026-03-09 16:00:00,0.1329,52.03,33.76,59.2,3.971,0.1503,0.0215,61.33,False,Normal,0,train
PUMP_02,2026-03-09 17:00:00,0.1348,52.02,34.37,57.65,3.944,0.145,0.0205,61.29,False,Normal,0,train
PUMP_02,2026-03-09 18:00:00,0.1619,50.92,34.17,55.36,4.067,0.1426,0.0168,61.25,False,Normal,0,train
PUMP_02,2026-03-09 19:00:00,0.1598,51.32,33.62,57.12,3.984,0.147,0.0174,61.21,False,Normal,0,train
PUMP_02,2026-03-09 20:00:00,0.1554,48.14,33.39,57.47,3.96,0.1518,0.0143,61.17,False,Normal,0,train
PUMP_02,2026-03-09 21:00:00,0.1173,49.61,33.76,57.62,4.076,0.1437,0.018,61.12,False,Normal,0,train
PUMP_02,2026-03-09 22:00:00,0.1261,52.56,33.49,58.92,4.094,0.1425,0.019,61.08,False,Normal,0,train
PUMP_02,2026-03-09 23:00:00,0.1642,51.21,33.86,56.88,3.923,0.1474,0.0203,61.04,False,Normal,0,train
PUMP_02,2026-03-10 00:00:00,0.1548,47.81,34.08,59.12,3.88,0.1463,0.0195,61.0,False,Normal,0,train
PUMP_02,2026-03-10 01:00:00,0.1409,49.2,33.7,58.34,3.992,0.1431,0.0184,60.96,False,Normal,0,train
PUMP_02,2026-03-10 02:00:00,0.1498,52.31,34.87,56.46,3.909,0.1422,0.0178,60.92,False,Normal,0,train
PUMP_02,2026-03-10 03:00:00,0.1737,50.68,34.7,57.62,3.898,0.1516,0.0169,60.88,False,Normal,0,train
PUMP_02,2026-03-10 04:00:00,0.1816,50.27,33.86,58.59,3.917,0.1608,0.0153,60.83,False,Normal,0,train
PUMP_02,2026-03-10 05:00:00,0.1596,50.32,33.42,58.05,4.084,0.1601,0.0152,60.79,False,Normal,0,train
PUMP_02,2026-03-10 06:00:00,0.1497,49.87,33.98,58.45,4.052,0.1592,0.0157,60.75,False,Normal,0,train
PUMP_02,2026-03-10 07:00:00,0.1555,49.21,33.92,57.3,4.197,0.1616,0.0132,60.71,False,Normal,0,train
PUMP_02,2026-03-10 08:00:00,0.1788,48.75,33.96,58.67,3.949,0.1665,0.0133,60.67,False,Normal,0,train
PUMP_02,2026-03-10 09:00:00,0.1769,51.52,33.76,57.52,4.106,0.167,0.0137,60.62,False,Normal,0,train
PUMP_02,2026-03-10 10:00:00,0.1579,50.36,33.37,61.06,4.039,0.1631,0.0119,60.58,False,Normal,0,train
PUMP_02,2026-03-10 11:00:00,0.1446,51.06,34.02,56.42,3.955,0.1606,0.0142,60.54,False,Normal,0,train
PUMP_02,2026-03-10 12:00:00,0.1662,50.82,33.79,61.24,3.988,0.1633,0.0132,60.5,False,Normal,0,train
PUMP_02,2026-03-10 13:00:00,0.1718,52.11,33.84,56.86,3.955,0.166,0.013,60.46,False,Normal,0,train
PUMP_02,2026-03-10 14:00:00,0.1232,50.68,34.06,59.53,4.021,0.1568,0.02,60.42,False,Normal,0,train
PUMP_02,2026-03-10 15:00:00,0.1394,51.24,33.96,58.99,4.079,0.1505,0.0182,60.38,False,Normal,0,train
PUMP_02,2026-03-10 16:00:00,0.1587,50.25,34.04,56.91,3.971,0.1506,0.0183,60.33,False,Normal,0,train
PUMP_02,2026-03-10 17:00:00,0.1414,48.58,33.76,58.72,4.068,0.1501,0.0185,60.29,False,Normal,0,train
PUMP_02,2026-03-10 18:00:00,0.1327,49.66,34.22,57.41,4.102,0.1445,0.0178,60.25,False,Normal,0,train
PUMP_02,2026-03-10 19:00:00,0.1431,50.88,33.57,58.33,4.12,0.1398,0.0118,60.21,False,Normal,0,train
PUMP_02,2026-03-10 20:00:00,0.1469,51.02,33.35,58.18,3.906,0.1437,0.0087,60.17,False,Normal,0,train
PUMP_02,2026-03-10 21:00:00,0.126,52.18,33.47,57.58,3.996,0.1415,0.0114,60.12,False,Normal,0,train
PUMP_02,2026-03-10 22:00:00,0.1464,49.31,33.59,57.48,4.057,0.1394,0.0083,60.08,False,Normal,0,train
PUMP_02,2026-03-10 23:00:00,0.1529,50.34,33.23,58.41,3.913,0.1413,0.01,60.04,False,Normal,0,train
PUMP_02,2026-03-11 00:00:00,0.1426,49.81,32.98,56.92,3.895,0.143,0.0091,60.0,False,Normal,0,train
PUMP_02,2026-03-11 01:00:00,0.1409,52.44,34.3,56.96,3.998,0.1426,0.0091,59.96,False,Normal,0,train
PUMP_02,2026-03-11 02:00:00,0.1469,50.56,34.76,59.15,3.967,0.1426,0.0091,59.92,False,Normal,0,train
PUMP_02,2026-03-11 03:00:00,0.1425,50.59,34.33,58.51,3.986,0.1454,0.0044,59.88,False,Normal,0,train
PUMP_02,2026-03-11 04:00:00,0.1714,49.95,33.71,56.43,3.962,0.1495,0.0116,59.83,False,Normal,0,train
PUMP_02,2026-03-11 05:00:00,0.1449,49.66,32.97,56.8,4.173,0.1482,0.0116,59.79,False,Normal,0,train
PUMP_02,2026-03-11 06:00:00,0.1628,47.83,34.12,55.44,3.963,0.1516,0.0125,59.75,False,Normal,0,train
PUMP_02,2026-03-11 07:00:00,0.154,48.11,33.04,59.09,4.047,0.1538,0.0114,59.71,False,Normal,0,train
PUMP_02,2026-03-11 08:00:00,0.1481,50.27,33.95,58.83,4.041,0.154,0.0112,59.67,False,Normal,0,train
PUMP_02,2026-03-11 09:00:00,0.1776,50.08,33.52,56.69,3.865,0.1598,0.0131,59.62,False,Normal,0,train
PUMP_02,2026-03-11 10:00:00,0.153,50.28,32.63,58.78,4.117,0.1567,0.0119,59.58,False,Normal,0,train
PUMP_02,2026-03-11 11:00:00,0.1425,51.41,34.89,60.38,4.05,0.1563,0.0124,59.54,False,Normal,0,train
PUMP_02,2026-03-11 12:00:00,0.1385,50.14,33.25,56.15,4.013,0.1523,0.0138,59.5,False,Normal,0,train
PUMP_02,2026-03-11 13:00:00,0.1525,49.48,33.79,57.26,4.085,0.152,0.0137,59.46,False,Normal,0,train
PUMP_02,2026-03-11 14:00:00,0.1574,49.69,33.92,56.13,3.996,0.1536,0.0137,59.42,False,Normal,0,train
PUMP_02,2026-03-11 15:00:00,0.162,50.37,33.72,59.14,4.071,0.151,0.0089,59.38,False,Normal,0,train
PUMP_02,2026-03-11 16:00:00,0.1388,49.43,34.28,57.88,3.85,0.1486,0.0101,59.33,False,Normal,0,train
PUMP_02,2026-03-11 17:00:00,0.1369,51.6,33.56,57.52,4.065,0.1477,0.011,59.29,False,Normal,0,train
PUMP_02,2026-03-11 18:00:00,0.142,49.98,34.23,58.27,4.015,0.1483,0.0105,59.25,False,Normal,0,train
PUMP_02,2026-03-11 19:00:00,0.1428,50.38,34.19,57.33,4.016,0.1466,0.0104,59.21,False,Normal,0,train
PUMP_02,2026-03-11 20:00:00,0.1298,48.78,33.17,57.52,3.933,0.142,0.0108,59.17,False,Normal,0,train
PUMP_02,2026-03-11 21:00:00,0.1649,51.6,34.14,58.33,3.982,0.1425,0.0119,59.12,False,Normal,0,train
PUMP_02,2026-03-11 22:00:00,0.1453,52.16,33.37,57.27,3.98,0.1436,0.0118,59.08,False,Normal,0,train
PUMP_02,2026-03-11 23:00:00,0.1554,47.96,33.3,57.44,3.909,0.1467,0.0121,59.04,False,Normal,0,train
PUMP_02,2026-03-12 00:00:00,0.1564,50.6,34.17,57.81,4.029,0.1491,0.0124,59.0,False,Normal,0,train
PUMP_02,2026-03-12 01:00:00,0.1586,49.84,33.75,58.11,4.126,0.1517,0.0125,58.96,False,Normal,0,train
PUMP_02,2026-03-12 02:00:00,0.1399,50.43,34.22,58.72,3.886,0.1534,0.0092,58.92,False,Normal,0,train
PUMP_02,2026-03-12 03:00:00,0.157,50.68,34.23,58.7,4.039,0.1521,0.0076,58.88,False,Normal,0,train
PUMP_02,2026-03-12 04:00:00,0.1929,46.65,33.14,56.2,3.966,0.16,0.0175,58.83,False,Normal,0,train
PUMP_02,2026-03-12 05:00:00,0.1835,51.14,34.44,59.69,3.957,0.1647,0.0196,58.79,False,Normal,0,train
PUMP_02,2026-03-12 06:00:00,0.1624,51.67,34.17,58.07,4.006,0.1657,0.0193,58.75,False,Normal,0,train
PUMP_02,2026-03-12 07:00:00,0.1542,51.84,33.65,57.6,4.007,0.165,0.0197,58.71,False,Normal,0,train
PUMP_02,2026-03-12 08:00:00,0.1254,48.58,33.92,56.92,4.015,0.1626,0.0238,58.67,False,Normal,0,train
PUMP_02,2026-03-12 09:00:00,0.1496,49.95,34.46,60.39,3.91,0.1613,0.0244,58.62,False,Normal,0,train
PUMP_02,2026-03-12 10:00:00,0.1538,49.19,33.81,60.83,4.087,0.1548,0.0188,58.58,False,Normal,0,train
PUMP_02,2026-03-12 11:00:00,0.1478,47.13,35.27,60.24,4.006,0.1489,0.0126,58.54,False,Normal,0,train
PUMP_02,2026-03-12 12:00:00,0.1463,49.07,34.89,58.15,4.048,0.1462,0.0107,58.5,False,Normal,0,train
PUMP_02,2026-03-12 13:00:00,0.1567,48.37,34.07,58.41,4.097,0.1466,0.0111,58.46,False,Normal,0,train
PUMP_02,2026-03-12 14:00:00,0.13,50.5,33.86,59.79,3.846,0.1474,0.0093,58.42,False,Normal,0,train
PUMP_02,2026-03-12 15:00:00,0.147,47.55,33.89,57.71,4.05,0.1469,0.0093,58.38,False,Normal,0,train
PUMP_02,2026-03-12 16:00:00,0.1397,48.53,33.64,58.65,3.987,0.1446,0.009,58.33,False,Normal,0,train
PUMP_02,2026-03-12 17:00:00,0.1271,49.22,34.08,58.27,4.082,0.1411,0.0112,58.29,False,Normal,0,train
PUMP_02,2026-03-12 18:00:00,0.1651,51.16,34.41,60.3,3.936,0.1443,0.0149,58.25,False,Normal,0,train
PUMP_02,2026-03-12 19:00:00,0.1516,54.17,33.19,59.72,4.075,0.1434,0.0142,58.21,False,Normal,0,train
PUMP_02,2026-03-12 20:00:00,0.1295,50.45,34.39,57.83,3.916,0.1433,0.0143,58.17,False,Normal,0,train
PUMP_02,2026-03-12 21:00:00,0.1507,48.45,34.56,59.83,4.032,0.144,0.0146,58.12,False,Normal,0,train
PUMP_02,2026-03-12 22:00:00,0.1242,48.98,34.34,58.0,4.023,0.1414,0.0167,58.08,False,Normal,0,train
PUMP_02,2026-03-12 23:00:00,0.1375,50.99,33.92,57.35,3.988,0.1431,0.0154,58.04,False,Normal,0,train
PUMP_02,2026-03-13 00:00:00,0.1699,47.98,34.32,57.66,3.917,0.1439,0.0168,58.0,False,Normal,0,train
PUMP_02,2026-03-13 01:00:00,0.1579,51.65,34.78,58.18,3.971,0.145,0.0176,57.96,False,Normal,0,train
PUMP_02,2026-03-13 02:00:00,0.1591,50.41,33.97,57.06,4.074,0.1499,0.0165,57.92,False,Normal,0,train
PUMP_02,2026-03-13 03:00:00,0.1719,49.81,34.01,57.38,4.119,0.1534,0.0188,57.88,False,Normal,0,train
PUMP_02,2026-03-13 04:00:00,0.1678,47.47,35.28,56.27,4.156,0.1607,0.0127,57.83,False,Normal,0,train
PUMP_02,2026-03-13 05:00:00,0.1557,51.38,34.18,57.01,4.042,0.1637,0.0069,57.79,False,Normal,0,train
PUMP_02,2026-03-13 06:00:00,0.174,48.86,33.4,58.28,4.02,0.1644,0.0078,57.75,False,Normal,0,train
PUMP_02,2026-03-13 07:00:00,0.1343,50.23,34.52,59.25,4.036,0.1605,0.0147,57.71,False,Normal,0,train
PUMP_02,2026-03-13 08:00:00,0.1486,49.76,34.24,59.1,4.154,0.1587,0.0155,57.67,False,Normal,0,train
PUMP_02,2026-03-13 09:00:00,0.1556,47.62,33.61,58.52,4.042,0.156,0.0141,57.62,False,Normal,0,train
PUMP_02,2026-03-13 10:00:00,0.1632,49.65,33.34,56.16,4.007,0.1552,0.0134,57.58,False,Normal,0,train
PUMP_02,2026-03-13 11:00:00,0.1477,48.18,34.14,56.97,3.978,0.1539,0.0137,57.54,False,Normal,0,train
PUMP_02,2026-03-13 12:00:00,0.1232,49.02,33.96,57.76,3.987,0.1454,0.0145,57.5,False,Normal,0,train
PUMP_02,2026-03-13 13:00:00,0.1185,50.65,33.25,59.16,4.031,0.1428,0.018,57.46,False,Normal,0,train
PUMP_02,2026-03-13 14:00:00,0.144,51.05,33.95,57.33,3.94,0.142,0.0178,57.42,False,Normal,0,train
PUMP_02,2026-03-13 15:00:00,0.1358,49.97,33.91,56.54,3.95,0.1387,0.0165,57.38,False,Normal,0,train
PUMP_02,2026-03-13 16:00:00,0.1277,48.67,33.96,59.74,3.995,0.1328,0.0117,57.33,False,Normal,0,train
PUMP_02,2026-03-13 17:00:00,0.1242,49.03,34.29,57.12,3.964,0.1289,0.0094,57.29,False,Normal,0,train
PUMP_02,2026-03-13 18:00:00,0.142,49.0,32.94,56.65,4.048,0.132,0.0102,57.25,False,Normal,0,train
PUMP_02,2026-03-13 19:00:00,0.1599,46.79,33.33,58.27,4.054,0.1389,0.0129,57.21,False,Normal,0,train
PUMP_02,2026-03-13 20:00:00,0.1433,50.11,33.71,57.94,4.021,0.1388,0.0128,57.17,False,Normal,0,train
PUMP_02,2026-03-13 21:00:00,0.1627,47.5,34.8,57.4,4.039,0.1433,0.0159,57.12,False,Normal,0,train
PUMP_02,2026-03-13 22:00:00,0.1394,50.11,35.42,58.0,4.009,0.1452,0.0142,57.08,False,Normal,0,train
PUMP_02,2026-03-13 23:00:00,0.1541,47.81,34.0,56.89,3.697,0.1502,0.01,57.04,False,Normal,0,train
PUMP_02,2026-03-14 00:00:00,0.1703,48.19,34.03,57.39,3.93,0.155,0.0118,57.0,False,Normal,0,train
PUMP_02,2026-03-14 01:00:00,0.1502,51.0,32.53,57.96,4.057,0.1533,0.0117,56.96,False,Normal,0,train
PUMP_02,2026-03-14 02:00:00,0.1554,50.04,34.54,55.56,3.933,0.1554,0.0106,56.92,False,Normal,0,train
PUMP_02,2026-03-14 03:00:00,0.1515,47.17,34.27,59.15,4.068,0.1535,0.01,56.88,False,Normal,0,train
PUMP_02,2026-03-14 04:00:00,0.1675,49.16,34.17,56.35,4.073,0.1582,0.0086,56.83,False,Normal,0,train
PUMP_02,2026-03-14 05:00:00,0.1732,50.39,33.25,56.87,3.979,0.1614,0.0101,56.79,False,Normal,0,train
PUMP_02,2026-03-14 06:00:00,0.1653,49.07,35.19,59.2,3.953,0.1605,0.0094,56.75,False,Normal,0,train
PUMP_02,2026-03-14 07:00:00,0.1562,49.49,34.91,58.68,4.001,0.1615,0.0084,56.71,False,Normal,0,train
PUMP_02,2026-03-14 08:00:00,0.1362,50.37,34.18,58.1,3.996,0.1583,0.0134,56.67,False,Normal,0,train
PUMP_02,2026-03-14 09:00:00,0.1563,50.07,34.6,55.95,4.05,0.1591,0.013,56.62,False,Normal,0,train
PUMP_02,2026-03-14 10:00:00,0.1521,48.51,34.03,57.27,3.813,0.1566,0.0126,56.58,False,Normal,0,train
PUMP_02,2026-03-14 11:00:00,0.1561,50.03,34.49,57.74,3.941,0.1537,0.0096,56.54,False,Normal,0,train
PUMP_02,2026-03-14 12:00:00,0.1518,49.57,33.22,57.83,3.919,0.1514,0.0078,56.5,False,Normal,0,train
PUMP_02,2026-03-14 13:00:00,0.171,52.59,32.64,59.37,3.799,0.1539,0.0112,56.46,False,Normal,0,train
PUMP_02,2026-03-14 14:00:00,0.1346,49.85,33.24,60.39,3.96,0.1536,0.0117,56.42,False,Normal,0,train
PUMP_02,2026-03-14 15:00:00,0.1193,50.2,33.52,58.74,3.88,0.1475,0.018,56.38,False,Normal,0,train
PUMP_02,2026-03-14 16:00:00,0.1242,50.39,33.61,57.36,3.969,0.1428,0.0201,56.33,False,Normal,0,train
PUMP_02,2026-03-14 17:00:00,0.1308,49.52,34.27,59.46,3.961,0.1386,0.0194,56.29,False,Normal,0,train
PUMP_02,2026-03-14 18:00:00,0.1562,48.92,33.85,57.29,4.036,0.1394,0.0201,56.25,False,Normal,0,train
PUMP_02,2026-03-14 19:00:00,0.1209,50.69,33.98,54.85,3.98,0.131,0.0137,56.21,False,Normal,0,train
PUMP_02,2026-03-14 20:00:00,0.1239,50.7,33.29,56.5,3.865,0.1292,0.0138,56.17,False,Normal,0,train
PUMP_02,2026-03-14 21:00:00,0.1491,53.12,33.24,55.15,4.028,0.1342,0.0148,56.12,False,Normal,0,train
PUMP_02,2026-03-14 22:00:00,0.1577,51.11,34.02,57.54,4.194,0.1398,0.0165,56.08,False,Normal,0,train
PUMP_02,2026-03-14 23:00:00,0.1242,51.14,33.67,57.79,4.086,0.1387,0.0174,56.04,False,Normal,0,train
PUMP_02,2026-03-15 00:00:00,0.1234,51.08,34.0,56.09,4.054,0.1332,0.0159,56.0,False,Normal,0,train
PUMP_02,2026-03-15 01:00:00,0.1408,48.96,34.33,56.98,3.984,0.1365,0.0149,55.96,False,Normal,0,train
PUMP_02,2026-03-15 02:00:00,0.1649,48.11,34.98,56.29,3.961,0.1434,0.0172,55.92,False,Normal,0,train
PUMP_02,2026-03-15 03:00:00,0.1592,48.49,33.99,57.85,3.955,0.145,0.0183,55.88,False,Normal,0,train
PUMP_02,2026-03-15 04:00:00,0.1474,51.03,35.09,56.98,4.019,0.1433,0.0173,55.83,False,Normal,0,train
PUMP_02,2026-03-15 05:00:00,0.1708,52.13,34.24,59.21,3.909,0.1511,0.0175,55.79,False,Normal,0,train
PUMP_02,2026-03-15 06:00:00,0.1619,51.1,34.41,58.2,4.018,0.1575,0.0113,55.75,False,Normal,0,train
PUMP_02,2026-03-15 07:00:00,0.158,49.75,34.63,59.93,3.947,0.1604,0.0078,55.71,False,Normal,0,train
PUMP_02,2026-03-15 08:00:00,0.1344,52.52,34.43,57.45,3.863,0.1553,0.0127,55.67,False,Normal,0,train
PUMP_02,2026-03-15 09:00:00,0.1455,49.33,33.52,60.57,3.946,0.153,0.0131,55.62,False,Normal,0,train
PUMP_02,2026-03-15 10:00:00,0.1844,48.28,34.65,58.0,4.1,0.1592,0.0178,55.58,False,Normal,0,train
PUMP_02,2026-03-15 11:00:00,0.1475,50.38,33.78,57.37,4.011,0.1553,0.0173,55.54,False,Normal,0,train
PUMP_02,2026-03-15 12:00:00,0.1356,51.94,34.18,60.89,3.716,0.1509,0.0185,55.5,False,Normal,0,train
PUMP_02,2026-03-15 13:00:00,0.1417,48.73,34.08,55.81,3.946,0.1482,0.0185,55.46,False,Normal,0,train
PUMP_02,2026-03-15 14:00:00,0.1468,47.44,34.69,57.34,4.072,0.1502,0.0173,55.42,False,Normal,0,train
PUMP_02,2026-03-15 15:00:00,0.1562,50.06,34.24,56.0,3.976,0.152,0.0173,55.38,False,Normal,0,train
PUMP_02,2026-03-15 16:00:00,0.1507,51.16,33.17,55.79,4.042,0.1464,0.0071,55.33,False,Normal,0,train
PUMP_02,2026-03-15 17:00:00,0.1302,45.55,35.25,55.52,3.968,0.1435,0.0097,55.29,False,Normal,0,train
PUMP_02,2026-03-15 18:00:00,0.1591,51.47,34.5,58.74,4.015,0.1474,0.0105,55.25,False,Normal,0,train
PUMP_02,2026-03-15 19:00:00,0.1526,47.95,33.67,56.41,4.003,0.1493,0.0103,55.21,False,Normal,0,train
PUMP_02,2026-03-15 20:00:00,0.1347,51.09,33.32,57.69,3.948,0.1472,0.0119,55.17,False,Normal,0,train
PUMP_02,2026-03-15 21:00:00,0.141,47.0,34.57,59.07,4.046,0.1447,0.0112,55.12,False,Normal,0,train
PUMP_02,2026-03-15 22:00:00,0.154,47.79,33.39,58.56,4.123,0.1453,0.0116,55.08,False,Normal,0,train
PUMP_02,2026-03-15 23:00:00,0.1635,50.93,34.48,58.5,4.031,0.1508,0.0109,55.04,False,Normal,0,train
PUMP_02,2026-03-16 00:00:00,0.1272,51.82,34.64,59.46,4.008,0.1455,0.0136,55.0,False,Normal,0,train
PUMP_02,2026-03-16 01:00:00,0.1536,49.99,33.61,59.93,3.933,0.1457,0.0137,54.96,False,Normal,0,train
PUMP_02,2026-03-16 02:00:00,0.1545,53.59,33.56,56.5,4.075,0.149,0.0129,54.92,False,Normal,0,train
PUMP_02,2026-03-16 03:00:00,0.1485,48.47,33.72,58.58,3.959,0.1502,0.0123,54.88,False,Normal,0,train
PUMP_02,2026-03-16 04:00:00,0.15,48.45,33.41,57.67,4.045,0.1495,0.0121,54.83,False,Normal,0,train
PUMP_02,2026-03-16 05:00:00,0.1755,49.55,34.14,57.82,4.061,0.1516,0.0154,54.79,False,Normal,0,train
PUMP_02,2026-03-16 06:00:00,0.168,49.48,34.22,56.19,4.079,0.1584,0.0109,54.75,False,Normal,0,train
PUMP_02,2026-03-16 07:00:00,0.1913,50.43,34.44,57.36,4.08,0.1646,0.0168,54.71,False,Normal,0,train
PUMP_02,2026-03-16 08:00:00,0.1501,48.89,33.5,57.49,4.078,0.1639,0.0175,54.67,False,Normal,0,train
PUMP_02,2026-03-16 09:00:00,0.1591,50.85,34.5,59.72,3.9,0.1657,0.0161,54.62,False,Normal,0,train
PUMP_02,2026-03-16 10:00:00,0.1596,50.82,33.41,56.61,3.931,0.1673,0.0146,54.58,False,Normal,0,train
PUMP_02,2026-03-16 11:00:00,0.166,52.42,34.5,55.14,3.89,0.1657,0.014,54.54,False,Normal,0,train
PUMP_02,2026-03-16 12:00:00,0.1704,49.26,33.11,57.99,3.885,0.1661,0.0141,54.5,False,Normal,0,train
PUMP_02,2026-03-16 13:00:00,0.1488,50.51,34.94,56.49,4.122,0.159,0.0085,54.46,False,Normal,0,train
PUMP_02,2026-03-16 14:00:00,0.1286,50.91,33.69,57.83,3.921,0.1554,0.015,54.42,False,Normal,0,train
PUMP_02,2026-03-16 15:00:00,0.1323,49.99,34.36,58.79,3.91,0.151,0.0175,54.38,False,Normal,0,train
PUMP_02,2026-03-16 16:00:00,0.1435,49.68,34.41,57.88,3.996,0.1483,0.0171,54.33,False,Normal,0,train
PUMP_02,2026-03-16 17:00:00,0.1572,46.9,33.24,57.48,3.94,0.1468,0.0156,54.29,False,Normal,0,train
PUMP_02,2026-03-16 18:00:00,0.1183,50.13,34.5,57.81,4.181,0.1381,0.0143,54.25,False,Normal,0,train
PUMP_02,2026-03-16 19:00:00,0.1228,50.89,33.67,59.02,3.978,0.1338,0.0144,54.21,False,Normal,0,train
PUMP_02,2026-03-16 20:00:00,0.1527,49.91,33.82,56.61,4.036,0.1378,0.0159,54.17,False,Normal,0,train
PUMP_02,2026-03-16 21:00:00,0.1235,48.83,33.6,58.87,3.938,0.1363,0.0169,54.12,False,Normal,0,train
PUMP_02,2026-03-16 22:00:00,0.1281,47.48,34.97,56.79,3.867,0.1338,0.0168,54.08,False,Normal,0,train
PUMP_02,2026-03-16 23:00:00,0.1645,50.68,33.3,58.72,3.942,0.135,0.0189,54.04,False,Normal,0,train
PUMP_02,2026-03-17 00:00:00,0.1467,50.05,34.26,56.15,3.943,0.1397,0.0174,54.0,False,Normal,0,train
PUMP_02,2026-03-17 01:00:00,0.1481,52.08,33.63,58.65,3.942,0.1439,0.0154,53.96,False,Normal,0,train
PUMP_02,2026-03-17 02:00:00,0.1755,47.83,34.65,57.88,3.872,0.1477,0.0201,53.92,False,Normal,0,train
PUMP_02,2026-03-17 03:00:00,0.1411,49.29,35.39,58.12,4.011,0.1507,0.0169,53.88,False,Normal,0,train
PUMP_02,2026-03-17 04:00:00,0.1397,48.02,33.62,59.15,3.973,0.1526,0.0143,53.83,False,Normal,0,train
PUMP_02,2026-03-17 05:00:00,0.1841,51.54,34.08,57.01,3.877,0.1559,0.019,53.79,False,Normal,0,train
PUMP_02,2026-03-17 06:00:00,0.1635,51.86,33.77,57.97,4.009,0.1587,0.0186,53.75,False,Normal,0,train
PUMP_02,2026-03-17 07:00:00,0.1699,52.88,34.62,58.36,4.061,0.1623,0.0183,53.71,False,Normal,0,train
PUMP_02,2026-03-17 08:00:00,0.154,50.78,33.85,57.64,4.096,0.1587,0.0172,53.67,False,Normal,0,train
PUMP_02,2026-03-17 09:00:00,0.1555,51.18,34.54,58.86,3.806,0.1611,0.0152,53.62,False,Normal,0,train
PUMP_02,2026-03-17 10:00:00,0.1444,50.65,33.76,58.4,3.942,0.1619,0.0139,53.58,False,Normal,0,train
PUMP_02,2026-03-17 11:00:00,0.1574,50.86,35.35,57.3,3.89,0.1574,0.0087,53.54,False,Normal,0,train
PUMP_02,2026-03-17 12:00:00,0.1625,50.07,32.69,59.51,3.948,0.1573,0.0086,53.5,False,Normal,0,train
PUMP_02,2026-03-17 13:00:00,0.1504,50.93,34.23,58.67,4.111,0.154,0.0062,53.46,False,Normal,0,train
PUMP_02,2026-03-17 14:00:00,0.1609,53.21,33.99,56.99,3.942,0.1552,0.0068,53.42,False,Normal,0,train
PUMP_02,2026-03-17 15:00:00,0.1529,50.33,33.97,56.98,3.962,0.1548,0.0068,53.38,False,Normal,0,train
PUMP_02,2026-03-17 16:00:00,0.1256,50.04,34.17,57.74,3.934,0.1516,0.0136,53.33,False,Normal,0,train
PUMP_02,2026-03-17 17:00:00,0.1382,50.3,34.04,58.54,4.13,0.1484,0.0142,53.29,False,Normal,0,train
PUMP_02,2026-03-17 18:00:00,0.1333,49.78,34.13,55.34,3.816,0.1435,0.0134,53.25,False,Normal,0,train
PUMP_02,2026-03-17 19:00:00,0.1516,50.37,34.24,57.04,3.955,0.1438,0.0135,53.21,False,Normal,0,train
PUMP_02,2026-03-17 20:00:00,0.1483,49.73,35.05,57.31,3.931,0.1416,0.011,53.17,False,Normal,0,train
PUMP_02,2026-03-17 21:00:00,0.1448,51.72,32.34,56.27,3.862,0.1403,0.0098,53.12,False,Normal,0,train
PUMP_02,2026-03-17 22:00:00,0.1602,51.57,35.11,56.77,4.088,0.1461,0.0096,53.08,False,Normal,0,train
PUMP_02,2026-03-17 23:00:00,0.1194,53.25,35.54,58.16,3.856,0.1429,0.0145,53.04,False,Normal,0,train
PUMP_02,2026-03-18 00:00:00,0.141,49.96,32.95,57.41,3.963,0.1442,0.0138,53.0,False,Normal,0,train
PUMP_02,2026-03-18 01:00:00,0.1448,50.43,34.03,57.51,3.994,0.1431,0.0134,52.96,False,Normal,0,train
PUMP_02,2026-03-18 02:00:00,0.1588,50.37,34.82,56.35,3.94,0.1448,0.0148,52.92,False,Normal,0,train
PUMP_02,2026-03-18 03:00:00,0.1654,50.3,34.55,57.74,3.861,0.1483,0.017,52.88,False,Normal,0,train
PUMP_02,2026-03-18 04:00:00,0.1586,51.69,35.01,56.2,3.987,0.148,0.0168,52.83,False,Normal,0,train
PUMP_02,2026-03-18 05:00:00,0.1399,47.56,34.22,59.75,3.939,0.1514,0.0108,52.79,False,Normal,0,train
PUMP_02,2026-03-18 06:00:00,0.1661,50.69,32.78,60.09,4.065,0.1556,0.0109,52.75,False,Normal,0,train
PUMP_02,2026-03-18 07:00:00,0.1616,52.99,34.78,57.43,4.041,0.1584,0.0096,52.71,False,Normal,0,train
PUMP_02,2026-03-18 08:00:00,0.1366,52.04,34.38,56.65,4.156,0.1547,0.0131,52.67,False,Normal,0,train
PUMP_02,2026-03-18 09:00:00,0.1526,51.87,34.88,59.03,4.009,0.1526,0.012,52.62,False,Normal,0,train
PUMP_02,2026-03-18 10:00:00,0.1606,51.26,33.08,58.71,4.047,0.1529,0.0122,52.58,False,Normal,0,train
PUMP_02,2026-03-18 11:00:00,0.1774,49.11,33.27,60.25,3.971,0.1591,0.0137,52.54,False,Normal,0,train
PUMP_02,2026-03-18 12:00:00,0.1337,48.88,34.01,60.57,4.137,0.1538,0.0165,52.5,False,Normal,0,train
PUMP_02,2026-03-18 13:00:00,0.1593,48.89,34.8,55.57,4.001,0.1534,0.0163,52.46,False,Normal,0,train
PUMP_02,2026-03-18 14:00:00,0.1289,48.29,34.97,59.39,3.992,0.1521,0.0181,52.42,False,Normal,0,train
PUMP_02,2026-03-18 15:00:00,0.1239,51.42,33.56,57.73,4.043,0.1473,0.0214,52.38,False,Normal,0,train
PUMP_02,2026-03-18 16:00:00,0.1232,52.2,33.76,58.66,3.948,0.1411,0.0222,52.33,False,Normal,0,train
PUMP_02,2026-03-18 17:00:00,0.1494,50.65,35.72,58.93,3.96,0.1364,0.0147,52.29,False,Normal,0,train
PUMP_02,2026-03-18 18:00:00,0.1419,51.21,33.67,58.88,4.043,0.1378,0.0148,52.25,False,Normal,0,train
PUMP_02,2026-03-18 19:00:00,0.1356,50.44,34.41,59.2,4.059,0.1338,0.0105,52.21,False,Normal,0,train
PUMP_02,2026-03-18 20:00:00,0.1482,50.85,33.73,57.33,4.048,0.137,0.0116,52.17,False,Normal,0,train
PUMP_02,2026-03-18 21:00:00,0.1435,46.82,34.28,56.86,3.994,0.1403,0.0097,52.12,False,Normal,0,train
PUMP_02,2026-03-18 22:00:00,0.1467,50.47,33.48,59.42,4.022,0.1442,0.0051,52.08,False,Normal,0,train
PUMP_02,2026-03-18 23:00:00,0.1429,49.36,33.5,56.95,4.077,0.1431,0.0044,52.04,False,Normal,0,train
PUMP_02,2026-03-19 00:00:00,0.1346,49.94,33.78,60.23,3.912,0.1419,0.0056,52.0,False,Normal,0,train
PUMP_02,2026-03-19 01:00:00,0.178,50.34,33.67,57.08,4.0,0.149,0.015,51.96,False,Normal,0,train
PUMP_02,2026-03-19 02:00:00,0.176,48.93,33.82,57.54,3.767,0.1536,0.0186,51.92,False,Normal,0,train
PUMP_02,2026-03-19 03:00:00,0.1809,48.39,34.32,57.77,4.059,0.1599,0.0206,51.88,False,Normal,0,train
PUMP_02,2026-03-19 04:00:00,0.1506,48.88,35.13,56.15,3.937,0.1605,0.0202,51.83,False,Normal,0,train
PUMP_02,2026-03-19 05:00:00,0.1494,47.83,33.65,56.15,3.94,0.1616,0.0192,51.79,False,Normal,0,train
PUMP_02,2026-03-19 06:00:00,0.1538,48.27,33.41,59.09,3.99,0.1648,0.015,51.75,False,Normal,0,train
PUMP_02,2026-03-19 07:00:00,0.1758,48.47,34.01,55.94,4.05,0.1644,0.0146,51.71,False,Normal,0,train
PUMP_02,2026-03-19 08:00:00,0.1587,47.85,33.49,61.02,4.191,0.1615,0.0135,51.67,False,Normal,0,train
PUMP_02,2026-03-19 09:00:00,0.1489,50.79,33.02,57.89,3.876,0.1562,0.0103,51.62,False,Normal,0,train
PUMP_02,2026-03-19 10:00:00,0.1605,48.65,34.64,56.76,3.932,0.1579,0.01,51.58,False,Normal,0,train
PUMP_02,2026-03-19 11:00:00,0.1415,47.21,34.05,58.5,4.018,0.1565,0.0117,51.54,False,Normal,0,train
PUMP_02,2026-03-19 12:00:00,0.1297,49.4,34.11,55.05,3.942,0.1525,0.0161,51.5,False,Normal,0,train
PUMP_02,2026-03-19 13:00:00,0.1494,48.33,32.84,57.6,4.067,0.1481,0.0114,51.46,False,Normal,0,train
PUMP_02,2026-03-19 14:00:00,0.1373,52.19,33.65,57.75,3.987,0.1445,0.0108,51.42,False,Normal,0,train
PUMP_02,2026-03-19 15:00:00,0.1427,50.2,33.15,56.48,4.071,0.1435,0.0106,51.38,False,Normal,0,train
PUMP_02,2026-03-19 16:00:00,0.1011,47.79,33.99,57.24,3.98,0.1336,0.0172,51.33,False,Normal,0,train
PUMP_02,2026-03-19 17:00:00,0.127,50.85,34.08,59.83,4.044,0.1312,0.0169,51.29,False,Normal,0,train
PUMP_02,2026-03-19 18:00:00,0.1393,50.13,34.08,58.22,3.923,0.1328,0.0172,51.25,False,Normal,0,train
PUMP_02,2026-03-19 19:00:00,0.1176,49.64,33.6,58.48,4.155,0.1275,0.0159,51.21,False,Normal,0,train
PUMP_02,2026-03-19 20:00:00,0.1191,52.36,33.49,57.06,3.864,0.1245,0.0154,51.17,False,Normal,0,train
PUMP_02,2026-03-19 21:00:00,0.1435,48.54,33.88,56.41,3.943,0.1246,0.0156,51.12,False,Normal,0,train
PUMP_02,2026-03-19 22:00:00,0.1555,51.55,34.21,57.71,3.886,0.1337,0.015,51.08,False,Normal,0,train
PUMP_02,2026-03-19 23:00:00,0.134,49.39,33.65,55.05,4.064,0.1348,0.0146,51.04,False,Normal,0,train
PUMP_02,2026-03-20 00:00:00,0.1461,49.97,33.44,56.68,4.043,0.136,0.0153,51.0,False,Normal,0,train
PUMP_02,2026-03-20 01:00:00,0.149,48.88,33.46,56.5,3.903,0.1412,0.0129,50.96,False,Normal,0,train
PUMP_02,2026-03-20 02:00:00,0.1316,48.97,33.6,55.55,4.08,0.1433,0.0091,50.92,False,Normal,0,train
PUMP_02,2026-03-20 03:00:00,0.1748,49.35,33.73,58.78,3.944,0.1485,0.0158,50.88,False,Normal,0,train
PUMP_02,2026-03-20 04:00:00,0.1559,47.15,33.34,57.84,4.031,0.1486,0.0158,50.83,False,Normal,0,train
PUMP_02,2026-03-20 05:00:00,0.1571,50.52,33.73,57.26,4.05,0.1524,0.0143,50.79,False,Normal,0,train
PUMP_02,2026-03-20 06:00:00,0.1656,50.17,34.74,58.81,3.98,0.1557,0.0148,50.75,False,Normal,0,train
PUMP_02,2026-03-20 07:00:00,0.1363,47.75,33.82,56.03,4.073,0.1536,0.0167,50.71,False,Normal,0,train
PUMP_02,2026-03-20 08:00:00,0.1725,50.99,33.26,56.39,3.988,0.1604,0.0141,50.67,False,Normal,0,train
PUMP_02,2026-03-20 09:00:00,0.1728,52.19,32.64,59.34,4.027,0.16,0.0137,50.62,False,Normal,0,train
PUMP_02,2026-03-20 10:00:00,0.1571,49.0,35.1,60.74,3.978,0.1602,0.0136,50.58,False,Normal,0,train
PUMP_02,2026-03-20 11:00:00,0.1595,48.82,34.68,58.82,3.851,0.1606,0.0136,50.54,False,Normal,0,train
PUMP_02,2026-03-20 12:00:00,0.1451,51.67,34.17,58.57,3.99,0.1572,0.0146,50.5,False,Normal,0,train
PUMP_02,2026-03-20 13:00:00,0.1604,50.6,34.7,57.3,3.93,0.1612,0.0104,50.46,False,Normal,0,train
PUMP_02,2026-03-20 14:00:00,0.1327,49.8,34.32,57.33,4.111,0.1546,0.0139,50.42,False,Normal,0,train
PUMP_02,2026-03-20 15:00:00,0.1424,51.22,33.95,58.27,3.891,0.1495,0.0112,50.38,False,Normal,0,train
PUMP_02,2026-03-20 16:00:00,0.1417,50.41,33.26,59.65,4.098,0.147,0.0109,50.33,False,Normal,0,train
PUMP_02,2026-03-20 17:00:00,0.1398,52.14,35.15,58.51,3.986,0.1437,0.0092,50.29,False,Normal,0,train
PUMP_02,2026-03-20 18:00:00,0.156,49.97,33.74,59.15,4.032,0.1455,0.0105,50.25,False,Normal,0,train
PUMP_02,2026-03-20 19:00:00,0.1732,50.64,33.77,56.9,3.89,0.1476,0.0146,50.21,False,Normal,0,train
PUMP_02,2026-03-20 20:00:00,0.1397,51.65,34.02,58.74,3.975,0.1488,0.0134,50.17,False,Normal,0,train
PUMP_02,2026-03-20 21:00:00,0.15,46.33,34.03,57.19,3.947,0.1501,0.0131,50.12,False,Normal,0,train
PUMP_02,2026-03-20 22:00:00,0.133,51.7,34.34,58.17,4.168,0.1486,0.0146,50.08,False,Normal,0,train
PUMP_02,2026-03-20 23:00:00,0.1629,49.24,34.28,58.74,3.945,0.1525,0.0148,50.04,False,Normal,0,train
PUMP_02,2026-03-21 00:00:00,0.1422,50.75,33.65,57.36,4.092,0.1502,0.0152,50.0,False,Normal,0,train
PUMP_02,2026-03-21 01:00:00,0.1998,52.5,34.02,56.78,4.093,0.1546,0.0244,49.96,False,Normal,0,train
PUMP_02,2026-03-21 02:00:00,0.1299,49.54,34.33,58.44,4.091,0.153,0.0259,49.92,False,Normal,0,train
PUMP_02,2026-03-21 03:00:00,0.1893,49.32,33.6,57.84,3.952,0.1595,0.0297,49.88,False,Normal,0,train
PUMP_02,2026-03-21 04:00:00,0.1735,49.92,34.87,58.16,4.144,0.1663,0.0269,49.83,False,Normal,0,train
PUMP_02,2026-03-21 05:00:00,0.1428,47.82,33.99,58.79,4.161,0.1629,0.0286,49.79,False,Normal,0,train
PUMP_02,2026-03-21 06:00:00,0.1948,53.3,34.96,59.57,4.029,0.1717,0.029,49.75,False,Normal,0,train
PUMP_02,2026-03-21 07:00:00,0.1457,49.94,33.16,58.8,3.963,0.1627,0.0269,49.71,False,Normal,0,train
PUMP_02,2026-03-21 08:00:00,0.1539,52.47,34.39,58.64,3.931,0.1667,0.0225,49.67,False,Normal,0,train
PUMP_02,2026-03-21 09:00:00,0.1376,49.5,33.47,57.4,4.038,0.158,0.022,49.62,False,Normal,0,train
PUMP_02,2026-03-21 10:00:00,0.1528,50.05,33.62,57.58,4.005,0.1546,0.0206,49.58,False,Normal,0,train
PUMP_02,2026-03-21 11:00:00,0.1518,51.42,34.54,58.55,4.015,0.1561,0.0199,49.54,False,Normal,0,train
PUMP_02,2026-03-21 12:00:00,0.1625,48.35,33.86,57.56,3.892,0.1507,0.0084,49.5,False,Normal,0,train
PUMP_02,2026-03-21 13:00:00,0.184,49.85,35.56,58.54,4.003,0.1571,0.0154,49.46,False,Normal,0,train
PUMP_02,2026-03-21 14:00:00,0.1373,51.36,34.31,57.02,4.092,0.1543,0.0175,49.42,False,Normal,0,train
PUMP_02,2026-03-21 15:00:00,0.1016,49.68,33.58,60.32,4.065,0.1483,0.0276,49.38,False,Normal,0,train
PUMP_02,2026-03-21 16:00:00,0.1511,49.28,34.31,58.23,3.967,0.1481,0.0276,49.33,False,Normal,0,train
PUMP_02,2026-03-21 17:00:00,0.1321,51.67,33.86,58.15,3.991,0.1448,0.0282,49.29,False,Normal,0,train
PUMP_02,2026-03-21 18:00:00,0.1673,52.1,34.5,57.42,3.883,0.1456,0.0289,49.25,False,Normal,0,train
PUMP_02,2026-03-21 19:00:00,0.1398,52.34,33.82,60.3,3.947,0.1382,0.0219,49.21,False,Normal,0,train
PUMP_02,2026-03-21 20:00:00,0.13,48.99,34.24,56.5,3.973,0.137,0.0221,49.17,False,Normal,0,train
PUMP_02,2026-03-21 21:00:00,0.1277,49.13,34.12,57.16,4.051,0.1413,0.0153,49.12,False,Normal,0,train
PUMP_02,2026-03-21 22:00:00,0.1543,49.29,34.05,59.02,3.943,0.1419,0.0158,49.08,False,Normal,0,train
PUMP_02,2026-03-21 23:00:00,0.1433,51.08,34.63,58.29,3.917,0.1437,0.015,49.04,False,Normal,0,train
PUMP_02,2026-03-22 00:00:00,0.172,48.2,32.92,57.31,4.061,0.1445,0.0165,49.0,False,Normal,0,train
PUMP_02,2026-03-22 01:00:00,0.1494,48.29,34.06,57.34,3.966,0.1461,0.0165,48.96,False,Normal,0,train
PUMP_02,2026-03-22 02:00:00,0.1762,48.93,33.58,57.65,3.933,0.1538,0.0181,48.92,False,Normal,0,train
PUMP_02,2026-03-22 03:00:00,0.1364,48.59,33.19,58.12,4.065,0.1553,0.0158,48.88,False,Normal,0,train
PUMP_02,2026-03-22 04:00:00,0.1326,51.33,33.5,59.86,4.037,0.1516,0.0184,48.83,False,Normal,0,train
PUMP_02,2026-03-22 05:00:00,0.1721,51.23,33.63,58.73,3.983,0.1564,0.0195,48.79,False,Normal,0,train
PUMP_02,2026-03-22 06:00:00,0.153,49.28,33.86,59.23,3.972,0.1533,0.0179,48.75,False,Normal,0,train
PUMP_02,2026-03-22 07:00:00,0.1557,49.71,34.2,57.48,4.03,0.1543,0.0178,48.71,False,Normal,0,train
PUMP_02,2026-03-22 08:00:00,0.1435,46.19,34.33,58.62,4.043,0.1489,0.0145,48.67,False,Normal,0,train
PUMP_02,2026-03-22 09:00:00,0.1408,49.31,33.75,56.13,4.017,0.1496,0.0138,48.62,False,Normal,0,train
PUMP_02,2026-03-22 10:00:00,0.1645,51.87,34.95,58.22,4.01,0.1549,0.012,48.58,False,Normal,0,train
PUMP_02,2026-03-22 11:00:00,0.1523,49.23,33.78,58.14,3.951,0.1516,0.0086,48.54,False,Normal,0,train
PUMP_02,2026-03-22 12:00:00,0.1341,48.36,32.83,60.19,3.956,0.1485,0.0111,48.5,False,Normal,0,train
PUMP_02,2026-03-22 13:00:00,0.1593,52.06,33.79,59.87,3.986,0.1491,0.0116,48.46,False,Normal,0,train
PUMP_02,2026-03-22 14:00:00,0.1626,48.33,34.03,57.69,3.923,0.1523,0.0124,48.42,False,Normal,0,train
PUMP_02,2026-03-22 15:00:00,0.1413,52.32,32.04,57.02,3.914,0.1523,0.0123,48.38,False,Normal,0,train
PUMP_02,2026-03-22 16:00:00,0.1564,54.33,34.72,57.05,3.993,0.151,0.0111,48.33,False,Normal,0,train
PUMP_02,2026-03-22 17:00:00,0.1253,49.84,33.94,57.65,4.079,0.1465,0.0152,48.29,False,Normal,0,train
PUMP_02,2026-03-22 18:00:00,0.1487,51.87,33.31,59.56,3.834,0.1489,0.0139,48.25,False,Normal,0,train
PUMP_02,2026-03-22 19:00:00,0.1428,47.5,33.42,58.5,3.969,0.1462,0.0131,48.21,False,Normal,0,train
PUMP_02,2026-03-22 20:00:00,0.1295,47.43,34.46,58.62,4.022,0.1407,0.0116,48.17,False,Normal,0,train
PUMP_02,2026-03-22 21:00:00,0.1737,48.8,34.53,58.97,4.086,0.1461,0.0179,48.12,False,Normal,0,train
PUMP_02,2026-03-22 22:00:00,0.1485,51.23,33.61,56.81,4.144,0.1448,0.0172,48.08,False,Normal,0,train
PUMP_02,2026-03-22 23:00:00,0.1385,50.0,33.19,57.15,3.979,0.147,0.0149,48.04,False,Normal,0,train
PUMP_02,2026-03-23 00:00:00,0.1503,49.72,34.08,58.62,4.158,0.1472,0.015,48.0,False,Normal,0,train
PUMP_02,2026-03-23 01:00:00,0.1395,48.06,34.19,57.07,4.036,0.1467,0.0152,47.96,False,Normal,0,train
PUMP_02,2026-03-23 02:00:00,0.1376,49.81,34.34,56.17,4.065,0.148,0.0137,47.92,False,Normal,0,train
PUMP_02,2026-03-23 03:00:00,0.1503,49.03,33.66,56.7,3.915,0.1441,0.0062,47.88,False,Normal,0,train
PUMP_02,2026-03-23 04:00:00,0.1529,48.62,33.93,59.27,4.036,0.1448,0.007,47.83,False,Normal,0,train
PUMP_02,2026-03-23 05:00:00,0.1476,48.49,34.01,57.55,4.072,0.1464,0.0063,47.79,False,Normal,0,train
PUMP_02,2026-03-23 06:00:00,0.1788,50.29,34.58,58.27,3.945,0.1511,0.0148,47.75,False,Normal,0,train
PUMP_02,2026-03-23 07:00:00,0.1482,48.92,34.8,56.76,3.792,0.1526,0.0139,47.71,False,Normal,0,train
PUMP_02,2026-03-23 08:00:00,0.1447,49.99,34.96,58.46,4.012,0.1538,0.0126,47.67,False,Normal,0,train
PUMP_02,2026-03-23 09:00:00,0.1393,47.35,34.78,57.68,3.983,0.1519,0.0139,47.62,False,Normal,0,train
PUMP_02,2026-03-23 10:00:00,0.1358,50.75,35.09,58.54,4.108,0.1491,0.0153,47.58,False,Normal,0,train
PUMP_02,2026-03-23 11:00:00,0.168,50.36,34.61,57.43,3.957,0.1525,0.0171,47.54,False,Normal,0,train
PUMP_02,2026-03-23 12:00:00,0.1539,49.65,33.65,58.61,3.944,0.1483,0.0116,47.5,False,Normal,0,train
PUMP_02,2026-03-23 13:00:00,0.1578,50.24,34.92,57.37,3.906,0.1499,0.0122,47.46,False,Normal,0,train
PUMP_02,2026-03-23 14:00:00,0.1603,51.4,33.17,57.9,3.95,0.1525,0.0125,47.42,False,Normal,0,train
PUMP_02,2026-03-23 15:00:00,0.1379,47.83,35.42,57.67,4.213,0.1523,0.0128,47.38,False,Normal,0,train
PUMP_02,2026-03-23 16:00:00,0.1634,50.1,33.41,58.03,3.873,0.1569,0.0105,47.33,False,Normal,0,train
PUMP_02,2026-03-23 17:00:00,0.1309,48.04,34.53,58.33,3.893,0.1507,0.0132,47.29,False,Normal,0,train
PUMP_02,2026-03-23 18:00:00,0.1236,50.13,34.87,57.41,3.996,0.1456,0.017,47.25,False,Normal,0,train
PUMP_02,2026-03-23 19:00:00,0.1459,49.61,34.28,57.86,4.158,0.1437,0.0159,47.21,False,Normal,0,train
PUMP_02,2026-03-23 20:00:00,0.1435,49.96,32.77,58.22,4.059,0.1409,0.0138,47.17,False,Normal,0,train
PUMP_02,2026-03-23 21:00:00,0.1451,51.27,33.43,58.61,4.124,0.1421,0.0138,47.12,False,Normal,0,train
PUMP_02,2026-03-23 22:00:00,0.1602,51.23,34.21,57.91,3.969,0.1415,0.0128,47.08,False,Normal,0,train
PUMP_02,2026-03-23 23:00:00,0.149,51.63,34.38,56.94,3.889,0.1445,0.0119,47.04,False,Normal,0,train
PUMP_02,2026-03-24 00:00:00,0.1547,49.41,33.89,58.1,3.964,0.1497,0.0065,47.0,False,Normal,0,train
PUMP_02,2026-03-24 01:00:00,0.173,51.05,34.04,58.8,3.99,0.1542,0.0111,46.96,False,Normal,0,train
PUMP_02,2026-03-24 02:00:00,0.159,50.76,33.12,56.4,4.001,0.1568,0.0098,46.92,False,Normal,0,train
PUMP_02,2026-03-24 03:00:00,0.1645,49.44,35.06,56.41,3.983,0.1601,0.0082,46.88,False,Normal,0,train
PUMP_02,2026-03-24 04:00:00,0.1374,50.18,33.77,57.21,4.047,0.1563,0.0124,46.83,False,Normal,0,train
PUMP_02,2026-03-24 05:00:00,0.2154,49.8,34.47,57.77,3.943,0.1673,0.0264,46.79,False,Normal,0,train
PUMP_02,2026-03-24 06:00:00,0.1361,52.09,34.84,55.36,3.926,0.1642,0.0291,46.75,False,Normal,0,train
PUMP_02,2026-03-24 07:00:00,0.1516,51.22,33.31,58.69,3.904,0.1607,0.0291,46.71,False,Normal,0,train
PUMP_02,2026-03-24 08:00:00,0.1501,49.5,34.08,57.78,4.016,0.1592,0.0294,46.67,False,Normal,0,train
PUMP_02,2026-03-24 09:00:00,0.1887,49.39,34.17,55.18,4.008,0.1632,0.0319,46.62,False,Normal,0,train
PUMP_02,2026-03-24 10:00:00,0.146,51.44,33.85,56.66,4.087,0.1646,0.0307,46.58,False,Normal,0,train
PUMP_02,2026-03-24 11:00:00,0.1592,52.01,34.56,57.64,4.124,0.1553,0.018,46.54,False,Normal,0,train
PUMP_02,2026-03-24 12:00:00,0.1416,50.47,33.6,55.87,3.903,0.1562,0.017,46.5,False,Normal,0,train
PUMP_02,2026-03-24 13:00:00,0.1318,50.99,34.03,59.16,4.002,0.1529,0.0197,46.46,False,Normal,0,train
PUMP_02,2026-03-24 14:00:00,0.1536,51.95,33.78,58.22,3.984,0.1535,0.0197,46.42,False,Normal,0,train
PUMP_02,2026-03-24 15:00:00,0.1321,49.74,35.4,58.81,3.877,0.144,0.0112,46.38,False,Normal,0,train
PUMP_02,2026-03-24 16:00:00,0.1445,50.13,33.6,56.77,3.958,0.1438,0.0111,46.33,False,Normal,0,train
PUMP_02,2026-03-24 17:00:00,0.1497,50.73,34.45,58.49,4.125,0.1422,0.009,46.29,False,Normal,0,train
PUMP_02,2026-03-24 18:00:00,0.1686,49.36,35.08,57.21,3.949,0.1467,0.014,46.25,False,Normal,0,train
PUMP_02,2026-03-24 19:00:00,0.1214,52.55,33.45,57.77,3.936,0.145,0.0166,46.21,False,Normal,0,train
PUMP_02,2026-03-24 20:00:00,0.139,49.34,34.06,58.42,3.996,0.1425,0.0161,46.17,False,Normal,0,train
PUMP_02,2026-03-24 21:00:00,0.1413,50.09,33.41,57.92,4.073,0.1441,0.0154,46.12,False,Normal,0,train
PUMP_02,2026-03-24 22:00:00,0.145,52.87,32.79,58.97,3.976,0.1442,0.0154,46.08,False,Normal,0,train
PUMP_02,2026-03-24 23:00:00,0.1859,47.21,33.53,58.17,4.01,0.1502,0.0231,46.04,False,Normal,0,train
PUMP_02,2026-03-25 00:00:00,0.1474,50.32,33.66,57.44,3.817,0.1467,0.0213,46.0,False,Normal,0,train
PUMP_02,2026-03-25 01:00:00,0.1148,49.01,33.69,59.01,4.046,0.1456,0.023,45.96,False,Normal,0,train
PUMP_02,2026-03-25 02:00:00,0.152,50.0,33.82,59.26,4.018,0.1477,0.0228,45.92,False,Normal,0,train
PUMP_02,2026-03-25 03:00:00,0.1553,48.19,34.0,58.11,4.071,0.1501,0.0228,45.88,False,Normal,0,train
PUMP_02,2026-03-25 04:00:00,0.155,49.44,33.28,59.6,3.851,0.1517,0.0227,45.83,False,Normal,0,train
PUMP_02,2026-03-25 05:00:00,0.1489,50.04,34.21,57.72,3.976,0.1456,0.0154,45.79,False,Normal,0,train
PUMP_02,2026-03-25 06:00:00,0.1402,50.36,34.73,57.85,4.077,0.1444,0.0155,45.75,False,Normal,0,train
PUMP_02,2026-03-25 07:00:00,0.1921,51.34,34.8,58.01,3.955,0.1572,0.018,45.71,False,Normal,0,train
PUMP_02,2026-03-25 08:00:00,0.1634,46.51,33.84,57.84,4.004,0.1592,0.0179,45.67,False,Normal,0,train
PUMP_02,2026-03-25 09:00:00,0.1542,49.81,34.54,57.63,3.967,0.159,0.0179,45.62,False,Normal,0,train
PUMP_02,2026-03-25 10:00:00,0.1869,49.74,33.59,57.14,3.969,0.1643,0.021,45.58,False,Normal,0,train
PUMP_02,2026-03-25 11:00:00,0.1396,49.9,33.79,56.81,4.093,0.1627,0.0226,45.54,False,Normal,0,train
PUMP_02,2026-03-25 12:00:00,0.159,50.05,34.24,58.13,3.886,0.1659,0.02,45.5,False,Normal,0,train
PUMP_02,2026-03-25 13:00:00,0.1287,48.75,33.8,59.44,3.996,0.1553,0.0202,45.46,False,Normal,0,train
PUMP_02,2026-03-25 14:00:00,0.1563,47.68,33.24,58.98,4.02,0.1541,0.0198,45.42,False,Normal,0,train
PUMP_02,2026-03-25 15:00:00,0.1259,50.33,34.5,58.47,4.075,0.1494,0.0229,45.38,False,Normal,0,train
PUMP_02,2026-03-25 16:00:00,0.1484,48.51,33.5,59.5,3.99,0.143,0.0139,45.33,False,Normal,0,train
PUMP_02,2026-03-25 17:00:00,0.1696,50.6,33.69,58.02,4.078,0.148,0.0174,45.29,False,Normal,0,train
PUMP_02,2026-03-25 18:00:00,0.1414,48.59,34.63,56.81,3.996,0.1451,0.0167,45.25,False,Normal,0,train
PUMP_02,2026-03-25 19:00:00,0.1075,51.04,34.32,57.58,4.01,0.1415,0.0222,45.21,False,Normal,0,train
PUMP_02,2026-03-25 20:00:00,0.1419,49.92,34.11,57.93,4.007,0.1391,0.021,45.17,False,Normal,0,train
PUMP_02,2026-03-25 21:00:00,0.1501,50.02,33.12,57.39,4.052,0.1432,0.0203,45.12,False,Normal,0,train
PUMP_02,2026-03-25 22:00:00,0.1585,49.63,33.3,58.73,4.043,0.1448,0.0212,45.08,False,Normal,0,train
PUMP_02,2026-03-25 23:00:00,0.1695,49.39,34.24,59.12,3.911,0.1448,0.0212,45.04,False,Normal,0,train
PUMP_02,2026-03-26 00:00:00,0.1729,49.65,34.38,55.92,4.017,0.1501,0.0239,45.0,False,Normal,0,train
PUMP_02,2026-03-26 01:00:00,0.1506,51.77,34.15,57.83,4.043,0.1572,0.0121,44.96,False,Normal,0,train
PUMP_02,2026-03-26 02:00:00,0.1451,47.7,33.72,54.52,4.117,0.1578,0.0113,44.92,False,Normal,0,train
PUMP_02,2026-03-26 03:00:00,0.1403,49.03,33.7,57.89,3.919,0.1562,0.0132,44.88,False,Normal,0,train
PUMP_02,2026-03-26 04:00:00,0.1506,51.58,34.13,57.88,4.043,0.1548,0.0133,44.83,False,Normal,0,train
PUMP_02,2026-03-26 05:00:00,0.1668,51.23,33.25,60.13,3.972,0.1544,0.0127,44.79,False,Normal,0,train
PUMP_02,2026-03-26 06:00:00,0.1398,52.02,34.06,59.77,4.015,0.1489,0.01,44.75,False,Normal,0,train
PUMP_02,2026-03-26 07:00:00,0.1458,49.91,33.17,59.12,3.914,0.1481,0.01,44.71,False,Normal,0,train
PUMP_02,2026-03-26 08:00:00,0.1671,48.02,33.37,56.85,3.999,0.1517,0.0124,44.67,False,Normal,0,train
PUMP_02,2026-03-26 09:00:00,0.1474,48.34,34.11,56.78,4.026,0.1529,0.0114,44.62,False,Normal,0,train
PUMP_02,2026-03-26 10:00:00,0.1605,49.55,34.35,56.68,3.922,0.1546,0.0117,44.58,False,Normal,0,train
PUMP_02,2026-03-26 11:00:00,0.1404,51.14,34.21,59.83,4.116,0.1502,0.0112,44.54,False,Normal,0,train
PUMP_02,2026-03-26 12:00:00,0.1543,49.62,33.33,56.91,3.876,0.1526,0.01,44.5,False,Normal,0,train
PUMP_02,2026-03-26 13:00:00,0.1358,49.5,32.88,57.54,4.043,0.1509,0.012,44.46,False,Normal,0,train
PUMP_02,2026-03-26 14:00:00,0.1165,50.6,34.0,56.92,3.806,0.1425,0.0156,44.42,False,Normal,0,train
PUMP_02,2026-03-26 15:00:00,0.1573,50.04,32.86,56.49,3.98,0.1441,0.0167,44.38,False,Normal,0,train
PUMP_02,2026-03-26 16:00:00,0.1309,49.34,34.57,58.4,4.038,0.1392,0.0152,44.33,False,Normal,0,train
PUMP_02,2026-03-26 17:00:00,0.1366,48.5,33.35,58.18,4.057,0.1386,0.0152,44.29,False,Normal,0,train
PUMP_02,2026-03-26 18:00:00,0.1296,51.42,35.34,55.33,3.992,0.1344,0.0133,44.25,False,Normal,0,train
PUMP_02,2026-03-26 19:00:00,0.1485,51.57,33.42,56.44,3.981,0.1366,0.0145,44.21,False,Normal,0,train
PUMP_02,2026-03-26 20:00:00,0.1463,48.41,34.28,58.31,4.045,0.1415,0.011,44.17,False,Normal,0,train
PUMP_02,2026-03-26 21:00:00,0.1511,49.4,33.56,57.91,4.076,0.1405,0.0093,44.12,False,Normal,0,train
PUMP_02,2026-03-26 22:00:00,0.1368,51.0,33.9,57.52,4.11,0.1415,0.0084,44.08,False,Normal,0,train
PUMP_02,2026-03-26 23:00:00,0.1467,48.29,34.11,58.73,3.897,0.1432,0.0082,44.04,False,Normal,0,train
PUMP_02,2026-03-27 00:00:00,0.1563,50.55,34.52,56.27,3.984,0.1476,0.0064,44.0,False,Normal,0,train
PUMP_02,2026-03-27 01:00:00,0.1758,49.51,34.61,57.29,3.825,0.1522,0.0132,43.96,False,Normal,0,train
PUMP_02,2026-03-27 02:00:00,0.1596,48.17,34.44,58.62,3.891,0.1544,0.0132,43.92,False,Normal,0,train
PUMP_02,2026-03-27 03:00:00,0.142,52.67,34.62,57.22,3.944,0.1529,0.0141,43.88,False,Normal,0,train
PUMP_02,2026-03-27 04:00:00,0.1627,49.49,33.63,58.38,4.069,0.1572,0.012,43.83,False,Normal,0,train
PUMP_02,2026-03-27 05:00:00,0.1572,50.79,34.39,56.62,3.962,0.1589,0.0109,43.79,False,Normal,0,train
PUMP_02,2026-03-27 06:00:00,0.13,48.32,33.8,57.01,3.977,0.1546,0.0162,43.75,False,Normal,0,train
PUMP_02,2026-03-27 07:00:00,0.132,52.33,34.59,55.86,4.024,0.1472,0.0145,43.71,False,Normal,0,train
PUMP_02,2026-03-27 08:00:00,0.1577,52.92,34.07,55.53,3.946,0.1469,0.0142,43.67,False,Normal,0,train
PUMP_02,2026-03-27 09:00:00,0.1573,47.75,34.37,57.43,3.84,0.1495,0.0145,43.62,False,Normal,0,train
PUMP_02,2026-03-27 10:00:00,0.1506,49.75,34.17,58.54,3.94,0.1475,0.013,43.58,False,Normal,0,train
PUMP_02,2026-03-27 11:00:00,0.1659,51.99,34.46,57.86,3.99,0.1489,0.0147,43.54,False,Normal,0,train
PUMP_02,2026-03-27 12:00:00,0.136,49.3,33.52,59.39,4.037,0.1499,0.0133,43.5,False,Normal,0,train
PUMP_02,2026-03-27 13:00:00,0.1266,50.61,33.06,57.53,3.983,0.149,0.0149,43.46,False,Normal,0,train
PUMP_02,2026-03-27 14:00:00,0.1326,47.48,34.59,55.46,4.036,0.1448,0.0154,43.42,False,Normal,0,train
PUMP_02,2026-03-27 15:00:00,0.1338,48.82,34.81,58.41,4.074,0.1409,0.0146,43.38,False,Normal,0,train
PUMP_02,2026-03-27 16:00:00,0.1405,50.46,33.93,56.71,4.09,0.1392,0.0138,43.33,False,Normal,0,train
PUMP_02,2026-03-27 17:00:00,0.1284,49.12,34.49,58.15,4.014,0.133,0.0051,43.29,False,Normal,0,train
PUMP_02,2026-03-27 18:00:00,0.1079,49.46,33.02,55.26,3.909,0.1283,0.0111,43.25,False,Normal,0,train
PUMP_02,2026-03-27 19:00:00,0.1018,47.73,33.63,57.67,3.9,0.1242,0.0156,43.21,False,Normal,0,train
PUMP_02,2026-03-27 20:00:00,0.1432,50.98,34.05,58.84,3.908,0.1259,0.0172,43.17,False,Normal,0,train
PUMP_02,2026-03-27 21:00:00,0.126,47.99,32.96,58.7,3.914,0.1246,0.0168,43.12,False,Normal,0,train
PUMP_02,2026-03-27 22:00:00,0.1149,52.31,33.08,57.7,4.008,0.1204,0.0152,43.08,False,Normal,0,train
PUMP_02,2026-03-27 23:00:00,0.1568,48.98,34.09,57.94,4.151,0.1251,0.0213,43.04,False,Normal,0,train
PUMP_02,2026-03-28 00:00:00,0.1732,51.2,33.64,57.4,4.017,0.136,0.0268,43.0,False,Normal,0,train
PUMP_02,2026-03-28 01:00:00,0.1512,51.05,33.79,57.64,3.993,0.1442,0.0212,42.96,False,Normal,0,train
PUMP_02,2026-03-28 02:00:00,0.159,48.52,33.76,58.75,4.077,0.1468,0.022,42.92,False,Normal,0,train
PUMP_02,2026-03-28 03:00:00,0.1612,49.14,33.23,57.1,3.934,0.1527,0.0199,42.88,False,Normal,0,train
PUMP_02,2026-03-28 04:00:00,0.124,49.31,33.87,57.22,4.083,0.1542,0.0165,42.83,False,Normal,0,train
PUMP_02,2026-03-28 05:00:00,0.173,49.42,33.99,56.1,4.077,0.1569,0.0182,42.79,False,Normal,0,train
PUMP_02,2026-03-28 06:00:00,0.1786,48.05,33.65,58.78,4.005,0.1578,0.0193,42.75,False,Normal,0,train
PUMP_02,2026-03-28 07:00:00,0.1872,50.8,33.7,57.62,4.167,0.1638,0.0222,42.71,False,Normal,0,train
PUMP_02,2026-03-28 08:00:00,0.1521,48.97,33.88,56.48,4.089,0.1627,0.0227,42.67,False,Normal,0,train
PUMP_02,2026-03-28 09:00:00,0.14,49.83,34.49,58.99,4.004,0.1591,0.0245,42.62,False,Normal,0,train
PUMP_02,2026-03-28 10:00:00,0.1754,51.51,33.94,57.88,3.989,0.1677,0.0179,42.58,False,Normal,0,train
PUMP_02,2026-03-28 11:00:00,0.1601,50.86,32.84,57.04,3.965,0.1656,0.0179,42.54,False,Normal,0,train
PUMP_02,2026-03-28 12:00:00,0.1631,49.07,33.28,59.01,3.99,0.163,0.0167,42.5,False,Normal,0,train
PUMP_02,2026-03-28 13:00:00,0.1377,51.56,34.56,57.52,3.992,0.1547,0.0144,42.46,False,Normal,0,train
PUMP_02,2026-03-28 14:00:00,0.1491,51.0,33.59,56.05,3.974,0.1542,0.0146,42.42,False,Normal,0,train
PUMP_02,2026-03-28 15:00:00,0.1271,48.94,33.95,59.08,3.983,0.1521,0.0177,42.38,False,Normal,0,train
PUMP_02,2026-03-28 16:00:00,0.1413,49.23,35.15,56.93,3.905,0.1464,0.0138,42.33,False,Normal,0,train
PUMP_02,2026-03-28 17:00:00,0.1351,51.5,34.38,61.56,3.955,0.1422,0.0125,42.29,False,Normal,0,train
PUMP_02,2026-03-28 18:00:00,0.1752,51.17,32.71,57.4,3.872,0.1442,0.0168,42.25,False,Normal,0,train
PUMP_02,2026-03-28 19:00:00,0.1486,47.75,34.87,55.52,4.033,0.1461,0.0165,42.21,False,Normal,0,train
PUMP_02,2026-03-28 20:00:00,0.1091,48.49,34.09,60.04,4.006,0.1394,0.0222,42.17,False,Normal,0,train
PUMP_02,2026-03-28 21:00:00,0.1429,51.04,34.22,57.87,3.99,0.142,0.0213,42.12,False,Normal,0,train
PUMP_02,2026-03-28 22:00:00,0.1505,48.24,34.18,58.24,4.071,0.1436,0.0216,42.08,False,Normal,0,train
PUMP_02,2026-03-28 23:00:00,0.1403,51.21,34.55,58.39,3.931,0.1444,0.0213,42.04,False,Normal,0,train
PUMP_02,2026-03-29 00:00:00,0.1335,52.9,33.95,56.3,3.943,0.1375,0.0152,42.0,False,Normal,0,train
PUMP_02,2026-03-29 01:00:00,0.1625,50.56,33.11,55.33,3.882,0.1398,0.018,41.96,False,Normal,0,train
PUMP_02,2026-03-29 02:00:00,0.1406,48.62,34.19,60.28,4.082,0.145,0.0101,41.92,False,Normal,0,train
PUMP_02,2026-03-29 03:00:00,0.1657,50.26,33.17,56.06,4.048,0.1488,0.013,41.88,False,Normal,0,train
PUMP_02,2026-03-29 04:00:00,0.143,51.55,35.09,59.9,4.106,0.1476,0.0132,41.83,False,Normal,0,train
PUMP_02,2026-03-29 05:00:00,0.1517,50.15,33.78,58.57,4.127,0.1495,0.0128,41.79,False,Normal,0,train
PUMP_02,2026-03-29 06:00:00,0.1743,50.73,33.97,58.15,3.966,0.1563,0.0134,41.75,False,Normal,0,train
PUMP_02,2026-03-29 07:00:00,0.167,48.8,33.59,57.37,3.943,0.157,0.0139,41.71,False,Normal,0,train
PUMP_02,2026-03-29 08:00:00,0.1591,48.91,34.2,60.71,3.856,0.1601,0.0114,41.67,False,Normal,0,train
PUMP_02,2026-03-29 09:00:00,0.1566,51.36,34.27,57.1,3.912,0.1586,0.0111,41.62,False,Normal,0,train
PUMP_02,2026-03-29 10:00:00,0.1564,48.93,33.59,57.14,3.974,0.1609,0.0083,41.58,False,Normal,0,train
PUMP_02,2026-03-29 11:00:00,0.1407,46.12,34.27,58.74,3.835,0.159,0.0114,41.54,False,Normal,0,train
PUMP_02,2026-03-29 12:00:00,0.1272,49.54,34.04,57.13,3.914,0.1512,0.0145,41.5,False,Normal,0,train
PUMP_02,2026-03-29 13:00:00,0.1559,50.47,33.94,56.72,3.993,0.1493,0.0127,41.46,False,Normal,0,train
PUMP_02,2026-03-29 14:00:00,0.168,51.59,33.55,57.87,4.071,0.1508,0.0145,41.42,False,Normal,0,train
PUMP_02,2026-03-29 15:00:00,0.152,52.47,35.39,58.76,3.943,0.15,0.0142,41.38,False,Normal,0,train
PUMP_02,2026-03-29 16:00:00,0.1452,50.13,34.71,60.19,4.01,0.1482,0.0139,41.33,False,Normal,0,train
PUMP_02,2026-03-29 17:00:00,0.1222,50.99,34.44,60.44,4.149,0.1451,0.0175,41.29,False,Normal,0,train
PUMP_02,2026-03-29 18:00:00,0.1532,50.18,34.68,55.79,3.856,0.1494,0.0153,41.25,False,Normal,0,train
PUMP_02,2026-03-29 19:00:00,0.1476,50.53,34.18,59.19,4.087,0.148,0.0149,41.21,False,Normal,0,train
PUMP_02,2026-03-29 20:00:00,0.1527,49.72,33.79,56.76,4.03,0.1455,0.0118,41.17,False,Normal,0,train
PUMP_02,2026-03-29 21:00:00,0.1584,50.58,32.41,56.82,4.101,0.1465,0.0128,41.12,False,Normal,0,train
PUMP_02,2026-03-29 22:00:00,0.1688,48.91,33.27,57.29,4.077,0.1505,0.0156,41.08,False,Normal,0,train
PUMP_02,2026-03-29 23:00:00,0.1307,52.97,35.3,57.21,3.947,0.1519,0.0126,41.04,False,Normal,0,train
PUMP_02,2026-03-30 00:00:00,0.1307,46.41,34.7,56.65,4.0,0.1482,0.0152,41.0,False,Normal,0,train
PUMP_02,2026-03-30 01:00:00,0.1548,50.86,34.12,55.15,3.883,0.1494,0.0155,40.96,False,Normal,0,train
PUMP_02,2026-03-30 02:00:00,0.1412,50.48,33.05,59.67,3.958,0.1474,0.0157,40.92,False,Normal,0,train
PUMP_02,2026-03-30 03:00:00,0.1406,50.56,34.38,59.02,4.002,0.1445,0.0149,40.88,False,Normal,0,train
PUMP_02,2026-03-30 04:00:00,0.177,48.23,33.83,57.92,4.024,0.1458,0.0177,40.83,False,Normal,0,train
PUMP_02,2026-03-30 05:00:00,0.1445,47.48,34.42,56.78,4.063,0.1481,0.0161,40.79,False,Normal,0,train
PUMP_02,2026-03-30 06:00:00,0.1598,50.91,33.33,59.42,4.127,0.153,0.0141,40.75,False,Normal,0,train
PUMP_02,2026-03-30 07:00:00,0.1352,52.01,33.71,57.86,3.965,0.1497,0.0157,40.71,False,Normal,0,train
PUMP_02,2026-03-30 08:00:00,0.1596,50.33,34.53,57.25,4.092,0.1528,0.0155,40.67,False,Normal,0,train
PUMP_02,2026-03-30 09:00:00,0.1748,51.21,35.16,55.97,4.021,0.1585,0.0164,40.62,False,Normal,0,train
PUMP_02,2026-03-30 10:00:00,0.1732,49.31,33.6,58.58,3.895,0.1578,0.0156,40.58,False,Normal,0,train
PUMP_02,2026-03-30 11:00:00,0.1683,50.5,33.4,57.54,3.988,0.1618,0.0145,40.54,False,Normal,0,train
PUMP_02,2026-03-30 12:00:00,0.1488,51.84,34.61,58.25,4.009,0.16,0.0155,40.5,False,Normal,0,train
PUMP_02,2026-03-30 13:00:00,0.1641,49.53,33.24,58.14,3.933,0.1648,0.0097,40.46,False,Normal,0,train
PUMP_02,2026-03-30 14:00:00,0.1515,51.78,33.29,58.7,3.917,0.1634,0.011,40.42,False,Normal,0,train
PUMP_02,2026-03-30 15:00:00,0.1363,47.55,34.16,58.2,3.914,0.157,0.0139,40.38,False,Normal,0,train
PUMP_02,2026-03-30 16:00:00,0.1471,49.08,35.25,57.57,3.957,0.1527,0.0117,40.33,False,Normal,0,train
PUMP_02,2026-03-30 17:00:00,0.1536,50.82,33.49,58.6,3.931,0.1502,0.0091,40.29,False,Normal,0,train
PUMP_02,2026-03-30 18:00:00,0.1201,52.85,33.78,59.08,4.098,0.1454,0.0154,40.25,False,Normal,0,train
PUMP_02,2026-03-30 19:00:00,0.1244,50.02,34.07,59.8,3.804,0.1388,0.0142,40.21,False,Normal,0,train
PUMP_02,2026-03-30 20:00:00,0.1392,48.45,33.72,56.59,4.009,0.1368,0.0129,40.17,False,Normal,0,train
PUMP_02,2026-03-30 21:00:00,0.1246,52.82,32.94,59.27,4.042,0.1348,0.0138,40.12,False,Normal,0,train
PUMP_02,2026-03-30 22:00:00,0.1265,49.81,34.48,56.03,3.923,0.1314,0.0127,40.08,False,Normal,0,train
PUMP_02,2026-03-30 23:00:00,0.1411,51.0,34.11,59.16,3.981,0.1293,0.0087,40.04,False,Normal,0,train
PUMP_02,2026-03-31 00:00:00,0.1649,49.5,34.22,57.23,3.973,0.1368,0.0156,40.0,False,Normal,0,train
PUMP_02,2026-03-31 01:00:00,0.1672,50.21,33.91,58.95,3.994,0.1439,0.0184,39.96,False,Normal,0,train
PUMP_02,2026-03-31 02:00:00,0.1598,49.16,34.91,59.73,4.053,0.1473,0.0192,39.92,False,Normal,0,train
PUMP_02,2026-03-31 03:00:00,0.1598,53.39,33.7,58.22,4.046,0.1532,0.016,39.88,False,Normal,0,train
PUMP_02,2026-03-31 04:00:00,0.19,51.79,33.35,57.94,3.952,0.1638,0.0158,39.83,False,Normal,0,train
PUMP_02,2026-03-31 05:00:00,0.1516,52.65,35.0,57.88,3.88,0.1656,0.0131,39.79,False,Normal,0,train
PUMP_02,2026-03-31 06:00:00,0.1636,48.82,32.68,57.44,4.013,0.1653,0.0132,39.75,False,Normal,0,train
PUMP_02,2026-03-31 07:00:00,0.1508,47.26,33.91,59.35,3.947,0.1626,0.0143,39.71,False,Normal,0,train
PUMP_02,2026-03-31 08:00:00,0.1393,49.56,33.95,57.87,3.958,0.1592,0.0173,39.67,False,Normal,0,train
PUMP_02,2026-03-31 09:00:00,0.1748,53.77,33.93,55.39,4.018,0.1617,0.0184,39.62,False,Normal,0,train
PUMP_02,2026-03-31 10:00:00,0.1504,49.52,33.07,59.06,3.965,0.1551,0.0124,39.58,False,Normal,0,train
PUMP_02,2026-03-31 11:00:00,0.163,51.58,33.29,59.0,4.025,0.157,0.0126,39.54,False,Normal,0,train
PUMP_02,2026-03-31 12:00:00,0.1463,48.46,34.57,58.05,4.201,0.1541,0.0127,39.5,False,Normal,0,train
PUMP_02,2026-03-31 13:00:00,0.1661,48.76,34.83,57.05,4.055,0.1566,0.0135,39.46,False,Normal,0,train
PUMP_02,2026-03-31 14:00:00,0.13,49.88,33.75,56.61,4.108,0.1551,0.0161,39.42,False,Normal,0,train
PUMP_02,2026-03-31 15:00:00,0.1604,53.16,33.44,57.06,4.041,0.1527,0.0135,39.38,False,Normal,0,train
PUMP_02,2026-03-31 16:00:00,0.1548,51.65,32.93,58.24,4.006,0.1534,0.0134,39.33,False,Normal,0,train
PUMP_02,2026-03-31 17:00:00,0.1134,46.92,34.56,55.79,4.042,0.1452,0.02,39.29,False,Normal,0,train
PUMP_02,2026-03-31 18:00:00,0.1322,51.0,34.6,58.51,4.038,0.1428,0.0207,39.25,False,Normal,0,train
PUMP_02,2026-03-31 19:00:00,0.1557,48.28,32.31,58.09,4.069,0.1411,0.0187,39.21,False,Normal,0,train
PUMP_02,2026-03-31 20:00:00,0.1659,48.98,32.55,59.54,4.005,0.1471,0.0201,39.17,False,Normal,0,train
PUMP_02,2026-03-31 21:00:00,0.1537,50.77,34.08,58.84,3.895,0.146,0.0194,39.12,False,Normal,0,train
PUMP_02,2026-03-31 22:00:00,0.1391,52.1,34.16,57.13,3.883,0.1433,0.019,39.08,False,Normal,0,train
PUMP_02,2026-03-31 23:00:00,0.1329,52.02,33.71,55.97,4.037,0.1466,0.0138,39.04,False,Normal,0,train
PUMP_02,2026-04-01 00:00:00,0.1585,50.5,33.98,57.01,3.91,0.151,0.0125,39.0,False,Normal,0,train
PUMP_02,2026-04-01 01:00:00,0.1462,50.52,33.85,59.66,4.055,0.1494,0.0123,38.96,False,Normal,0,train
PUMP_02,2026-04-01 02:00:00,0.1492,52.02,34.02,58.35,4.107,0.1466,0.0094,38.92,False,Normal,0,train
PUMP_02,2026-04-01 03:00:00,0.1537,47.64,33.46,58.72,3.982,0.1466,0.0094,38.88,False,Normal,0,train
PUMP_02,2026-04-01 04:00:00,0.1719,52.74,33.99,57.24,4.097,0.1521,0.013,38.83,False,Normal,0,train
PUMP_02,2026-04-01 05:00:00,0.1868,48.9,33.6,58.58,4.021,0.161,0.0155,38.79,False,Normal,0,train
PUMP_02,2026-04-01 06:00:00,0.1754,50.39,33.55,56.18,4.002,0.1639,0.0165,38.75,False,Normal,0,train
PUMP_02,2026-04-01 07:00:00,0.1598,49.26,32.88,59.12,4.006,0.1661,0.0143,38.71,False,Normal,0,train
PUMP_02,2026-04-01 08:00:00,0.1452,48.27,33.89,56.61,3.934,0.1655,0.0153,38.67,False,Normal,0,train
PUMP_02,2026-04-01 09:00:00,0.1671,50.69,34.48,55.63,3.923,0.1677,0.0142,38.62,False,Normal,0,train
PUMP_02,2026-04-01 10:00:00,0.18,50.35,33.8,60.71,3.868,0.169,0.0151,38.58,False,Normal,0,train
PUMP_02,2026-04-01 11:00:00,0.1676,49.84,33.79,58.16,3.941,0.1658,0.0123,38.54,False,Normal,0,train
PUMP_02,2026-04-01 12:00:00,0.1531,49.77,34.75,58.13,4.171,0.1621,0.0122,38.5,False,Normal,0,train
PUMP_02,2026-04-01 13:00:00,0.1401,52.29,34.61,55.76,3.881,0.1588,0.0153,38.46,False,Normal,0,train
PUMP_02,2026-04-01 14:00:00,0.1502,53.29,35.04,58.75,3.906,0.1597,0.0145,38.42,False,Normal,0,train
PUMP_02,2026-04-01 15:00:00,0.1602,51.88,35.35,59.06,3.936,0.1585,0.014,38.38,False,Normal,0,train
PUMP_02,2026-04-01 16:00:00,0.1448,50.42,34.04,57.76,3.939,0.1527,0.0101,38.33,False,Normal,0,train
PUMP_02,2026-04-01 17:00:00,0.1388,47.54,33.31,59.07,4.022,0.1479,0.0082,38.29,False,Normal,0,train
PUMP_02,2026-04-01 18:00:00,0.1297,50.94,33.69,59.4,3.951,0.144,0.0105,38.25,False,Normal,0,train
PUMP_02,2026-04-01 19:00:00,0.1792,51.01,34.34,58.63,3.984,0.1505,0.0174,38.21,False,Normal,0,train
PUMP_02,2026-04-01 20:00:00,0.128,51.16,34.86,55.4,3.932,0.1468,0.0197,38.17,False,Normal,0,train
PUMP_02,2026-04-01 21:00:00,0.1282,48.29,33.37,56.62,3.962,0.1414,0.0197,38.12,False,Normal,0,train
PUMP_02,2026-04-01 22:00:00,0.1475,51.28,34.15,60.02,3.995,0.1419,0.0198,38.08,False,Normal,0,train
PUMP_02,2026-04-01 23:00:00,0.1444,52.34,33.52,58.1,3.989,0.1428,0.0198,38.04,False,Normal,0,train
PUMP_02,2026-04-02 00:00:00,0.1653,48.53,33.91,58.1,4.158,0.1488,0.0204,38.0,False,Normal,0,train
PUMP_02,2026-04-02 01:00:00,0.1684,51.03,33.9,57.0,3.998,0.147,0.0174,37.96,False,Normal,0,train
PUMP_02,2026-04-02 02:00:00,0.1368,48.78,34.23,57.24,3.983,0.1484,0.0158,37.92,False,Normal,0,train
PUMP_02,2026-04-02 03:00:00,0.1457,49.84,35.22,59.43,3.8,0.1513,0.0126,37.88,False,Normal,0,train
PUMP_02,2026-04-02 04:00:00,0.1455,48.58,34.29,59.8,4.019,0.151,0.0127,37.83,False,Normal,0,train
PUMP_02,2026-04-02 05:00:00,0.1714,49.47,33.74,58.96,3.842,0.1555,0.0146,37.79,False,Normal,0,train
PUMP_02,2026-04-02 06:00:00,0.1664,49.49,33.64,58.66,4.044,0.1557,0.0147,37.75,False,Normal,0,train
PUMP_02,2026-04-02 07:00:00,0.1541,50.62,33.89,58.75,4.011,0.1533,0.0133,37.71,False,Normal,0,train
PUMP_02,2026-04-02 08:00:00,0.1619,51.34,33.48,57.92,4.064,0.1575,0.0108,37.67,False,Normal,0,train
PUMP_02,2026-04-02 09:00:00,0.1402,51.82,34.08,56.56,3.949,0.1566,0.0122,37.62,False,Normal,0,train
PUMP_02,2026-04-02 10:00:00,0.1439,49.02,32.55,56.3,4.002,0.1563,0.0125,37.58,False,Normal,0,train
PUMP_02,2026-04-02 11:00:00,0.1331,50.54,33.87,59.58,4.054,0.1499,0.013,37.54,False,Normal,0,train
PUMP_02,2026-04-02 12:00:00,0.1522,48.35,33.92,57.96,3.926,0.1476,0.0105,37.5,False,Normal,0,train
PUMP_02,2026-04-02 13:00:00,0.1495,49.83,33.3,58.57,4.049,0.1468,0.01,37.46,False,Normal,0,train
PUMP_02,2026-04-02 14:00:00,0.1302,50.06,33.77,58.25,4.045,0.1415,0.0088,37.42,False,Normal,0,train
PUMP_02,2026-04-02 15:00:00,0.1492,48.62,34.67,58.31,3.989,0.143,0.0093,37.38,False,Normal,0,train
PUMP_02,2026-04-02 16:00:00,0.1572,50.84,34.72,58.41,4.126,0.1452,0.0109,37.33,False,Normal,0,train
PUMP_02,2026-04-02 17:00:00,0.1249,49.77,33.68,58.84,4.041,0.1439,0.0131,37.29,False,Normal,0,train
PUMP_02,2026-04-02 18:00:00,0.1351,50.23,34.31,57.08,3.866,0.141,0.0127,37.25,False,Normal,0,train
PUMP_02,2026-04-02 19:00:00,0.148,51.84,33.1,59.42,4.079,0.1408,0.0126,37.21,False,Normal,0,train
PUMP_02,2026-04-02 20:00:00,0.1412,49.36,33.82,57.11,3.947,0.1426,0.0115,37.17,False,Normal,0,train
PUMP_02,2026-04-02 21:00:00,0.1223,51.28,34.14,58.29,4.064,0.1381,0.0135,37.12,False,Normal,0,train
PUMP_02,2026-04-02 22:00:00,0.1384,52.16,34.92,56.58,4.024,0.135,0.0098,37.08,False,Normal,0,train
PUMP_02,2026-04-02 23:00:00,0.1403,52.07,34.72,57.8,3.789,0.1376,0.0086,37.04,False,Normal,0,train
PUMP_02,2026-04-03 00:00:00,0.1474,49.72,34.13,57.21,4.048,0.1396,0.0093,37.0,False,Normal,0,train
PUMP_02,2026-04-03 01:00:00,0.1507,48.54,33.45,58.03,3.982,0.14,0.0099,36.96,False,Normal,0,train
PUMP_02,2026-04-03 02:00:00,0.1785,48.94,34.82,58.88,3.963,0.1463,0.0186,36.92,False,Normal,0,train
PUMP_02,2026-04-03 03:00:00,0.1539,47.62,33.8,58.09,3.966,0.1515,0.0145,36.88,False,Normal,0,train
PUMP_02,2026-04-03 04:00:00,0.1329,51.03,34.27,60.35,4.063,0.1506,0.0156,36.83,False,Normal,0,train
PUMP_02,2026-04-03 05:00:00,0.161,51.12,33.93,58.96,3.926,0.1541,0.0152,36.79,False,Normal,0,train
PUMP_02,2026-04-03 06:00:00,0.1862,50.18,35.2,57.73,4.089,0.1605,0.0194,36.75,False,Normal,0,train
PUMP_02,2026-04-03 07:00:00,0.1572,47.94,33.63,57.9,3.878,0.1616,0.0189,36.71,False,Normal,0,train
PUMP_02,2026-04-03 08:00:00,0.1521,49.45,34.55,58.45,4.024,0.1572,0.0172,36.67,False,Normal,0,train
PUMP_02,2026-04-03 09:00:00,0.1525,52.07,33.95,58.85,4.062,0.157,0.0173,36.62,False,Normal,0,train
PUMP_02,2026-04-03 10:00:00,0.1638,50.91,34.34,56.52,4.06,0.1621,0.0127,36.58,False,Normal,0,train
PUMP_02,2026-04-03 11:00:00,0.1479,51.17,34.97,58.76,4.015,0.16,0.014,36.54,False,Normal,0,train
PUMP_02,2026-04-03 12:00:00,0.1273,54.96,32.8,56.55,3.983,0.1501,0.0124,36.5,False,Normal,0,train
PUMP_02,2026-04-03 13:00:00,0.1373,50.49,33.96,58.65,3.956,0.1468,0.0128,36.46,False,Normal,0,train
PUMP_02,2026-04-03 14:00:00,0.144,46.76,33.46,59.32,3.902,0.1455,0.0126,36.42,False,Normal,0,train
PUMP_02,2026-04-03 15:00:00,0.151,48.35,34.27,58.36,3.945,0.1452,0.0124,36.38,False,Normal,0,train
PUMP_02,2026-04-03 16:00:00,0.1326,50.46,34.41,55.21,3.923,0.14,0.0092,36.33,False,Normal,0,train
PUMP_02,2026-04-03 17:00:00,0.1359,50.03,33.72,55.86,3.91,0.138,0.0084,36.29,False,Normal,0,train
PUMP_02,2026-04-03 18:00:00,0.1407,49.74,33.69,58.68,4.144,0.1403,0.0066,36.25,False,Normal,0,train
PUMP_02,2026-04-03 19:00:00,0.1287,49.77,34.12,55.06,3.862,0.1388,0.0081,36.21,False,Normal,0,train
PUMP_02,2026-04-03 20:00:00,0.14,48.82,33.24,58.73,4.09,0.1382,0.0077,36.17,False,Normal,0,train
PUMP_02,2026-04-03 21:00:00,0.1499,50.56,34.2,59.18,3.901,0.138,0.0074,36.12,False,Normal,0,train
PUMP_02,2026-04-03 22:00:00,0.1272,52.09,33.51,59.36,3.918,0.1371,0.0084,36.08,False,Normal,0,train
PUMP_02,2026-04-03 23:00:00,0.152,52.6,34.44,57.71,3.917,0.1398,0.0103,36.04,False,Normal,0,train
PUMP_02,2026-04-04 00:00:00,0.1336,52.56,33.21,58.53,3.911,0.1386,0.0106,36.0,False,Normal,0,train
PUMP_02,2026-04-04 01:00:00,0.1365,48.57,33.66,58.25,4.074,0.1399,0.0096,35.96,False,Normal,0,train
PUMP_02,2026-04-04 02:00:00,0.1451,49.97,33.55,56.23,4.047,0.1407,0.0098,35.92,False,Normal,0,train
PUMP_02,2026-04-04 03:00:00,0.1776,49.53,33.82,58.89,3.981,0.1453,0.0181,35.88,False,Normal,0,train
PUMP_02,2026-04-04 04:00:00,0.1329,50.89,34.83,59.67,4.217,0.1463,0.017,35.83,False,Normal,0,train
PUMP_02,2026-04-04 05:00:00,0.1527,49.88,34.51,58.83,3.999,0.1464,0.0171,35.79,False,Normal,0,train
PUMP_02,2026-04-04 06:00:00,0.1596,49.66,33.71,57.4,4.005,0.1507,0.0165,35.75,False,Normal,0,train
PUMP_02,2026-04-04 07:00:00,0.1772,52.18,33.71,58.89,3.945,0.1575,0.0178,35.71,False,Normal,0,train
PUMP_02,2026-04-04 08:00:00,0.1879,50.15,34.53,59.56,3.936,0.1646,0.0202,35.67,False,Normal,0,train
PUMP_02,2026-04-04 09:00:00,0.1507,50.19,33.3,59.4,3.957,0.1602,0.0197,35.62,False,Normal,0,train
PUMP_02,2026-04-04 10:00:00,0.1631,50.62,34.01,59.23,4.068,0.1652,0.0146,35.58,False,Normal,0,train
PUMP_02,2026-04-04 11:00:00,0.1512,51.01,33.64,56.09,4.046,0.165,0.0148,35.54,False,Normal,0,train
PUMP_02,2026-04-04 12:00:00,0.1485,51.02,33.9,58.48,4.103,0.1631,0.0163,35.5,False,Normal,0,train
PUMP_02,2026-04-04 13:00:00,0.1515,52.33,34.49,58.77,3.943,0.1588,0.0152,35.46,False,Normal,0,train
PUMP_02,2026-04-04 14:00:00,0.1212,48.07,33.6,59.25,4.047,0.1477,0.014,35.42,False,Normal,0,train
PUMP_02,2026-04-04 15:00:00,0.1422,50.49,34.58,58.62,4.024,0.1463,0.014,35.38,False,Normal,0,train
PUMP_02,2026-04-04 16:00:00,0.1481,49.85,35.32,59.86,4.035,0.1438,0.0116,35.33,False,Normal,0,train
PUMP_02,2026-04-04 17:00:00,0.1274,49.55,34.36,55.81,3.931,0.1398,0.0125,35.29,False,Normal,0,train
PUMP_02,2026-04-04 18:00:00,0.1469,51.14,33.95,58.67,3.917,0.1395,0.0123,35.25,False,Normal,0,train
PUMP_02,2026-04-04 19:00:00,0.1144,51.94,34.69,58.57,4.043,0.1334,0.0143,35.21,False,Normal,0,train
PUMP_02,2026-04-04 20:00:00,0.1427,49.11,33.33,59.08,4.07,0.137,0.0133,35.17,False,Normal,0,train
PUMP_02,2026-04-04 21:00:00,0.1631,52.53,34.91,59.85,3.951,0.1404,0.0171,35.12,False,Normal,0,train
PUMP_02,2026-04-04 22:00:00,0.1417,47.85,33.55,56.93,4.049,0.1394,0.0168,35.08,False,Normal,0,train
PUMP_02,2026-04-04 23:00:00,0.1327,50.89,35.3,59.81,4.096,0.1402,0.0161,35.04,False,Normal,0,train
PUMP_02,2026-04-05 00:00:00,0.1286,48.66,33.57,58.98,3.971,0.1372,0.0163,35.0,False,Normal,0,train
PUMP_02,2026-04-05 01:00:00,0.1584,49.04,34.4,57.78,3.885,0.1445,0.0137,34.96,False,Normal,0,train
PUMP_02,2026-04-05 02:00:00,0.1689,50.09,33.06,56.91,3.895,0.1489,0.0168,34.92,False,Normal,0,train
PUMP_02,2026-04-05 03:00:00,0.1562,49.4,33.87,58.24,3.946,0.1478,0.0159,34.88,False,Normal,0,train
PUMP_02,2026-04-05 04:00:00,0.1517,45.71,33.35,58.34,3.964,0.1494,0.0156,34.83,False,Normal,0,train
PUMP_02,2026-04-05 05:00:00,0.1307,50.92,33.14,58.41,3.997,0.1491,0.0161,34.79,False,Normal,0,train
PUMP_02,2026-04-05 06:00:00,0.1619,51.17,34.72,57.25,3.999,0.1546,0.0131,34.75,False,Normal,0,train
PUMP_02,2026-04-05 07:00:00,0.1493,49.76,33.26,58.73,3.978,0.1531,0.0131,34.71,False,Normal,0,train
PUMP_02,2026-04-05 08:00:00,0.1492,49.64,33.56,57.51,4.054,0.1498,0.0105,34.67,False,Normal,0,train
PUMP_02,2026-04-05 09:00:00,0.1813,49.44,33.49,59.46,3.939,0.154,0.0167,34.62,False,Normal,0,train
PUMP_02,2026-04-05 10:00:00,0.128,47.43,34.68,60.05,4.101,0.1501,0.0199,34.58,False,Normal,0,train
PUMP_02,2026-04-05 11:00:00,0.1276,47.27,34.61,57.02,4.075,0.1495,0.0205,34.54,False,Normal,0,train
PUMP_02,2026-04-05 12:00:00,0.1535,51.21,34.76,58.07,4.069,0.1482,0.0198,34.5,False,Normal,0,train
PUMP_02,2026-04-05 13:00:00,0.1416,51.6,33.53,59.17,3.947,0.1469,0.0199,34.46,False,Normal,0,train
PUMP_02,2026-04-05 14:00:00,0.1372,50.9,34.81,58.33,3.991,0.1449,0.0203,34.42,False,Normal,0,train
PUMP_02,2026-04-05 15:00:00,0.147,50.57,33.52,56.38,4.058,0.1392,0.0103,34.38,False,Normal,0,train
PUMP_02,2026-04-05 16:00:00,0.1452,51.17,33.55,59.04,3.984,0.142,0.0089,34.33,False,Normal,0,train
PUMP_02,2026-04-05 17:00:00,0.1257,51.07,33.58,57.27,3.944,0.1417,0.0095,34.29,False,Normal,0,train
PUMP_02,2026-04-05 18:00:00,0.1311,48.82,33.6,58.24,3.941,0.138,0.0083,34.25,False,Normal,0,train
PUMP_02,2026-04-05 19:00:00,0.1411,50.33,33.95,56.81,3.945,0.1379,0.0083,34.21,False,Normal,0,train
PUMP_02,2026-04-05 20:00:00,0.1438,49.56,33.5,58.95,3.907,0.139,0.0086,34.17,False,Normal,0,train
PUMP_02,2026-04-05 21:00:00,0.1502,49.58,34.14,57.49,4.23,0.1395,0.0093,34.12,False,Normal,0,train
PUMP_02,2026-04-05 22:00:00,0.1363,51.71,32.43,59.08,3.844,0.138,0.0089,34.08,False,Normal,0,train
PUMP_02,2026-04-05 23:00:00,0.1526,52.36,34.14,57.74,3.922,0.1425,0.0082,34.04,False,Normal,0,train
PUMP_02,2026-04-06 00:00:00,0.1643,46.48,33.35,57.42,4.048,0.1481,0.0099,34.0,False,Normal,0,train
PUMP_02,2026-04-06 01:00:00,0.1533,49.62,33.6,58.49,3.945,0.1501,0.0095,33.96,False,Normal,0,train
PUMP_02,2026-04-06 02:00:00,0.1535,49.54,33.61,56.71,3.972,0.1517,0.009,33.92,False,Normal,0,train
PUMP_02,2026-04-06 03:00:00,0.1535,51.74,34.57,60.16,4.032,0.1522,0.009,33.88,False,Normal,0,train
PUMP_02,2026-04-06 04:00:00,0.1494,47.82,34.3,58.22,4.083,0.1544,0.0051,33.83,False,Normal,0,train
PUMP_02,2026-04-06 05:00:00,0.1456,45.52,33.9,57.32,3.978,0.1533,0.0063,33.79,False,Normal,0,train
PUMP_02,2026-04-06 06:00:00,0.1555,51.23,33.57,57.52,4.074,0.1518,0.0036,33.75,False,Normal,0,train
PUMP_02,2026-04-06 07:00:00,0.1664,51.44,34.47,58.02,3.864,0.154,0.007,33.71,False,Normal,0,train
PUMP_02,2026-04-06 08:00:00,0.1453,47.32,35.08,59.19,3.952,0.1526,0.0079,33.67,False,Normal,0,train
PUMP_02,2026-04-06 09:00:00,0.1559,49.81,33.98,56.93,4.04,0.153,0.008,33.62,False,Normal,0,train
PUMP_02,2026-04-06 10:00:00,0.1521,52.3,33.04,57.56,4.158,0.1535,0.0078,33.58,False,Normal,0,train
PUMP_02,2026-04-06 11:00:00,0.1793,48.38,33.58,57.94,3.923,0.1591,0.012,33.54,False,Normal,0,train
PUMP_02,2026-04-06 12:00:00,0.1608,50.15,34.34,59.85,3.909,0.16,0.0119,33.5,False,Normal,0,train
PUMP_02,2026-04-06 13:00:00,0.158,50.76,33.73,59.2,4.027,0.1586,0.0115,33.46,False,Normal,0,train
PUMP_02,2026-04-06 14:00:00,0.1588,47.86,33.48,59.91,4.004,0.1608,0.0095,33.42,False,Normal,0,train
PUMP_02,2026-04-06 15:00:00,0.1347,49.15,33.46,58.04,3.943,0.1573,0.0144,33.38,False,Normal,0,train
PUMP_02,2026-04-06 16:00:00,0.162,47.46,34.06,59.72,3.903,0.1589,0.0143,33.33,False,Normal,0,train
PUMP_02,2026-04-06 17:00:00,0.1427,49.75,33.08,59.52,3.959,0.1528,0.0113,33.29,False,Normal,0,train
PUMP_02,2026-04-06 18:00:00,0.1393,48.81,33.98,58.84,4.042,0.1492,0.0117,33.25,False,Normal,0,train
PUMP_02,2026-04-06 19:00:00,0.1221,50.31,34.05,58.93,3.973,0.1433,0.015,33.21,False,Normal,0,train
PUMP_02,2026-04-06 20:00:00,0.1353,50.95,33.73,57.29,4.094,0.1394,0.0131,33.17,False,Normal,0,train
PUMP_02,2026-04-06 21:00:00,0.1164,52.08,33.37,60.19,3.989,0.1363,0.0162,33.12,False,Normal,0,train
PUMP_02,2026-04-06 22:00:00,0.1413,53.5,34.61,57.71,4.048,0.1328,0.011,33.08,False,Normal,0,train
PUMP_02,2026-04-06 23:00:00,0.1388,50.31,33.2,58.67,4.022,0.1322,0.0104,33.04,False,Normal,0,train
PUMP_02,2026-04-07 00:00:00,0.144,49.53,34.1,58.81,3.968,0.133,0.0112,33.0,False,Normal,0,train
PUMP_02,2026-04-07 01:00:00,0.1318,49.44,34.44,56.35,4.067,0.1346,0.0099,32.96,False,Normal,0,train
PUMP_02,2026-04-07 02:00:00,0.1656,48.55,34.1,57.94,3.903,0.1396,0.0161,32.92,False,Normal,0,train
PUMP_02,2026-04-07 03:00:00,0.166,50.67,34.74,58.24,3.956,0.1479,0.0144,32.88,False,Normal,0,train
PUMP_02,2026-04-07 04:00:00,0.184,49.26,33.32,57.86,3.967,0.155,0.02,32.83,False,Normal,0,train
PUMP_02,2026-04-07 05:00:00,0.1846,50.78,33.53,57.95,4.031,0.1627,0.0212,32.79,False,Normal,0,train
PUMP_02,2026-04-07 06:00:00,0.1623,48.6,33.72,59.79,4.05,0.1657,0.0193,32.75,False,Normal,0,train
PUMP_02,2026-04-07 07:00:00,0.175,49.3,35.97,57.01,3.935,0.1729,0.0098,32.71,False,Normal,0,train
PUMP_02,2026-04-07 08:00:00,0.1626,50.65,34.3,56.48,3.924,0.1724,0.0103,32.67,False,Normal,0,train
PUMP_02,2026-04-07 09:00:00,0.1507,49.81,34.42,57.3,4.006,0.1699,0.0136,32.62,False,Normal,0,train
PUMP_02,2026-04-07 10:00:00,0.1508,47.12,34.39,58.89,3.877,0.1643,0.0134,32.58,False,Normal,0,train
PUMP_02,2026-04-07 11:00:00,0.1622,49.98,34.05,59.01,4.081,0.1606,0.0091,32.54,False,Normal,0,train
PUMP_02,2026-04-07 12:00:00,0.2113,48.8,34.63,58.73,3.982,0.1688,0.0227,32.5,False,Normal,0,train
PUMP_02,2026-04-07 13:00:00,0.1649,51.77,32.88,59.09,3.906,0.1671,0.0225,32.46,False,Normal,0,train
PUMP_02,2026-04-07 14:00:00,0.1487,51.46,34.17,58.31,3.905,0.1648,0.0238,32.42,False,Normal,0,train
PUMP_02,2026-04-07 15:00:00,0.1502,46.58,34.26,57.38,4.025,0.1647,0.0238,32.38,False,Normal,0,train
PUMP_02,2026-04-07 16:00:00,0.1485,51.2,34.61,56.87,4.023,0.1643,0.0241,32.33,False,Normal,0,train
PUMP_02,2026-04-07 17:00:00,0.139,50.58,33.31,56.49,3.939,0.1604,0.0263,32.29,False,Normal,0,train
PUMP_02,2026-04-07 18:00:00,0.1513,47.77,33.35,57.73,3.991,0.1504,0.0083,32.25,False,Normal,0,train
PUMP_02,2026-04-07 19:00:00,0.138,51.32,33.39,58.95,3.91,0.146,0.0059,32.21,False,Normal,0,train
PUMP_02,2026-04-07 20:00:00,0.1262,48.08,34.31,58.28,3.979,0.1422,0.0097,32.17,False,Normal,0,train
PUMP_02,2026-04-07 21:00:00,0.1502,51.72,34.32,58.03,4.118,0.1422,0.0097,32.12,False,Normal,0,train
PUMP_02,2026-04-07 22:00:00,0.1542,49.03,33.43,56.73,4.17,0.1432,0.0107,32.08,False,Normal,0,train
PUMP_02,2026-04-07 23:00:00,0.1452,47.72,35.15,61.1,3.983,0.1442,0.0105,32.04,False,Normal,0,train
PUMP_02,2026-04-08 00:00:00,0.1546,53.18,34.17,57.01,4.035,0.1447,0.011,32.0,False,Normal,0,train
PUMP_02,2026-04-08 01:00:00,0.167,47.68,34.07,58.14,4.031,0.1496,0.0135,31.96,False,Normal,0,train
PUMP_02,2026-04-08 02:00:00,0.1542,48.79,33.88,59.2,3.862,0.1542,0.0072,31.92,False,Normal,0,train
PUMP_02,2026-04-08 03:00:00,0.1504,49.09,34.56,58.05,3.908,0.1543,0.0072,31.88,False,Normal,0,train
PUMP_02,2026-04-08 04:00:00,0.148,49.32,34.23,57.03,3.815,0.1532,0.0076,31.83,False,Normal,0,train
PUMP_02,2026-04-08 05:00:00,0.1559,51.05,35.13,58.97,4.036,0.155,0.0066,31.79,False,Normal,0,train
PUMP_02,2026-04-08 06:00:00,0.183,50.09,33.27,56.39,4.156,0.1598,0.0131,31.75,False,Normal,0,train
PUMP_02,2026-04-08 07:00:00,0.1567,51.51,33.07,60.09,4.085,0.158,0.0127,31.71,False,Normal,0,train
PUMP_02,2026-04-08 08:00:00,0.1641,50.56,33.56,58.34,4.004,0.1597,0.0127,31.67,False,Normal,0,train
PUMP_02,2026-04-08 09:00:00,0.1522,47.49,34.33,57.7,3.992,0.16,0.0125,31.62,False,Normal,0,train
PUMP_02,2026-04-08 10:00:00,0.1488,50.82,33.74,56.3,3.972,0.1601,0.0123,31.58,False,Normal,0,train
PUMP_02,2026-04-08 11:00:00,0.1394,50.35,34.76,56.62,4.085,0.1574,0.015,31.54,False,Normal,0,train
PUMP_02,2026-04-08 12:00:00,0.1515,49.06,33.76,57.94,4.017,0.1521,0.0082,31.5,False,Normal,0,train
PUMP_02,2026-04-08 13:00:00,0.1397,53.11,34.65,60.27,4.005,0.1493,0.0092,31.46,False,Normal,0,train
PUMP_02,2026-04-08 14:00:00,0.1641,50.91,33.5,58.28,3.912,0.1493,0.0092,31.42,False,Normal,0,train
PUMP_02,2026-04-08 15:00:00,0.1413,51.41,34.71,58.42,4.048,0.1475,0.0096,31.38,False,Normal,0,train
PUMP_02,2026-04-08 16:00:00,0.1407,51.46,34.82,58.46,3.988,0.1461,0.0099,31.33,False,Normal,0,train
PUMP_02,2026-04-08 17:00:00,0.1376,49.37,33.66,60.84,4.032,0.1458,0.0102,31.29,False,Normal,0,train
PUMP_02,2026-04-08 18:00:00,0.1456,50.95,34.29,57.47,4.08,0.1448,0.0098,31.25,False,Normal,0,train
PUMP_02,2026-04-08 19:00:00,0.1627,50.47,34.16,59.88,3.869,0.1487,0.0117,31.21,False,Normal,0,train
PUMP_02,2026-04-08 20:00:00,0.1257,49.16,34.31,57.52,3.976,0.1423,0.0121,31.17,False,Normal,0,train
PUMP_02,2026-04-08 21:00:00,0.1471,48.17,34.77,57.16,3.965,0.1432,0.0122,31.12,False,Normal,0,train
PUMP_02,2026-04-08 22:00:00,0.1215,50.04,34.58,57.9,3.958,0.14,0.0152,31.08,False,Normal,0,train
PUMP_02,2026-04-08 23:00:00,0.1658,50.88,34.31,57.9,3.911,0.1447,0.0183,31.04,False,Normal,0,train
PUMP_02,2026-04-09 00:00:00,0.1484,50.02,34.4,58.67,3.942,0.1452,0.0184,31.0,False,Normal,0,train
PUMP_02,2026-04-09 01:00:00,0.1302,49.73,33.24,55.21,3.912,0.1398,0.0169,30.96,False,Normal,0,train
PUMP_02,2026-04-09 02:00:00,0.1359,50.04,33.98,58.18,4.066,0.1415,0.0157,30.92,False,Normal,0,train
PUMP_02,2026-04-09 03:00:00,0.1693,49.57,33.34,57.28,4.03,0.1452,0.0194,30.88,False,Normal,0,train
PUMP_02,2026-04-09 04:00:00,0.1337,52.32,33.99,57.13,4.025,0.1472,0.0169,30.83,False,Normal,0,train
PUMP_02,2026-04-09 05:00:00,0.1638,50.41,34.67,56.45,3.846,0.1469,0.0165,30.79,False,Normal,0,train
PUMP_02,2026-04-09 06:00:00,0.1536,49.27,34.0,57.56,4.156,0.1478,0.0167,30.75,False,Normal,0,train
PUMP_02,2026-04-09 07:00:00,0.1567,47.29,32.5,57.38,3.967,0.1522,0.0145,30.71,False,Normal,0,train
PUMP_02,2026-04-09 08:00:00,0.1486,49.7,33.37,57.49,4.14,0.1543,0.0125,30.67,False,Normal,0,train
PUMP_02,2026-04-09 09:00:00,0.1428,49.13,34.35,56.03,4.06,0.1499,0.0107,30.62,False,Normal,0,train
PUMP_02,2026-04-09 10:00:00,0.1477,49.08,33.68,58.12,3.981,0.1522,0.0075,30.58,False,Normal,0,train
PUMP_02,2026-04-09 11:00:00,0.1612,51.41,34.47,57.05,4.163,0.1518,0.0067,30.54,False,Normal,0,train
PUMP_02,2026-04-09 12:00:00,0.1456,50.12,33.28,56.04,4.045,0.1504,0.007,30.5,False,Normal,0,train
PUMP_02,2026-04-09 13:00:00,0.1537,47.48,34.23,57.34,3.982,0.1499,0.0066,30.46,False,Normal,0,train
PUMP_02,2026-04-09 14:00:00,0.1414,50.93,34.26,57.07,3.969,0.1487,0.0075,30.42,False,Normal,0,train
PUMP_02,2026-04-09 15:00:00,0.1521,47.63,34.47,58.05,4.083,0.1503,0.007,30.38,False,Normal,0,train
PUMP_02,2026-04-09 16:00:00,0.1476,51.04,33.61,57.33,3.957,0.1503,0.007,30.33,False,Normal,0,train
PUMP_02,2026-04-09 17:00:00,0.1322,49.29,34.47,56.26,3.97,0.1454,0.0079,30.29,False,Normal,0,train
PUMP_02,2026-04-09 18:00:00,0.1257,50.13,34.9,56.93,3.952,0.1421,0.0112,30.25,False,Normal,0,train
PUMP_02,2026-04-09 19:00:00,0.1547,49.96,32.64,55.93,3.94,0.1423,0.0115,30.21,False,Normal,0,train
PUMP_02,2026-04-09 20:00:00,0.1291,49.78,34.03,59.36,3.944,0.1402,0.0127,30.17,False,Normal,0,train
PUMP_02,2026-04-09 21:00:00,0.1504,50.31,32.92,59.56,4.142,0.14,0.0124,30.12,False,Normal,0,train
PUMP_02,2026-04-09 22:00:00,0.1455,50.12,33.48,59.7,4.081,0.1396,0.0121,30.08,False,Normal,0,train
PUMP_02,2026-04-09 23:00:00,0.1405,52.8,33.53,57.29,4.019,0.141,0.0116,30.04,False,Normal,0,train
PUMP_02,2026-04-10 00:00:00,0.1564,50.34,33.96,59.56,3.956,0.1461,0.0102,30.0,False,Normal,0,train
PUMP_02,2026-04-10 01:00:00,0.1731,50.37,34.23,58.49,3.956,0.1492,0.015,29.96,False,Normal,0,train
PUMP_02,2026-04-10 02:00:00,0.1644,48.94,34.54,57.01,3.971,0.155,0.0122,29.92,False,Normal,0,train
PUMP_02,2026-04-10 03:00:00,0.159,50.57,34.16,57.25,4.143,0.1565,0.012,29.88,False,Normal,0,train
PUMP_02,2026-04-10 04:00:00,0.183,48.46,34.4,57.79,4.023,0.1627,0.0146,29.83,False,Normal,0,train
PUMP_02,2026-04-10 05:00:00,0.1345,51.73,33.35,58.12,4.06,0.1617,0.0165,29.79,False,Normal,0,train
PUMP_02,2026-04-10 06:00:00,0.1433,47.77,34.63,58.44,4.016,0.1596,0.0182,29.75,False,Normal,0,train
PUMP_02,2026-04-10 07:00:00,0.1527,48.73,32.02,58.0,3.929,0.1562,0.017,29.71,False,Normal,0,train
PUMP_02,2026-04-10 08:00:00,0.18,47.56,34.92,57.58,4.008,0.1588,0.0195,29.67,False,Normal,0,train
PUMP_02,2026-04-10 09:00:00,0.1712,50.63,34.81,59.62,3.914,0.1608,0.0202,29.62,False,Normal,0,train
PUMP_02,2026-04-10 10:00:00,0.1293,49.36,34.45,57.86,4.096,0.1518,0.0202,29.58,False,Normal,0,train
PUMP_02,2026-04-10 11:00:00,0.146,51.03,35.34,57.79,3.94,0.1538,0.0188,29.54,False,Normal,0,train
PUMP_02,2026-04-10 12:00:00,0.1301,48.54,32.92,57.74,3.954,0.1516,0.0209,29.5,False,Normal,0,train
PUMP_02,2026-04-10 13:00:00,0.1468,50.8,34.47,57.86,4.065,0.1506,0.021,29.46,False,Normal,0,train
PUMP_02,2026-04-10 14:00:00,0.1585,50.87,34.08,56.37,3.944,0.147,0.0162,29.42,False,Normal,0,train
PUMP_02,2026-04-10 15:00:00,0.1576,50.32,34.15,56.8,3.982,0.1447,0.0128,29.38,False,Normal,0,train
PUMP_02,2026-04-10 16:00:00,0.1454,50.05,33.3,60.94,3.789,0.1474,0.0103,29.33,False,Normal,0,train
PUMP_02,2026-04-10 17:00:00,0.134,50.21,34.24,56.02,3.974,0.1454,0.0117,29.29,False,Normal,0,train
PUMP_02,2026-04-10 18:00:00,0.1386,48.63,34.21,58.33,4.048,0.1468,0.0099,29.25,False,Normal,0,train
PUMP_02,2026-04-10 19:00:00,0.1506,48.39,33.59,58.41,3.95,0.1474,0.01,29.21,False,Normal,0,train
PUMP_02,2026-04-10 20:00:00,0.1765,50.82,33.96,59.22,4.045,0.1504,0.0153,29.17,False,Normal,0,train
PUMP_02,2026-04-10 21:00:00,0.1252,49.45,33.21,58.44,3.999,0.1451,0.0178,29.12,False,Normal,0,train
PUMP_02,2026-04-10 22:00:00,0.1688,50.68,33.76,60.27,4.087,0.149,0.0203,29.08,False,Normal,0,train
PUMP_02,2026-04-10 23:00:00,0.1511,52.33,34.58,58.29,3.941,0.1518,0.0189,29.04,False,Normal,0,train
PUMP_02,2026-04-11 00:00:00,0.1623,49.31,34.59,59.62,3.981,0.1558,0.018,29.0,False,Normal,0,train
PUMP_02,2026-04-11 01:00:00,0.1554,49.1,34.46,59.25,3.882,0.1566,0.0179,28.96,False,Normal,0,train
PUMP_02,2026-04-11 02:00:00,0.1761,49.51,34.58,59.85,3.993,0.1565,0.0178,28.92,False,Normal,0,train
PUMP_02,2026-04-11 03:00:00,0.162,50.06,34.58,58.03,3.966,0.1626,0.009,28.88,False,Normal,0,train
PUMP_02,2026-04-11 04:00:00,0.1489,50.92,33.61,58.48,4.077,0.1593,0.0099,28.83,False,Normal,0,train
PUMP_02,2026-04-11 05:00:00,0.1664,49.96,34.2,57.56,3.95,0.1619,0.0093,28.79,False,Normal,0,train
PUMP_02,2026-04-11 06:00:00,0.1769,53.12,34.65,58.19,3.966,0.1643,0.0112,28.75,False,Normal,0,train
PUMP_02,2026-04-11 07:00:00,0.1597,50.63,33.17,58.26,3.946,0.165,0.0106,28.71,False,Normal,0,train
PUMP_02,2026-04-11 08:00:00,0.1275,51.17,33.17,55.51,4.002,0.1569,0.017,28.67,False,Normal,0,train
PUMP_02,2026-04-11 09:00:00,0.1553,49.94,33.14,57.83,4.159,0.1558,0.0169,28.62,False,Normal,0,train
PUMP_02,2026-04-11 10:00:00,0.1565,51.52,32.93,59.07,3.72,0.157,0.0165,28.58,False,Normal,0,train
PUMP_02,2026-04-11 11:00:00,0.1519,49.69,33.37,56.38,3.996,0.1546,0.0159,28.54,False,Normal,0,train
PUMP_02,2026-04-11 12:00:00,0.1426,49.03,33.68,56.82,4.094,0.1489,0.012,28.5,False,Normal,0,train
PUMP_02,2026-04-11 13:00:00,0.1673,51.36,34.91,59.39,3.959,0.1502,0.0137,28.46,False,Normal,0,train
PUMP_02,2026-04-11 14:00:00,0.1094,49.91,33.74,59.61,4.042,0.1472,0.0201,28.42,False,Normal,0,train
PUMP_02,2026-04-11 15:00:00,0.1443,50.37,33.09,57.26,4.094,0.1453,0.0197,28.38,False,Normal,0,train
PUMP_02,2026-04-11 16:00:00,0.143,51.47,34.1,58.21,3.978,0.1431,0.019,28.33,False,Normal,0,train
PUMP_02,2026-04-11 17:00:00,0.1718,50.21,33.89,57.91,3.948,0.1464,0.0223,28.29,False,Normal,0,train
PUMP_02,2026-04-11 18:00:00,0.1398,49.78,33.53,59.41,4.075,0.1459,0.0224,28.25,False,Normal,0,train
PUMP_02,2026-04-11 19:00:00,0.147,49.2,33.65,57.36,4.04,0.1425,0.0199,28.21,False,Normal,0,train
PUMP_02,2026-04-11 20:00:00,0.1432,51.59,34.64,57.55,3.995,0.1482,0.0118,28.17,False,Normal,0,train
PUMP_02,2026-04-11 21:00:00,0.1443,49.49,33.15,59.61,4.049,0.1482,0.0118,28.12,False,Normal,0,train
PUMP_02,2026-04-11 22:00:00,0.1714,49.92,33.0,56.8,4.077,0.1529,0.0147,28.08,False,Normal,0,train
PUMP_02,2026-04-11 23:00:00,0.1307,50.43,34.28,57.4,3.996,0.1461,0.0136,28.04,False,Normal,0,train
PUMP_02,2026-04-12 00:00:00,0.14,50.42,33.63,58.16,4.024,0.1461,0.0136,28.0,False,Normal,0,train
PUMP_02,2026-04-12 01:00:00,0.1639,51.52,34.93,59.83,4.042,0.1489,0.0155,27.96,False,Normal,0,train
PUMP_02,2026-04-12 02:00:00,0.1589,49.9,33.91,56.57,3.963,0.1515,0.0156,27.92,False,Normal,0,train
PUMP_02,2026-04-12 03:00:00,0.1528,52.06,33.94,57.15,4.095,0.153,0.0152,27.88,False,Normal,0,train
PUMP_02,2026-04-12 04:00:00,0.1576,49.63,34.47,58.71,3.918,0.1506,0.0127,27.83,False,Normal,0,train
PUMP_02,2026-04-12 05:00:00,0.1734,50.56,33.0,58.9,3.989,0.1578,0.0112,27.79,False,Normal,0,train
PUMP_02,2026-04-12 06:00:00,0.1673,49.72,34.2,58.25,4.061,0.1623,0.0074,27.75,False,Normal,0,train
PUMP_02,2026-04-12 07:00:00,0.149,53.14,33.78,57.86,3.915,0.1598,0.0091,27.71,False,Normal,0,train
PUMP_02,2026-04-12 08:00:00,0.1622,49.47,34.62,58.16,4.07,0.1604,0.0091,27.67,False,Normal,0,train
PUMP_02,2026-04-12 09:00:00,0.1563,49.61,33.61,56.19,4.015,0.161,0.0086,27.62,False,Normal,0,train
PUMP_02,2026-04-12 10:00:00,0.1621,50.17,34.11,58.12,4.106,0.1617,0.0085,27.58,False,Normal,0,train
PUMP_02,2026-04-12 11:00:00,0.1478,49.6,33.78,59.78,4.049,0.1574,0.0078,27.54,False,Normal,0,train
PUMP_02,2026-04-12 12:00:00,0.1319,50.47,34.25,56.42,3.987,0.1516,0.0114,27.5,False,Normal,0,train
PUMP_02,2026-04-12 13:00:00,0.1575,51.84,33.85,57.06,4.019,0.153,0.0116,27.46,False,Normal,0,train
PUMP_02,2026-04-12 14:00:00,0.1532,50.22,34.16,57.52,4.021,0.1515,0.0107,27.42,False,Normal,0,train
PUMP_02,2026-04-12 15:00:00,0.1642,50.28,35.05,57.6,4.162,0.1528,0.0118,27.38,False,Normal,0,train
PUMP_02,2026-04-12 16:00:00,0.1216,49.66,33.83,60.21,4.007,0.146,0.0162,27.33,False,Normal,0,train
PUMP_02,2026-04-12 17:00:00,0.1393,49.24,34.24,56.88,3.989,0.1446,0.0164,27.29,False,Normal,0,train
PUMP_02,2026-04-12 18:00:00,0.1365,50.14,35.37,56.64,3.984,0.1454,0.0158,27.25,False,Normal,0,train
PUMP_02,2026-04-12 19:00:00,0.1344,50.01,34.23,58.93,4.015,0.1415,0.015,27.21,False,Normal,0,train
PUMP_02,2026-04-12 20:00:00,0.1182,51.76,32.54,57.22,3.909,0.1357,0.0163,27.17,False,Normal,0,train
PUMP_02,2026-04-12 21:00:00,0.1269,48.56,33.6,58.95,3.969,0.1295,0.0086,27.12,False,Normal,0,train
PUMP_02,2026-04-12 22:00:00,0.1491,52.18,33.28,57.76,3.919,0.1341,0.0106,27.08,False,Normal,0,train
PUMP_02,2026-04-12 23:00:00,0.1399,49.78,34.55,58.55,3.929,0.1342,0.0107,27.04,False,Normal,0,train
PUMP_02,2026-04-13 00:00:00,0.1376,50.22,33.94,56.12,4.064,0.1344,0.0107,27.0,False,Normal,0,train
PUMP_02,2026-04-13 01:00:00,0.174,48.4,34.64,58.55,4.002,0.141,0.0194,26.96,False,Normal,0,train
PUMP_02,2026-04-13 02:00:00,0.1906,50.84,34.37,58.26,3.941,0.153,0.0243,26.92,False,Normal,0,train
PUMP_02,2026-04-13 03:00:00,0.1562,48.56,34.36,57.69,3.988,0.1579,0.0207,26.88,False,Normal,0,train
PUMP_02,2026-04-13 04:00:00,0.1361,50.56,33.27,56.52,3.98,0.1557,0.0224,26.83,False,Normal,0,train
PUMP_02,2026-04-13 05:00:00,0.1656,50.41,34.3,58.26,4.004,0.16,0.0212,26.79,False,Normal,0,train
PUMP_02,2026-04-13 06:00:00,0.1287,49.51,34.82,58.87,3.879,0.1585,0.0233,26.75,False,Normal,0,train
PUMP_02,2026-04-13 07:00:00,0.1394,46.9,33.13,57.36,3.913,0.1528,0.023,26.71,False,Normal,0,train
PUMP_02,2026-04-13 08:00:00,0.1649,53.24,33.81,57.39,3.885,0.1485,0.0158,26.67,False,Normal,0,train
PUMP_02,2026-04-13 09:00:00,0.1363,48.42,34.21,58.95,3.928,0.1452,0.016,26.62,False,Normal,0,train
PUMP_02,2026-04-13 10:00:00,0.1506,50.41,34.06,60.05,3.942,0.1476,0.0154,26.58,False,Normal,0,train
PUMP_02,2026-04-13 11:00:00,0.1303,48.91,34.86,59.13,3.917,0.1417,0.0138,26.54,False,Normal,0,train
PUMP_02,2026-04-13 12:00:00,0.1508,51.57,34.44,58.28,4.061,0.1454,0.0125,26.5,False,Normal,0,train
PUMP_02,2026-04-13 13:00:00,0.1643,49.43,34.24,57.71,4.147,0.1495,0.0142,26.46,False,Normal,0,train
PUMP_02,2026-04-13 14:00:00,0.1358,48.87,34.49,57.97,4.066,0.1447,0.0128,26.42,False,Normal,0,train
PUMP_02,2026-04-13 15:00:00,0.1426,50.89,34.46,56.41,3.955,0.1457,0.0122,26.38,False,Normal,0,train
PUMP_02,2026-04-13 16:00:00,0.1291,48.09,34.02,57.81,4.017,0.1422,0.0135,26.33,False,Normal,0,train
PUMP_02,2026-04-13 17:00:00,0.1292,49.38,33.79,59.34,3.995,0.142,0.0137,26.29,False,Normal,0,train
PUMP_02,2026-04-13 18:00:00,0.1275,51.04,34.59,58.05,3.951,0.1381,0.014,26.25,False,Normal,0,train
PUMP_02,2026-04-13 19:00:00,0.1521,52.26,33.55,57.25,4.106,0.136,0.0097,26.21,False,Normal,0,train
PUMP_02,2026-04-13 20:00:00,0.1201,48.56,33.96,57.14,4.161,0.1334,0.0117,26.17,False,Normal,0,train
PUMP_02,2026-04-13 21:00:00,0.138,49.08,33.31,57.96,3.882,0.1327,0.0111,26.12,False,Normal,0,train
PUMP_02,2026-04-13 22:00:00,0.1511,50.53,34.44,56.52,4.115,0.1363,0.0131,26.08,False,Normal,0,train
PUMP_02,2026-04-13 23:00:00,0.1611,47.0,34.74,56.91,3.953,0.1417,0.0158,26.04,False,Normal,0,train
PUMP_02,2026-04-14 00:00:00,0.1566,52.04,33.44,59.84,3.979,0.1465,0.0151,26.0,False,Normal,0,train
PUMP_02,2026-04-14 01:00:00,0.1515,48.5,33.91,56.76,4.023,0.1464,0.015,25.96,False,Normal,0,train
PUMP_02,2026-04-14 02:00:00,0.1465,49.34,33.71,57.04,4.124,0.1508,0.008,25.92,False,Normal,0,train
PUMP_02,2026-04-14 03:00:00,0.171,50.39,34.65,58.35,4.022,0.1563,0.0088,25.88,False,Normal,0,train
PUMP_02,2026-04-14 04:00:00,0.1457,50.08,34.85,57.47,4.033,0.1554,0.0097,25.83,False,Normal,0,train
PUMP_02,2026-04-14 05:00:00,0.1469,48.55,33.71,58.11,4.068,0.153,0.0097,25.79,False,Normal,0,train
PUMP_02,2026-04-14 06:00:00,0.1803,52.58,32.15,59.04,4.081,0.157,0.0149,25.75,False,Normal,0,train
PUMP_02,2026-04-14 07:00:00,0.1651,46.14,34.69,56.14,4.041,0.1592,0.0149,25.71,False,Normal,0,train
PUMP_02,2026-04-14 08:00:00,0.1646,48.32,34.03,58.91,4.081,0.1623,0.0136,25.67,False,Normal,0,train
PUMP_02,2026-04-14 09:00:00,0.166,49.04,34.03,57.3,3.952,0.1614,0.0131,25.62,False,Normal,0,train
PUMP_02,2026-04-14 10:00:00,0.1536,48.58,34.58,57.66,3.861,0.1627,0.0115,25.58,False,Normal,0,train
PUMP_02,2026-04-14 11:00:00,0.131,51.83,33.78,60.31,4.146,0.1601,0.0166,25.54,False,Normal,0,train
PUMP_02,2026-04-14 12:00:00,0.1538,47.51,33.62,56.32,3.917,0.1557,0.0134,25.5,False,Normal,0,train
PUMP_02,2026-04-14 13:00:00,0.1471,52.34,33.79,58.71,3.957,0.1527,0.0128,25.46,False,Normal,0,train
PUMP_02,2026-04-14 14:00:00,0.1321,49.58,34.29,59.35,3.973,0.1473,0.0136,25.42,False,Normal,0,train
PUMP_02,2026-04-14 15:00:00,0.1266,47.96,34.53,57.18,3.96,0.1407,0.0122,25.38,False,Normal,0,train
PUMP_02,2026-04-14 16:00:00,0.1406,46.85,34.98,57.2,3.942,0.1385,0.0105,25.33,False,Normal,0,train
PUMP_02,2026-04-14 17:00:00,0.12,49.68,34.24,57.56,4.037,0.1367,0.0128,25.29,False,Normal,0,train
PUMP_02,2026-04-14 18:00:00,0.1378,48.95,33.91,57.17,4.038,0.134,0.0098,25.25,False,Normal,0,train
PUMP_02,2026-04-14 19:00:00,0.1364,50.35,34.53,58.08,4.05,0.1322,0.0077,25.21,False,Normal,0,train
PUMP_02,2026-04-14 20:00:00,0.1396,49.32,33.42,59.07,4.045,0.1335,0.0083,25.17,False,Normal,0,train
PUMP_02,2026-04-14 21:00:00,0.149,51.43,34.85,57.56,3.967,0.1372,0.0095,25.12,False,Normal,0,train
PUMP_02,2026-04-14 22:00:00,0.1543,49.79,34.13,59.11,3.967,0.1395,0.0118,25.08,False,Normal,0,train
PUMP_02,2026-04-14 23:00:00,0.1367,49.36,33.86,59.68,4.09,0.1423,0.0075,25.04,False,Normal,0,train
PUMP_02,2026-04-15 00:00:00,0.163,51.46,33.42,58.52,3.958,0.1465,0.0108,25.0,False,Mechanical,0,train
PUMP_02,2026-04-15 01:00:00,0.1493,50.34,34.38,58.63,3.957,0.1486,0.0096,24.96,False,Mechanical,0,train
PUMP_02,2026-04-15 02:00:00,0.1814,51.17,33.83,57.29,4.075,0.1556,0.0152,24.92,False,Mechanical,0,train
PUMP_02,2026-04-15 03:00:00,0.1485,51.73,33.95,54.86,3.999,0.1555,0.0153,24.88,False,Mechanical,0,train
PUMP_02,2026-04-15 04:00:00,0.1348,49.57,33.0,58.71,3.96,0.1523,0.0175,24.83,False,Mechanical,0,train
PUMP_02,2026-04-15 05:00:00,0.1726,50.07,33.75,58.97,3.961,0.1583,0.0173,24.79,False,Mechanical,0,train
PUMP_02,2026-04-15 06:00:00,0.167,51.29,33.67,58.3,4.091,0.1589,0.0176,24.75,False,Mechanical,0,train
PUMP_02,2026-04-15 07:00:00,0.1784,46.35,34.27,59.11,4.049,0.1638,0.0184,24.71,False,Mechanical,0,train
PUMP_02,2026-04-15 08:00:00,0.1642,49.88,33.86,57.36,4.021,0.1609,0.0163,24.67,False,Mechanical,0,train
PUMP_02,2026-04-15 09:00:00,0.1933,49.7,32.43,58.65,3.909,0.1684,0.0194,24.62,False,Mechanical,0,train
PUMP_02,2026-04-15 10:00:00,0.1535,50.61,33.78,59.8,4.023,0.1715,0.0136,24.58,False,Mechanical,0,train
PUMP_02,2026-04-15 11:00:00,0.1698,48.86,33.16,58.84,3.987,0.171,0.0136,24.54,False,Mechanical,0,train
PUMP_02,2026-04-15 12:00:00,0.1438,51.71,33.41,59.65,3.931,0.1672,0.0177,24.5,False,Mechanical,0,train
PUMP_02,2026-04-15 13:00:00,0.1567,48.97,34.64,59.67,3.957,0.1636,0.0171,24.46,False,Mechanical,0,train
PUMP_02,2026-04-15 14:00:00,0.1574,49.4,33.03,56.59,4.061,0.1624,0.0173,24.42,False,Mechanical,0,train
PUMP_02,2026-04-15 15:00:00,0.1579,49.1,34.23,58.92,4.106,0.1565,0.0084,24.38,False,Mechanical,0,train
PUMP_02,2026-04-15 16:00:00,0.1557,51.95,33.75,57.31,3.922,0.1569,0.0083,24.33,False,Mechanical,0,train
PUMP_02,2026-04-15 17:00:00,0.0948,46.99,33.64,56.74,3.933,0.1444,0.0249,24.29,False,Mechanical,0,train
PUMP_02,2026-04-15 18:00:00,0.1423,52.81,33.48,57.74,4.064,0.1441,0.0249,24.25,False,Mechanical,0,train
PUMP_02,2026-04-15 19:00:00,0.1353,52.35,34.26,60.19,3.976,0.1406,0.0242,24.21,False,Mechanical,0,train
PUMP_02,2026-04-15 20:00:00,0.1396,49.3,34.34,57.44,4.054,0.1376,0.0228,24.17,False,Mechanical,0,train
PUMP_02,2026-04-15 21:00:00,0.1429,51.7,33.05,55.99,3.977,0.1351,0.0209,24.12,False,Mechanical,0,train
PUMP_02,2026-04-15 22:00:00,0.1642,50.37,34.78,56.38,4.058,0.1365,0.0228,24.08,False,Mechanical,0,train
PUMP_02,2026-04-15 23:00:00,0.1553,52.67,33.39,58.69,3.903,0.1466,0.0109,24.04,False,Mechanical,0,train
PUMP_02,2026-04-16 00:00:00,0.1476,51.63,34.34,57.22,4.057,0.1475,0.0107,24.0,False,Mechanical,0,train
PUMP_02,2026-04-16 01:00:00,0.1361,53.51,33.4,55.68,3.846,0.1476,0.0105,23.96,False,Mechanical,0,train
PUMP_02,2026-04-16 02:00:00,0.1839,47.89,33.84,56.46,4.089,0.155,0.0172,23.92,False,Mechanical,0,train
PUMP_02,2026-04-16 03:00:00,0.1537,50.53,33.36,58.35,4.013,0.1568,0.0162,23.88,False,Mechanical,0,train
PUMP_02,2026-04-16 04:00:00,0.1634,47.67,33.82,59.1,4.052,0.1567,0.0161,23.83,False,Mechanical,0,train
PUMP_02,2026-04-16 05:00:00,0.1988,49.5,34.02,57.64,4.037,0.1639,0.0235,23.79,False,Mechanical,0,train
PUMP_02,2026-04-16 06:00:00,0.1582,53.66,33.46,58.96,3.883,0.1657,0.0224,23.75,False,Mechanical,0,train
PUMP_02,2026-04-16 07:00:00,0.1634,51.01,34.35,59.29,4.129,0.1702,0.0174,23.71,False,Mechanical,0,train
PUMP_02,2026-04-16 08:00:00,0.1704,51.8,34.43,57.26,4.048,0.168,0.0161,23.67,False,Mechanical,0,train
PUMP_02,2026-04-16 09:00:00,0.1417,51.11,35.8,58.07,4.083,0.166,0.0188,23.62,False,Mechanical,0,train
PUMP_02,2026-04-16 10:00:00,0.1383,51.03,34.74,57.5,3.959,0.1618,0.022,23.58,False,Mechanical,0,train
PUMP_02,2026-04-16 11:00:00,0.1549,49.59,34.9,58.88,4.044,0.1545,0.0124,23.54,False,Mechanical,0,train
PUMP_02,2026-04-16 12:00:00,0.1533,49.33,33.14,57.51,3.921,0.1537,0.0123,23.5,False,Mechanical,0,train
PUMP_02,2026-04-16 13:00:00,0.1599,49.58,33.03,56.8,4.039,0.1531,0.0118,23.46,False,Mechanical,0,train
PUMP_02,2026-04-16 14:00:00,0.1412,46.33,34.04,58.33,3.953,0.1482,0.0089,23.42,False,Mechanical,0,train
PUMP_02,2026-04-16 15:00:00,0.1608,50.32,35.3,59.61,4.43,0.1514,0.0095,23.38,False,Mechanical,0,train
PUMP_02,2026-04-16 16:00:00,0.1208,50.82,35.72,58.9,4.079,0.1485,0.0153,23.33,False,Mechanical,0,train
PUMP_02,2026-04-16 17:00:00,0.1516,49.55,33.83,59.51,4.138,0.1479,0.0151,23.29,False,Mechanical,0,train
PUMP_02,2026-04-16 18:00:00,0.1582,50.3,33.9,59.42,4.013,0.1488,0.0155,23.25,False,Mechanical,0,train
PUMP_02,2026-04-16 19:00:00,0.1585,51.3,34.59,58.37,4.066,0.1485,0.0153,23.21,False,Mechanical,0,train
PUMP_02,2026-04-16 20:00:00,0.1527,51.86,34.16,57.62,4.108,0.1504,0.0149,23.17,False,Mechanical,0,train
PUMP_02,2026-04-16 21:00:00,0.1473,48.76,34.18,57.31,3.951,0.1482,0.0141,23.12,False,Mechanical,0,train
PUMP_02,2026-04-16 22:00:00,0.1569,49.38,34.68,56.46,3.984,0.1542,0.0044,23.08,False,Mechanical,0,train
PUMP_02,2026-04-16 23:00:00,0.1812,51.72,35.94,59.8,4.117,0.1591,0.0116,23.04,False,Mechanical,0,train
PUMP_02,2026-04-17 00:00:00,0.1568,51.5,35.1,57.99,4.023,0.1589,0.0117,23.0,False,Mechanical,0,train
PUMP_02,2026-04-17 01:00:00,0.1836,52.65,35.45,56.35,3.982,0.1631,0.0154,22.96,False,Mechanical,0,train
PUMP_02,2026-04-17 02:00:00,0.1889,52.61,33.23,59.89,3.993,0.1691,0.0175,22.92,False,Mechanical,0,train
PUMP_02,2026-04-17 03:00:00,0.1485,54.3,34.99,58.54,3.947,0.1693,0.0172,22.88,False,Mechanical,0,train
PUMP_02,2026-04-17 04:00:00,0.1747,50.26,33.79,59.6,3.889,0.1723,0.0161,22.83,False,Mechanical,0,train
PUMP_02,2026-04-17 05:00:00,0.1635,53.09,35.38,58.14,3.912,0.1693,0.0158,22.79,False,Mechanical,0,train
PUMP_02,2026-04-17 06:00:00,0.1566,49.36,35.2,57.51,4.052,0.1693,0.0158,22.75,False,Mechanical,0,train
PUMP_02,2026-04-17 07:00:00,0.1912,54.36,34.76,59.02,4.104,0.1706,0.0174,22.71,False,Mechanical,0,train
PUMP_02,2026-04-17 08:00:00,0.186,51.47,33.96,59.13,4.253,0.1701,0.0168,22.67,False,Mechanical,0,train
PUMP_02,2026-04-17 09:00:00,0.1818,51.62,34.13,58.17,4.05,0.1756,0.0134,22.62,False,Mechanical,0,train
PUMP_02,2026-04-17 10:00:00,0.1601,52.32,34.19,60.1,3.952,0.1732,0.0149,22.58,False,Mechanical,0,train
PUMP_02,2026-04-17 11:00:00,0.1778,48.82,34.9,59.67,4.054,0.1756,0.0141,22.54,False,Mechanical,0,train
PUMP_02,2026-04-17 12:00:00,0.153,49.27,34.69,59.23,4.114,0.175,0.0151,22.5,False,Mechanical,0,train
PUMP_02,2026-04-17 13:00:00,0.1718,51.08,35.32,57.24,4.142,0.1717,0.0129,22.46,False,Mechanical,0,train
PUMP_02,2026-04-17 14:00:00,0.1589,51.45,35.44,57.08,4.136,0.1672,0.0116,22.42,False,Mechanical,0,train
PUMP_02,2026-04-17 15:00:00,0.1831,54.07,33.98,60.04,4.108,0.1675,0.0119,22.38,False,Mechanical,0,train
PUMP_02,2026-04-17 16:00:00,0.161,49.55,34.79,55.99,4.072,0.1676,0.0118,22.33,False,Mechanical,0,train
PUMP_02,2026-04-17 17:00:00,0.1695,53.31,34.79,58.52,4.125,0.1662,0.0108,22.29,False,Mechanical,0,train
PUMP_02,2026-04-17 18:00:00,0.1698,50.63,34.47,58.82,3.973,0.169,0.0086,22.25,False,Mechanical,0,train
PUMP_02,2026-04-17 19:00:00,0.1662,50.63,35.1,58.07,3.908,0.1681,0.0086,22.21,False,Mechanical,0,train
PUMP_02,2026-04-17 20:00:00,0.1705,50.83,34.85,58.63,4.238,0.17,0.0073,22.17,False,Mechanical,0,train
PUMP_02,2026-04-17 21:00:00,0.1758,50.64,34.22,59.2,4.068,0.1688,0.0049,22.12,False,Mechanical,0,train
PUMP_02,2026-04-17 22:00:00,0.1605,51.85,34.49,58.0,4.117,0.1687,0.0051,22.08,False,Mechanical,0,train
PUMP_02,2026-04-17 23:00:00,0.1831,50.56,34.38,59.78,3.851,0.171,0.0078,22.04,False,Mechanical,0,train
PUMP_02,2026-04-18 00:00:00,0.1932,49.06,34.17,59.44,4.201,0.1749,0.0119,22.0,False,Mechanical,0,train
PUMP_02,2026-04-18 01:00:00,0.1895,50.8,34.57,58.54,4.172,0.1788,0.0123,21.96,False,Mechanical,0,train
PUMP_02,2026-04-18 02:00:00,0.1813,51.91,33.85,57.78,3.956,0.1806,0.0116,21.92,False,Mechanical,0,train
PUMP_02,2026-04-18 03:00:00,0.192,49.15,34.93,58.68,4.057,0.1833,0.0121,21.88,False,Mechanical,0,train
PUMP_02,2026-04-18 04:00:00,0.1862,52.16,35.5,61.34,4.106,0.1876,0.0048,21.83,False,Mechanical,0,train
PUMP_02,2026-04-18 05:00:00,0.1916,53.08,34.7,57.91,3.985,0.189,0.0045,21.79,False,Mechanical,0,train
PUMP_02,2026-04-18 06:00:00,0.1766,53.56,35.26,60.68,4.127,0.1862,0.0062,21.75,False,Mechanical,0,train
PUMP_02,2026-04-18 07:00:00,0.2155,51.87,34.8,56.75,4.173,0.1905,0.0136,21.71,False,Mechanical,0,train
PUMP_02,2026-04-18 08:00:00,0.2235,48.69,34.1,57.84,4.117,0.1976,0.0181,21.67,False,Mechanical,0,train
PUMP_02,2026-04-18 09:00:00,0.1831,52.39,35.94,58.24,3.968,0.1961,0.0189,21.62,False,Mechanical,0,train
PUMP_02,2026-04-18 10:00:00,0.2041,52.9,33.29,60.05,4.012,0.1991,0.0185,21.58,False,Mechanical,0,train
PUMP_02,2026-04-18 11:00:00,0.2125,50.43,34.77,59.0,4.087,0.2026,0.0188,21.54,False,Mechanical,0,train
PUMP_02,2026-04-18 12:00:00,0.1744,51.4,34.31,60.52,4.079,0.2022,0.0194,21.5,False,Mechanical,0,train
PUMP_02,2026-04-18 13:00:00,0.1545,52.26,35.74,58.57,4.083,0.192,0.0259,21.46,False,Mechanical,0,train
PUMP_02,2026-04-18 14:00:00,0.208,54.24,34.93,58.92,4.082,0.1894,0.0227,21.42,False,Mechanical,0,train
PUMP_02,2026-04-18 15:00:00,0.1837,51.21,36.35,58.61,3.96,0.1895,0.0227,21.38,False,Mechanical,0,train
PUMP_02,2026-04-18 16:00:00,0.1753,52.96,34.86,61.45,4.171,0.1847,0.022,21.33,False,Mechanical,0,train
PUMP_02,2026-04-18 17:00:00,0.1835,52.13,34.39,57.69,4.159,0.1799,0.0174,21.29,False,Mechanical,0,train
PUMP_02,2026-04-18 18:00:00,0.1777,51.98,33.84,58.45,4.152,0.1804,0.0172,21.25,False,Mechanical,0,train
PUMP_02,2026-04-18 19:00:00,0.2288,53.71,35.54,57.9,4.147,0.1928,0.0211,21.21,False,Mechanical,0,train
PUMP_02,2026-04-18 20:00:00,0.1782,50.5,34.4,59.78,4.092,0.1879,0.0203,21.17,False,Mechanical,0,train
PUMP_02,2026-04-18 21:00:00,0.1934,52.12,34.66,57.74,4.068,0.1895,0.0203,21.12,False,Mechanical,0,train
PUMP_02,2026-04-18 22:00:00,0.2108,51.84,35.66,61.32,4.037,0.1954,0.0205,21.08,False,Mechanical,0,train
PUMP_02,2026-04-18 23:00:00,0.2139,49.57,35.58,59.25,4.244,0.2005,0.0208,21.04,False,Mechanical,0,train
PUMP_02,2026-04-19 00:00:00,0.2144,53.71,34.59,59.67,4.121,0.2066,0.0179,21.0,False,Mechanical,0,val
PUMP_02,2026-04-19 01:00:00,0.195,53.14,34.7,59.75,3.992,0.201,0.0145,20.96,False,Mechanical,0,val
PUMP_02,2026-04-19 02:00:00,0.2023,51.98,33.94,59.19,4.124,0.205,0.0094,20.92,False,Mechanical,0,val
PUMP_02,2026-04-19 03:00:00,0.1748,51.57,33.77,59.38,3.962,0.2019,0.0152,20.88,False,Mechanical,0,val
PUMP_02,2026-04-19 04:00:00,0.2087,51.99,35.48,59.35,4.151,0.2015,0.015,20.83,False,Mechanical,0,val
PUMP_02,2026-04-19 05:00:00,0.2122,53.08,35.56,59.89,4.144,0.2012,0.0148,20.79,False,Mechanical,0,val
PUMP_02,2026-04-19 06:00:00,0.224,52.13,35.27,58.3,4.092,0.2028,0.0168,20.75,False,Mechanical,0,val
PUMP_02,2026-04-19 07:00:00,0.2403,51.09,35.19,58.12,4.062,0.2104,0.022,20.71,False,Mechanical,0,val
PUMP_02,2026-04-19 08:00:00,0.2238,51.34,34.67,60.32,4.184,0.214,0.0222,20.67,False,Mechanical,0,val
PUMP_02,2026-04-19 09:00:00,0.2285,52.13,35.99,59.35,4.135,0.2229,0.0114,20.62,False,Mechanical,0,val
PUMP_02,2026-04-19 10:00:00,0.2109,50.79,34.05,56.97,3.988,0.2233,0.0109,20.58,False,Mechanical,0,val
PUMP_02,2026-04-19 11:00:00,0.2289,52.72,34.86,58.82,4.242,0.2261,0.0095,20.54,False,Mechanical,0,val
PUMP_02,2026-04-19 12:00:00,0.2081,51.06,35.25,61.25,4.073,0.2234,0.0121,20.5,False,Mechanical,0,val
PUMP_02,2026-04-19 13:00:00,0.2233,50.85,35.17,59.24,4.045,0.2206,0.0089,20.46,False,Mechanical,0,val
PUMP_02,2026-04-19 14:00:00,0.2167,57.11,35.19,58.82,4.261,0.2194,0.0089,20.42,False,Mechanical,0,val
PUMP_02,2026-04-19 15:00:00,0.2093,55.26,34.9,57.69,4.239,0.2162,0.0084,20.38,False,Mechanical,0,val
PUMP_02,2026-04-19 16:00:00,0.1796,52.6,35.55,58.82,4.123,0.211,0.0173,20.33,False,Mechanical,0,val
PUMP_02,2026-04-19 17:00:00,0.219,53.7,34.52,58.13,4.059,0.2093,0.0157,20.29,False,Mechanical,0,val
PUMP_02,2026-04-19 18:00:00,0.2088,53.99,35.18,60.06,4.089,0.2094,0.0157,20.25,False,Mechanical,0,val
PUMP_02,2026-04-19 19:00:00,0.2149,52.38,35.54,59.62,4.129,0.208,0.0145,20.21,False,Mechanical,0,val
PUMP_02,2026-04-19 20:00:00,0.211,52.95,35.1,59.15,4.263,0.2071,0.014,20.17,False,Mechanical,0,val
PUMP_02,2026-04-19 21:00:00,0.216,52.17,35.32,58.69,4.272,0.2082,0.0145,20.12,False,Mechanical,0,val
PUMP_02,2026-04-19 22:00:00,0.2312,54.48,35.46,61.46,4.184,0.2168,0.0079,20.08,False,Mechanical,0,val
PUMP_02,2026-04-19 23:00:00,0.2079,54.53,34.3,58.81,4.225,0.215,0.0086,20.04,False,Mechanical,0,val
PUMP_02,2026-04-20 00:00:00,0.2255,55.01,34.37,58.83,4.158,0.2178,0.0089,20.0,False,Mechanical,0,val
PUMP_02,2026-04-20 01:00:00,0.2104,53.1,35.47,59.41,4.108,0.217,0.0094,19.96,False,Mechanical,0,val
PUMP_02,2026-04-20 02:00:00,0.234,55.99,35.04,59.6,4.06,0.2208,0.011,19.92,False,Mechanical,0,val
PUMP_02,2026-04-20 03:00:00,0.2321,52.66,35.1,60.32,4.208,0.2235,0.0115,19.88,False,Mechanical,0,val
PUMP_02,2026-04-20 04:00:00,0.2214,55.88,35.79,60.88,4.257,0.2219,0.0109,19.83,False,Mechanical,0,val
PUMP_02,2026-04-20 05:00:00,0.2342,52.15,34.87,60.81,4.146,0.2263,0.0093,19.79,False,Mechanical,0,val
PUMP_02,2026-04-20 06:00:00,0.2256,50.94,34.03,62.73,4.284,0.2263,0.0093,19.75,False,Mechanical,0,val
PUMP_02,2026-04-20 07:00:00,0.229,55.96,36.49,57.8,4.161,0.2294,0.0051,19.71,False,Mechanical,0,val
PUMP_02,2026-04-20 08:00:00,0.24,53.95,36.25,60.13,4.201,0.2304,0.0066,19.67,False,Mechanical,0,val
PUMP_02,2026-04-20 09:00:00,0.238,53.77,36.26,59.26,4.179,0.2314,0.0073,19.62,False,Mechanical,0,val
PUMP_02,2026-04-20 10:00:00,0.2041,52.49,34.89,62.32,4.298,0.2285,0.0131,19.58,False,Mechanical,0,val
PUMP_02,2026-04-20 11:00:00,0.237,51.8,35.53,60.14,4.241,0.229,0.0134,19.54,False,Mechanical,0,val
PUMP_02,2026-04-20 12:00:00,0.2253,51.98,34.84,57.52,4.199,0.2289,0.0134,19.5,False,Mechanical,0,val
PUMP_02,2026-04-20 13:00:00,0.222,53.35,35.58,60.5,4.213,0.2277,0.0137,19.46,False,Mechanical,0,val
PUMP_02,2026-04-20 14:00:00,0.2099,52.95,35.43,60.32,4.114,0.2227,0.0138,19.42,False,Mechanical,0,val
PUMP_02,2026-04-20 15:00:00,0.225,50.31,35.01,60.93,4.033,0.2206,0.0118,19.38,False,Mechanical,0,val
PUMP_02,2026-04-20 16:00:00,0.2172,55.8,35.98,59.18,4.171,0.2227,0.0091,19.33,False,Mechanical,0,val
PUMP_02,2026-04-20 17:00:00,0.2442,52.66,35.54,60.46,4.201,0.2239,0.0115,19.29,False,Mechanical,0,val
PUMP_02,2026-04-20 18:00:00,0.1995,55.19,36.75,59.77,4.262,0.2196,0.0151,19.25,False,Mechanical,0,val
PUMP_02,2026-04-20 19:00:00,0.2126,52.31,35.79,59.31,4.209,0.2181,0.0153,19.21,False,Mechanical,0,val
PUMP_02,2026-04-20 20:00:00,0.2136,53.64,34.23,60.56,4.187,0.2187,0.015,19.17,False,Mechanical,0,val
PUMP_02,2026-04-20 21:00:00,0.2355,54.91,34.69,60.35,3.991,0.2204,0.0164,19.12,False,Mechanical,0,val
PUMP_02,2026-04-20 22:00:00,0.2523,54.74,37.05,61.45,4.271,0.2263,0.0207,19.08,False,Mechanical,0,val
PUMP_02,2026-04-20 23:00:00,0.2457,53.13,35.6,60.25,4.249,0.2265,0.021,19.04,False,Mechanical,0,val
PUMP_02,2026-04-21 00:00:00,0.2253,54.33,35.98,60.97,4.3,0.2308,0.0165,19.0,False,Mechanical,0,val
PUMP_02,2026-04-21 01:00:00,0.2389,54.62,35.86,58.82,4.239,0.2352,0.014,18.96,False,Mechanical,0,val
PUMP_02,2026-04-21 02:00:00,0.2367,53.43,36.73,61.97,4.331,0.2391,0.0092,18.92,False,Mechanical,0,val
PUMP_02,2026-04-21 03:00:00,0.2595,52.02,34.75,59.39,4.198,0.2431,0.0121,18.88,False,Mechanical,0,val
PUMP_02,2026-04-21 04:00:00,0.2478,52.79,36.71,61.43,4.242,0.2423,0.0116,18.83,False,Mechanical,0,val
PUMP_02,2026-04-21 05:00:00,0.2354,53.2,36.69,60.68,4.267,0.2406,0.0117,18.79,False,Mechanical,0,val
PUMP_02,2026-04-21 06:00:00,0.2667,53.85,35.96,60.56,4.303,0.2475,0.013,18.75,False,Mechanical,0,val
PUMP_02,2026-04-21 07:00:00,0.2776,56.24,36.23,61.33,4.286,0.254,0.0169,18.71,False,Mechanical,0,val
PUMP_02,2026-04-21 08:00:00,0.256,55.25,35.78,57.88,4.294,0.2572,0.0147,18.67,False,Mechanical,0,val
PUMP_02,2026-04-21 09:00:00,0.26,52.71,35.01,59.78,4.28,0.2573,0.0147,18.62,False,Mechanical,0,val
PUMP_02,2026-04-21 10:00:00,0.2346,56.73,36.39,61.39,4.246,0.255,0.0172,18.58,False,Mechanical,0,val
PUMP_02,2026-04-21 11:00:00,0.2249,53.9,36.21,62.83,4.336,0.2533,0.0199,18.54,False,Mechanical,0,val
PUMP_02,2026-04-21 12:00:00,0.2265,55.06,36.25,60.52,4.133,0.2466,0.0212,18.5,False,Mechanical,0,val
PUMP_02,2026-04-21 13:00:00,0.2521,52.69,36.4,57.65,4.219,0.2424,0.0155,18.46,False,Mechanical,0,val
PUMP_02,2026-04-21 14:00:00,0.2468,53.46,35.77,60.22,4.399,0.2408,0.0143,18.42,False,Mechanical,0,val
PUMP_02,2026-04-21 15:00:00,0.2586,55.74,37.05,60.56,4.221,0.2406,0.014,18.38,False,Mechanical,0,val
PUMP_02,2026-04-21 16:00:00,0.247,52.9,36.18,61.99,4.271,0.2426,0.0138,18.33,False,Mechanical,0,val
PUMP_02,2026-04-21 17:00:00,0.2648,54.35,36.52,60.74,4.391,0.2493,0.0132,18.29,False,Mechanical,0,val
PUMP_02,2026-04-21 18:00:00,0.2639,55.01,36.05,59.18,4.273,0.2555,0.0081,18.25,False,Mechanical,0,val
PUMP_02,2026-04-21 19:00:00,0.2474,52.82,36.87,61.89,4.219,0.2547,0.0087,18.21,False,Mechanical,0,val
PUMP_02,2026-04-21 20:00:00,0.2393,51.73,36.32,61.44,4.385,0.2535,0.0104,18.17,False,Mechanical,0,val
PUMP_02,2026-04-21 21:00:00,0.2283,55.8,36.23,59.95,4.268,0.2484,0.0141,18.12,False,Mechanical,0,val
PUMP_02,2026-04-21 22:00:00,0.2817,58.77,37.03,61.68,4.277,0.2542,0.0195,18.08,False,Mechanical,0,val
PUMP_02,2026-04-21 23:00:00,0.2496,55.21,35.29,60.19,4.139,0.2517,0.0188,18.04,False,Mechanical,0,val
PUMP_02,2026-04-22 00:00:00,0.245,55.54,36.18,60.51,4.29,0.2486,0.0179,18.0,False,Mechanical,0,val
PUMP_02,2026-04-22 01:00:00,0.2731,53.28,36.0,60.26,4.358,0.2528,0.0205,17.96,False,Mechanical,0,val
PUMP_02,2026-04-22 02:00:00,0.2523,56.86,36.62,60.55,4.271,0.255,0.0194,17.92,False,Mechanical,0,val
PUMP_02,2026-04-22 03:00:00,0.2798,54.13,36.61,62.04,4.206,0.2636,0.0164,17.88,False,Mechanical,0,val
PUMP_02,2026-04-22 04:00:00,0.2755,56.49,36.43,58.84,4.273,0.2626,0.0152,17.83,False,Mechanical,0,val
PUMP_02,2026-04-22 05:00:00,0.2966,55.7,36.03,62.33,4.265,0.2704,0.0189,17.79,False,Mechanical,0,val
PUMP_02,2026-04-22 06:00:00,0.2967,55.78,36.47,61.25,4.297,0.279,0.0166,17.75,False,Mechanical,0,val
PUMP_02,2026-04-22 07:00:00,0.3015,55.76,36.7,60.6,4.279,0.2837,0.0186,17.71,False,Mechanical,0,val
PUMP_02,2026-04-22 08:00:00,0.2882,55.76,36.42,61.12,4.456,0.2897,0.0104,17.67,False,Mechanical,0,val
PUMP_02,2026-04-22 09:00:00,0.2718,55.39,37.22,60.03,4.35,0.2884,0.0122,17.62,False,Mechanical,0,val
PUMP_02,2026-04-22 10:00:00,0.2682,56.46,36.94,59.19,4.19,0.2872,0.014,17.58,False,Mechanical,0,val
PUMP_02,2026-04-22 11:00:00,0.2746,53.96,36.61,60.12,4.338,0.2835,0.0139,17.54,False,Mechanical,0,val
PUMP_02,2026-04-22 12:00:00,0.311,54.74,35.21,58.93,4.332,0.2859,0.0174,17.5,False,Mechanical,0,val
PUMP_02,2026-04-22 13:00:00,0.276,57.35,36.51,59.61,4.434,0.2816,0.0159,17.46,False,Mechanical,0,val
PUMP_02,2026-04-22 14:00:00,0.2809,55.45,37.05,59.31,4.329,0.2804,0.0156,17.42,False,Mechanical,0,val
PUMP_02,2026-04-22 15:00:00,0.3003,54.75,36.52,62.76,4.329,0.2852,0.0167,17.38,False,Mechanical,0,val
PUMP_02,2026-04-22 16:00:00,0.281,56.83,36.9,59.78,4.496,0.2873,0.0148,17.33,False,Mechanical,0,val
PUMP_02,2026-04-22 17:00:00,0.2661,56.58,36.6,61.3,4.265,0.2859,0.0166,17.29,False,Mechanical,0,val
PUMP_02,2026-04-22 18:00:00,0.2891,53.42,36.9,62.72,4.417,0.2822,0.0116,17.25,False,Mechanical,0,val
PUMP_02,2026-04-22 19:00:00,0.2733,56.51,37.63,62.43,4.361,0.2818,0.012,17.21,False,Mechanical,0,val
PUMP_02,2026-04-22 20:00:00,0.2862,55.67,37.28,61.08,4.319,0.2827,0.0121,17.17,False,Mechanical,0,val
PUMP_02,2026-04-22 21:00:00,0.2924,56.58,36.06,61.12,4.31,0.2814,0.01,17.12,False,Mechanical,0,val
PUMP_02,2026-04-22 22:00:00,0.2805,55.58,35.86,61.71,4.474,0.2813,0.01,17.08,False,Mechanical,0,val
PUMP_02,2026-04-22 23:00:00,0.2944,56.3,37.15,64.06,4.406,0.286,0.0079,17.04,False,Mechanical,0,val
PUMP_02,2026-04-23 00:00:00,0.3194,52.91,37.61,62.05,4.42,0.291,0.0159,17.0,False,Mechanical,0,val
PUMP_02,2026-04-23 01:00:00,0.2898,54.36,35.94,62.39,4.446,0.2938,0.0135,16.96,False,Mechanical,0,val
PUMP_02,2026-04-23 02:00:00,0.3226,56.86,36.83,64.33,4.405,0.2998,0.0171,16.92,False,Mechanical,0,val
PUMP_02,2026-04-23 03:00:00,0.2972,59.73,38.4,61.98,4.296,0.3007,0.0168,16.88,False,Mechanical,0,val
PUMP_02,2026-04-23 04:00:00,0.3359,56.39,36.84,63.05,4.258,0.3099,0.0186,16.83,False,Mechanical,0,val
PUMP_02,2026-04-23 05:00:00,0.2983,54.85,38.55,62.28,4.51,0.3105,0.018,16.79,False,Mechanical,0,val
PUMP_02,2026-04-23 06:00:00,0.3068,56.14,36.56,62.29,4.407,0.3084,0.0175,16.75,False,Mechanical,0,val
PUMP_02,2026-04-23 07:00:00,0.3362,54.65,36.69,60.61,4.4,0.3162,0.0179,16.71,False,Mechanical,0,val
PUMP_02,2026-04-23 08:00:00,0.3371,57.91,36.68,60.44,4.541,0.3186,0.0198,16.67,False,Mechanical,0,val
PUMP_02,2026-04-23 09:00:00,0.3258,56.16,36.36,61.21,4.315,0.3233,0.0168,16.62,False,Mechanical,0,val
PUMP_02,2026-04-23 10:00:00,0.2964,57.71,36.14,62.91,4.201,0.3168,0.0186,16.58,False,Mechanical,0,val
PUMP_02,2026-04-23 11:00:00,0.3128,55.95,37.05,62.89,4.261,0.3192,0.0165,16.54,False,Mechanical,0,val
PUMP_02,2026-04-23 12:00:00,0.3102,57.94,37.29,63.52,4.367,0.3198,0.0161,16.5,False,Mechanical,0,val
PUMP_02,2026-04-23 13:00:00,0.296,53.84,36.8,61.93,4.422,0.313,0.0162,16.46,False,Mechanical,0,val
PUMP_02,2026-04-23 14:00:00,0.3182,56.36,36.97,62.62,4.527,0.3099,0.0119,16.42,False,Mechanical,0,val
PUMP_02,2026-04-23 15:00:00,0.2952,57.19,38.15,62.66,4.486,0.3048,0.0101,16.38,False,Mechanical,0,val
PUMP_02,2026-04-23 16:00:00,0.2872,56.02,37.89,61.91,4.217,0.3033,0.0121,16.33,False,Mechanical,0,val
PUMP_02,2026-04-23 17:00:00,0.2825,57.01,37.17,61.68,4.65,0.2982,0.0136,16.29,False,Mechanical,0,val
PUMP_02,2026-04-23 18:00:00,0.3335,57.04,37.61,60.32,4.396,0.3021,0.0197,16.25,False,Mechanical,0,val
PUMP_02,2026-04-23 19:00:00,0.3017,58.15,36.4,61.95,4.53,0.303,0.0195,16.21,False,Mechanical,0,val
PUMP_02,2026-04-23 20:00:00,0.3043,57.56,37.57,62.04,4.479,0.3007,0.0181,16.17,False,Mechanical,0,val
PUMP_02,2026-04-23 21:00:00,0.2991,57.26,37.4,63.56,4.439,0.3014,0.0179,16.12,False,Mechanical,0,val
PUMP_02,2026-04-23 22:00:00,0.3384,58.04,37.23,63.71,4.423,0.3099,0.0216,16.08,False,Mechanical,0,val
PUMP_02,2026-04-23 23:00:00,0.3009,54.75,37.5,62.43,4.356,0.313,0.0179,16.04,False,Mechanical,0,val
PUMP_02,2026-04-24 00:00:00,0.3075,55.7,37.43,64.77,4.346,0.3087,0.0149,16.0,False,Mechanical,0,val
PUMP_02,2026-04-24 01:00:00,0.3246,54.8,36.75,62.55,4.439,0.3125,0.0156,15.96,False,Mechanical,0,val
PUMP_02,2026-04-24 02:00:00,0.3328,57.75,38.57,63.59,4.344,0.3172,0.0169,15.92,False,Mechanical,0,val
PUMP_02,2026-04-24 03:00:00,0.3464,57.6,38.16,62.27,4.59,0.3251,0.0178,15.88,False,Mechanical,0,val
PUMP_02,2026-04-24 04:00:00,0.3293,59.11,37.38,61.05,4.47,0.3236,0.0168,15.83,False,Mechanical,0,val
PUMP_02,2026-04-24 05:00:00,0.3649,57.61,36.58,61.94,4.633,0.3342,0.0196,15.79,False,Mechanical,0,val
PUMP_02,2026-04-24 06:00:00,0.3334,56.18,36.19,64.25,4.434,0.3386,0.0148,15.75,False,Mechanical,0,val
PUMP_02,2026-04-24 07:00:00,0.3292,57.38,38.9,62.2,4.425,0.3393,0.014,15.71,False,Mechanical,0,val
PUMP_02,2026-04-24 08:00:00,0.3281,54.42,37.62,61.99,4.523,0.3385,0.0146,15.67,False,Mechanical,0,val
PUMP_02,2026-04-24 09:00:00,0.3328,56.67,38.21,62.58,4.458,0.3363,0.0142,15.62,False,Mechanical,0,val
PUMP_02,2026-04-24 10:00:00,0.3262,53.82,37.2,62.15,4.56,0.3358,0.0145,15.58,False,Mechanical,0,val
PUMP_02,2026-04-24 11:00:00,0.3539,57.88,37.62,64.08,4.601,0.3339,0.0102,15.54,False,Mechanical,0,val
PUMP_02,2026-04-24 12:00:00,0.3264,57.02,37.67,64.94,4.577,0.3328,0.0106,15.5,False,Mechanical,0,val
PUMP_02,2026-04-24 13:00:00,0.3381,57.3,38.0,62.72,4.602,0.3342,0.0107,15.46,False,Mechanical,0,val
PUMP_02,2026-04-24 14:00:00,0.3236,56.15,37.94,63.39,4.561,0.3335,0.0113,15.42,False,Mechanical,0,val
PUMP_02,2026-04-24 15:00:00,0.3207,56.6,37.36,63.94,4.455,0.3315,0.0125,15.38,False,Mechanical,0,val
PUMP_02,2026-04-24 16:00:00,0.3547,58.69,37.38,62.94,4.594,0.3362,0.0152,15.33,False,Mechanical,0,val
PUMP_02,2026-04-24 17:00:00,0.3625,55.55,37.91,61.79,4.562,0.3377,0.0174,15.29,False,Mechanical,0,val
PUMP_02,2026-04-24 18:00:00,0.3585,58.52,36.94,62.39,4.46,0.343,0.0182,15.25,False,Mechanical,0,val
PUMP_02,2026-04-24 19:00:00,0.3191,56.59,37.52,63.4,4.474,0.3398,0.0207,15.21,False,Mechanical,0,val
PUMP_02,2026-04-24 20:00:00,0.3236,55.34,37.95,63.42,4.509,0.3398,0.0207,15.17,False,Mechanical,0,val
PUMP_02,2026-04-24 21:00:00,0.3762,59.76,38.31,60.83,4.609,0.3491,0.0227,15.12,False,Mechanical,0,val
PUMP_02,2026-04-24 22:00:00,0.3462,59.97,39.0,62.49,4.533,0.3477,0.0226,15.08,False,Mechanical,0,val
PUMP_02,2026-04-24 23:00:00,0.3332,57.22,37.84,62.16,4.527,0.3428,0.0219,15.04,False,Mechanical,0,val
PUMP_02,2026-04-25 00:00:00,0.374,57.26,38.18,64.14,4.518,0.3454,0.0248,15.0,False,Mechanical,0,val
PUMP_02,2026-04-25 01:00:00,0.3627,57.76,37.06,62.27,4.506,0.3526,0.0218,14.96,False,Mechanical,0,val
PUMP_02,2026-04-25 02:00:00,0.3741,56.97,38.41,62.59,4.445,0.3611,0.0177,14.92,False,Mechanical,0,val
PUMP_02,2026-04-25 03:00:00,0.3354,57.29,37.69,62.58,4.605,0.3543,0.0185,14.88,False,Mechanical,0,val
PUMP_02,2026-04-25 04:00:00,0.3671,58.97,38.08,64.16,4.464,0.3578,0.0187,14.83,False,Mechanical,0,val
PUMP_02,2026-04-25 05:00:00,0.3886,61.46,38.58,64.41,4.554,0.367,0.0178,14.79,False,Mechanical,0,val
PUMP_02,2026-04-25 06:00:00,0.3665,57.87,38.63,63.88,4.52,0.3657,0.0175,14.75,False,Mechanical,0,val
PUMP_02,2026-04-25 07:00:00,0.3957,59.99,37.48,64.65,4.617,0.3712,0.0211,14.71,False,Mechanical,0,val
PUMP_02,2026-04-25 08:00:00,0.3578,59.04,38.86,64.83,4.532,0.3685,0.0217,14.67,False,Mechanical,0,val
PUMP_02,2026-04-25 09:00:00,0.3757,56.06,38.38,61.21,4.483,0.3752,0.0145,14.62,False,Mechanical,0,val
PUMP_02,2026-04-25 10:00:00,0.4014,58.59,39.2,64.13,4.646,0.3809,0.0171,14.58,False,Mechanical,0,val
PUMP_02,2026-04-25 11:00:00,0.3585,58.45,39.34,63.01,4.504,0.3759,0.0188,14.54,False,Mechanical,0,val
PUMP_02,2026-04-25 12:00:00,0.3787,60.93,39.46,61.98,4.586,0.378,0.0182,14.5,False,Mechanical,0,val
PUMP_02,2026-04-25 13:00:00,0.3822,61.05,37.67,63.14,4.68,0.3757,0.0163,14.46,False,Mechanical,0,val
PUMP_02,2026-04-25 14:00:00,0.3738,59.41,38.79,64.44,4.523,0.3784,0.0139,14.42,False,Mechanical,0,val
PUMP_02,2026-04-25 15:00:00,0.3681,60.72,37.63,65.34,4.577,0.3771,0.0145,14.38,False,Mechanical,0,val
PUMP_02,2026-04-25 16:00:00,0.3585,58.74,39.39,62.02,4.554,0.37,0.0101,14.33,False,Mechanical,0,val
PUMP_02,2026-04-25 17:00:00,0.3751,60.69,39.5,64.41,4.603,0.3727,0.0084,14.29,False,Mechanical,0,val
PUMP_02,2026-04-25 18:00:00,0.3717,59.22,39.25,66.06,4.591,0.3716,0.0079,14.25,False,Mechanical,0,val
PUMP_02,2026-04-25 19:00:00,0.3535,60.77,38.44,65.93,4.673,0.3668,0.0088,14.21,False,Mechanical,0,val
PUMP_02,2026-04-25 20:00:00,0.394,60.98,39.05,59.63,4.554,0.3702,0.0142,14.17,False,Mechanical,0,val
PUMP_02,2026-04-25 21:00:00,0.3669,60.31,38.42,66.42,4.709,0.37,0.0143,14.12,False,Mechanical,0,val
PUMP_02,2026-04-25 22:00:00,0.3629,58.18,38.79,65.0,4.739,0.3707,0.0137,14.08,False,Mechanical,0,val
PUMP_02,2026-04-25 23:00:00,0.379,58.72,38.75,61.11,4.635,0.3713,0.014,14.04,False,Mechanical,0,val
PUMP_02,2026-04-26 00:00:00,0.3786,60.54,37.64,63.0,4.555,0.3725,0.0143,14.0,False,Mechanical,0,val
PUMP_02,2026-04-26 01:00:00,0.3922,60.81,38.38,65.46,4.619,0.3789,0.0127,13.96,False,Mechanical,0,val
PUMP_02,2026-04-26 02:00:00,0.3813,59.76,40.26,64.42,4.616,0.3768,0.0106,13.92,False,Mechanical,0,val
PUMP_02,2026-04-26 03:00:00,0.4102,59.11,38.88,63.33,4.771,0.384,0.0159,13.88,False,Mechanical,0,val
PUMP_02,2026-04-26 04:00:00,0.4272,59.93,39.05,64.14,4.625,0.3948,0.0199,13.83,False,Mechanical,0,val
PUMP_02,2026-04-26 05:00:00,0.4106,59.28,38.98,64.75,4.748,0.4,0.0191,13.79,False,Mechanical,0,val
PUMP_02,2026-04-26 06:00:00,0.3892,59.35,38.77,63.44,4.65,0.4018,0.0171,13.75,False,Mechanical,0,val
PUMP_02,2026-04-26 07:00:00,0.3983,62.75,39.07,64.02,4.648,0.4028,0.0166,13.71,False,Mechanical,0,val
PUMP_02,2026-04-26 08:00:00,0.4158,59.16,38.83,65.28,4.62,0.4085,0.0133,13.67,False,Mechanical,0,val
PUMP_02,2026-04-26 09:00:00,0.3829,60.69,37.74,63.4,4.632,0.404,0.0168,13.62,False,Mechanical,0,val
PUMP_02,2026-04-26 10:00:00,0.3933,60.22,39.61,62.65,4.727,0.3984,0.0127,13.58,False,Mechanical,0,val
PUMP_02,2026-04-26 11:00:00,0.3862,58.21,40.13,63.55,4.602,0.3943,0.0118,13.54,False,Mechanical,0,val
PUMP_02,2026-04-26 12:00:00,0.4115,58.21,38.5,63.28,4.741,0.398,0.0133,13.5,False,Mechanical,0,val
PUMP_02,2026-04-26 13:00:00,0.4412,60.04,38.98,63.66,4.783,0.4051,0.0221,13.46,False,Mechanical,0,val
PUMP_02,2026-04-26 14:00:00,0.3889,57.29,40.16,62.35,4.624,0.4007,0.0223,13.42,False,Mechanical,0,val
PUMP_02,2026-04-26 15:00:00,0.4195,63.03,38.82,64.74,4.772,0.4068,0.0214,13.38,False,Mechanical,0,val
PUMP_02,2026-04-26 16:00:00,0.3987,59.8,39.55,65.54,4.763,0.4077,0.0208,13.33,False,Mechanical,0,val
PUMP_02,2026-04-26 17:00:00,0.3879,59.73,41.94,63.56,4.753,0.408,0.0205,13.29,False,Mechanical,0,val
PUMP_02,2026-04-26 18:00:00,0.4324,62.29,39.76,63.79,4.636,0.4114,0.0229,13.25,False,Mechanical,0,val
PUMP_02,2026-04-26 19:00:00,0.4432,60.31,39.45,64.39,4.682,0.4118,0.0234,13.21,False,Mechanical,1,val
PUMP_02,2026-04-26 20:00:00,0.4195,61.55,39.97,63.55,4.685,0.4169,0.0206,13.17,False,Mechanical,1,val
PUMP_02,2026-04-26 21:00:00,0.4219,59.78,39.94,65.87,4.866,0.4173,0.0207,13.12,False,Mechanical,1,val
PUMP_02,2026-04-26 22:00:00,0.421,60.76,39.1,63.66,4.702,0.421,0.0186,13.08,False,Mechanical,1,val
PUMP_02,2026-04-26 23:00:00,0.4218,62.21,38.49,64.13,4.692,0.4266,0.0093,13.04,False,Mechanical,1,val
PUMP_02,2026-04-27 00:00:00,0.4332,59.52,39.92,63.88,4.619,0.4268,0.0094,13.0,False,Mechanical,1,val
PUMP_02,2026-04-27 01:00:00,0.4424,61.67,40.04,66.05,4.637,0.4266,0.0092,12.96,False,Mechanical,1,val
PUMP_02,2026-04-27 02:00:00,0.4612,57.31,39.45,64.6,4.664,0.4336,0.016,12.92,False,Mechanical,1,val
PUMP_02,2026-04-27 03:00:00,0.432,62.89,40.64,67.3,4.752,0.4353,0.015,12.88,False,Mechanical,1,val
PUMP_02,2026-04-27 04:00:00,0.4449,60.22,40.55,65.37,4.613,0.4392,0.0135,12.83,False,Mechanical,1,val
PUMP_02,2026-04-27 05:00:00,0.4442,60.99,40.18,66.38,4.677,0.443,0.0105,12.79,False,Mechanical,1,val
PUMP_02,2026-04-27 06:00:00,0.4628,61.03,39.58,64.64,4.586,0.4479,0.0119,12.75,False,Mechanical,1,val
PUMP_02,2026-04-27 07:00:00,0.4847,59.78,38.53,63.93,4.851,0.455,0.0186,12.71,False,Mechanical,1,val
PUMP_02,2026-04-27 08:00:00,0.4651,59.72,39.71,65.06,4.751,0.4556,0.0189,12.67,False,Mechanical,1,val
PUMP_02,2026-04-27 09:00:00,0.4612,62.14,38.74,64.33,4.771,0.4605,0.015,12.62,False,Mechanical,1,val
PUMP_02,2026-04-27 10:00:00,0.4623,62.28,38.46,62.78,4.663,0.4634,0.0129,12.58,False,Mechanical,1,val
PUMP_02,2026-04-27 11:00:00,0.4669,60.16,40.29,66.43,4.848,0.4672,0.0088,12.54,False,Mechanical,1,val
PUMP_02,2026-04-27 12:00:00,0.4831,62.36,40.64,65.3,4.879,0.4706,0.0105,12.5,False,Mechanical,1,val
PUMP_02,2026-04-27 13:00:00,0.4206,62.44,38.8,64.46,4.768,0.4599,0.0208,12.46,False,Mechanical,1,val
PUMP_02,2026-04-27 14:00:00,0.4541,61.1,39.85,65.79,4.728,0.458,0.0207,12.42,False,Mechanical,1,val
PUMP_02,2026-04-27 15:00:00,0.4059,59.79,40.02,65.43,4.815,0.4488,0.0295,12.38,False,Mechanical,1,val
PUMP_02,2026-04-27 16:00:00,0.4589,61.74,39.89,67.1,4.834,0.4482,0.0292,12.33,False,Mechanical,1,val
PUMP_02,2026-04-27 17:00:00,0.4535,62.4,39.27,65.97,4.849,0.446,0.028,12.29,False,Mechanical,1,val
PUMP_02,2026-04-27 18:00:00,0.4382,61.83,40.93,65.3,4.836,0.4385,0.0213,12.25,False,Mechanical,1,val
PUMP_02,2026-04-27 19:00:00,0.4083,61.09,39.35,66.36,4.864,0.4365,0.0238,12.21,False,Mechanical,1,val
PUMP_02,2026-04-27 20:00:00,0.4508,62.74,39.02,65.53,4.736,0.4359,0.0234,12.17,False,Mechanical,1,val
PUMP_02,2026-04-27 21:00:00,0.4575,64.0,39.4,65.83,4.868,0.4445,0.0192,12.12,False,Mechanical,1,val
PUMP_02,2026-04-27 22:00:00,0.4569,61.01,40.55,67.12,4.763,0.4442,0.0189,12.08,False,Mechanical,1,val
PUMP_02,2026-04-27 23:00:00,0.4526,61.78,40.13,64.29,4.603,0.444,0.0189,12.04,False,Mechanical,1,val
PUMP_02,2026-04-28 00:00:00,0.4527,66.41,39.86,64.69,4.771,0.4465,0.0189,12.0,False,Mechanical,1,val
PUMP_02,2026-04-28 01:00:00,0.4696,62.79,40.67,65.26,4.768,0.4567,0.0069,11.96,False,Mechanical,1,val
PUMP_02,2026-04-28 02:00:00,0.4623,60.52,40.59,65.48,4.835,0.4586,0.0065,11.92,False,Mechanical,1,val
PUMP_02,2026-04-28 03:00:00,0.4902,61.77,39.04,67.23,4.887,0.464,0.0143,11.88,False,Mechanical,1,val
PUMP_02,2026-04-28 04:00:00,0.4801,61.41,40.76,64.19,4.84,0.4679,0.0151,11.83,False,Mechanical,1,val
PUMP_02,2026-04-28 05:00:00,0.4581,63.18,41.19,65.89,4.989,0.4688,0.0142,11.79,False,Mechanical,1,val
PUMP_02,2026-04-28 06:00:00,0.4886,63.14,40.44,65.31,4.791,0.4748,0.0135,11.75,False,Mechanical,1,val
PUMP_02,2026-04-28 07:00:00,0.4934,61.78,40.41,68.05,4.678,0.4788,0.0151,11.71,False,Mechanical,1,val
PUMP_02,2026-04-28 08:00:00,0.5121,65.59,41.72,67.11,4.863,0.4871,0.0177,11.67,False,Mechanical,1,val
PUMP_02,2026-04-28 09:00:00,0.5018,62.99,40.19,66.37,4.802,0.489,0.0187,11.62,False,Mechanical,1,val
PUMP_02,2026-04-28 10:00:00,0.474,62.25,40.55,67.29,4.763,0.488,0.0194,11.58,False,Mechanical,1,val
PUMP_02,2026-04-28 11:00:00,0.5081,61.16,40.88,64.58,4.83,0.4963,0.014,11.54,False,Mechanical,1,val
PUMP_02,2026-04-28 12:00:00,0.465,61.72,40.74,68.64,4.795,0.4924,0.019,11.5,False,Mechanical,1,val
PUMP_02,2026-04-28 13:00:00,0.4853,61.25,40.59,65.24,4.808,0.491,0.0192,11.46,False,Mechanical,1,val
PUMP_02,2026-04-28 14:00:00,0.4954,62.9,40.84,67.8,4.988,0.4883,0.0166,11.42,False,Mechanical,1,val
PUMP_02,2026-04-28 15:00:00,0.5056,61.93,41.76,66.99,4.881,0.4889,0.0173,11.38,False,Mechanical,1,val
PUMP_02,2026-04-28 16:00:00,0.5121,64.49,41.33,66.69,4.854,0.4952,0.0177,11.33,False,Mechanical,1,val
PUMP_02,2026-04-28 17:00:00,0.5036,62.51,40.84,67.87,5.007,0.4945,0.0172,11.29,False,Mechanical,1,val
PUMP_02,2026-04-28 18:00:00,0.4837,64.71,40.4,67.65,4.86,0.4976,0.0115,11.25,False,Mechanical,1,val
PUMP_02,2026-04-28 19:00:00,0.4965,64.25,40.51,66.62,4.79,0.4995,0.0099,11.21,False,Mechanical,1,val
PUMP_02,2026-04-28 20:00:00,0.4939,64.55,41.55,66.03,4.786,0.4992,0.01,11.17,False,Mechanical,1,val
PUMP_02,2026-04-28 21:00:00,0.4831,64.99,40.06,66.72,4.89,0.4955,0.0113,11.12,False,Mechanical,1,val
PUMP_02,2026-04-28 22:00:00,0.4958,66.7,42.49,66.49,4.77,0.4928,0.008,11.08,False,Mechanical,1,val
PUMP_02,2026-04-28 23:00:00,0.5286,62.5,41.07,67.08,4.811,0.4969,0.0166,11.04,False,Mechanical,1,val
PUMP_02,2026-04-29 00:00:00,0.5156,65.11,40.29,67.92,4.879,0.5022,0.0166,11.0,False,Mechanical,1,val
PUMP_02,2026-04-29 01:00:00,0.5411,64.5,41.26,67.3,5.004,0.5097,0.0225,10.96,False,Mechanical,1,val
PUMP_02,2026-04-29 02:00:00,0.4981,65.57,40.71,67.0,5.022,0.5104,0.022,10.92,False,Mechanical,1,val
PUMP_02,2026-04-29 03:00:00,0.5124,64.21,40.97,66.04,4.975,0.5153,0.0175,10.88,False,Mechanical,1,val
PUMP_02,2026-04-29 04:00:00,0.5276,65.87,40.35,67.26,4.927,0.5206,0.015,10.83,False,Mechanical,1,val
PUMP_02,2026-04-29 05:00:00,0.5352,62.23,41.15,64.87,4.886,0.5217,0.016,10.79,False,Mechanical,1,val
PUMP_02,2026-04-29 06:00:00,0.5244,62.73,40.05,65.99,4.967,0.5231,0.0157,10.75,False,Mechanical,1,val
PUMP_02,2026-04-29 07:00:00,0.5395,63.45,41.0,67.72,5.083,0.5229,0.0153,10.71,False,Mechanical,1,val
PUMP_02,2026-04-29 08:00:00,0.5401,64.26,40.89,68.1,4.956,0.5299,0.0106,10.67,False,Mechanical,1,val
PUMP_02,2026-04-29 09:00:00,0.5075,64.51,41.12,67.05,4.912,0.529,0.0123,10.62,False,Mechanical,1,val
PUMP_02,2026-04-29 10:00:00,0.5393,63.4,41.0,67.36,4.941,0.531,0.0129,10.58,False,Mechanical,1,val
PUMP_02,2026-04-29 11:00:00,0.5434,63.09,41.52,67.6,4.936,0.5324,0.0139,10.54,False,Mechanical,1,val
PUMP_02,2026-04-29 12:00:00,0.5309,63.66,42.06,68.02,5.006,0.5334,0.0134,10.5,False,Mechanical,1,test
PUMP_02,2026-04-29 13:00:00,0.498,62.14,41.78,67.0,4.905,0.5265,0.0191,10.46,False,Mechanical,1,test
PUMP_02,2026-04-29 14:00:00,0.5208,64.34,42.38,66.11,5.003,0.5233,0.018,10.42,False,Mechanical,1,test
PUMP_02,2026-04-29 15:00:00,0.5312,64.76,41.33,67.79,5.021,0.5273,0.0163,10.38,False,Mechanical,1,test
PUMP_02,2026-04-29 16:00:00,0.5118,65.57,41.86,69.72,5.007,0.5227,0.0161,10.33,False,Mechanical,1,test
PUMP_02,2026-04-29 17:00:00,0.5393,65.23,41.92,66.31,4.897,0.522,0.0151,10.29,False,Mechanical,1,test
PUMP_02,2026-04-29 18:00:00,0.5379,67.74,42.43,67.31,4.977,0.5232,0.0162,10.25,False,Mechanical,1,test
PUMP_02,2026-04-29 19:00:00,0.531,66.33,41.33,67.04,4.951,0.5287,0.0106,10.21,False,Mechanical,1,test
PUMP_02,2026-04-29 20:00:00,0.532,66.29,42.28,70.44,4.992,0.5305,0.0098,10.17,False,Mechanical,1,test
PUMP_02,2026-04-29 21:00:00,0.538,65.8,41.33,66.43,4.949,0.5317,0.0103,10.12,False,Mechanical,1,test
PUMP_02,2026-04-29 22:00:00,0.5389,66.12,41.54,67.44,5.106,0.5362,0.0037,10.08,False,Mechanical,1,test
PUMP_02,2026-04-29 23:00:00,0.5238,65.06,41.7,67.23,5.026,0.5336,0.0059,10.04,False,Mechanical,1,test
PUMP_02,2026-04-30 00:00:00,0.541,65.61,42.22,66.21,4.886,0.5341,0.0064,10.0,False,Mechanical,1,test
PUMP_02,2026-04-30 01:00:00,0.5529,68.41,41.33,66.19,4.914,0.5378,0.0097,9.96,False,Mechanical,1,test
PUMP_02,2026-04-30 02:00:00,0.5773,65.49,41.45,68.48,5.121,0.5453,0.0182,9.92,False,Mechanical,1,test
PUMP_02,2026-04-30 03:00:00,0.5702,63.67,41.67,68.7,5.015,0.5507,0.0202,9.88,False,Mechanical,1,test
PUMP_02,2026-04-30 04:00:00,0.5853,66.78,42.12,67.22,5.003,0.5584,0.0235,9.83,False,Mechanical,1,test
PUMP_02,2026-04-30 05:00:00,0.5449,67.11,41.56,69.62,5.129,0.5619,0.0182,9.79,False,Mechanical,1,test
PUMP_02,2026-04-30 06:00:00,0.5628,66.1,42.32,65.27,5.031,0.5656,0.0151,9.75,False,Mechanical,1,test
PUMP_02,2026-04-30 07:00:00,0.6007,63.12,41.98,66.51,4.952,0.5735,0.0192,9.71,False,Mechanical,1,test
PUMP_02,2026-04-30 08:00:00,0.5592,67.94,42.63,67.07,4.962,0.5705,0.0199,9.67,False,Mechanical,1,test
PUMP_02,2026-04-30 09:00:00,0.5591,66.42,42.31,68.1,5.107,0.5687,0.0204,9.62,False,Mechanical,1,test
PUMP_02,2026-04-30 10:00:00,0.5662,65.68,43.36,67.61,5.224,0.5655,0.0187,9.58,False,Mechanical,1,test
PUMP_02,2026-04-30 11:00:00,0.5999,68.0,42.41,67.95,5.133,0.5746,0.02,9.54,False,Mechanical,1,test
PUMP_02,2026-04-30 12:00:00,0.5588,63.25,41.65,68.82,5.04,0.574,0.0206,9.5,False,Mechanical,1,test
PUMP_02,2026-04-30 13:00:00,0.5764,66.53,42.29,70.03,5.057,0.5699,0.0162,9.46,False,Mechanical,1,test
PUMP_02,2026-04-30 14:00:00,0.5733,65.62,42.46,69.29,5.084,0.5723,0.0153,9.42,False,Mechanical,1,test
PUMP_02,2026-04-30 15:00:00,0.5383,68.74,41.94,68.44,4.923,0.5688,0.0204,9.38,False,Mechanical,1,test
PUMP_02,2026-04-30 16:00:00,0.5672,66.93,43.43,68.32,5.091,0.569,0.0204,9.33,False,Mechanical,1,test
PUMP_02,2026-04-30 17:00:00,0.56,65.34,42.37,69.78,5.14,0.5623,0.0137,9.29,False,Mechanical,1,test
PUMP_02,2026-04-30 18:00:00,0.5799,68.42,42.21,70.77,5.24,0.5659,0.0152,9.25,False,Mechanical,1,test
PUMP_02,2026-04-30 19:00:00,0.598,63.09,42.74,69.31,5.19,0.5694,0.02,9.21,False,Mechanical,1,test
PUMP_02,2026-04-30 20:00:00,0.5695,67.61,42.12,68.01,5.262,0.5688,0.0199,9.17,False,Mechanical,1,test
PUMP_02,2026-04-30 21:00:00,0.573,65.03,43.28,68.95,5.247,0.5746,0.0132,9.12,False,Mechanical,1,test
PUMP_02,2026-04-30 22:00:00,0.6198,66.3,43.2,69.38,5.228,0.5834,0.0219,9.08,False,Mechanical,1,test
PUMP_02,2026-04-30 23:00:00,0.5756,66.71,42.86,68.06,5.124,0.586,0.0194,9.04,False,Mechanical,1,test
PUMP_02,2026-05-01 00:00:00,0.5705,68.5,43.17,69.81,5.154,0.5844,0.0203,9.0,False,Mechanical,1,test
PUMP_02,2026-05-01 01:00:00,0.6158,70.51,42.55,69.13,4.997,0.5874,0.0237,8.96,False,Mechanical,1,test
PUMP_02,2026-05-01 02:00:00,0.5986,64.61,41.99,70.26,5.146,0.5922,0.0222,8.92,False,Mechanical,1,test
PUMP_02,2026-05-01 03:00:00,0.6075,68.02,42.73,67.74,5.186,0.598,0.0207,8.88,False,Mechanical,1,test
PUMP_02,2026-05-01 04:00:00,0.6402,70.73,42.66,66.86,5.122,0.6014,0.026,8.83,False,Mechanical,1,test
PUMP_02,2026-05-01 05:00:00,0.5885,66.64,41.78,68.53,5.026,0.6035,0.0239,8.79,False,Mechanical,1,test
PUMP_02,2026-05-01 06:00:00,0.6088,66.62,42.4,69.07,5.281,0.6099,0.0176,8.75,False,Mechanical,1,test
PUMP_02,2026-05-01 07:00:00,0.5947,67.99,42.33,66.93,5.192,0.6064,0.0183,8.71,False,Mechanical,1,test
PUMP_02,2026-05-01 08:00:00,0.6192,68.96,42.48,68.4,5.302,0.6098,0.0184,8.67,False,Mechanical,1,test
PUMP_02,2026-05-01 09:00:00,0.6061,68.77,43.95,70.72,5.228,0.6096,0.0185,8.62,False,Mechanical,1,test
PUMP_02,2026-05-01 10:00:00,0.5966,67.32,43.49,69.86,5.283,0.6023,0.0112,8.58,False,Mechanical,1,test
PUMP_02,2026-05-01 11:00:00,0.6246,66.73,43.8,69.44,5.271,0.6083,0.0119,8.54,False,Mechanical,1,test
PUMP_02,2026-05-01 12:00:00,0.6131,69.98,43.56,68.05,5.129,0.609,0.0121,8.5,False,Mechanical,1,test
PUMP_02,2026-05-01 13:00:00,0.5934,66.91,43.95,70.86,5.147,0.6088,0.0124,8.46,False,Mechanical,1,test
PUMP_02,2026-05-01 14:00:00,0.5938,65.27,43.35,68.91,5.158,0.6046,0.0125,8.42,False,Mechanical,1,test
PUMP_02,2026-05-01 15:00:00,0.6146,66.04,44.28,69.57,5.12,0.606,0.0132,8.38,False,Mechanical,1,test
PUMP_02,2026-05-01 16:00:00,0.5867,67.43,42.67,69.99,5.343,0.6044,0.0151,8.33,False,Mechanical,1,test
PUMP_02,2026-05-01 17:00:00,0.6161,70.61,43.41,69.75,5.21,0.603,0.013,8.29,False,Mechanical,1,test
PUMP_02,2026-05-01 18:00:00,0.6343,66.66,42.87,71.38,5.249,0.6065,0.0182,8.25,False,Mechanical,1,test
PUMP_02,2026-05-01 19:00:00,0.6264,70.8,44.27,70.33,5.11,0.612,0.0184,8.21,False,Mechanical,1,test
PUMP_02,2026-05-01 20:00:00,0.61,70.55,43.81,70.09,5.287,0.6147,0.0163,8.17,False,Mechanical,1,test
PUMP_02,2026-05-01 21:00:00,0.6269,69.0,44.31,69.63,5.194,0.6167,0.017,8.12,False,Mechanical,1,test
PUMP_02,2026-05-01 22:00:00,0.608,64.91,42.79,70.29,5.332,0.6203,0.0105,8.08,False,Mechanical,1,test
PUMP_02,2026-05-01 23:00:00,0.6331,67.03,43.31,69.57,5.181,0.6231,0.0114,8.04,False,Mechanical,1,test
PUMP_02,2026-05-02 00:00:00,0.6307,67.93,42.64,70.1,5.347,0.6225,0.0108,8.0,False,Mechanical,1,test
PUMP_02,2026-05-02 01:00:00,0.6245,71.55,43.97,69.51,5.321,0.6222,0.0107,7.96,False,Mechanical,1,test
PUMP_02,2026-05-02 02:00:00,0.6537,68.18,43.53,69.36,5.213,0.6295,0.0148,7.92,False,Mechanical,1,test
PUMP_02,2026-05-02 03:00:00,0.6187,67.95,44.28,68.91,5.369,0.6281,0.0154,7.88,False,Mechanical,1,test
PUMP_02,2026-05-02 04:00:00,0.6341,69.46,43.88,69.73,5.352,0.6325,0.0119,7.83,False,Mechanical,1,test
PUMP_02,2026-05-02 05:00:00,0.6388,67.14,42.62,69.7,5.305,0.6334,0.0122,7.79,False,Mechanical,1,test
PUMP_02,2026-05-02 06:00:00,0.6495,69.29,42.94,72.35,5.191,0.6366,0.0137,7.75,False,Mechanical,1,test
PUMP_02,2026-05-02 07:00:00,0.6781,68.21,44.03,71.39,5.339,0.6455,0.0202,7.71,False,Mechanical,1,test
PUMP_02,2026-05-02 08:00:00,0.6709,73.51,44.3,70.08,5.285,0.6484,0.0227,7.67,False,Mechanical,1,test
PUMP_02,2026-05-02 09:00:00,0.6615,68.18,42.73,69.78,5.289,0.6555,0.0176,7.62,False,Mechanical,1,test
PUMP_02,2026-05-02 10:00:00,0.6606,72.52,44.05,71.08,5.296,0.6599,0.0142,7.58,False,Mechanical,1,test
PUMP_02,2026-05-02 11:00:00,0.6591,67.99,43.52,72.72,5.292,0.6633,0.01,7.54,False,Mechanical,1,test
PUMP_02,2026-05-02 12:00:00,0.6792,70.17,43.51,71.39,5.231,0.6682,0.0091,7.5,False,Mechanical,1,test
PUMP_02,2026-05-02 13:00:00,0.6307,70.61,43.82,68.42,5.184,0.6603,0.0164,7.46,False,Mechanical,1,test
PUMP_02,2026-05-02 14:00:00,0.6691,70.14,44.32,71.56,5.172,0.66,0.0162,7.42,False,Mechanical,1,test
PUMP_02,2026-05-02 15:00:00,0.6498,70.13,43.87,71.82,5.339,0.6581,0.0167,7.38,False,Mechanical,1,test
PUMP_02,2026-05-02 16:00:00,0.6653,71.37,43.14,73.26,5.126,0.6589,0.0169,7.33,False,Mechanical,1,test
PUMP_02,2026-05-02 17:00:00,0.6663,70.78,44.44,70.37,5.383,0.6601,0.0172,7.29,False,Mechanical,1,test
PUMP_02,2026-05-02 18:00:00,0.6713,69.97,44.2,70.88,5.37,0.6588,0.0157,7.25,False,Mechanical,1,test
PUMP_02,2026-05-02 19:00:00,0.6864,69.3,43.88,71.31,5.31,0.668,0.0118,7.21,False,Mechanical,1,test
PUMP_02,2026-05-02 20:00:00,0.645,70.14,44.3,69.9,5.422,0.664,0.015,7.17,False,Mechanical,1,test
PUMP_02,2026-05-02 21:00:00,0.6842,70.2,44.31,69.84,5.324,0.6698,0.0151,7.12,False,Mechanical,1,test
PUMP_02,2026-05-02 22:00:00,0.6722,70.24,44.59,71.39,5.383,0.6709,0.0149,7.08,False,Mechanical,1,test
PUMP_02,2026-05-02 23:00:00,0.6706,70.73,44.45,69.11,5.198,0.6716,0.0147,7.04,False,Mechanical,1,test
PUMP_02,2026-05-03 00:00:00,0.7126,68.58,44.74,69.43,5.18,0.6785,0.0223,7.0,False,Mechanical,1,test
PUMP_02,2026-05-03 01:00:00,0.6972,69.23,44.65,72.03,5.346,0.6803,0.0235,6.96,False,Mechanical,1,test
PUMP_02,2026-05-03 02:00:00,0.6848,72.09,45.21,71.7,5.404,0.6869,0.0159,6.92,False,Mechanical,1,test
PUMP_02,2026-05-03 03:00:00,0.7094,67.55,45.71,72.65,5.451,0.6911,0.0182,6.88,False,Mechanical,1,test
PUMP_02,2026-05-03 04:00:00,0.698,72.79,44.79,71.76,5.366,0.6954,0.0157,6.83,False,Mechanical,1,test
PUMP_02,2026-05-03 05:00:00,0.6951,70.24,44.47,71.26,5.405,0.6995,0.0101,6.79,False,Mechanical,1,test
PUMP_02,2026-05-03 06:00:00,0.6949,73.66,44.02,72.84,5.453,0.6966,0.0079,6.75,False,Mechanical,1,test
PUMP_02,2026-05-03 07:00:00,0.7102,73.07,45.31,70.84,5.385,0.6987,0.0097,6.71,False,Mechanical,1,test
PUMP_02,2026-05-03 08:00:00,0.6974,70.82,44.42,70.99,5.447,0.7008,0.0071,6.67,False,Mechanical,1,test
PUMP_02,2026-05-03 09:00:00,0.7093,71.05,46.41,71.37,5.315,0.7008,0.007,6.62,False,Mechanical,1,test
PUMP_02,2026-05-03 10:00:00,0.7202,73.85,46.71,72.03,5.278,0.7045,0.0103,6.58,False,Mechanical,1,test
PUMP_02,2026-05-03 11:00:00,0.7082,73.45,44.95,71.46,5.373,0.7067,0.0093,6.54,False,Mechanical,1,test
PUMP_02,2026-05-03 12:00:00,0.7356,73.08,44.12,69.81,5.483,0.7135,0.013,6.5,False,Mechanical,1,test
PUMP_02,2026-05-03 13:00:00,0.7055,73.41,45.55,71.32,5.369,0.7127,0.0134,6.46,False,Mechanical,1,test
PUMP_02,2026-05-03 14:00:00,0.7252,70.14,46.46,71.65,5.483,0.7173,0.0118,6.42,False,Mechanical,1,test
PUMP_02,2026-05-03 15:00:00,0.7195,72.16,44.45,71.87,5.354,0.719,0.0111,6.38,False,Mechanical,1,test
PUMP_02,2026-05-03 16:00:00,0.7282,70.78,46.42,71.25,5.395,0.7204,0.0117,6.33,False,Mechanical,1,test
PUMP_02,2026-05-03 17:00:00,0.7359,70.34,44.21,72.44,5.466,0.725,0.0114,6.29,False,Mechanical,1,test
PUMP_02,2026-05-03 18:00:00,0.6816,72.33,44.49,69.95,5.398,0.716,0.0197,6.25,False,Mechanical,1,test
PUMP_02,2026-05-03 19:00:00,0.7143,71.55,45.59,72.43,5.417,0.7174,0.0191,6.21,False,Mechanical,1,test
PUMP_02,2026-05-03 20:00:00,0.7117,72.0,46.05,74.13,5.253,0.7152,0.0188,6.17,False,Mechanical,1,test
PUMP_02,2026-05-03 21:00:00,0.7187,71.57,45.44,71.3,5.534,0.7151,0.0187,6.12,False,Mechanical,1,test
PUMP_02,2026-05-03 22:00:00,0.7151,70.52,45.79,72.15,5.463,0.7129,0.0176,6.08,False,Mechanical,1,test
PUMP_02,2026-05-03 23:00:00,0.7174,75.03,46.23,71.84,5.402,0.7098,0.014,6.04,False,Mechanical,1,test
PUMP_02,2026-05-04 00:00:00,0.7137,72.8,46.34,71.91,5.629,0.7152,0.0025,6.0,False,Mechanical,1,test
PUMP_02,2026-05-04 01:00:00,0.7362,70.48,45.27,71.0,5.425,0.7188,0.0089,5.96,False,Mechanical,1,test
PUMP_02,2026-05-04 02:00:00,0.7532,72.99,45.17,74.67,5.452,0.7257,0.0158,5.92,False,Mechanical,1,test
PUMP_02,2026-05-04 03:00:00,0.7359,75.08,46.36,72.79,5.421,0.7286,0.0158,5.88,False,Mechanical,1,test
PUMP_02,2026-05-04 04:00:00,0.7421,74.32,46.04,71.58,5.592,0.7331,0.015,5.83,False,Mechanical,1,test
PUMP_02,2026-05-04 05:00:00,0.7396,72.18,46.16,71.49,5.623,0.7368,0.013,5.79,False,Mechanical,1,test
PUMP_02,2026-05-04 06:00:00,0.7375,72.3,45.45,72.56,5.621,0.7407,0.0065,5.75,False,Mechanical,1,test
PUMP_02,2026-05-04 07:00:00,0.7506,71.68,46.27,69.93,5.625,0.7432,0.0071,5.71,False,Mechanical,1,test
PUMP_02,2026-05-04 08:00:00,0.7603,72.08,45.27,73.85,5.477,0.7443,0.0094,5.67,False,Mechanical,1,test
PUMP_02,2026-05-04 09:00:00,0.7745,72.29,46.12,72.02,5.664,0.7508,0.0144,5.62,False,Mechanical,1,test
PUMP_02,2026-05-04 10:00:00,0.7378,71.16,46.08,73.15,5.519,0.75,0.015,5.58,False,Mechanical,1,test
PUMP_02,2026-05-04 11:00:00,0.7548,72.77,46.13,73.26,5.417,0.7526,0.0141,5.54,False,Mechanical,1,test
PUMP_02,2026-05-04 12:00:00,0.7724,74.03,46.56,73.94,5.511,0.7584,0.0138,5.5,False,Mechanical,1,test
PUMP_02,2026-05-04 13:00:00,0.7366,72.98,45.52,73.43,5.577,0.7561,0.0164,5.46,False,Mechanical,1,test
PUMP_02,2026-05-04 14:00:00,0.7729,74.01,46.58,73.78,5.505,0.7582,0.0178,5.42,False,Mechanical,1,test
PUMP_02,2026-05-04 15:00:00,0.7473,76.19,46.23,74.16,5.573,0.7536,0.0162,5.38,False,Mechanical,1,test
PUMP_02,2026-05-04 16:00:00,0.7651,76.59,45.79,72.59,5.61,0.7582,0.0146,5.33,False,Mechanical,1,test
PUMP_02,2026-05-04 17:00:00,0.7522,73.82,45.51,75.62,5.605,0.7578,0.0147,5.29,False,Mechanical,1,test
PUMP_02,2026-05-04 18:00:00,0.7641,75.32,47.48,73.51,5.63,0.7564,0.0134,5.25,False,Mechanical,1,test
PUMP_02,2026-05-04 19:00:00,0.7838,73.83,46.34,73.11,5.568,0.7642,0.0133,5.21,False,Mechanical,1,test
PUMP_02,2026-05-04 20:00:00,0.7609,73.43,46.22,72.18,5.53,0.7622,0.0127,5.17,False,Mechanical,1,test
PUMP_02,2026-05-04 21:00:00,0.7814,72.57,45.78,72.99,5.476,0.7679,0.0123,5.12,False,Mechanical,1,test
PUMP_02,2026-05-04 22:00:00,0.7747,74.46,47.16,73.77,5.592,0.7695,0.0125,5.08,False,Mechanical,1,test
PUMP_02,2026-05-04 23:00:00,0.7633,76.04,47.16,73.46,5.561,0.7714,0.0099,5.04,False,Mechanical,1,test
PUMP_02,2026-05-05 00:00:00,0.7776,72.58,47.09,75.59,5.6,0.7736,0.0095,5.0,False,Mechanical,1,test
PUMP_02,2026-05-05 01:00:00,0.7813,74.14,46.6,72.98,5.449,0.7732,0.009,4.96,False,Mechanical,1,test
PUMP_02,2026-05-05 02:00:00,0.7678,74.15,47.13,74.31,5.499,0.7744,0.0074,4.92,False,Mechanical,1,test
PUMP_02,2026-05-05 03:00:00,0.8,75.11,46.23,72.2,5.666,0.7774,0.0128,4.88,False,Mechanical,1,test
PUMP_02,2026-05-05 04:00:00,0.8067,75.21,46.89,76.22,5.5,0.7828,0.0173,4.83,False,Mechanical,1,test
PUMP_02,2026-05-05 05:00:00,0.8122,75.71,46.77,72.22,5.621,0.7909,0.0178,4.79,False,Mechanical,1,test
PUMP_02,2026-05-05 06:00:00,0.8239,77.83,47.01,76.19,5.575,0.7986,0.0207,4.75,False,Mechanical,1,test
PUMP_02,2026-05-05 07:00:00,0.8185,73.76,45.8,73.59,5.576,0.8049,0.02,4.71,False,Mechanical,1,test
PUMP_02,2026-05-05 08:00:00,0.7963,73.76,48.05,71.13,5.659,0.8096,0.0107,4.67,False,Mechanical,1,test
PUMP_02,2026-05-05 09:00:00,0.8,75.6,47.95,75.48,5.66,0.8096,0.0107,4.62,False,Mechanical,1,test
PUMP_02,2026-05-05 10:00:00,0.8185,77.49,46.33,74.01,5.707,0.8116,0.0111,4.58,False,Mechanical,1,test
PUMP_02,2026-05-05 11:00:00,0.8115,73.2,47.41,73.42,5.581,0.8115,0.0111,4.54,False,Mechanical,1,test
PUMP_02,2026-05-05 12:00:00,0.8049,75.98,46.21,74.78,5.604,0.8083,0.0094,4.5,False,Mechanical,1,test
PUMP_02,2026-05-05 13:00:00,0.7916,75.26,47.2,74.86,5.77,0.8038,0.01,4.46,False,Mechanical,1,test
PUMP_02,2026-05-05 14:00:00,0.7965,76.93,45.87,74.62,5.667,0.8038,0.0099,4.42,False,Mechanical,1,test
PUMP_02,2026-05-05 15:00:00,0.8132,76.67,47.06,75.53,5.72,0.806,0.0104,4.38,False,Mechanical,1,test
PUMP_02,2026-05-05 16:00:00,0.7758,75.88,46.98,74.53,5.656,0.7989,0.0141,4.33,False,Mechanical,1,test
PUMP_02,2026-05-05 17:00:00,0.7711,76.63,48.01,75.06,5.738,0.7922,0.0163,4.29,False,Mechanical,1,test
PUMP_02,2026-05-05 18:00:00,0.8184,74.99,48.36,73.7,5.508,0.7944,0.0191,4.25,False,Mechanical,1,test
PUMP_02,2026-05-05 19:00:00,0.8025,77.26,48.42,75.3,5.805,0.7962,0.0193,4.21,False,Mechanical,1,test
PUMP_02,2026-05-05 20:00:00,0.8207,78.22,48.14,73.81,5.682,0.8003,0.0218,4.17,False,Mechanical,1,test
PUMP_02,2026-05-05 21:00:00,0.841,76.38,47.54,73.14,5.624,0.8049,0.0273,4.12,False,Mechanical,1,test
PUMP_02,2026-05-05 22:00:00,0.8064,75.7,47.76,74.29,5.644,0.81,0.0234,4.08,False,Mechanical,1,test
PUMP_02,2026-05-05 23:00:00,0.8011,76.18,47.81,74.26,5.713,0.815,0.0151,4.04,False,Mechanical,1,test
PUMP_02,2026-05-06 00:00:00,0.8268,77.66,46.91,75.76,5.731,0.8164,0.0159,4.0,False,Mechanical,1,test
PUMP_02,2026-05-06 01:00:00,0.8254,76.5,48.35,72.95,5.757,0.8202,0.0146,3.96,False,Mechanical,1,test
PUMP_02,2026-05-06 02:00:00,0.8399,74.85,48.12,76.06,5.656,0.8234,0.0166,3.92,False,Mechanical,1,test
PUMP_02,2026-05-06 03:00:00,0.8525,78.16,48.19,74.06,5.826,0.8254,0.0195,3.88,False,Mechanical,1,test
PUMP_02,2026-05-06 04:00:00,0.8531,75.34,46.42,71.9,5.72,0.8331,0.0197,3.83,False,Mechanical,1,test
PUMP_02,2026-05-06 05:00:00,0.8521,77.54,48.11,73.46,5.722,0.8416,0.013,3.79,False,Mechanical,1,test
PUMP_02,2026-05-06 06:00:00,0.8698,74.19,48.48,74.59,5.755,0.8488,0.0149,3.75,False,Mechanical,1,test
PUMP_02,2026-05-06 07:00:00,0.8658,77.23,47.91,75.55,5.832,0.8555,0.0108,3.71,False,Mechanical,1,test
PUMP_02,2026-05-06 08:00:00,0.8542,77.05,47.67,74.91,5.782,0.8579,0.0078,3.67,False,Mechanical,1,test
PUMP_02,2026-05-06 09:00:00,0.8671,74.29,47.19,73.67,5.747,0.8604,0.008,3.62,False,Mechanical,1,test
PUMP_02,2026-05-06 10:00:00,0.8345,77.82,47.19,74.24,5.77,0.8572,0.0133,3.58,False,Mechanical,1,test
PUMP_02,2026-05-06 11:00:00,0.8734,75.76,48.19,73.8,5.899,0.8608,0.0144,3.54,False,Mechanical,1,test
PUMP_02,2026-05-06 12:00:00,0.8574,77.62,48.0,75.59,5.891,0.8587,0.0137,3.5,False,Mechanical,1,test
PUMP_02,2026-05-06 13:00:00,0.8386,76.96,48.04,75.23,5.842,0.8542,0.0153,3.46,False,Mechanical,1,test
PUMP_02,2026-05-06 14:00:00,0.8502,75.45,49.15,76.13,5.83,0.8535,0.0154,3.42,False,Mechanical,1,test
PUMP_02,2026-05-06 15:00:00,0.8721,76.18,47.52,73.32,6.009,0.8544,0.0164,3.38,False,Mechanical,1,test
PUMP_02,2026-05-06 16:00:00,0.8456,76.39,48.11,74.86,5.866,0.8562,0.0142,3.33,False,Mechanical,1,test
PUMP_02,2026-05-06 17:00:00,0.8645,79.4,49.38,77.99,5.849,0.8547,0.0124,3.29,False,Mechanical,1,test
PUMP_02,2026-05-06 18:00:00,0.8734,79.26,48.22,76.37,5.824,0.8574,0.0146,3.25,False,Mechanical,1,test
PUMP_02,2026-05-06 19:00:00,0.8631,81.39,48.49,75.3,5.875,0.8615,0.0114,3.21,False,Mechanical,1,test
PUMP_02,2026-05-06 20:00:00,0.853,77.41,48.39,74.53,5.608,0.8619,0.0109,3.17,False,Mechanical,1,test
PUMP_02,2026-05-06 21:00:00,0.8688,77.45,48.96,77.1,5.94,0.8614,0.0103,3.12,False,Mechanical,1,test
PUMP_02,2026-05-06 22:00:00,0.8529,78.56,47.35,77.66,5.761,0.8626,0.0083,3.08,False,Mechanical,1,test
PUMP_02,2026-05-06 23:00:00,0.8714,77.91,48.5,74.5,5.811,0.8638,0.0091,3.04,False,Mechanical,1,test
PUMP_02,2026-05-07 00:00:00,0.8669,77.65,48.7,74.67,5.763,0.8627,0.008,3.0,False,Mechanical,1,test
PUMP_02,2026-05-07 01:00:00,0.8876,78.69,48.12,76.32,5.821,0.8668,0.013,2.96,False,Mechanical,1,test
PUMP_02,2026-05-07 02:00:00,0.8739,79.75,48.97,76.49,5.859,0.8702,0.0112,2.92,False,Mechanical,1,test
PUMP_02,2026-05-07 03:00:00,0.8985,75.62,49.28,76.67,5.963,0.8752,0.016,2.88,False,Mechanical,1,test
PUMP_02,2026-05-07 04:00:00,0.9181,78.01,49.12,78.36,6.0,0.8861,0.0196,2.83,False,Mechanical,1,test
PUMP_02,2026-05-07 05:00:00,0.9223,76.86,49.96,75.04,6.058,0.8946,0.0227,2.79,False,Mechanical,1,test
PUMP_02,2026-05-07 06:00:00,0.8882,78.82,48.68,76.31,5.917,0.8981,0.0189,2.75,False,Mechanical,1,test
PUMP_02,2026-05-07 07:00:00,0.8988,79.78,49.28,77.18,5.897,0.9,0.0182,2.71,False,Mechanical,1,test
PUMP_02,2026-05-07 08:00:00,0.9228,80.9,49.31,77.22,5.983,0.9081,0.0148,2.67,False,Mechanical,1,test
PUMP_02,2026-05-07 09:00:00,0.9213,78.66,48.93,75.64,5.858,0.9119,0.0147,2.62,False,Mechanical,1,test
PUMP_02,2026-05-07 10:00:00,0.9017,79.55,49.8,75.75,5.854,0.9092,0.0149,2.58,False,Mechanical,1,test
PUMP_02,2026-05-07 11:00:00,0.9034,76.96,49.34,75.98,5.908,0.906,0.0135,2.54,False,Mechanical,1,test
PUMP_02,2026-05-07 12:00:00,0.9116,78.28,48.49,78.63,5.94,0.9099,0.0103,2.5,False,Mechanical,1,test
PUMP_02,2026-05-07 13:00:00,0.8825,79.97,49.7,75.47,5.784,0.9072,0.0149,2.46,False,Mechanical,1,test
PUMP_02,2026-05-07 14:00:00,0.9178,77.71,49.0,76.31,6.04,0.9064,0.014,2.42,False,Mechanical,1,test
PUMP_02,2026-05-07 15:00:00,0.9263,81.69,49.15,77.68,5.98,0.9072,0.0152,2.38,False,Mechanical,1,test
PUMP_02,2026-05-07 16:00:00,0.9049,80.71,49.24,75.5,6.03,0.9078,0.015,2.33,False,Mechanical,1,test
PUMP_02,2026-05-07 17:00:00,0.8907,78.65,49.87,77.17,5.846,0.9056,0.0165,2.29,False,Mechanical,1,test
PUMP_02,2026-05-07 18:00:00,0.9351,77.87,50.13,74.64,5.925,0.9096,0.0205,2.25,False,Mechanical,1,test
PUMP_02,2026-05-07 19:00:00,0.9198,79.11,49.43,77.21,5.926,0.9158,0.0158,2.21,False,Mechanical,1,test
PUMP_02,2026-05-07 20:00:00,0.9305,78.93,49.44,77.09,5.973,0.9179,0.017,2.17,False,Mechanical,1,test
PUMP_02,2026-05-07 21:00:00,0.9039,78.54,48.39,77.28,5.993,0.9141,0.0172,2.12,False,Mechanical,1,test
PUMP_02,2026-05-07 22:00:00,0.9083,78.34,49.23,76.1,6.071,0.9147,0.0169,2.08,False,Mechanical,1,test
PUMP_02,2026-05-07 23:00:00,0.9389,80.19,49.14,77.47,6.015,0.9228,0.0145,2.04,False,Mechanical,1,test
PUMP_02,2026-05-08 00:00:00,0.953,81.73,49.94,77.21,5.953,0.9257,0.0187,2.0,False,Mechanical,1,test
PUMP_02,2026-05-08 01:00:00,0.9255,79.65,49.73,78.87,6.194,0.9267,0.0185,1.96,False,Mechanical,1,test
PUMP_02,2026-05-08 02:00:00,0.9456,81.47,49.3,78.13,6.003,0.9292,0.0201,1.92,False,Mechanical,1,test
PUMP_02,2026-05-08 03:00:00,0.9277,80.4,49.98,75.68,5.958,0.9332,0.016,1.88,False,Mechanical,1,test
PUMP_02,2026-05-08 04:00:00,0.9449,81.9,49.89,76.48,5.885,0.9393,0.0108,1.83,False,Mechanical,1,test
PUMP_02,2026-05-08 05:00:00,0.9548,79.89,48.46,76.79,6.049,0.9419,0.0125,1.79,False,Mechanical,1,test
PUMP_02,2026-05-08 06:00:00,0.9687,81.58,50.69,77.8,6.103,0.9445,0.0163,1.75,False,Mechanical,1,test
PUMP_02,2026-05-08 07:00:00,0.9317,81.43,50.68,77.44,5.963,0.9456,0.015,1.71,False,Mechanical,1,test
PUMP_02,2026-05-08 08:00:00,0.9844,83.39,49.98,77.49,6.11,0.952,0.0219,1.67,False,Mechanical,1,test
PUMP_02,2026-05-08 09:00:00,0.9628,82.27,50.38,81.14,6.072,0.9579,0.0185,1.62,False,Mechanical,1,test
PUMP_02,2026-05-08 10:00:00,0.985,81.91,50.02,77.2,5.93,0.9646,0.02,1.58,False,Mechanical,1,test
PUMP_02,2026-05-08 11:00:00,0.9759,79.41,49.29,79.54,6.127,0.9681,0.0198,1.54,False,Mechanical,1,test
PUMP_02,2026-05-08 12:00:00,0.978,80.91,51.6,77.75,6.062,0.9696,0.0202,1.5,False,Mechanical,1,test
PUMP_02,2026-05-08 13:00:00,0.9952,80.59,50.8,75.37,5.999,0.9802,0.0109,1.46,False,Mechanical,1,test
PUMP_02,2026-05-08 14:00:00,0.9531,80.65,50.96,78.27,6.172,0.975,0.0151,1.42,False,Mechanical,1,test
PUMP_02,2026-05-08 15:00:00,0.9671,81.99,50.27,79.44,6.176,0.9757,0.0145,1.38,False,Mechanical,1,test
PUMP_02,2026-05-08 16:00:00,0.9509,82.42,51.16,78.91,6.015,0.97,0.0167,1.33,False,Mechanical,1,test
PUMP_02,2026-05-08 17:00:00,0.9656,82.57,49.71,78.52,6.136,0.9683,0.0165,1.29,False,Mechanical,1,test
PUMP_02,2026-05-08 18:00:00,0.9799,84.13,50.43,78.3,6.135,0.9686,0.0167,1.25,False,Mechanical,1,test
PUMP_02,2026-05-08 19:00:00,0.9887,83.06,51.07,77.73,6.119,0.9675,0.0148,1.21,False,Mechanical,1,test
PUMP_02,2026-05-08 20:00:00,0.9694,80.58,50.3,79.46,6.089,0.9703,0.013,1.17,False,Mechanical,1,test
PUMP_02,2026-05-08 21:00:00,0.9609,82.82,51.27,77.92,6.125,0.9692,0.0135,1.12,False,Mechanical,1,test
PUMP_02,2026-05-08 22:00:00,0.9845,83.48,50.95,77.73,6.218,0.9748,0.0111,1.08,False,Mechanical,1,test
PUMP_02,2026-05-08 23:00:00,0.9754,84.59,50.94,79.04,6.181,0.9765,0.0102,1.04,False,Mechanical,1,test
PUMP_02,2026-05-09 00:00:00,0.9844,82.56,50.43,78.25,6.0,0.9772,0.0107,1.0,False,Mechanical,1,test
PUMP_02,2026-05-09 01:00:00,1.0081,82.66,51.15,80.2,5.989,0.9805,0.0163,0.96,False,Mechanical,1,test
PUMP_02,2026-05-09 02:00:00,1.0101,84.59,52.12,79.28,6.018,0.9872,0.019,0.92,False,Mechanical,1,test
PUMP_02,2026-05-09 03:00:00,1.0197,83.33,51.11,77.85,6.064,0.997,0.0178,0.88,False,Mechanical,1,test
PUMP_02,2026-05-09 04:00:00,1.0061,80.75,51.38,77.46,6.118,1.0006,0.017,0.83,False,Mechanical,1,test
PUMP_02,2026-05-09 05:00:00,1.0296,80.52,51.52,78.21,6.148,1.0097,0.0152,0.79,False,Mechanical,1,test
PUMP_02,2026-05-09 06:00:00,1.0174,86.1,50.46,81.76,6.185,1.0152,0.0089,0.75,False,Mechanical,1,test
PUMP_02,2026-05-09 07:00:00,1.0149,80.86,51.11,78.73,6.194,1.0163,0.0082,0.71,False,Mechanical,1,test
PUMP_02,2026-05-09 08:00:00,1.0041,83.27,51.14,79.98,6.199,1.0153,0.0094,0.67,False,Mechanical,1,test
PUMP_02,2026-05-09 09:00:00,0.99,84.94,50.01,77.56,6.3,1.0104,0.0135,0.62,False,Mechanical,1,test
PUMP_02,2026-05-09 10:00:00,0.9982,81.06,51.81,77.88,6.081,1.009,0.0144,0.58,False,Mechanical,1,test
PUMP_02,2026-05-09 11:00:00,1.0248,82.17,50.82,79.02,6.248,1.0082,0.0131,0.54,False,Mechanical,1,test
PUMP_02,2026-05-09 12:00:00,1.0078,82.02,51.84,81.34,6.253,1.0066,0.0123,0.5,False,Mechanical,1,test
PUMP_02,2026-05-09 13:00:00,0.9965,86.68,51.02,77.81,6.132,1.0036,0.0121,0.46,False,Mechanical,1,test
PUMP_02,2026-05-09 14:00:00,1.0148,87.1,52.75,78.66,6.282,1.0054,0.013,0.42,False,Mechanical,1,test
PUMP_02,2026-05-09 15:00:00,1.0256,83.06,51.4,80.56,6.275,1.0113,0.0127,0.38,False,Mechanical,1,test
PUMP_02,2026-05-09 16:00:00,1.0284,85.13,52.77,81.44,6.248,1.0163,0.0124,0.33,False,Mechanical,1,test
PUMP_02,2026-05-09 17:00:00,1.0232,84.81,51.56,80.12,6.064,1.0161,0.0122,0.29,False,Mechanical,1,test
PUMP_02,2026-05-09 18:00:00,1.0247,84.02,51.68,80.46,6.34,1.0189,0.0119,0.25,False,Mechanical,1,test
PUMP_02,2026-05-09 19:00:00,1.0203,82.09,52.7,78.63,6.288,1.0228,0.0048,0.21,False,Mechanical,1,test
PUMP_02,2026-05-09 20:00:00,1.0413,88.09,51.26,78.18,6.308,1.0272,0.0074,0.17,False,Mechanical,1,test
PUMP_02,2026-05-09 21:00:00,1.0331,82.0,51.89,78.45,6.01,1.0285,0.0077,0.12,False,Mechanical,1,test
PUMP_02,2026-05-09 22:00:00,1.0391,85.13,52.23,78.83,6.245,1.0303,0.0088,0.08,False,Mechanical,1,test
PUMP_02,2026-05-09 23:00:00,1.0606,83.94,52.19,80.21,6.179,1.0365,0.0143,0.04,False,Mechanical,1,test
PUMP_02,2026-05-10 00:00:00,1.0619,86.51,52.03,78.54,6.403,1.0427,0.0161,0.0,False,Mechanical,1,test
PUMP_03,2026-03-01 00:00:00,0.1296,53.11,33.95,57.08,3.986,0.1296,0.0,55.0,False,Normal,0,train
PUMP_03,2026-03-01 01:00:00,0.1622,50.37,33.03,58.58,4.071,0.1459,0.0231,54.96,False,Normal,0,train
PUMP_03,2026-03-01 02:00:00,0.1388,49.8,34.5,60.34,3.943,0.1435,0.0168,54.92,False,Normal,0,train
PUMP_03,2026-03-01 03:00:00,0.1424,51.89,34.88,57.49,3.877,0.1432,0.0137,54.88,False,Normal,0,train
PUMP_03,2026-03-01 04:00:00,0.1618,48.47,34.58,56.64,3.964,0.147,0.0145,54.83,False,Normal,0,train
PUMP_03,2026-03-01 05:00:00,0.1707,50.05,33.9,57.53,4.039,0.1509,0.0162,54.79,False,Normal,0,train
PUMP_03,2026-03-01 06:00:00,0.155,49.77,34.23,55.77,4.031,0.1552,0.0124,54.75,False,Normal,0,train
PUMP_03,2026-03-01 07:00:00,0.1566,50.63,34.42,58.62,4.001,0.1542,0.0119,54.71,False,Normal,0,train
PUMP_03,2026-03-01 08:00:00,0.157,49.33,34.34,58.69,3.951,0.1572,0.0092,54.67,False,Normal,0,train
PUMP_03,2026-03-01 09:00:00,0.1433,49.19,34.74,57.47,3.989,0.1574,0.009,54.62,False,Normal,0,train
PUMP_03,2026-03-01 10:00:00,0.1493,49.43,34.57,56.66,4.119,0.1553,0.0092,54.58,False,Normal,0,train
PUMP_03,2026-03-01 11:00:00,0.1283,49.56,33.65,60.88,4.204,0.1482,0.0111,54.54,False,Normal,0,train
PUMP_03,2026-03-01 12:00:00,0.161,50.12,34.02,56.52,4.034,0.1492,0.0121,54.5,False,Normal,0,train
PUMP_03,2026-03-01 13:00:00,0.1892,51.93,33.7,57.1,4.082,0.1547,0.0205,54.46,False,Normal,0,train
PUMP_03,2026-03-01 14:00:00,0.1459,46.77,34.1,58.04,3.942,0.1528,0.0207,54.42,False,Normal,0,train
PUMP_03,2026-03-01 15:00:00,0.1608,51.15,32.88,59.03,4.108,0.1558,0.0203,54.38,False,Normal,0,train
PUMP_03,2026-03-01 16:00:00,0.1374,49.29,35.16,57.82,3.972,0.1538,0.0216,54.33,False,Normal,0,train
PUMP_03,2026-03-01 17:00:00,0.1201,49.73,33.53,58.04,3.899,0.1524,0.0237,54.29,False,Normal,0,train
PUMP_03,2026-03-01 18:00:00,0.1738,48.37,33.69,58.73,4.092,0.1545,0.0252,54.25,False,Normal,0,train
PUMP_03,2026-03-01 19:00:00,0.1277,50.07,34.05,61.85,4.007,0.1443,0.0203,54.21,False,Normal,0,train
PUMP_03,2026-03-01 20:00:00,0.1555,49.41,33.17,57.3,4.112,0.1459,0.0208,54.17,False,Normal,0,train
PUMP_03,2026-03-01 21:00:00,0.1462,49.66,33.8,57.39,4.066,0.1434,0.0195,54.12,False,Normal,0,train
PUMP_03,2026-03-01 22:00:00,0.1628,50.87,34.1,57.87,3.897,0.1477,0.0207,54.08,False,Normal,0,train
PUMP_03,2026-03-01 23:00:00,0.1464,50.95,34.99,58.81,4.015,0.1521,0.0159,54.04,False,Normal,0,train
PUMP_03,2026-03-02 00:00:00,0.1325,52.13,34.09,61.03,3.928,0.1452,0.0133,54.0,False,Normal,0,train
PUMP_03,2026-03-02 01:00:00,0.1426,49.11,33.76,57.87,4.101,0.1477,0.0105,53.96,False,Normal,0,train
PUMP_03,2026-03-02 02:00:00,0.1903,51.02,33.32,58.67,4.007,0.1535,0.0205,53.92,False,Normal,0,train
PUMP_03,2026-03-02 03:00:00,0.1619,50.95,35.28,55.41,3.947,0.1561,0.0204,53.88,False,Normal,0,train
PUMP_03,2026-03-02 04:00:00,0.1913,50.13,34.05,58.08,3.838,0.1608,0.0251,53.83,False,Normal,0,train
PUMP_03,2026-03-02 05:00:00,0.1541,52.53,34.05,57.98,4.093,0.1621,0.0244,53.79,False,Normal,0,train
PUMP_03,2026-03-02 06:00:00,0.1707,49.04,33.18,59.22,3.973,0.1685,0.0196,53.75,False,Normal,0,train
PUMP_03,2026-03-02 07:00:00,0.1404,50.23,34.31,57.38,3.979,0.1681,0.0202,53.71,False,Normal,0,train
PUMP_03,2026-03-02 08:00:00,0.1591,50.46,33.65,56.53,4.039,0.1629,0.0171,53.67,False,Normal,0,train
PUMP_03,2026-03-02 09:00:00,0.1904,48.2,34.88,58.28,3.929,0.1677,0.0204,53.62,False,Normal,0,train
PUMP_03,2026-03-02 10:00:00,0.1432,51.9,34.28,56.13,3.879,0.1596,0.0187,53.58,False,Normal,0,train
PUMP_03,2026-03-02 11:00:00,0.1422,49.84,34.08,57.04,4.015,0.1577,0.02,53.54,False,Normal,0,train
PUMP_03,2026-03-02 12:00:00,0.1624,50.66,33.21,58.07,3.926,0.1563,0.0191,53.5,False,Normal,0,train
PUMP_03,2026-03-02 13:00:00,0.1491,52.37,33.94,55.12,3.994,0.1577,0.018,53.46,False,Normal,0,train
PUMP_03,2026-03-02 14:00:00,0.1734,50.32,33.87,57.69,3.931,0.1601,0.0191,53.42,False,Normal,0,train
PUMP_03,2026-03-02 15:00:00,0.1393,50.06,34.07,59.9,3.891,0.1516,0.0135,53.38,False,Normal,0,train
PUMP_03,2026-03-02 16:00:00,0.1424,50.1,32.82,56.07,3.869,0.1515,0.0136,53.33,False,Normal,0,train
PUMP_03,2026-03-02 17:00:00,0.1451,48.49,33.45,57.18,4.008,0.152,0.0132,53.29,False,Normal,0,train
PUMP_03,2026-03-02 18:00:00,0.1239,49.43,33.7,58.71,4.088,0.1455,0.0162,53.25,False,Normal,0,train
PUMP_03,2026-03-02 19:00:00,0.1209,49.77,34.3,58.98,4.078,0.1408,0.0188,53.21,False,Normal,0,train
PUMP_03,2026-03-02 20:00:00,0.1205,50.15,32.84,58.07,4.002,0.132,0.0114,53.17,False,Normal,0,train
PUMP_03,2026-03-02 21:00:00,0.0933,52.07,34.83,57.78,4.114,0.1244,0.0187,53.12,False,Normal,0,train
PUMP_03,2026-03-02 22:00:00,0.1437,51.39,34.75,59.98,3.957,0.1246,0.019,53.08,False,Normal,0,train
PUMP_03,2026-03-02 23:00:00,0.1279,49.12,33.4,58.26,4.066,0.1217,0.0163,53.04,False,Normal,0,train
PUMP_03,2026-03-03 00:00:00,0.1419,49.96,35.48,56.73,3.961,0.1247,0.0184,53.0,False,Normal,0,train
PUMP_03,2026-03-03 01:00:00,0.1679,52.1,34.14,58.14,3.942,0.1325,0.0252,52.96,False,Normal,0,train
PUMP_03,2026-03-03 02:00:00,0.1408,47.41,33.93,57.84,4.065,0.1359,0.0246,52.92,False,Normal,0,train
PUMP_03,2026-03-03 03:00:00,0.1674,49.66,34.36,57.47,4.035,0.1483,0.016,52.88,False,Normal,0,train
PUMP_03,2026-03-03 04:00:00,0.135,48.04,34.25,55.98,4.05,0.1468,0.0169,52.83,False,Normal,0,train
PUMP_03,2026-03-03 05:00:00,0.1494,53.67,34.07,57.99,3.881,0.1504,0.0141,52.79,False,Normal,0,train
PUMP_03,2026-03-03 06:00:00,0.1861,51.16,33.35,58.7,4.082,0.1578,0.0194,52.75,False,Normal,0,train
PUMP_03,2026-03-03 07:00:00,0.1532,49.26,33.74,58.9,4.054,0.1553,0.0187,52.71,False,Normal,0,train
PUMP_03,2026-03-03 08:00:00,0.178,49.95,34.21,58.01,3.968,0.1615,0.0191,52.67,False,Normal,0,train
PUMP_03,2026-03-03 09:00:00,0.1924,48.77,34.5,58.04,4.047,0.1657,0.023,52.62,False,Normal,0,train
PUMP_03,2026-03-03 10:00:00,0.1487,52.99,34.86,57.33,4.088,0.168,0.0198,52.58,False,Normal,0,train
PUMP_03,2026-03-03 11:00:00,0.1426,46.56,33.73,59.16,3.941,0.1668,0.0212,52.54,False,Normal,0,train
PUMP_03,2026-03-03 12:00:00,0.1176,50.49,34.05,56.57,3.942,0.1554,0.0265,52.5,False,Normal,0,train
PUMP_03,2026-03-03 13:00:00,0.1518,49.89,33.6,57.37,3.977,0.1552,0.0266,52.46,False,Normal,0,train
PUMP_03,2026-03-03 14:00:00,0.1507,48.46,34.66,57.03,3.822,0.1506,0.0241,52.42,False,Normal,0,train
PUMP_03,2026-03-03 15:00:00,0.1545,49.62,33.81,57.87,4.026,0.1443,0.0137,52.38,False,Normal,0,train
PUMP_03,2026-03-03 16:00:00,0.1622,47.57,33.65,59.58,4.073,0.1466,0.0155,52.33,False,Normal,0,train
PUMP_03,2026-03-03 17:00:00,0.125,52.35,34.04,56.57,4.046,0.1436,0.0179,52.29,False,Normal,0,train
PUMP_03,2026-03-03 18:00:00,0.1681,50.04,33.0,58.34,4.038,0.152,0.0148,52.25,False,Normal,0,train
PUMP_03,2026-03-03 19:00:00,0.1361,51.37,34.32,58.36,4.082,0.1494,0.0162,52.21,False,Normal,0,train
PUMP_03,2026-03-03 20:00:00,0.1468,49.27,33.81,56.84,3.992,0.1488,0.0162,52.17,False,Normal,0,train
PUMP_03,2026-03-03 21:00:00,0.1419,52.02,35.66,57.77,3.874,0.1467,0.0162,52.12,False,Normal,0,train
PUMP_03,2026-03-03 22:00:00,0.1334,50.05,33.63,56.92,4.01,0.1419,0.0148,52.08,False,Normal,0,train
PUMP_03,2026-03-03 23:00:00,0.1294,51.61,33.84,58.12,4.104,0.1426,0.0139,52.04,False,Normal,0,train
PUMP_03,2026-03-04 00:00:00,0.1532,50.85,34.61,57.86,4.029,0.1401,0.0089,52.0,False,Normal,0,train
PUMP_03,2026-03-04 01:00:00,0.1381,49.95,34.47,59.81,3.97,0.1405,0.0087,51.96,False,Normal,0,train
PUMP_03,2026-03-04 02:00:00,0.1517,51.5,34.62,57.08,4.063,0.1413,0.0096,51.92,False,Normal,0,train
PUMP_03,2026-03-04 03:00:00,0.1509,56.28,33.83,57.79,4.031,0.1428,0.0104,51.88,False,Normal,0,train
PUMP_03,2026-03-04 04:00:00,0.1532,48.3,33.31,57.55,3.983,0.1461,0.01,51.83,False,Normal,0,train
PUMP_03,2026-03-04 05:00:00,0.1327,49.82,35.6,59.63,4.01,0.1466,0.0089,51.79,False,Normal,0,train
PUMP_03,2026-03-04 06:00:00,0.1125,48.06,34.31,57.41,3.975,0.1398,0.0158,51.75,False,Normal,0,train
PUMP_03,2026-03-04 07:00:00,0.1722,50.62,34.14,56.93,4.049,0.1455,0.0205,51.71,False,Normal,0,train
PUMP_03,2026-03-04 08:00:00,0.1755,50.34,34.48,57.07,3.928,0.1495,0.0239,51.67,False,Normal,0,train
PUMP_03,2026-03-04 09:00:00,0.1186,52.91,33.22,57.05,4.026,0.1441,0.027,51.62,False,Normal,0,train
PUMP_03,2026-03-04 10:00:00,0.1613,49.62,33.73,57.3,4.07,0.1455,0.0277,51.58,False,Normal,0,train
PUMP_03,2026-03-04 11:00:00,0.1558,51.43,33.37,56.97,4.019,0.1493,0.0272,51.54,False,Normal,0,train
PUMP_03,2026-03-04 12:00:00,0.1301,46.88,34.1,58.02,4.02,0.1522,0.023,51.5,False,Normal,0,train
PUMP_03,2026-03-04 13:00:00,0.1609,50.23,33.17,56.44,4.006,0.1504,0.0215,51.46,False,Normal,0,train
PUMP_03,2026-03-04 14:00:00,0.1621,48.7,34.4,58.69,4.043,0.1481,0.0189,51.42,False,Normal,0,train
PUMP_03,2026-03-04 15:00:00,0.1588,50.89,34.71,58.05,3.971,0.1548,0.0123,51.38,False,Normal,0,train
PUMP_03,2026-03-04 16:00:00,0.1675,51.73,34.69,59.95,3.99,0.1559,0.0132,51.33,False,Normal,0,train
PUMP_03,2026-03-04 17:00:00,0.1553,49.1,34.26,58.56,3.928,0.1558,0.0132,51.29,False,Normal,0,train
PUMP_03,2026-03-04 18:00:00,0.1275,50.81,34.12,58.44,3.978,0.1553,0.0142,51.25,False,Normal,0,train
PUMP_03,2026-03-04 19:00:00,0.1406,49.46,33.75,60.41,3.84,0.152,0.015,51.21,False,Normal,0,train
PUMP_03,2026-03-04 20:00:00,0.1471,50.07,34.27,58.52,4.002,0.1495,0.0142,51.17,False,Normal,0,train
PUMP_03,2026-03-04 21:00:00,0.1657,50.62,33.93,57.74,4.049,0.1506,0.0154,51.12,False,Normal,0,train
PUMP_03,2026-03-04 22:00:00,0.1412,48.49,32.88,56.96,3.995,0.1462,0.0132,51.08,False,Normal,0,train
PUMP_03,2026-03-04 23:00:00,0.1379,48.5,33.63,59.74,4.074,0.1433,0.0127,51.04,False,Normal,0,train
PUMP_03,2026-03-05 00:00:00,0.1252,51.3,34.48,56.79,4.107,0.143,0.0133,51.0,False,Normal,0,train
PUMP_03,2026-03-05 01:00:00,0.1657,48.98,33.32,56.63,3.999,0.1471,0.0161,50.96,False,Normal,0,train
PUMP_03,2026-03-05 02:00:00,0.1581,51.92,33.31,56.64,3.92,0.149,0.0167,50.92,False,Normal,0,train
PUMP_03,2026-03-05 03:00:00,0.1441,47.34,33.88,57.1,4.087,0.1454,0.0145,50.88,False,Normal,0,train
PUMP_03,2026-03-05 04:00:00,0.1702,51.4,32.7,58.05,4.071,0.1502,0.0174,50.83,False,Normal,0,train
PUMP_03,2026-03-05 05:00:00,0.1546,50.01,34.44,57.69,4.036,0.153,0.0164,50.79,False,Normal,0,train
PUMP_03,2026-03-05 06:00:00,0.1401,49.86,34.38,58.63,3.958,0.1555,0.0118,50.75,False,Normal,0,train
PUMP_03,2026-03-05 07:00:00,0.1796,50.22,34.57,56.69,4.03,0.1578,0.0151,50.71,False,Normal,0,train
PUMP_03,2026-03-05 08:00:00,0.1277,47.83,34.13,56.95,3.975,0.1527,0.0194,50.67,False,Normal,0,train
PUMP_03,2026-03-05 09:00:00,0.1592,51.68,33.49,58.18,3.941,0.1552,0.0191,50.62,False,Normal,0,train
PUMP_03,2026-03-05 10:00:00,0.1533,49.35,33.26,56.84,4.029,0.1524,0.0176,50.58,False,Normal,0,train
PUMP_03,2026-03-05 11:00:00,0.128,48.75,34.33,56.37,3.922,0.148,0.0201,50.54,False,Normal,0,train
PUMP_03,2026-03-05 12:00:00,0.1549,53.25,34.43,56.16,4.06,0.1504,0.0199,50.5,False,Normal,0,train
PUMP_03,2026-03-05 13:00:00,0.137,49.48,33.33,57.94,4.023,0.1434,0.0142,50.46,False,Normal,0,train
PUMP_03,2026-03-05 14:00:00,0.1703,48.7,33.25,57.92,3.991,0.1504,0.0154,50.42,False,Normal,0,train
PUMP_03,2026-03-05 15:00:00,0.158,51.22,33.99,57.86,3.997,0.1502,0.0153,50.38,False,Normal,0,train
PUMP_03,2026-03-05 16:00:00,0.1447,50.4,34.08,59.46,3.914,0.1488,0.0153,50.33,False,Normal,0,train
PUMP_03,2026-03-05 17:00:00,0.103,51.51,34.56,58.36,3.919,0.1446,0.0234,50.29,False,Normal,0,train
PUMP_03,2026-03-05 18:00:00,0.1317,50.13,34.4,58.0,4.139,0.1408,0.0233,50.25,False,Normal,0,train
PUMP_03,2026-03-05 19:00:00,0.1308,51.43,33.95,59.62,3.988,0.1398,0.0236,50.21,False,Normal,0,train
PUMP_03,2026-03-05 20:00:00,0.1595,53.08,34.62,59.17,3.886,0.138,0.0211,50.17,False,Normal,0,train
PUMP_03,2026-03-05 21:00:00,0.1456,48.86,33.79,57.12,4.073,0.1359,0.0193,50.12,False,Normal,0,train
PUMP_03,2026-03-05 22:00:00,0.1498,49.31,33.81,59.0,3.918,0.1367,0.0198,50.08,False,Normal,0,train
PUMP_03,2026-03-05 23:00:00,0.1627,47.6,34.51,60.13,4.046,0.1467,0.0135,50.04,False,Normal,0,train
PUMP_03,2026-03-06 00:00:00,0.1745,50.57,34.57,60.13,4.118,0.1538,0.0152,50.0,False,Normal,0,train
PUMP_03,2026-03-06 01:00:00,0.1745,50.19,34.59,59.17,3.983,0.1611,0.0121,49.96,False,Normal,0,train
PUMP_03,2026-03-06 02:00:00,0.1632,51.89,33.89,58.47,4.093,0.1617,0.0121,49.92,False,Normal,0,train
PUMP_03,2026-03-06 03:00:00,0.153,49.96,34.04,58.35,4.059,0.163,0.0104,49.88,False,Normal,0,train
PUMP_03,2026-03-06 04:00:00,0.1652,49.87,33.48,59.75,4.126,0.1655,0.0081,49.83,False,Normal,0,train
PUMP_03,2026-03-06 05:00:00,0.1592,50.29,34.54,56.39,4.047,0.1649,0.0085,49.79,False,Normal,0,train
PUMP_03,2026-03-06 06:00:00,0.1718,49.65,33.65,59.52,3.958,0.1645,0.0079,49.75,False,Normal,0,train
PUMP_03,2026-03-06 07:00:00,0.1511,50.55,32.8,58.16,3.833,0.1606,0.0078,49.71,False,Normal,0,train
PUMP_03,2026-03-06 08:00:00,0.1722,50.34,33.74,56.89,3.937,0.1621,0.0091,49.67,False,Normal,0,train
PUMP_03,2026-03-06 09:00:00,0.1578,50.81,33.49,56.58,3.96,0.1629,0.0084,49.62,False,Normal,0,train
PUMP_03,2026-03-06 10:00:00,0.1608,49.66,32.38,55.95,4.079,0.1621,0.0083,49.58,False,Normal,0,train
PUMP_03,2026-03-06 11:00:00,0.1346,50.83,33.66,58.68,4.097,0.158,0.0141,49.54,False,Normal,0,train
PUMP_03,2026-03-06 12:00:00,0.1459,50.93,34.47,60.31,3.912,0.1537,0.013,49.5,False,Normal,0,train
PUMP_03,2026-03-06 13:00:00,0.1541,49.51,34.25,57.4,4.098,0.1542,0.0129,49.46,False,Normal,0,train
PUMP_03,2026-03-06 14:00:00,0.1423,49.88,34.25,56.98,3.938,0.1492,0.01,49.42,False,Normal,0,train
PUMP_03,2026-03-06 15:00:00,0.1077,49.74,34.86,59.45,3.933,0.1409,0.0187,49.38,False,Normal,0,train
PUMP_03,2026-03-06 16:00:00,0.1228,48.16,33.65,58.14,3.889,0.1346,0.0169,49.33,False,Normal,0,train
PUMP_03,2026-03-06 17:00:00,0.1455,49.27,33.31,59.51,4.027,0.1364,0.0175,49.29,False,Normal,0,train
PUMP_03,2026-03-06 18:00:00,0.1626,51.14,34.3,56.83,3.953,0.1392,0.0204,49.25,False,Normal,0,train
PUMP_03,2026-03-06 19:00:00,0.1369,51.27,34.21,58.78,4.105,0.1363,0.019,49.21,False,Normal,0,train
PUMP_03,2026-03-06 20:00:00,0.134,50.51,33.24,60.18,3.927,0.1349,0.0188,49.17,False,Normal,0,train
PUMP_03,2026-03-06 21:00:00,0.1587,48.48,33.89,56.74,4.059,0.1434,0.0152,49.12,False,Normal,0,train
PUMP_03,2026-03-06 22:00:00,0.1452,51.47,34.32,57.62,3.903,0.1472,0.0115,49.08,False,Normal,0,train
PUMP_03,2026-03-06 23:00:00,0.1586,52.78,34.16,57.57,4.083,0.1493,0.0123,49.04,False,Normal,0,train
PUMP_03,2026-03-07 00:00:00,0.1456,50.89,34.44,58.9,4.009,0.1465,0.0105,49.0,False,Normal,0,train
PUMP_03,2026-03-07 01:00:00,0.1465,50.0,33.6,59.51,4.023,0.1481,0.0094,48.96,False,Normal,0,train
PUMP_03,2026-03-07 02:00:00,0.1673,48.7,33.15,57.18,3.971,0.1536,0.0092,48.92,False,Normal,0,train
PUMP_03,2026-03-07 03:00:00,0.1672,49.98,33.45,61.0,3.967,0.1551,0.0107,48.88,False,Normal,0,train
PUMP_03,2026-03-07 04:00:00,0.1538,49.26,34.52,58.07,4.04,0.1565,0.0096,48.83,False,Normal,0,train
PUMP_03,2026-03-07 05:00:00,0.1428,49.7,34.62,57.32,4.145,0.1539,0.011,48.79,False,Normal,0,train
PUMP_03,2026-03-07 06:00:00,0.135,51.93,33.9,59.71,3.916,0.1521,0.0132,48.75,False,Normal,0,train
PUMP_03,2026-03-07 07:00:00,0.1366,51.32,34.91,58.17,3.973,0.1504,0.0146,48.71,False,Normal,0,train
PUMP_03,2026-03-07 08:00:00,0.1492,49.49,33.9,57.55,3.951,0.1474,0.0121,48.67,False,Normal,0,train
PUMP_03,2026-03-07 09:00:00,0.1618,50.13,33.69,57.35,3.879,0.1465,0.0104,48.62,False,Normal,0,train
PUMP_03,2026-03-07 10:00:00,0.13,49.99,33.15,60.52,3.878,0.1426,0.0115,48.58,False,Normal,0,train
PUMP_03,2026-03-07 11:00:00,0.1286,49.35,33.95,56.81,3.941,0.1402,0.0129,48.54,False,Normal,0,train
PUMP_03,2026-03-07 12:00:00,0.1557,47.98,34.64,59.35,3.968,0.1436,0.0139,48.5,False,Normal,0,train
PUMP_03,2026-03-07 13:00:00,0.1709,51.24,34.76,57.03,4.113,0.1494,0.0171,48.46,False,Normal,0,train
PUMP_03,2026-03-07 14:00:00,0.1613,51.77,34.64,57.25,4.079,0.1514,0.0178,48.42,False,Normal,0,train
PUMP_03,2026-03-07 15:00:00,0.1153,49.09,34.3,57.9,3.934,0.1436,0.022,48.38,False,Normal,0,train
PUMP_03,2026-03-07 16:00:00,0.1472,49.02,34.96,58.56,4.062,0.1465,0.0209,48.33,False,Normal,0,train
PUMP_03,2026-03-07 17:00:00,0.1547,51.36,33.42,56.03,3.936,0.1509,0.0191,48.29,False,Normal,0,train
PUMP_03,2026-03-07 18:00:00,0.1326,49.0,34.71,57.35,3.993,0.147,0.0202,48.25,False,Normal,0,train
PUMP_03,2026-03-07 19:00:00,0.1368,47.92,34.17,59.23,4.026,0.1413,0.0167,48.21,False,Normal,0,train
PUMP_03,2026-03-07 20:00:00,0.1463,49.33,34.13,59.23,4.169,0.1388,0.014,48.17,False,Normal,0,train
PUMP_03,2026-03-07 21:00:00,0.1502,52.03,33.15,57.65,4.022,0.1446,0.0083,48.12,False,Normal,0,train
PUMP_03,2026-03-07 22:00:00,0.1507,49.21,34.2,56.59,3.882,0.1452,0.0087,48.08,False,Normal,0,train
PUMP_03,2026-03-07 23:00:00,0.1583,49.03,34.69,58.26,4.06,0.1458,0.0095,48.04,False,Normal,0,train
PUMP_03,2026-03-08 00:00:00,0.1532,49.29,32.72,59.0,4.091,0.1492,0.0073,48.0,False,Normal,0,train
PUMP_03,2026-03-08 01:00:00,0.1432,48.27,34.48,58.22,4.071,0.1503,0.0053,47.96,False,Normal,0,train
PUMP_03,2026-03-08 02:00:00,0.1483,48.02,32.63,59.69,3.92,0.1506,0.005,47.92,False,Normal,0,train
PUMP_03,2026-03-08 03:00:00,0.1454,49.61,33.15,57.68,4.01,0.1498,0.0055,47.88,False,Normal,0,train
PUMP_03,2026-03-08 04:00:00,0.1517,47.9,33.94,56.42,3.999,0.15,0.0055,47.83,False,Normal,0,train
PUMP_03,2026-03-08 05:00:00,0.1681,49.4,34.95,57.29,4.142,0.1516,0.0089,47.79,False,Normal,0,train
PUMP_03,2026-03-08 06:00:00,0.1484,50.4,33.92,58.0,4.049,0.1509,0.0089,47.75,False,Normal,0,train
PUMP_03,2026-03-08 07:00:00,0.1757,50.57,34.28,57.16,4.137,0.1563,0.0125,47.71,False,Normal,0,train
PUMP_03,2026-03-08 08:00:00,0.1438,49.79,33.45,57.38,3.943,0.1555,0.0132,47.67,False,Normal,0,train
PUMP_03,2026-03-08 09:00:00,0.1601,48.2,33.88,59.15,3.983,0.158,0.0123,47.62,False,Normal,0,train
PUMP_03,2026-03-08 10:00:00,0.1675,49.38,33.97,57.03,3.957,0.1606,0.0124,47.58,False,Normal,0,train
PUMP_03,2026-03-08 11:00:00,0.1593,50.52,34.98,56.4,4.078,0.1591,0.0118,47.54,False,Normal,0,train
PUMP_03,2026-03-08 12:00:00,0.1223,50.93,33.55,58.97,4.091,0.1548,0.0191,47.5,False,Normal,0,train
PUMP_03,2026-03-08 13:00:00,0.1494,49.59,33.6,58.77,4.031,0.1504,0.0161,47.46,False,Normal,0,train
PUMP_03,2026-03-08 14:00:00,0.1339,48.94,34.65,56.76,4.008,0.1488,0.0174,47.42,False,Normal,0,train
PUMP_03,2026-03-08 15:00:00,0.1231,50.12,33.85,58.85,4.033,0.1426,0.019,47.38,False,Normal,0,train
PUMP_03,2026-03-08 16:00:00,0.1447,49.47,34.07,56.64,3.889,0.1388,0.0149,47.33,False,Normal,0,train
PUMP_03,2026-03-08 17:00:00,0.1216,48.47,34.26,57.13,3.967,0.1325,0.0122,47.29,False,Normal,0,train
PUMP_03,2026-03-08 18:00:00,0.1437,50.46,33.62,56.67,3.974,0.1361,0.0118,47.25,False,Normal,0,train
PUMP_03,2026-03-08 19:00:00,0.1622,50.03,32.77,57.45,3.999,0.1382,0.0153,47.21,False,Normal,0,train
PUMP_03,2026-03-08 20:00:00,0.1459,48.34,34.65,58.68,3.948,0.1402,0.0154,47.17,False,Normal,0,train
PUMP_03,2026-03-08 21:00:00,0.1394,49.05,34.07,58.32,3.932,0.1429,0.013,47.12,False,Normal,0,train
PUMP_03,2026-03-08 22:00:00,0.1426,49.72,33.23,57.02,3.872,0.1426,0.013,47.08,False,Normal,0,train
PUMP_03,2026-03-08 23:00:00,0.1611,47.71,34.47,58.23,4.035,0.1491,0.0099,47.04,False,Normal,0,train
PUMP_03,2026-03-09 00:00:00,0.1454,48.91,35.21,58.46,3.89,0.1494,0.0097,47.0,False,Normal,0,train
PUMP_03,2026-03-09 01:00:00,0.1456,50.95,34.72,59.15,4.08,0.1467,0.0075,46.96,False,Normal,0,train
PUMP_03,2026-03-09 02:00:00,0.141,49.27,35.25,58.43,4.026,0.1458,0.0079,46.92,False,Normal,0,train
PUMP_03,2026-03-09 03:00:00,0.1437,48.8,33.26,58.89,4.071,0.1466,0.0073,46.88,False,Normal,0,train
PUMP_03,2026-03-09 04:00:00,0.1721,51.62,34.15,58.08,3.929,0.1515,0.0123,46.83,False,Normal,0,train
PUMP_03,2026-03-09 05:00:00,0.1524,50.52,34.21,57.02,4.149,0.15,0.0114,46.79,False,Normal,0,train
PUMP_03,2026-03-09 06:00:00,0.1683,51.04,33.93,58.19,4.178,0.1538,0.0133,46.75,False,Normal,0,train
PUMP_03,2026-03-09 07:00:00,0.1692,48.82,33.8,59.46,4.002,0.1578,0.0138,46.71,False,Normal,0,train
PUMP_03,2026-03-09 08:00:00,0.1443,49.57,32.22,59.52,4.031,0.1583,0.0131,46.67,False,Normal,0,train
PUMP_03,2026-03-09 09:00:00,0.1451,49.98,35.02,54.9,3.999,0.1586,0.0128,46.62,False,Normal,0,train
PUMP_03,2026-03-09 10:00:00,0.1637,50.34,33.03,58.75,4.081,0.1572,0.0114,46.58,False,Normal,0,train
PUMP_03,2026-03-09 11:00:00,0.1547,53.43,34.54,57.41,4.063,0.1576,0.0112,46.54,False,Normal,0,train
PUMP_03,2026-03-09 12:00:00,0.1473,50.13,34.01,58.48,3.858,0.154,0.0104,46.5,False,Normal,0,train
PUMP_03,2026-03-09 13:00:00,0.1543,51.63,33.98,56.36,3.934,0.1516,0.0074,46.46,False,Normal,0,train
PUMP_03,2026-03-09 14:00:00,0.1602,53.43,33.88,57.48,4.031,0.1542,0.0072,46.42,False,Normal,0,train
PUMP_03,2026-03-09 15:00:00,0.1423,52.57,34.12,56.08,4.062,0.1538,0.0079,46.38,False,Normal,0,train
PUMP_03,2026-03-09 16:00:00,0.1328,50.24,34.38,57.48,4.012,0.1486,0.01,46.33,False,Normal,0,train
PUMP_03,2026-03-09 17:00:00,0.1421,51.72,34.57,58.73,3.864,0.1465,0.0097,46.29,False,Normal,0,train
PUMP_03,2026-03-09 18:00:00,0.1279,50.19,33.92,58.53,4.045,0.1433,0.0123,46.25,False,Normal,0,train
PUMP_03,2026-03-09 19:00:00,0.1425,49.94,33.28,60.58,4.146,0.1413,0.0111,46.21,False,Normal,0,train
PUMP_03,2026-03-09 20:00:00,0.1414,51.26,33.26,57.38,3.816,0.1382,0.0063,46.17,False,Normal,0,train
PUMP_03,2026-03-09 21:00:00,0.1307,51.33,34.62,56.95,4.075,0.1362,0.0065,46.12,False,Normal,0,train
PUMP_03,2026-03-09 22:00:00,0.1389,50.76,33.84,59.66,4.147,0.1372,0.0063,46.08,False,Normal,0,train
PUMP_03,2026-03-09 23:00:00,0.1425,49.75,33.39,55.94,4.075,0.1373,0.0064,46.04,False,Normal,0,train
PUMP_03,2026-03-10 00:00:00,0.161,49.28,33.55,58.23,3.994,0.1428,0.0099,46.0,False,Normal,0,train
PUMP_03,2026-03-10 01:00:00,0.1395,48.19,33.94,58.6,4.072,0.1423,0.01,45.96,False,Normal,0,train
PUMP_03,2026-03-10 02:00:00,0.1429,50.24,33.23,55.23,3.993,0.1426,0.01,45.92,False,Normal,0,train
PUMP_03,2026-03-10 03:00:00,0.1515,50.35,33.98,56.69,4.043,0.146,0.0086,45.88,False,Normal,0,train
PUMP_03,2026-03-10 04:00:00,0.1671,51.25,34.75,56.36,4.007,0.1508,0.0112,45.83,False,Normal,0,train
PUMP_03,2026-03-10 05:00:00,0.1706,47.81,33.93,59.0,4.009,0.1554,0.0128,45.79,False,Normal,0,train
PUMP_03,2026-03-10 06:00:00,0.1639,50.16,32.94,57.23,3.939,0.1559,0.0131,45.75,False,Normal,0,train
PUMP_03,2026-03-10 07:00:00,0.1704,49.7,34.52,57.69,3.963,0.1611,0.0113,45.71,False,Normal,0,train
PUMP_03,2026-03-10 08:00:00,0.1761,49.91,34.67,56.06,4.13,0.1666,0.0084,45.67,False,Normal,0,train
PUMP_03,2026-03-10 09:00:00,0.1594,51.87,34.7,57.03,3.95,0.1679,0.0058,45.62,False,Normal,0,train
PUMP_03,2026-03-10 10:00:00,0.143,51.92,34.04,57.05,3.844,0.1639,0.0118,45.58,False,Normal,0,train
PUMP_03,2026-03-10 11:00:00,0.1514,51.52,35.4,57.74,4.281,0.1607,0.0122,45.54,False,Normal,0,train
PUMP_03,2026-03-10 12:00:00,0.1296,50.14,34.44,57.63,3.965,0.155,0.0173,45.5,False,Normal,0,train
PUMP_03,2026-03-10 13:00:00,0.1533,49.72,35.79,59.76,3.979,0.1521,0.0156,45.46,False,Normal,0,train
PUMP_03,2026-03-10 14:00:00,0.1376,51.81,34.81,58.83,3.968,0.1457,0.011,45.42,False,Normal,0,train
PUMP_03,2026-03-10 15:00:00,0.1446,52.57,34.72,55.87,4.001,0.1432,0.0088,45.38,False,Normal,0,train
PUMP_03,2026-03-10 16:00:00,0.1401,52.4,33.63,59.22,3.939,0.1428,0.0089,45.33,False,Normal,0,train
PUMP_03,2026-03-10 17:00:00,0.1346,50.73,33.43,59.06,4.119,0.14,0.0083,45.29,False,Normal,0,train
PUMP_03,2026-03-10 18:00:00,0.1434,50.06,34.07,58.08,3.984,0.1423,0.0065,45.25,False,Normal,0,train
PUMP_03,2026-03-10 19:00:00,0.1385,51.04,33.88,59.18,3.916,0.1398,0.0037,45.21,False,Normal,0,train
PUMP_03,2026-03-10 20:00:00,0.1319,51.13,33.68,59.44,3.771,0.1388,0.0049,45.17,False,Normal,0,train
PUMP_03,2026-03-10 21:00:00,0.1265,49.4,33.92,57.42,4.088,0.1358,0.0061,45.12,False,Normal,0,train
PUMP_03,2026-03-10 22:00:00,0.1503,49.71,33.88,56.54,3.965,0.1375,0.0085,45.08,False,Normal,0,train
PUMP_03,2026-03-10 23:00:00,0.1293,54.57,33.62,58.68,4.03,0.1366,0.0091,45.04,False,Normal,0,train
PUMP_03,2026-03-11 00:00:00,0.1769,49.4,34.39,57.02,3.926,0.1422,0.019,45.0,False,Normal,0,train
PUMP_03,2026-03-11 01:00:00,0.1719,51.28,33.55,58.32,4.008,0.1478,0.0223,44.96,False,Normal,0,train
PUMP_03,2026-03-11 02:00:00,0.1312,49.23,33.97,56.75,3.998,0.1477,0.0224,44.92,False,Normal,0,train
PUMP_03,2026-03-11 03:00:00,0.1665,49.81,33.27,59.17,4.074,0.1544,0.0207,44.88,False,Normal,0,train
PUMP_03,2026-03-11 04:00:00,0.1757,48.62,34.06,57.09,4.013,0.1586,0.0223,44.83,False,Normal,0,train
PUMP_03,2026-03-11 05:00:00,0.1509,48.62,34.12,57.75,3.91,0.1622,0.0179,44.79,False,Normal,0,train
PUMP_03,2026-03-11 06:00:00,0.1653,50.93,33.42,57.67,4.192,0.1602,0.0166,44.75,False,Normal,0,train
PUMP_03,2026-03-11 07:00:00,0.1578,50.75,34.04,56.3,4.035,0.1579,0.0155,44.71,False,Normal,0,train
PUMP_03,2026-03-11 08:00:00,0.1689,52.76,33.94,59.3,3.924,0.1642,0.0087,44.67,False,Normal,0,train
PUMP_03,2026-03-11 09:00:00,0.1504,50.04,33.72,59.54,4.015,0.1615,0.0102,44.62,False,Normal,0,train
PUMP_03,2026-03-11 10:00:00,0.1702,50.23,33.73,57.83,4.031,0.1606,0.0088,44.58,False,Normal,0,train
PUMP_03,2026-03-11 11:00:00,0.1504,49.94,34.27,57.09,4.039,0.1605,0.0089,44.54,False,Normal,0,train
PUMP_03,2026-03-11 12:00:00,0.1452,48.54,34.02,57.72,4.029,0.1571,0.0104,44.5,False,Normal,0,train
PUMP_03,2026-03-11 13:00:00,0.1571,50.88,34.57,57.39,4.02,0.157,0.0104,44.46,False,Normal,0,train
PUMP_03,2026-03-11 14:00:00,0.1585,49.75,33.38,57.97,4.073,0.1553,0.0088,44.42,False,Normal,0,train
PUMP_03,2026-03-11 15:00:00,0.1079,47.85,33.89,57.63,4.058,0.1482,0.0215,44.38,False,Normal,0,train
PUMP_03,2026-03-11 16:00:00,0.0978,51.66,33.63,56.91,4.06,0.1362,0.0264,44.33,False,Normal,0,train
PUMP_03,2026-03-11 17:00:00,0.1455,49.14,34.04,59.36,3.858,0.1353,0.026,44.29,False,Normal,0,train
PUMP_03,2026-03-11 18:00:00,0.1301,50.5,34.16,57.74,3.861,0.1328,0.0256,44.25,False,Normal,0,train
PUMP_03,2026-03-11 19:00:00,0.1205,50.55,33.29,60.32,3.937,0.1267,0.0228,44.21,False,Normal,0,train
PUMP_03,2026-03-11 20:00:00,0.1357,50.32,34.36,58.13,3.98,0.1229,0.0178,44.17,False,Normal,0,train
PUMP_03,2026-03-11 21:00:00,0.1866,48.49,35.3,57.51,3.939,0.136,0.0296,44.12,False,Normal,0,train
PUMP_03,2026-03-11 22:00:00,0.125,52.09,34.1,57.66,3.919,0.1406,0.0242,44.08,False,Normal,0,train
PUMP_03,2026-03-11 23:00:00,0.1607,48.91,33.48,57.56,4.019,0.1431,0.0256,44.04,False,Normal,0,train
PUMP_03,2026-03-12 00:00:00,0.1386,46.32,33.82,57.87,3.93,0.1445,0.0249,44.0,False,Normal,0,train
PUMP_03,2026-03-12 01:00:00,0.1308,51.27,33.81,58.27,3.808,0.1462,0.0232,43.96,False,Normal,0,train
PUMP_03,2026-03-12 02:00:00,0.1458,51.22,33.6,56.65,3.891,0.1479,0.0227,43.92,False,Normal,0,train
PUMP_03,2026-03-12 03:00:00,0.1358,48.21,34.43,56.77,3.951,0.1394,0.0126,43.88,False,Normal,0,train
PUMP_03,2026-03-12 04:00:00,0.1351,49.99,32.91,58.94,3.979,0.1411,0.0108,43.83,False,Normal,0,train
PUMP_03,2026-03-12 05:00:00,0.1488,51.62,34.16,58.62,4.072,0.1392,0.0069,43.79,False,Normal,0,train
PUMP_03,2026-03-12 06:00:00,0.1436,52.12,34.77,56.11,4.035,0.14,0.0071,43.75,False,Normal,0,train
PUMP_03,2026-03-12 07:00:00,0.1575,50.92,34.74,58.63,3.84,0.1444,0.0084,43.71,False,Normal,0,train
PUMP_03,2026-03-12 08:00:00,0.1612,51.24,34.61,59.01,4.116,0.147,0.0109,43.67,False,Normal,0,train
PUMP_03,2026-03-12 09:00:00,0.1452,51.08,33.6,58.3,3.984,0.1486,0.0096,43.62,False,Normal,0,train
PUMP_03,2026-03-12 10:00:00,0.1644,49.79,34.87,56.02,4.006,0.1534,0.0088,43.58,False,Normal,0,train
PUMP_03,2026-03-12 11:00:00,0.1426,48.37,34.22,56.4,4.01,0.1524,0.0097,43.54,False,Normal,0,train
PUMP_03,2026-03-12 12:00:00,0.1477,49.61,34.85,57.94,3.932,0.1531,0.0091,43.5,False,Normal,0,train
PUMP_03,2026-03-12 13:00:00,0.1149,51.69,34.65,60.26,4.045,0.146,0.0176,43.46,False,Normal,0,train
PUMP_03,2026-03-12 14:00:00,0.1462,51.67,34.19,57.35,3.844,0.1435,0.016,43.42,False,Normal,0,train
PUMP_03,2026-03-12 15:00:00,0.1767,50.31,33.85,58.73,4.107,0.1488,0.0211,43.38,False,Normal,0,train
PUMP_03,2026-03-12 16:00:00,0.1533,49.5,35.42,57.23,4.015,0.1469,0.0199,43.33,False,Normal,0,train
PUMP_03,2026-03-12 17:00:00,0.1378,52.6,32.93,60.04,4.029,0.1461,0.0202,43.29,False,Normal,0,train
PUMP_03,2026-03-12 18:00:00,0.1226,50.19,33.9,58.05,4.042,0.1419,0.0223,43.25,False,Normal,0,train
PUMP_03,2026-03-12 19:00:00,0.1648,50.96,33.16,56.54,3.965,0.1502,0.0193,43.21,False,Normal,0,train
PUMP_03,2026-03-12 20:00:00,0.1389,48.19,34.07,57.02,4.102,0.149,0.0198,43.17,False,Normal,0,train
PUMP_03,2026-03-12 21:00:00,0.1328,49.92,34.21,56.92,3.942,0.1417,0.0151,43.12,False,Normal,0,train
PUMP_03,2026-03-12 22:00:00,0.1353,51.63,33.61,58.14,3.92,0.1387,0.0141,43.08,False,Normal,0,train
PUMP_03,2026-03-12 23:00:00,0.1785,47.95,33.66,57.16,4.012,0.1455,0.0214,43.04,False,Normal,0,train
PUMP_03,2026-03-13 00:00:00,0.1482,49.94,33.21,57.41,3.89,0.1498,0.0183,43.0,False,Normal,0,train
PUMP_03,2026-03-13 01:00:00,0.1593,50.61,34.27,60.34,3.955,0.1488,0.0175,42.96,False,Normal,0,train
PUMP_03,2026-03-13 02:00:00,0.152,52.14,33.72,57.3,4.021,0.151,0.0168,42.92,False,Normal,0,train
PUMP_03,2026-03-13 03:00:00,0.1561,51.46,34.25,58.21,4.059,0.1549,0.0142,42.88,False,Normal,0,train
PUMP_03,2026-03-13 04:00:00,0.1523,52.54,33.69,57.67,3.997,0.1577,0.0109,42.83,False,Normal,0,train
PUMP_03,2026-03-13 05:00:00,0.181,51.25,34.15,57.94,3.928,0.1581,0.0118,42.79,False,Normal,0,train
PUMP_03,2026-03-13 06:00:00,0.1607,51.33,34.44,58.8,3.973,0.1602,0.0108,42.75,False,Normal,0,train
PUMP_03,2026-03-13 07:00:00,0.1385,48.57,34.29,55.36,3.947,0.1568,0.014,42.71,False,Normal,0,train
PUMP_03,2026-03-13 08:00:00,0.1646,48.52,34.13,58.18,3.992,0.1589,0.0141,42.67,False,Normal,0,train
PUMP_03,2026-03-13 09:00:00,0.1553,52.52,33.94,57.55,3.95,0.1587,0.0141,42.62,False,Normal,0,train
PUMP_03,2026-03-13 10:00:00,0.1607,49.32,34.29,58.21,3.922,0.1601,0.0138,42.58,False,Normal,0,train
PUMP_03,2026-03-13 11:00:00,0.1476,49.19,33.64,57.76,3.912,0.1546,0.0098,42.54,False,Normal,0,train
PUMP_03,2026-03-13 12:00:00,0.1419,46.54,33.88,57.77,3.853,0.1514,0.0105,42.5,False,Normal,0,train
PUMP_03,2026-03-13 13:00:00,0.1608,51.59,34.21,58.35,4.087,0.1551,0.0088,42.46,False,Normal,0,train
PUMP_03,2026-03-13 14:00:00,0.1729,48.32,34.92,57.34,4.057,0.1565,0.0109,42.42,False,Normal,0,train
PUMP_03,2026-03-13 15:00:00,0.115,48.77,33.63,60.36,3.902,0.1498,0.0203,42.38,False,Normal,0,train
PUMP_03,2026-03-13 16:00:00,0.1426,51.64,33.47,56.85,4.052,0.1468,0.0197,42.33,False,Normal,0,train
PUMP_03,2026-03-13 17:00:00,0.1322,46.69,34.17,59.73,4.003,0.1442,0.0205,42.29,False,Normal,0,train
PUMP_03,2026-03-13 18:00:00,0.1263,52.04,34.72,56.51,3.897,0.1416,0.0218,42.25,False,Normal,0,train
PUMP_03,2026-03-13 19:00:00,0.108,48.76,34.49,57.68,3.916,0.1328,0.0231,42.21,False,Normal,0,train
PUMP_03,2026-03-13 20:00:00,0.1468,49.78,34.01,58.37,3.988,0.1285,0.0152,42.17,False,Normal,0,train
PUMP_03,2026-03-13 21:00:00,0.1357,48.84,34.74,56.88,4.059,0.1319,0.0138,42.12,False,Normal,0,train
PUMP_03,2026-03-13 22:00:00,0.1369,48.01,32.91,56.8,4.048,0.131,0.0131,42.08,False,Normal,0,train
PUMP_03,2026-03-13 23:00:00,0.1655,48.86,34.61,57.66,3.957,0.1365,0.0193,42.04,False,Normal,0,train
PUMP_03,2026-03-14 00:00:00,0.1434,48.76,33.81,59.07,4.037,0.1394,0.0188,42.0,False,Normal,0,train
PUMP_03,2026-03-14 01:00:00,0.1454,48.15,34.38,58.1,3.987,0.1456,0.0107,41.96,False,Normal,0,train
PUMP_03,2026-03-14 02:00:00,0.135,52.31,34.6,60.27,3.941,0.1436,0.0115,41.92,False,Normal,0,train
PUMP_03,2026-03-14 03:00:00,0.1435,48.55,34.12,58.68,4.077,0.145,0.0109,41.88,False,Normal,0,train
PUMP_03,2026-03-14 04:00:00,0.1807,47.17,34.04,57.45,4.012,0.1522,0.0172,41.83,False,Normal,0,train
PUMP_03,2026-03-14 05:00:00,0.1688,46.9,33.77,54.77,4.041,0.1528,0.0178,41.79,False,Normal,0,train
PUMP_03,2026-03-14 06:00:00,0.1793,50.65,35.01,56.14,3.912,0.1588,0.0199,41.75,False,Normal,0,train
PUMP_03,2026-03-14 07:00:00,0.1471,47.4,34.21,57.68,3.958,0.1591,0.0197,41.71,False,Normal,0,train
PUMP_03,2026-03-14 08:00:00,0.1641,49.73,34.13,56.12,4.066,0.1639,0.0158,41.67,False,Normal,0,train
PUMP_03,2026-03-14 09:00:00,0.1728,52.95,34.91,57.77,3.978,0.1688,0.0123,41.62,False,Normal,0,train
PUMP_03,2026-03-14 10:00:00,0.1637,50.27,33.7,58.27,3.982,0.166,0.0109,41.58,False,Normal,0,train
PUMP_03,2026-03-14 11:00:00,0.1763,50.49,33.85,57.65,3.915,0.1672,0.0117,41.54,False,Normal,0,train
PUMP_03,2026-03-14 12:00:00,0.156,49.21,34.56,57.67,4.016,0.1633,0.0107,41.5,False,Normal,0,train
PUMP_03,2026-03-14 13:00:00,0.1474,49.98,35.06,60.35,3.914,0.1634,0.0106,41.46,False,Normal,0,train
PUMP_03,2026-03-14 14:00:00,0.1097,49.68,34.03,58.08,4.029,0.1543,0.0243,41.42,False,Normal,0,train
PUMP_03,2026-03-14 15:00:00,0.1492,50.46,34.23,57.83,3.921,0.1504,0.0226,41.38,False,Normal,0,train
PUMP_03,2026-03-14 16:00:00,0.1503,52.49,33.05,56.81,3.983,0.1482,0.0216,41.33,False,Normal,0,train
PUMP_03,2026-03-14 17:00:00,0.1576,49.36,34.77,58.0,4.126,0.145,0.0178,41.29,False,Normal,0,train
PUMP_03,2026-03-14 18:00:00,0.1281,48.82,33.35,57.43,4.029,0.1404,0.018,41.25,False,Normal,0,train
PUMP_03,2026-03-14 19:00:00,0.1398,49.89,33.68,60.16,3.972,0.1391,0.0176,41.21,False,Normal,0,train
PUMP_03,2026-03-14 20:00:00,0.1175,51.44,34.11,58.68,4.069,0.1404,0.0151,41.17,False,Normal,0,train
PUMP_03,2026-03-14 21:00:00,0.1187,49.49,33.61,59.7,3.942,0.1353,0.0167,41.12,False,Normal,0,train
PUMP_03,2026-03-14 22:00:00,0.1527,50.4,32.84,58.25,3.921,0.1357,0.0171,41.08,False,Normal,0,train
PUMP_03,2026-03-14 23:00:00,0.1664,50.77,33.26,59.5,3.971,0.1372,0.0196,41.04,False,Normal,0,train
PUMP_03,2026-03-15 00:00:00,0.1695,53.23,34.06,56.8,4.088,0.1441,0.0227,41.0,False,Normal,0,train
PUMP_03,2026-03-15 01:00:00,0.1592,51.38,34.9,58.3,4.083,0.1473,0.0234,40.96,False,Normal,0,train
PUMP_03,2026-03-15 02:00:00,0.1857,48.69,34.85,56.96,3.96,0.1587,0.0225,40.92,False,Normal,0,train
PUMP_03,2026-03-15 03:00:00,0.1512,46.71,34.23,57.47,3.977,0.1641,0.0128,40.88,False,Normal,0,train
PUMP_03,2026-03-15 04:00:00,0.1721,50.23,34.09,58.05,4.034,0.1674,0.0118,40.83,False,Normal,0,train
PUMP_03,2026-03-15 05:00:00,0.1399,48.94,34.48,56.85,4.194,0.1629,0.0163,40.79,False,Normal,0,train
PUMP_03,2026-03-15 06:00:00,0.1128,49.27,34.8,56.25,3.981,0.1535,0.0255,40.75,False,Normal,0,train
PUMP_03,2026-03-15 07:00:00,0.1524,48.51,34.07,59.18,4.111,0.1524,0.0254,40.71,False,Normal,0,train
PUMP_03,2026-03-15 08:00:00,0.1569,49.24,34.09,55.98,4.02,0.1475,0.02,40.67,False,Normal,0,train
PUMP_03,2026-03-15 09:00:00,0.1606,49.21,34.12,60.03,4.068,0.1491,0.0207,40.62,False,Normal,0,train
PUMP_03,2026-03-15 10:00:00,0.1522,49.83,34.61,57.02,4.081,0.1458,0.0176,40.58,False,Normal,0,train
PUMP_03,2026-03-15 11:00:00,0.158,48.99,33.18,58.68,4.014,0.1488,0.0179,40.54,False,Normal,0,train
PUMP_03,2026-03-15 12:00:00,0.1761,48.92,34.01,58.75,3.998,0.1594,0.0088,40.5,False,Normal,0,train
PUMP_03,2026-03-15 13:00:00,0.1585,50.8,34.24,56.67,3.983,0.1604,0.0082,40.46,False,Normal,0,train
PUMP_03,2026-03-15 14:00:00,0.1335,50.0,32.86,58.55,4.028,0.1565,0.0138,40.42,False,Normal,0,train
PUMP_03,2026-03-15 15:00:00,0.1052,50.01,34.55,58.21,4.095,0.1472,0.0247,40.38,False,Normal,0,train
PUMP_03,2026-03-15 16:00:00,0.1252,49.93,34.65,58.76,4.106,0.1428,0.0261,40.33,False,Normal,0,train
PUMP_03,2026-03-15 17:00:00,0.1605,48.66,32.83,59.45,4.097,0.1432,0.0264,40.29,False,Normal,0,train
PUMP_03,2026-03-15 18:00:00,0.1324,52.16,33.75,58.98,3.963,0.1359,0.0209,40.25,False,Normal,0,train
PUMP_03,2026-03-15 19:00:00,0.1505,53.05,33.77,56.96,3.955,0.1346,0.0194,40.21,False,Normal,0,train
PUMP_03,2026-03-15 20:00:00,0.1509,51.86,33.47,57.84,3.934,0.1374,0.0205,40.17,False,Normal,0,train
PUMP_03,2026-03-15 21:00:00,0.1421,47.35,33.55,57.01,4.012,0.1436,0.0131,40.12,False,Normal,0,train
PUMP_03,2026-03-15 22:00:00,0.1437,49.01,33.69,57.31,4.075,0.1467,0.0096,40.08,False,Normal,0,train
PUMP_03,2026-03-15 23:00:00,0.1374,51.06,34.37,58.59,3.955,0.1428,0.0073,40.04,False,Normal,0,train
PUMP_03,2026-03-16 00:00:00,0.1834,48.87,34.75,58.73,3.985,0.1513,0.0165,40.0,False,Normal,0,train
PUMP_03,2026-03-16 01:00:00,0.1382,48.95,34.33,58.7,4.052,0.1493,0.0174,39.96,False,Normal,0,train
PUMP_03,2026-03-16 02:00:00,0.1718,47.94,33.45,58.35,3.974,0.1528,0.0197,39.92,False,Normal,0,train
PUMP_03,2026-03-16 03:00:00,0.1695,49.46,34.47,58.53,3.985,0.1573,0.0199,39.88,False,Normal,0,train
PUMP_03,2026-03-16 04:00:00,0.1679,48.77,34.36,57.45,4.089,0.1614,0.019,39.83,False,Normal,0,train
PUMP_03,2026-03-16 05:00:00,0.1579,46.41,32.24,59.62,4.002,0.1648,0.0154,39.79,False,Normal,0,train
PUMP_03,2026-03-16 06:00:00,0.1378,51.73,34.74,58.8,3.942,0.1572,0.0156,39.75,False,Normal,0,train
PUMP_03,2026-03-16 07:00:00,0.1424,50.63,34.08,57.97,4.008,0.1579,0.0146,39.71,False,Normal,0,train
PUMP_03,2026-03-16 08:00:00,0.147,48.0,34.1,59.35,4.035,0.1538,0.0134,39.67,False,Normal,0,train
PUMP_03,2026-03-16 09:00:00,0.1626,51.3,32.95,57.38,4.2,0.1526,0.012,39.62,False,Normal,0,train
PUMP_03,2026-03-16 10:00:00,0.1684,50.19,34.97,58.14,4.122,0.1527,0.0121,39.58,False,Normal,0,train
PUMP_03,2026-03-16 11:00:00,0.1573,51.74,34.2,59.07,4.255,0.1526,0.0121,39.54,False,Normal,0,train
PUMP_03,2026-03-16 12:00:00,0.1539,51.1,34.47,56.54,3.915,0.1553,0.0097,39.5,False,Normal,0,train
PUMP_03,2026-03-16 13:00:00,0.163,48.84,33.21,60.67,4.111,0.1587,0.0076,39.46,False,Normal,0,train
PUMP_03,2026-03-16 14:00:00,0.1137,51.0,34.31,57.29,4.124,0.1531,0.02,39.42,False,Normal,0,train
PUMP_03,2026-03-16 15:00:00,0.1098,51.07,34.32,57.46,4.002,0.1444,0.0258,39.38,False,Normal,0,train
PUMP_03,2026-03-16 16:00:00,0.1181,51.58,33.91,58.02,3.969,0.136,0.0245,39.33,False,Normal,0,train
PUMP_03,2026-03-16 17:00:00,0.1542,51.5,33.22,58.89,4.059,0.1354,0.024,39.29,False,Normal,0,train
PUMP_03,2026-03-16 18:00:00,0.1099,53.12,33.96,59.0,3.974,0.1281,0.024,39.25,False,Normal,0,train
PUMP_03,2026-03-16 19:00:00,0.1402,51.43,33.43,59.8,3.908,0.1243,0.0185,39.21,False,Normal,0,train
PUMP_03,2026-03-16 20:00:00,0.1277,48.82,33.58,57.92,3.887,0.1267,0.0178,39.17,False,Normal,0,train
PUMP_03,2026-03-16 21:00:00,0.1453,50.27,34.7,58.4,3.88,0.1326,0.0169,39.12,False,Normal,0,train
PUMP_03,2026-03-16 22:00:00,0.1429,48.43,34.05,56.15,4.019,0.1367,0.0157,39.08,False,Normal,0,train
PUMP_03,2026-03-16 23:00:00,0.1512,51.81,33.95,56.72,4.054,0.1362,0.0151,39.04,False,Normal,0,train
PUMP_03,2026-03-17 00:00:00,0.144,48.72,33.29,57.89,3.922,0.1419,0.0078,39.0,False,Normal,0,train
PUMP_03,2026-03-17 01:00:00,0.1632,53.35,33.97,58.43,4.039,0.1457,0.0116,38.96,False,Normal,0,train
PUMP_03,2026-03-17 02:00:00,0.177,49.56,33.91,57.94,4.038,0.1539,0.0136,38.92,False,Normal,0,train
PUMP_03,2026-03-17 03:00:00,0.176,49.93,33.41,58.63,4.028,0.159,0.0153,38.88,False,Normal,0,train
PUMP_03,2026-03-17 04:00:00,0.1532,49.3,34.65,57.93,4.054,0.1608,0.0136,38.83,False,Normal,0,train
PUMP_03,2026-03-17 05:00:00,0.1467,48.92,34.62,57.72,4.017,0.16,0.0144,38.79,False,Normal,0,train
PUMP_03,2026-03-17 06:00:00,0.1629,49.2,33.54,60.88,4.107,0.1632,0.0121,38.75,False,Normal,0,train
PUMP_03,2026-03-17 07:00:00,0.1893,50.35,34.24,57.68,4.05,0.1675,0.0161,38.71,False,Normal,0,train
PUMP_03,2026-03-17 08:00:00,0.1579,50.03,32.89,59.21,3.9,0.1643,0.0157,38.67,False,Normal,0,train
PUMP_03,2026-03-17 09:00:00,0.1697,49.36,34.19,56.43,4.147,0.1633,0.015,38.62,False,Normal,0,train
PUMP_03,2026-03-17 10:00:00,0.1668,50.46,34.47,58.15,3.923,0.1656,0.0142,38.58,False,Normal,0,train
PUMP_03,2026-03-17 11:00:00,0.1642,49.19,33.33,57.19,3.999,0.1685,0.0109,38.54,False,Normal,0,train
PUMP_03,2026-03-17 12:00:00,0.1691,49.99,34.01,60.38,4.204,0.1695,0.0106,38.5,False,Normal,0,train
PUMP_03,2026-03-17 13:00:00,0.1277,52.65,34.08,57.33,4.039,0.1592,0.016,38.46,False,Normal,0,train
PUMP_03,2026-03-17 14:00:00,0.1306,49.14,35.73,57.96,3.934,0.1547,0.0199,38.42,False,Normal,0,train
PUMP_03,2026-03-17 15:00:00,0.1436,49.54,35.55,57.01,4.027,0.1503,0.0188,38.38,False,Normal,0,train
PUMP_03,2026-03-17 16:00:00,0.1598,48.27,34.19,56.94,4.042,0.1492,0.0177,38.33,False,Normal,0,train
PUMP_03,2026-03-17 17:00:00,0.1588,49.49,33.6,57.91,4.016,0.1483,0.0169,38.29,False,Normal,0,train
PUMP_03,2026-03-17 18:00:00,0.1393,50.56,34.15,58.44,3.959,0.1433,0.0137,38.25,False,Normal,0,train
PUMP_03,2026-03-17 19:00:00,0.1553,49.21,34.68,59.27,3.898,0.1479,0.0119,38.21,False,Normal,0,train
PUMP_03,2026-03-17 20:00:00,0.135,48.3,33.0,57.31,3.907,0.1486,0.0107,38.17,False,Normal,0,train
PUMP_03,2026-03-17 21:00:00,0.1305,50.54,32.75,57.29,3.938,0.1464,0.013,38.12,False,Normal,0,train
PUMP_03,2026-03-17 22:00:00,0.1251,50.7,33.31,59.54,4.104,0.1407,0.0136,38.08,False,Normal,0,train
PUMP_03,2026-03-17 23:00:00,0.1454,50.92,34.46,59.91,3.902,0.1384,0.0108,38.04,False,Normal,0,train
PUMP_03,2026-03-18 00:00:00,0.1448,48.14,34.49,57.9,4.012,0.1394,0.0111,38.0,False,Normal,0,train
PUMP_03,2026-03-18 01:00:00,0.1676,52.06,34.27,58.56,4.112,0.1414,0.0151,37.96,False,Normal,0,train
PUMP_03,2026-03-18 02:00:00,0.1634,49.27,34.67,60.0,4.052,0.1461,0.017,37.92,False,Normal,0,train
PUMP_03,2026-03-18 03:00:00,0.1579,48.49,33.89,61.18,4.114,0.1507,0.0156,37.88,False,Normal,0,train
PUMP_03,2026-03-18 04:00:00,0.1595,51.54,33.84,58.5,3.953,0.1564,0.0094,37.83,False,Normal,0,train
PUMP_03,2026-03-18 05:00:00,0.1534,52.0,34.23,58.9,4.05,0.1578,0.008,37.79,False,Normal,0,train
PUMP_03,2026-03-18 06:00:00,0.1333,49.53,35.03,58.16,4.092,0.1559,0.0121,37.75,False,Normal,0,train
PUMP_03,2026-03-18 07:00:00,0.1419,48.75,34.25,56.22,4.075,0.1516,0.0116,37.71,False,Normal,0,train
PUMP_03,2026-03-18 08:00:00,0.1705,50.66,33.94,58.42,4.071,0.1528,0.0133,37.67,False,Normal,0,train
PUMP_03,2026-03-18 09:00:00,0.155,48.0,34.24,59.65,3.904,0.1523,0.0131,37.62,False,Normal,0,train
PUMP_03,2026-03-18 10:00:00,0.1353,53.83,34.85,57.1,4.053,0.1482,0.0141,37.58,False,Normal,0,train
PUMP_03,2026-03-18 11:00:00,0.1731,48.45,33.78,55.77,4.039,0.1515,0.0175,37.54,False,Normal,0,train
PUMP_03,2026-03-18 12:00:00,0.1755,50.53,33.73,58.71,3.988,0.1586,0.0172,37.5,False,Normal,0,train
PUMP_03,2026-03-18 13:00:00,0.1655,49.76,33.72,55.89,3.952,0.1625,0.0152,37.46,False,Normal,0,train
PUMP_03,2026-03-18 14:00:00,0.1514,48.62,34.49,56.11,4.036,0.1593,0.0152,37.42,False,Normal,0,train
PUMP_03,2026-03-18 15:00:00,0.1472,48.6,33.53,56.04,3.921,0.158,0.0159,37.38,False,Normal,0,train
PUMP_03,2026-03-18 16:00:00,0.141,51.69,34.38,55.6,3.965,0.159,0.0144,37.33,False,Normal,0,train
PUMP_03,2026-03-18 17:00:00,0.1428,50.55,33.12,59.27,4.075,0.1539,0.0137,37.29,False,Normal,0,train
PUMP_03,2026-03-18 18:00:00,0.1494,48.96,33.84,58.17,4.083,0.1495,0.0087,37.25,False,Normal,0,train
PUMP_03,2026-03-18 19:00:00,0.151,49.16,33.97,60.47,4.039,0.1471,0.0044,37.21,False,Normal,0,train
PUMP_03,2026-03-18 20:00:00,0.1482,48.78,35.07,58.88,3.963,0.1466,0.0039,37.17,False,Normal,0,train
PUMP_03,2026-03-18 21:00:00,0.0938,51.32,34.58,60.47,3.911,0.1377,0.0219,37.12,False,Normal,0,train
PUMP_03,2026-03-18 22:00:00,0.1623,51.38,33.79,57.23,3.938,0.1412,0.0241,37.08,False,Normal,0,train
PUMP_03,2026-03-18 23:00:00,0.1504,50.79,33.69,58.43,4.103,0.1425,0.0244,37.04,False,Normal,0,train
PUMP_03,2026-03-19 00:00:00,0.1296,50.38,33.6,56.47,4.016,0.1392,0.0246,37.0,False,Normal,0,train
PUMP_03,2026-03-19 01:00:00,0.1556,50.94,33.33,57.67,3.992,0.14,0.0251,36.96,False,Normal,0,train
PUMP_03,2026-03-19 02:00:00,0.1595,47.53,34.97,59.72,4.013,0.1419,0.0263,36.92,False,Normal,0,train
PUMP_03,2026-03-19 03:00:00,0.1335,50.41,33.55,57.95,4.055,0.1485,0.0138,36.88,False,Normal,0,train
PUMP_03,2026-03-19 04:00:00,0.149,51.6,35.03,57.72,3.918,0.1463,0.0121,36.83,False,Normal,0,train
PUMP_03,2026-03-19 05:00:00,0.1431,50.35,34.06,57.97,3.961,0.145,0.0119,36.79,False,Normal,0,train
PUMP_03,2026-03-19 06:00:00,0.1454,50.08,33.95,58.17,4.052,0.1477,0.0093,36.75,False,Normal,0,train
PUMP_03,2026-03-19 07:00:00,0.1682,49.05,34.06,58.17,4.019,0.1498,0.0124,36.71,False,Normal,0,train
PUMP_03,2026-03-19 08:00:00,0.1493,49.15,34.73,59.6,4.088,0.1481,0.0114,36.67,False,Normal,0,train
PUMP_03,2026-03-19 09:00:00,0.1585,49.22,33.49,57.13,4.06,0.1522,0.0094,36.62,False,Normal,0,train
PUMP_03,2026-03-19 10:00:00,0.1661,50.33,34.3,57.75,3.938,0.1551,0.0107,36.58,False,Normal,0,train
PUMP_03,2026-03-19 11:00:00,0.1461,49.27,33.98,58.12,3.733,0.1556,0.0101,36.54,False,Normal,0,train
PUMP_03,2026-03-19 12:00:00,0.1617,47.26,34.24,56.92,4.016,0.1583,0.0089,36.5,False,Normal,0,train
PUMP_03,2026-03-19 13:00:00,0.1677,51.2,33.88,57.46,3.916,0.1582,0.0088,36.46,False,Normal,0,train
PUMP_03,2026-03-19 14:00:00,0.1577,50.78,33.78,58.92,4.041,0.1596,0.0077,36.42,False,Normal,0,train
PUMP_03,2026-03-19 15:00:00,0.1519,50.53,34.32,57.01,4.127,0.1585,0.0084,36.38,False,Normal,0,train
PUMP_03,2026-03-19 16:00:00,0.1542,48.59,33.17,61.33,3.918,0.1566,0.0076,36.33,False,Normal,0,train
PUMP_03,2026-03-19 17:00:00,0.1463,49.26,34.84,59.96,4.052,0.1566,0.0075,36.29,False,Normal,0,train
PUMP_03,2026-03-19 18:00:00,0.1527,50.78,34.06,58.21,4.07,0.1551,0.0072,36.25,False,Normal,0,train
PUMP_03,2026-03-19 19:00:00,0.1227,50.04,33.67,58.69,4.028,0.1476,0.0127,36.21,False,Normal,0,train
PUMP_03,2026-03-19 20:00:00,0.1402,48.95,34.22,58.92,4.026,0.1447,0.0119,36.17,False,Normal,0,train
PUMP_03,2026-03-19 21:00:00,0.1488,51.95,33.58,58.67,3.834,0.1442,0.0116,36.12,False,Normal,0,train
PUMP_03,2026-03-19 22:00:00,0.1439,48.73,34.05,58.11,4.005,0.1424,0.0106,36.08,False,Normal,0,train
PUMP_03,2026-03-19 23:00:00,0.1849,45.52,34.05,61.3,3.999,0.1489,0.0205,36.04,False,Normal,0,train
PUMP_03,2026-03-20 00:00:00,0.1471,50.13,34.75,57.14,4.084,0.1479,0.0204,36.0,False,Normal,0,train
PUMP_03,2026-03-20 01:00:00,0.1259,50.19,34.17,57.54,4.077,0.1485,0.0196,35.96,False,Normal,0,train
PUMP_03,2026-03-20 02:00:00,0.1558,50.09,33.33,58.09,3.959,0.1511,0.0194,35.92,False,Normal,0,train
PUMP_03,2026-03-20 03:00:00,0.1695,50.6,34.35,58.77,3.848,0.1545,0.0207,35.88,False,Normal,0,train
PUMP_03,2026-03-20 04:00:00,0.1456,49.16,34.43,60.41,3.872,0.1548,0.0205,35.83,False,Normal,0,train
PUMP_03,2026-03-20 05:00:00,0.1591,51.54,33.03,58.0,4.113,0.1505,0.0149,35.79,False,Normal,0,train
PUMP_03,2026-03-20 06:00:00,0.1589,47.95,33.29,58.69,3.994,0.1525,0.0151,35.75,False,Normal,0,train
PUMP_03,2026-03-20 07:00:00,0.1588,49.97,35.21,58.46,3.884,0.158,0.0077,35.71,False,Normal,0,train
PUMP_03,2026-03-20 08:00:00,0.1497,49.06,33.8,57.9,3.894,0.1569,0.0084,35.67,False,Normal,0,train
PUMP_03,2026-03-20 09:00:00,0.1735,51.51,33.82,59.49,4.018,0.1576,0.0096,35.62,False,Normal,0,train
PUMP_03,2026-03-20 10:00:00,0.1875,48.81,33.98,58.51,4.01,0.1646,0.0136,35.58,False,Normal,0,train
PUMP_03,2026-03-20 11:00:00,0.14,50.11,33.62,59.19,4.132,0.1614,0.0169,35.54,False,Normal,0,train
PUMP_03,2026-03-20 12:00:00,0.1304,50.13,32.94,57.65,3.994,0.1566,0.0212,35.5,False,Normal,0,train
PUMP_03,2026-03-20 13:00:00,0.1408,50.29,33.33,57.35,4.031,0.1536,0.0221,35.46,False,Normal,0,train
PUMP_03,2026-03-20 14:00:00,0.1661,48.91,33.62,57.59,3.997,0.1564,0.0225,35.42,False,Normal,0,train
PUMP_03,2026-03-20 15:00:00,0.1391,50.55,33.7,58.36,4.066,0.1506,0.0217,35.38,False,Normal,0,train
PUMP_03,2026-03-20 16:00:00,0.1468,50.04,33.54,59.34,4.141,0.1439,0.0121,35.33,False,Normal,0,train
PUMP_03,2026-03-20 17:00:00,0.1267,50.52,33.1,60.52,4.076,0.1416,0.014,35.29,False,Normal,0,train
PUMP_03,2026-03-20 18:00:00,0.1668,52.36,33.67,58.21,4.158,0.1477,0.0159,35.25,False,Normal,0,train
PUMP_03,2026-03-20 19:00:00,0.1359,50.17,34.67,60.24,4.043,0.1469,0.0165,35.21,False,Normal,0,train
PUMP_03,2026-03-20 20:00:00,0.1451,48.51,33.6,58.75,3.873,0.1434,0.0135,35.17,False,Normal,0,train
PUMP_03,2026-03-20 21:00:00,0.131,52.94,33.89,57.2,3.934,0.142,0.0144,35.12,False,Normal,0,train
PUMP_03,2026-03-20 22:00:00,0.1316,51.47,34.87,58.14,4.066,0.1395,0.0148,35.08,False,Normal,0,train
PUMP_03,2026-03-20 23:00:00,0.1474,50.98,33.59,58.92,3.981,0.143,0.0135,35.04,False,Normal,0,train
PUMP_03,2026-03-21 00:00:00,0.1516,49.73,35.83,59.02,4.0,0.1404,0.0087,35.0,False,Normal,0,train
PUMP_03,2026-03-21 01:00:00,0.1655,51.11,34.54,57.42,3.935,0.1454,0.013,34.96,False,Normal,0,train
PUMP_03,2026-03-21 02:00:00,0.1297,46.91,34.05,57.57,4.116,0.1428,0.0145,34.92,False,Normal,0,train
PUMP_03,2026-03-21 03:00:00,0.1428,52.32,33.85,57.6,4.123,0.1448,0.0133,34.88,False,Normal,0,train
PUMP_03,2026-03-21 04:00:00,0.1484,51.34,34.81,57.76,3.982,0.1476,0.0117,34.83,False,Normal,0,train
PUMP_03,2026-03-21 05:00:00,0.1615,49.73,33.58,58.37,3.982,0.1499,0.013,34.79,False,Normal,0,train
PUMP_03,2026-03-21 06:00:00,0.1431,51.31,33.74,60.27,4.102,0.1485,0.0132,34.75,False,Normal,0,train
PUMP_03,2026-03-21 07:00:00,0.1582,50.93,34.96,57.49,4.084,0.1473,0.0116,34.71,False,Normal,0,train
PUMP_03,2026-03-21 08:00:00,0.149,48.49,33.77,56.03,3.87,0.1505,0.0078,34.67,False,Normal,0,train
PUMP_03,2026-03-21 09:00:00,0.155,50.27,33.72,55.96,4.054,0.1525,0.0069,34.62,False,Normal,0,train
PUMP_03,2026-03-21 10:00:00,0.1434,50.56,33.6,58.98,4.04,0.1517,0.0077,34.58,False,Normal,0,train
PUMP_03,2026-03-21 11:00:00,0.1374,49.8,32.84,57.35,4.015,0.1477,0.0079,34.54,False,Normal,0,train
PUMP_03,2026-03-21 12:00:00,0.1543,49.67,34.61,58.32,3.93,0.1495,0.0079,34.5,False,Normal,0,train
PUMP_03,2026-03-21 13:00:00,0.1641,51.35,33.97,57.15,3.932,0.1505,0.0094,34.46,False,Normal,0,train
PUMP_03,2026-03-21 14:00:00,0.1572,50.26,34.64,57.82,3.752,0.1519,0.0097,34.42,False,Normal,0,train
PUMP_03,2026-03-21 15:00:00,0.1596,52.82,33.9,57.61,3.947,0.1527,0.0102,34.38,False,Normal,0,train
PUMP_03,2026-03-21 16:00:00,0.1598,49.02,33.75,57.18,3.842,0.1554,0.0094,34.33,False,Normal,0,train
PUMP_03,2026-03-21 17:00:00,0.1379,50.61,33.6,59.48,3.957,0.1555,0.0092,34.29,False,Normal,0,train
PUMP_03,2026-03-21 18:00:00,0.1681,48.62,34.41,59.57,4.032,0.1578,0.0105,34.25,False,Normal,0,train
PUMP_03,2026-03-21 19:00:00,0.1517,51.02,33.52,58.77,3.907,0.1557,0.0102,34.21,False,Normal,0,train
PUMP_03,2026-03-21 20:00:00,0.1271,48.33,34.23,60.45,4.107,0.1507,0.0154,34.17,False,Normal,0,train
PUMP_03,2026-03-21 21:00:00,0.1329,50.43,34.02,56.42,4.156,0.1462,0.0162,34.12,False,Normal,0,train
PUMP_03,2026-03-21 22:00:00,0.1473,51.77,33.37,57.75,4.019,0.1442,0.0148,34.08,False,Normal,0,train
PUMP_03,2026-03-21 23:00:00,0.1606,50.08,33.73,57.58,4.049,0.148,0.0158,34.04,False,Normal,0,train
PUMP_03,2026-03-22 00:00:00,0.1466,48.51,34.01,58.85,3.871,0.1444,0.0123,34.0,False,Normal,0,train
PUMP_03,2026-03-22 01:00:00,0.138,51.42,33.81,56.49,4.015,0.1421,0.012,33.96,False,Normal,0,train
PUMP_03,2026-03-22 02:00:00,0.1669,50.54,35.14,58.8,3.888,0.1487,0.013,33.92,False,Normal,0,train
PUMP_03,2026-03-22 03:00:00,0.1403,49.87,34.14,56.27,3.862,0.15,0.0114,33.88,False,Normal,0,train
PUMP_03,2026-03-22 04:00:00,0.1632,48.55,33.88,58.9,3.899,0.1526,0.0125,33.83,False,Normal,0,train
PUMP_03,2026-03-22 05:00:00,0.1603,47.58,33.78,59.39,3.988,0.1526,0.0125,33.79,False,Normal,0,train
PUMP_03,2026-03-22 06:00:00,0.1399,53.38,33.86,56.64,3.997,0.1514,0.0134,33.75,False,Normal,0,train
PUMP_03,2026-03-22 07:00:00,0.1863,49.14,33.64,57.56,3.994,0.1595,0.0176,33.71,False,Normal,0,train
PUMP_03,2026-03-22 08:00:00,0.1589,48.51,33.51,59.43,3.907,0.1582,0.0172,33.67,False,Normal,0,train
PUMP_03,2026-03-22 09:00:00,0.1393,50.47,34.36,59.67,4.008,0.158,0.0174,33.62,False,Normal,0,train
PUMP_03,2026-03-22 10:00:00,0.1557,48.47,34.92,56.29,3.944,0.1567,0.0172,33.58,False,Normal,0,train
PUMP_03,2026-03-22 11:00:00,0.1266,50.75,33.73,58.45,4.01,0.1511,0.0209,33.54,False,Normal,0,train
PUMP_03,2026-03-22 12:00:00,0.1554,52.03,34.26,58.78,3.981,0.1537,0.0202,33.5,False,Normal,0,train
PUMP_03,2026-03-22 13:00:00,0.1603,48.41,33.6,57.99,3.856,0.1494,0.0135,33.46,False,Normal,0,train
PUMP_03,2026-03-22 14:00:00,0.1855,49.55,34.06,59.72,3.946,0.1538,0.02,33.42,False,Normal,0,train
PUMP_03,2026-03-22 15:00:00,0.1444,50.65,33.21,57.34,4.044,0.1546,0.0194,33.38,False,Normal,0,train
PUMP_03,2026-03-22 16:00:00,0.1315,48.17,33.49,57.5,4.067,0.1506,0.0215,33.33,False,Normal,0,train
PUMP_03,2026-03-22 17:00:00,0.1434,48.63,33.47,57.21,3.901,0.1534,0.0187,33.29,False,Normal,0,train
PUMP_03,2026-03-22 18:00:00,0.1616,49.82,33.91,58.29,3.939,0.1544,0.019,33.25,False,Normal,0,train
PUMP_03,2026-03-22 19:00:00,0.1479,52.94,33.3,57.68,3.964,0.1524,0.0189,33.21,False,Normal,0,train
PUMP_03,2026-03-22 20:00:00,0.1538,48.72,32.66,59.05,4.094,0.1471,0.0102,33.17,False,Normal,0,train
PUMP_03,2026-03-22 21:00:00,0.1543,49.58,33.18,57.58,4.038,0.1488,0.0105,33.12,False,Normal,0,train
PUMP_03,2026-03-22 22:00:00,0.1526,53.72,33.9,57.8,3.898,0.1523,0.0062,33.08,False,Normal,0,train
PUMP_03,2026-03-22 23:00:00,0.1264,51.19,33.52,58.3,4.039,0.1494,0.0121,33.04,False,Normal,0,train
PUMP_03,2026-03-23 00:00:00,0.1282,47.46,33.65,57.07,4.101,0.1439,0.013,33.0,False,Normal,0,train
PUMP_03,2026-03-23 01:00:00,0.1289,49.65,34.16,59.28,4.017,0.1407,0.0141,32.96,False,Normal,0,train
PUMP_03,2026-03-23 02:00:00,0.137,50.88,33.51,58.89,3.938,0.1379,0.0126,32.92,False,Normal,0,train
PUMP_03,2026-03-23 03:00:00,0.1408,52.17,33.95,58.85,4.068,0.1357,0.01,32.88,False,Normal,0,train
PUMP_03,2026-03-23 04:00:00,0.1866,52.09,35.28,56.84,4.015,0.1413,0.0229,32.83,False,Normal,0,train
PUMP_03,2026-03-23 05:00:00,0.1491,50.84,33.77,59.92,3.98,0.1451,0.0218,32.79,False,Normal,0,train
PUMP_03,2026-03-23 06:00:00,0.1615,51.08,33.88,55.84,4.071,0.1506,0.0208,32.75,False,Normal,0,train
PUMP_03,2026-03-23 07:00:00,0.156,48.05,34.23,58.95,4.0,0.1552,0.0179,32.71,False,Normal,0,train
PUMP_03,2026-03-23 08:00:00,0.1616,48.96,33.51,58.23,4.006,0.1593,0.0156,32.67,False,Normal,0,train
PUMP_03,2026-03-23 09:00:00,0.1581,48.05,33.64,58.87,4.069,0.1621,0.0128,32.62,False,Normal,0,train
PUMP_03,2026-03-23 10:00:00,0.1362,51.55,33.94,57.81,3.96,0.1538,0.0097,32.58,False,Normal,0,train
PUMP_03,2026-03-23 11:00:00,0.1616,50.56,34.12,58.17,3.907,0.1558,0.0099,32.54,False,Normal,0,train
PUMP_03,2026-03-23 12:00:00,0.1398,50.16,33.44,58.91,4.026,0.1522,0.0113,32.5,False,Normal,0,train
PUMP_03,2026-03-23 13:00:00,0.1367,52.32,34.33,58.07,4.125,0.149,0.0126,32.46,False,Normal,0,train
PUMP_03,2026-03-23 14:00:00,0.1404,50.81,34.93,58.33,3.818,0.1455,0.0113,32.42,False,Normal,0,train
PUMP_03,2026-03-23 15:00:00,0.1551,51.71,32.85,58.36,4.059,0.145,0.0107,32.38,False,Normal,0,train
PUMP_03,2026-03-23 16:00:00,0.132,51.13,34.23,60.7,4.003,0.1443,0.0115,32.33,False,Normal,0,train
PUMP_03,2026-03-23 17:00:00,0.1417,51.28,33.95,56.15,3.957,0.141,0.0078,32.29,False,Normal,0,train
PUMP_03,2026-03-23 18:00:00,0.146,48.44,33.82,59.62,3.948,0.142,0.008,32.25,False,Normal,0,train
PUMP_03,2026-03-23 19:00:00,0.1442,51.46,34.2,58.61,4.072,0.1432,0.0076,32.21,False,Normal,0,train
PUMP_03,2026-03-23 20:00:00,0.1444,50.71,34.83,58.46,4.054,0.1439,0.0074,32.17,False,Normal,0,train
PUMP_03,2026-03-23 21:00:00,0.1219,49.39,34.15,56.54,3.917,0.1384,0.0095,32.12,False,Normal,0,train
PUMP_03,2026-03-23 22:00:00,0.1469,51.03,34.58,59.45,4.024,0.1408,0.0095,32.08,False,Normal,0,train
PUMP_03,2026-03-23 23:00:00,0.1337,51.93,33.98,56.71,4.11,0.1395,0.0099,32.04,False,Normal,0,train
PUMP_03,2026-03-24 00:00:00,0.1236,49.85,34.22,59.83,4.056,0.1358,0.0111,32.0,False,Normal,0,train
PUMP_03,2026-03-24 01:00:00,0.1456,48.88,33.67,57.41,3.867,0.136,0.0113,31.96,False,Normal,0,train
PUMP_03,2026-03-24 02:00:00,0.1472,48.94,34.02,59.83,4.052,0.1365,0.0118,31.92,False,Normal,0,train
PUMP_03,2026-03-24 03:00:00,0.2015,47.91,33.84,57.22,3.9,0.1498,0.027,31.88,False,Normal,0,train
PUMP_03,2026-03-24 04:00:00,0.1733,49.75,34.06,56.95,4.017,0.1542,0.0286,31.83,False,Normal,0,train
PUMP_03,2026-03-24 05:00:00,0.1714,50.89,33.01,57.95,3.94,0.1604,0.0273,31.79,False,Normal,0,train
PUMP_03,2026-03-24 06:00:00,0.1539,52.6,33.33,57.17,4.032,0.1655,0.0212,31.75,False,Normal,0,train
PUMP_03,2026-03-24 07:00:00,0.1569,48.79,34.71,57.78,3.946,0.1674,0.0196,31.71,False,Normal,0,train
PUMP_03,2026-03-24 08:00:00,0.1972,50.54,34.84,60.09,3.916,0.1757,0.0199,31.67,False,Normal,0,train
PUMP_03,2026-03-24 09:00:00,0.1475,50.03,32.96,57.4,4.025,0.1667,0.018,31.62,False,Normal,0,train
PUMP_03,2026-03-24 10:00:00,0.1588,49.99,33.66,58.27,4.009,0.1643,0.0179,31.58,False,Normal,0,train
PUMP_03,2026-03-24 11:00:00,0.1802,47.71,33.55,59.97,4.066,0.1658,0.019,31.54,False,Normal,0,train
PUMP_03,2026-03-24 12:00:00,0.1391,48.48,34.15,58.35,3.958,0.1633,0.0216,31.5,False,Normal,0,train
PUMP_03,2026-03-24 13:00:00,0.1497,52.72,33.95,59.41,3.879,0.1621,0.0222,31.46,False,Normal,0,train
PUMP_03,2026-03-24 14:00:00,0.1447,51.51,34.41,58.73,4.054,0.1533,0.0147,31.42,False,Normal,0,train
PUMP_03,2026-03-24 15:00:00,0.1296,50.42,33.19,59.26,4.116,0.1503,0.0176,31.38,False,Normal,0,train
PUMP_03,2026-03-24 16:00:00,0.153,50.69,34.21,57.98,3.954,0.1494,0.0172,31.33,False,Normal,0,train
PUMP_03,2026-03-24 17:00:00,0.1236,51.12,33.8,58.76,4.039,0.14,0.0115,31.29,False,Normal,0,train
PUMP_03,2026-03-24 18:00:00,0.1516,49.33,33.56,60.23,3.975,0.142,0.0124,31.25,False,Normal,0,train
PUMP_03,2026-03-24 19:00:00,0.1468,49.39,34.27,57.67,4.155,0.1416,0.0121,31.21,False,Normal,0,train
PUMP_03,2026-03-24 20:00:00,0.1548,49.08,33.85,58.57,3.958,0.1432,0.0133,31.17,False,Normal,0,train
PUMP_03,2026-03-24 21:00:00,0.14,50.25,33.94,57.25,3.996,0.145,0.0117,31.12,False,Normal,0,train
PUMP_03,2026-03-24 22:00:00,0.1508,48.27,34.8,59.31,3.838,0.1446,0.0115,31.08,False,Normal,0,train
PUMP_03,2026-03-24 23:00:00,0.1628,49.0,34.04,56.06,4.126,0.1511,0.0077,31.04,False,Normal,0,train
PUMP_03,2026-03-25 00:00:00,0.1289,50.76,35.17,57.71,3.957,0.1474,0.0118,31.0,False,Normal,0,train
PUMP_03,2026-03-25 01:00:00,0.1345,49.47,32.6,59.27,4.104,0.1453,0.013,30.96,False,Normal,0,train
PUMP_03,2026-03-25 02:00:00,0.1637,47.37,33.99,57.88,3.946,0.1468,0.0147,30.92,False,Normal,0,train
PUMP_03,2026-03-25 03:00:00,0.1694,49.43,33.33,55.91,3.994,0.1517,0.0167,30.88,False,Normal,0,train
PUMP_03,2026-03-25 04:00:00,0.1607,50.82,33.44,57.14,3.937,0.1533,0.0171,30.83,False,Normal,0,train
PUMP_03,2026-03-25 05:00:00,0.1735,50.17,33.61,57.24,3.925,0.1551,0.0188,30.79,False,Normal,0,train
PUMP_03,2026-03-25 06:00:00,0.1546,47.47,34.55,59.95,3.977,0.1594,0.0139,30.75,False,Normal,0,train
PUMP_03,2026-03-25 07:00:00,0.1787,51.55,33.76,59.01,3.989,0.1668,0.0088,30.71,False,Normal,0,train
PUMP_03,2026-03-25 08:00:00,0.1576,49.63,33.32,59.13,3.971,0.1658,0.0096,30.67,False,Normal,0,train
PUMP_03,2026-03-25 09:00:00,0.1454,50.51,34.4,56.58,3.878,0.1617,0.0123,30.62,False,Normal,0,train
PUMP_03,2026-03-25 10:00:00,0.1764,51.57,33.29,58.06,4.023,0.1644,0.0137,30.58,False,Normal,0,train
PUMP_03,2026-03-25 11:00:00,0.165,49.81,35.0,59.93,3.843,0.163,0.013,30.54,False,Normal,0,train
PUMP_03,2026-03-25 12:00:00,0.1432,47.14,33.23,59.13,3.973,0.161,0.0151,30.5,False,Normal,0,train
PUMP_03,2026-03-25 13:00:00,0.141,52.63,33.83,57.45,3.874,0.1548,0.0141,30.46,False,Normal,0,train
PUMP_03,2026-03-25 14:00:00,0.154,46.69,35.15,59.0,4.072,0.1542,0.014,30.42,False,Normal,0,train
PUMP_03,2026-03-25 15:00:00,0.1279,49.5,33.81,56.52,4.099,0.1512,0.0176,30.38,False,Normal,0,train
PUMP_03,2026-03-25 16:00:00,0.1461,51.94,34.25,57.03,4.047,0.1462,0.0125,30.33,False,Normal,0,train
PUMP_03,2026-03-25 17:00:00,0.1378,48.95,33.93,55.8,3.962,0.1417,0.0087,30.29,False,Normal,0,train
PUMP_03,2026-03-25 18:00:00,0.1432,49.04,34.0,57.92,3.941,0.1417,0.0087,30.25,False,Normal,0,train
PUMP_03,2026-03-25 19:00:00,0.11,49.67,33.51,58.82,3.98,0.1365,0.0156,30.21,False,Normal,0,train
PUMP_03,2026-03-25 20:00:00,0.1277,49.73,34.27,56.9,3.996,0.1321,0.0132,30.17,False,Normal,0,train
PUMP_03,2026-03-25 21:00:00,0.1467,48.71,34.8,57.95,4.039,0.1352,0.0142,30.12,False,Normal,0,train
PUMP_03,2026-03-25 22:00:00,0.1608,49.05,32.83,57.05,4.032,0.1377,0.0174,30.08,False,Normal,0,train
PUMP_03,2026-03-25 23:00:00,0.1454,51.61,33.45,57.35,3.837,0.139,0.0177,30.04,False,Normal,0,train
PUMP_03,2026-03-26 00:00:00,0.1608,49.2,33.67,56.8,4.053,0.1419,0.0198,30.0,False,Normal,0,train
PUMP_03,2026-03-26 01:00:00,0.1304,50.75,33.47,59.55,4.031,0.1453,0.0142,29.96,False,Normal,0,train
PUMP_03,2026-03-26 02:00:00,0.1483,48.63,34.39,57.23,3.937,0.1487,0.0113,29.92,False,Normal,0,train
PUMP_03,2026-03-26 03:00:00,0.1613,52.08,33.64,57.76,3.923,0.1512,0.0123,29.88,False,Normal,0,train
PUMP_03,2026-03-26 04:00:00,0.1577,51.41,34.05,57.43,4.005,0.1506,0.0119,29.83,False,Normal,0,train
PUMP_03,2026-03-26 05:00:00,0.1711,49.87,34.89,58.44,4.014,0.1549,0.0141,29.79,False,Normal,0,train
PUMP_03,2026-03-26 06:00:00,0.1561,50.96,32.92,61.05,3.912,0.1541,0.0138,29.75,False,Normal,0,train
PUMP_03,2026-03-26 07:00:00,0.156,52.28,34.19,61.4,4.005,0.1584,0.0075,29.71,False,Normal,0,train
PUMP_03,2026-03-26 08:00:00,0.1685,48.5,33.93,57.8,4.015,0.1618,0.0066,29.67,False,Normal,0,train
PUMP_03,2026-03-26 09:00:00,0.149,48.42,33.93,58.56,4.069,0.1597,0.0084,29.62,False,Normal,0,train
PUMP_03,2026-03-26 10:00:00,0.1414,50.56,33.46,59.21,3.991,0.157,0.0113,29.58,False,Normal,0,train
PUMP_03,2026-03-26 11:00:00,0.1596,48.06,33.77,59.57,3.838,0.1551,0.0092,29.54,False,Normal,0,train
PUMP_03,2026-03-26 12:00:00,0.1355,47.67,34.0,58.82,4.02,0.1517,0.0122,29.5,False,Normal,0,train
PUMP_03,2026-03-26 13:00:00,0.1687,47.6,33.89,59.39,3.865,0.1538,0.014,29.46,False,Normal,0,train
PUMP_03,2026-03-26 14:00:00,0.1174,50.22,34.42,58.56,3.932,0.1453,0.0182,29.42,False,Normal,0,train
PUMP_03,2026-03-26 15:00:00,0.1385,46.95,33.34,57.31,3.892,0.1435,0.0183,29.38,False,Normal,0,train
PUMP_03,2026-03-26 16:00:00,0.1657,49.39,33.16,59.38,4.04,0.1476,0.0203,29.33,False,Normal,0,train
PUMP_03,2026-03-26 17:00:00,0.17,44.85,32.8,58.23,3.913,0.1493,0.0219,29.29,False,Normal,0,train
PUMP_03,2026-03-26 18:00:00,0.1386,50.66,34.08,58.46,4.08,0.1498,0.0215,29.25,False,Normal,0,train
PUMP_03,2026-03-26 19:00:00,0.1569,50.76,34.45,56.44,3.907,0.1478,0.02,29.21,False,Normal,0,train
PUMP_03,2026-03-26 20:00:00,0.153,49.68,33.3,57.14,3.839,0.1538,0.0133,29.17,False,Normal,0,train
PUMP_03,2026-03-26 21:00:00,0.1356,51.77,33.24,57.6,3.972,0.1533,0.014,29.12,False,Normal,0,train
PUMP_03,2026-03-26 22:00:00,0.152,51.19,35.13,58.7,3.894,0.151,0.0126,29.08,False,Normal,0,train
PUMP_03,2026-03-26 23:00:00,0.1345,48.81,34.77,60.22,4.105,0.1451,0.0099,29.04,False,Normal,0,train
PUMP_03,2026-03-27 00:00:00,0.1266,48.68,34.8,59.0,3.946,0.1431,0.0124,29.0,False,Normal,0,train
PUMP_03,2026-03-27 01:00:00,0.1602,51.33,34.21,57.84,4.092,0.1436,0.0132,28.96,False,Normal,0,train
PUMP_03,2026-03-27 02:00:00,0.1634,51.03,34.42,56.88,3.976,0.1454,0.0152,28.92,False,Normal,0,train
PUMP_03,2026-03-27 03:00:00,0.1393,49.6,33.83,59.56,4.028,0.146,0.0148,28.88,False,Normal,0,train
PUMP_03,2026-03-27 04:00:00,0.1565,47.36,33.15,58.45,3.958,0.1468,0.0153,28.83,False,Normal,0,train
PUMP_03,2026-03-27 05:00:00,0.1419,51.39,33.18,54.22,4.19,0.148,0.0143,28.79,False,Normal,0,train
PUMP_03,2026-03-27 06:00:00,0.1531,50.1,34.0,59.31,3.908,0.1524,0.0098,28.75,False,Normal,0,train
PUMP_03,2026-03-27 07:00:00,0.1531,49.91,34.56,58.51,3.756,0.1512,0.0091,28.71,False,Normal,0,train
PUMP_03,2026-03-27 08:00:00,0.1698,45.74,33.9,55.48,4.021,0.1523,0.011,28.67,False,Normal,0,train
PUMP_03,2026-03-27 09:00:00,0.1496,50.8,34.37,58.81,3.918,0.154,0.0092,28.62,False,Normal,0,train
PUMP_03,2026-03-27 10:00:00,0.1361,49.91,33.95,58.16,4.016,0.1506,0.0116,28.58,False,Normal,0,train
PUMP_03,2026-03-27 11:00:00,0.1783,49.19,34.18,56.48,3.994,0.1567,0.0151,28.54,False,Normal,0,train
PUMP_03,2026-03-27 12:00:00,0.1574,48.75,34.46,60.51,3.958,0.1574,0.015,28.5,False,Normal,0,train
PUMP_03,2026-03-27 13:00:00,0.1609,50.17,34.8,58.59,3.967,0.1587,0.0149,28.46,False,Normal,0,train
PUMP_03,2026-03-27 14:00:00,0.1541,50.7,34.17,57.48,4.033,0.1561,0.0139,28.42,False,Normal,0,train
PUMP_03,2026-03-27 15:00:00,0.157,49.43,35.16,57.12,3.971,0.1573,0.0135,28.38,False,Normal,0,train
PUMP_03,2026-03-27 16:00:00,0.1479,50.84,33.86,57.83,3.988,0.1593,0.0103,28.33,False,Normal,0,train
PUMP_03,2026-03-27 17:00:00,0.1473,48.27,34.79,57.87,3.96,0.1541,0.0055,28.29,False,Normal,0,train
PUMP_03,2026-03-27 18:00:00,0.1419,49.02,34.35,58.75,4.13,0.1515,0.007,28.25,False,Normal,0,train
PUMP_03,2026-03-27 19:00:00,0.1338,51.03,32.9,57.77,4.105,0.147,0.0084,28.21,False,Normal,0,train
PUMP_03,2026-03-27 20:00:00,0.1546,49.39,34.85,57.56,3.882,0.1471,0.0085,28.17,False,Normal,0,train
PUMP_03,2026-03-27 21:00:00,0.139,52.58,33.45,58.25,4.0,0.1441,0.0074,28.12,False,Normal,0,train
PUMP_03,2026-03-27 22:00:00,0.1468,50.42,33.85,57.54,3.935,0.1439,0.0073,28.08,False,Normal,0,train
PUMP_03,2026-03-27 23:00:00,0.153,48.25,34.52,57.92,3.9,0.1448,0.0081,28.04,False,Normal,0,train
PUMP_03,2026-03-28 00:00:00,0.1568,47.65,33.55,59.72,3.744,0.1473,0.0092,28.0,False,Normal,0,train
PUMP_03,2026-03-28 01:00:00,0.1374,51.18,33.96,57.48,3.974,0.1479,0.0083,27.96,False,Normal,0,train
PUMP_03,2026-03-28 02:00:00,0.158,49.09,34.39,57.85,3.98,0.1485,0.0089,27.92,False,Normal,0,train
PUMP_03,2026-03-28 03:00:00,0.1418,51.38,33.51,57.08,4.108,0.149,0.0084,27.88,False,Normal,0,train
PUMP_03,2026-03-28 04:00:00,0.1613,49.19,33.86,59.33,4.084,0.1514,0.0096,27.83,False,Normal,0,train
PUMP_03,2026-03-28 05:00:00,0.1714,50.36,33.79,55.97,4.039,0.1544,0.0127,27.79,False,Normal,0,train
PUMP_03,2026-03-28 06:00:00,0.187,49.5,34.58,57.0,4.059,0.1595,0.0185,27.75,False,Normal,0,train
PUMP_03,2026-03-28 07:00:00,0.1683,50.38,34.94,58.86,4.068,0.1646,0.0151,27.71,False,Normal,0,train
PUMP_03,2026-03-28 08:00:00,0.1716,51.09,33.34,57.82,4.039,0.1669,0.0149,27.67,False,Normal,0,train
PUMP_03,2026-03-28 09:00:00,0.1408,50.03,34.05,59.06,4.111,0.1667,0.0152,27.62,False,Normal,0,train
PUMP_03,2026-03-28 10:00:00,0.1631,50.99,33.69,57.77,3.898,0.167,0.0151,27.58,False,Normal,0,train
PUMP_03,2026-03-28 11:00:00,0.1359,47.45,34.02,57.19,3.961,0.1611,0.0194,27.54,False,Normal,0,train
PUMP_03,2026-03-28 12:00:00,0.168,50.62,35.06,57.85,3.95,0.158,0.0155,27.5,False,Normal,0,train
PUMP_03,2026-03-28 13:00:00,0.1314,50.03,34.23,56.45,3.956,0.1518,0.0177,27.46,False,Normal,0,train
PUMP_03,2026-03-28 14:00:00,0.1303,49.61,33.66,57.01,3.988,0.1449,0.0165,27.42,False,Normal,0,train
PUMP_03,2026-03-28 15:00:00,0.1542,46.41,33.18,59.1,4.131,0.1472,0.0167,27.38,False,Normal,0,train
PUMP_03,2026-03-28 16:00:00,0.1665,47.5,34.6,57.69,4.072,0.1477,0.0174,27.33,False,Normal,0,train
PUMP_03,2026-03-28 17:00:00,0.1562,50.34,33.72,57.96,4.098,0.1511,0.0166,27.29,False,Normal,0,train
PUMP_03,2026-03-28 18:00:00,0.1347,50.53,33.53,58.15,3.994,0.1455,0.0153,27.25,False,Normal,0,train
PUMP_03,2026-03-28 19:00:00,0.1255,50.61,34.18,56.12,3.99,0.1446,0.0166,27.21,False,Normal,0,train
PUMP_03,2026-03-28 20:00:00,0.1349,49.99,34.35,56.13,4.046,0.1453,0.0159,27.17,False,Normal,0,train
PUMP_03,2026-03-28 21:00:00,0.1448,48.2,33.78,58.46,4.035,0.1438,0.0153,27.12,False,Normal,0,train
PUMP_03,2026-03-28 22:00:00,0.1438,48.46,33.43,57.51,4.035,0.14,0.0106,27.08,False,Normal,0,train
PUMP_03,2026-03-28 23:00:00,0.132,46.84,34.82,57.74,4.185,0.136,0.0073,27.04,False,Normal,0,train
PUMP_03,2026-03-29 00:00:00,0.1693,50.19,34.41,58.74,4.047,0.1417,0.0154,27.0,False,Normal,0,train
PUMP_03,2026-03-29 01:00:00,0.1722,52.86,34.59,56.88,3.937,0.1495,0.0172,26.96,False,Normal,0,train
PUMP_03,2026-03-29 02:00:00,0.1833,49.86,33.79,57.32,3.944,0.1576,0.0201,26.92,False,Normal,0,train
PUMP_03,2026-03-29 03:00:00,0.1322,48.86,33.5,57.58,4.067,0.1555,0.0222,26.88,False,Normal,0,train
PUMP_03,2026-03-29 04:00:00,0.1465,50.04,33.68,58.4,4.061,0.1559,0.022,26.83,False,Normal,0,train
PUMP_03,2026-03-29 05:00:00,0.1634,49.8,33.09,57.57,4.078,0.1612,0.0186,26.79,False,Normal,0,train
PUMP_03,2026-03-29 06:00:00,0.1601,47.4,33.8,57.24,4.042,0.1596,0.0182,26.75,False,Normal,0,train
PUMP_03,2026-03-29 07:00:00,0.1529,50.38,33.59,60.03,3.917,0.1564,0.0172,26.71,False,Normal,0,train
PUMP_03,2026-03-29 08:00:00,0.1458,49.84,33.95,58.05,4.123,0.1502,0.0113,26.67,False,Normal,0,train
PUMP_03,2026-03-29 09:00:00,0.1421,49.74,34.03,58.79,4.107,0.1518,0.0085,26.62,False,Normal,0,train
PUMP_03,2026-03-29 10:00:00,0.1854,52.98,34.05,55.83,3.969,0.1583,0.0156,26.58,False,Normal,0,train
PUMP_03,2026-03-29 11:00:00,0.1312,49.85,33.65,56.45,4.029,0.1529,0.0187,26.54,False,Normal,0,train
PUMP_03,2026-03-29 12:00:00,0.1266,52.73,33.29,58.7,4.015,0.1473,0.021,26.5,False,Normal,0,train
PUMP_03,2026-03-29 13:00:00,0.1296,48.76,33.13,57.71,3.97,0.1434,0.0219,26.46,False,Normal,0,train
PUMP_03,2026-03-29 14:00:00,0.1479,47.73,34.12,57.54,3.907,0.1438,0.0219,26.42,False,Normal,0,train
PUMP_03,2026-03-29 15:00:00,0.1388,48.79,34.08,56.86,4.046,0.1432,0.022,26.38,False,Normal,0,train
PUMP_03,2026-03-29 16:00:00,0.1475,51.76,33.16,59.17,3.881,0.1369,0.0093,26.33,False,Normal,0,train
PUMP_03,2026-03-29 17:00:00,0.1297,48.86,34.86,58.79,3.952,0.1367,0.0095,26.29,False,Normal,0,train
PUMP_03,2026-03-29 18:00:00,0.1413,47.86,34.5,57.92,4.137,0.1391,0.0081,26.25,False,Normal,0,train
PUMP_03,2026-03-29 19:00:00,0.1416,50.51,33.39,58.29,4.033,0.1411,0.0067,26.21,False,Normal,0,train
PUMP_03,2026-03-29 20:00:00,0.165,49.42,34.16,57.63,4.031,0.144,0.0118,26.17,False,Normal,0,train
PUMP_03,2026-03-29 21:00:00,0.1696,50.86,33.92,57.18,3.976,0.1491,0.0153,26.12,False,Normal,0,train
PUMP_03,2026-03-29 22:00:00,0.1427,48.99,34.16,57.38,3.875,0.1483,0.0155,26.08,False,Normal,0,train
PUMP_03,2026-03-29 23:00:00,0.1602,48.62,34.1,58.92,4.033,0.1534,0.013,26.04,False,Normal,0,train
PUMP_03,2026-03-30 00:00:00,0.1524,52.49,34.4,57.53,4.04,0.1552,0.0116,26.0,False,Normal,0,train
PUMP_03,2026-03-30 01:00:00,0.1641,48.75,34.89,58.07,4.064,0.159,0.0098,25.96,False,Normal,0,train
PUMP_03,2026-03-30 02:00:00,0.1608,48.75,34.18,57.48,3.969,0.1583,0.0095,25.92,False,Normal,0,train
PUMP_03,2026-03-30 03:00:00,0.1681,50.69,34.32,59.13,3.967,0.158,0.0091,25.88,False,Normal,0,train
PUMP_03,2026-03-30 04:00:00,0.1715,45.82,34.88,57.22,4.045,0.1628,0.0067,25.83,False,Normal,0,train
PUMP_03,2026-03-30 05:00:00,0.166,51.1,33.68,59.83,3.899,0.1638,0.0067,25.79,False,Normal,0,train
PUMP_03,2026-03-30 06:00:00,0.1621,52.68,33.44,57.31,4.065,0.1654,0.004,25.75,False,Normal,0,train
PUMP_03,2026-03-30 07:00:00,0.1753,51.3,34.4,57.31,3.987,0.1673,0.0055,25.71,False,Normal,0,train
PUMP_03,2026-03-30 08:00:00,0.1566,48.44,33.27,60.4,4.023,0.1666,0.0067,25.67,False,Normal,0,train
PUMP_03,2026-03-30 09:00:00,0.1484,48.92,33.52,56.72,4.185,0.1633,0.0099,25.62,False,Normal,0,train
PUMP_03,2026-03-30 10:00:00,0.1317,50.1,34.9,57.96,3.978,0.1567,0.0152,25.58,False,Normal,0,train
PUMP_03,2026-03-30 11:00:00,0.159,50.55,32.97,59.21,4.011,0.1555,0.0146,25.54,False,Normal,0,train
PUMP_03,2026-03-30 12:00:00,0.1604,52.42,34.18,56.15,4.002,0.1552,0.0145,25.5,False,Normal,0,train
PUMP_03,2026-03-30 13:00:00,0.1216,52.35,33.13,58.31,3.842,0.1463,0.0161,25.46,False,Normal,0,train
PUMP_03,2026-03-30 14:00:00,0.1358,49.68,34.25,56.15,4.049,0.1428,0.0157,25.42,False,Normal,0,train
PUMP_03,2026-03-30 15:00:00,0.1542,49.2,35.1,58.04,3.813,0.1438,0.0162,25.38,False,Normal,0,train
PUMP_03,2026-03-30 16:00:00,0.1392,48.83,33.39,60.44,4.061,0.145,0.0154,25.33,False,Normal,0,train
PUMP_03,2026-03-30 17:00:00,0.1412,50.97,32.74,55.18,3.945,0.1421,0.0138,25.29,False,Normal,0,train
PUMP_03,2026-03-30 18:00:00,0.1537,51.62,34.21,57.91,3.941,0.141,0.0122,25.25,False,Normal,0,train
PUMP_03,2026-03-30 19:00:00,0.1387,50.1,33.62,57.45,3.997,0.1438,0.0081,25.21,False,Normal,0,train
PUMP_03,2026-03-30 20:00:00,0.1471,50.0,33.89,56.79,3.894,0.1457,0.0071,25.17,False,Normal,0,train
PUMP_03,2026-03-30 21:00:00,0.1267,53.17,34.22,56.16,3.991,0.1411,0.0091,25.12,False,Normal,0,train
PUMP_03,2026-03-30 22:00:00,0.1503,51.02,34.34,59.32,3.912,0.143,0.0097,25.08,False,Normal,0,train
PUMP_03,2026-03-30 23:00:00,0.1273,46.92,34.34,58.24,3.897,0.1406,0.0117,25.04,False,Normal,0,train
PUMP_03,2026-03-31 00:00:00,0.1305,49.95,33.98,55.77,3.983,0.1368,0.0102,25.0,False,Chemical,0,train
PUMP_03,2026-03-31 01:00:00,0.145,50.3,34.26,56.87,4.098,0.1378,0.0108,24.96,False,Chemical,0,train
PUMP_03,2026-03-31 02:00:00,0.1632,49.6,33.89,57.34,4.058,0.1405,0.0148,24.92,False,Chemical,0,train
PUMP_03,2026-03-31 03:00:00,0.1579,51.89,33.8,56.11,3.956,0.1457,0.0145,24.88,False,Chemical,0,train
PUMP_03,2026-03-31 04:00:00,0.1468,49.51,33.99,58.11,3.987,0.1451,0.0143,24.83,False,Chemical,0,train
PUMP_03,2026-03-31 05:00:00,0.1728,48.52,34.35,58.31,3.957,0.1527,0.015,24.79,False,Chemical,0,train
PUMP_03,2026-03-31 06:00:00,0.1648,48.93,33.61,58.29,3.904,0.1584,0.0108,24.75,False,Chemical,0,train
PUMP_03,2026-03-31 07:00:00,0.1753,51.01,34.13,60.42,3.916,0.1635,0.0104,24.71,False,Chemical,0,train
PUMP_03,2026-03-31 08:00:00,0.1453,47.97,33.72,56.87,4.021,0.1605,0.0128,24.67,False,Chemical,0,train
PUMP_03,2026-03-31 09:00:00,0.1786,49.26,33.56,57.43,3.942,0.1639,0.0146,24.62,False,Chemical,0,train
PUMP_03,2026-03-31 10:00:00,0.1787,51.27,34.63,57.37,3.995,0.1693,0.0128,24.58,False,Chemical,0,train
PUMP_03,2026-03-31 11:00:00,0.1663,47.96,34.22,59.03,3.918,0.1682,0.0127,24.54,False,Chemical,0,train
PUMP_03,2026-03-31 12:00:00,0.1573,48.44,34.23,58.89,4.063,0.1669,0.0135,24.5,False,Chemical,0,train
PUMP_03,2026-03-31 13:00:00,0.1549,47.46,33.43,56.64,4.051,0.1635,0.0135,24.46,False,Chemical,0,train
PUMP_03,2026-03-31 14:00:00,0.15,48.66,33.85,59.73,4.125,0.1643,0.0123,24.42,False,Chemical,0,train
PUMP_03,2026-03-31 15:00:00,0.1223,49.22,34.36,56.91,4.109,0.1549,0.0189,24.38,False,Chemical,0,train
PUMP_03,2026-03-31 16:00:00,0.1324,49.64,34.22,59.02,3.926,0.1472,0.0166,24.33,False,Chemical,0,train
PUMP_03,2026-03-31 17:00:00,0.1388,48.62,35.54,58.95,3.931,0.1426,0.0138,24.29,False,Chemical,0,train
PUMP_03,2026-03-31 18:00:00,0.1245,49.43,34.13,58.48,4.028,0.1372,0.0133,24.25,False,Chemical,0,train
PUMP_03,2026-03-31 19:00:00,0.1619,51.47,33.6,57.6,3.929,0.1383,0.0153,24.21,False,Chemical,0,train
PUMP_03,2026-03-31 20:00:00,0.1488,50.5,33.74,57.63,4.019,0.1381,0.0152,24.17,False,Chemical,0,train
PUMP_03,2026-03-31 21:00:00,0.1697,53.2,33.49,58.58,3.972,0.146,0.0174,24.12,False,Chemical,0,train
PUMP_03,2026-03-31 22:00:00,0.1569,48.99,33.61,58.63,4.073,0.1501,0.0165,24.08,False,Chemical,0,train
PUMP_03,2026-03-31 23:00:00,0.1265,49.33,34.06,58.85,4.076,0.148,0.0188,24.04,False,Chemical,0,train
PUMP_03,2026-04-01 00:00:00,0.1696,50.23,33.72,58.85,3.975,0.1556,0.0163,24.0,False,Chemical,0,train
PUMP_03,2026-04-01 01:00:00,0.1458,49.23,34.8,58.41,3.854,0.1529,0.0164,23.96,False,Chemical,0,train
PUMP_03,2026-04-01 02:00:00,0.1755,49.96,34.53,59.7,4.081,0.1573,0.0185,23.92,False,Chemical,0,train
PUMP_03,2026-04-01 03:00:00,0.1797,47.12,34.52,57.28,3.951,0.159,0.0202,23.88,False,Chemical,0,train
PUMP_03,2026-04-01 04:00:00,0.1789,49.44,33.85,58.05,3.998,0.1627,0.0217,23.83,False,Chemical,0,train
PUMP_03,2026-04-01 05:00:00,0.1758,51.32,34.55,57.33,3.989,0.1709,0.0128,23.79,False,Chemical,0,train
PUMP_03,2026-04-01 06:00:00,0.1665,52.86,34.61,60.93,4.031,0.1704,0.0129,23.75,False,Chemical,0,train
PUMP_03,2026-04-01 07:00:00,0.1595,52.17,34.96,58.92,3.95,0.1726,0.008,23.71,False,Chemical,0,train
PUMP_03,2026-04-01 08:00:00,0.1869,50.19,33.68,59.22,3.911,0.1746,0.0099,23.67,False,Chemical,0,train
PUMP_03,2026-04-01 09:00:00,0.1612,50.72,34.01,58.54,4.012,0.1715,0.0108,23.62,False,Chemical,0,train
PUMP_03,2026-04-01 10:00:00,0.1492,50.5,33.55,57.93,4.066,0.1665,0.0133,23.58,False,Chemical,0,train
PUMP_03,2026-04-01 11:00:00,0.1592,49.17,35.58,61.2,3.99,0.1638,0.0127,23.54,False,Chemical,0,train
PUMP_03,2026-04-01 12:00:00,0.1672,48.56,33.88,59.46,3.99,0.1639,0.0127,23.5,False,Chemical,0,train
PUMP_03,2026-04-01 13:00:00,0.1641,50.37,34.77,57.62,3.905,0.1646,0.0125,23.46,False,Chemical,0,train
PUMP_03,2026-04-01 14:00:00,0.1287,49.83,34.09,57.67,4.041,0.1549,0.0142,23.42,False,Chemical,0,train
PUMP_03,2026-04-01 15:00:00,0.1591,51.26,34.53,58.27,4.047,0.1546,0.0141,23.38,False,Chemical,0,train
PUMP_03,2026-04-01 16:00:00,0.1517,46.43,33.99,57.35,3.991,0.155,0.0139,23.33,False,Chemical,0,train
PUMP_03,2026-04-01 17:00:00,0.1352,49.74,34.55,57.58,3.922,0.151,0.0158,23.29,False,Chemical,0,train
PUMP_03,2026-04-01 18:00:00,0.1276,51.81,34.17,56.18,4.007,0.1444,0.0159,23.25,False,Chemical,0,train
PUMP_03,2026-04-01 19:00:00,0.1618,50.86,35.02,55.13,4.013,0.144,0.0154,23.21,False,Chemical,0,train
PUMP_03,2026-04-01 20:00:00,0.1643,48.53,34.18,60.37,3.997,0.15,0.0152,23.17,False,Chemical,0,train
PUMP_03,2026-04-01 21:00:00,0.1665,48.04,33.57,57.39,3.913,0.1512,0.0163,23.12,False,Chemical,0,train
PUMP_03,2026-04-01 22:00:00,0.1254,49.93,34.31,57.64,4.02,0.1468,0.0194,23.08,False,Chemical,0,train
PUMP_03,2026-04-01 23:00:00,0.1443,51.18,34.01,58.08,4.013,0.1483,0.0186,23.04,False,Chemical,0,train
PUMP_03,2026-04-02 00:00:00,0.1509,50.77,33.41,58.84,4.034,0.1522,0.0157,23.0,False,Chemical,0,train
PUMP_03,2026-04-02 01:00:00,0.1751,50.17,34.23,58.93,3.989,0.1544,0.018,22.96,False,Chemical,0,train
PUMP_03,2026-04-02 02:00:00,0.1671,50.96,33.63,59.23,4.103,0.1549,0.0184,22.92,False,Chemical,0,train
PUMP_03,2026-04-02 03:00:00,0.1537,50.39,33.86,58.69,4.0,0.1528,0.0175,22.88,False,Chemical,0,train
PUMP_03,2026-04-02 04:00:00,0.1611,50.9,34.02,57.68,4.112,0.1587,0.0113,22.83,False,Chemical,0,train
PUMP_03,2026-04-02 05:00:00,0.1704,51.41,32.78,59.52,4.018,0.163,0.0095,22.79,False,Chemical,0,train
PUMP_03,2026-04-02 06:00:00,0.1712,49.33,33.74,57.79,3.907,0.1664,0.0078,22.75,False,Chemical,0,train
PUMP_03,2026-04-02 07:00:00,0.1849,48.67,34.55,59.24,4.067,0.1681,0.0105,22.71,False,Chemical,0,train
PUMP_03,2026-04-02 08:00:00,0.1805,51.09,33.88,56.15,3.971,0.1703,0.0116,22.67,False,Chemical,0,train
PUMP_03,2026-04-02 09:00:00,0.1758,49.23,32.86,59.56,3.964,0.174,0.0084,22.62,False,Chemical,0,train
PUMP_03,2026-04-02 10:00:00,0.1435,47.08,33.95,56.93,4.083,0.171,0.0146,22.58,False,Chemical,0,train
PUMP_03,2026-04-02 11:00:00,0.142,52.14,34.29,56.26,3.9,0.1663,0.0188,22.54,False,Chemical,0,train
PUMP_03,2026-04-02 12:00:00,0.1351,50.38,33.82,56.44,3.86,0.1603,0.0224,22.5,False,Chemical,0,train
PUMP_03,2026-04-02 13:00:00,0.1538,50.31,33.84,58.24,3.982,0.1551,0.0189,22.46,False,Chemical,0,train
PUMP_03,2026-04-02 14:00:00,0.138,49.72,33.73,60.74,4.024,0.148,0.015,22.42,False,Chemical,0,train
PUMP_03,2026-04-02 15:00:00,0.1519,51.26,34.37,57.76,4.069,0.144,0.0075,22.38,False,Chemical,0,train
PUMP_03,2026-04-02 16:00:00,0.1524,48.08,33.51,57.87,4.012,0.1455,0.0082,22.33,False,Chemical,0,train
PUMP_03,2026-04-02 17:00:00,0.144,50.01,34.33,58.92,3.82,0.1459,0.008,22.29,False,Chemical,0,train
PUMP_03,2026-04-02 18:00:00,0.1536,50.42,33.84,57.31,3.922,0.149,0.0065,22.25,False,Chemical,0,train
PUMP_03,2026-04-02 19:00:00,0.1311,50.83,34.75,57.82,3.899,0.1452,0.0092,22.21,False,Chemical,0,train
PUMP_03,2026-04-02 20:00:00,0.1196,47.44,33.71,57.58,3.849,0.1421,0.0139,22.17,False,Chemical,0,train
PUMP_03,2026-04-02 21:00:00,0.1328,50.89,33.33,60.36,3.986,0.1389,0.0134,22.12,False,Chemical,0,train
PUMP_03,2026-04-02 22:00:00,0.158,49.37,34.37,58.09,4.041,0.1398,0.0146,22.08,False,Chemical,0,train
PUMP_03,2026-04-02 23:00:00,0.1755,49.02,34.3,58.9,4.078,0.1451,0.0208,22.04,False,Chemical,0,train
PUMP_03,2026-04-03 00:00:00,0.1727,47.66,34.25,57.15,4.04,0.1483,0.0236,22.0,False,Chemical,0,train
PUMP_03,2026-04-03 01:00:00,0.1501,53.35,34.51,56.63,3.955,0.1514,0.0221,21.96,False,Chemical,0,train
PUMP_03,2026-04-03 02:00:00,0.1699,49.81,33.4,58.8,4.087,0.1598,0.0164,21.92,False,Chemical,0,train
PUMP_03,2026-04-03 03:00:00,0.1368,50.37,33.53,58.3,3.983,0.1605,0.0151,21.88,False,Chemical,0,train
PUMP_03,2026-04-03 04:00:00,0.1824,48.42,34.79,59.24,4.005,0.1646,0.0174,21.83,False,Chemical,0,train
PUMP_03,2026-04-03 05:00:00,0.1681,47.71,34.26,56.94,3.947,0.1633,0.0167,21.79,False,Chemical,0,train
PUMP_03,2026-04-03 06:00:00,0.1725,51.22,33.73,57.89,3.98,0.1633,0.0167,21.75,False,Chemical,0,train
PUMP_03,2026-04-03 07:00:00,0.1316,47.98,32.94,56.45,3.966,0.1602,0.0208,21.71,False,Chemical,0,train
PUMP_03,2026-04-03 08:00:00,0.1662,51.96,33.25,57.41,3.889,0.1596,0.0205,21.67,False,Chemical,0,train
PUMP_03,2026-04-03 09:00:00,0.1854,52.7,33.43,56.27,4.051,0.1677,0.0193,21.62,False,Chemical,0,train
PUMP_03,2026-04-03 10:00:00,0.1601,48.84,33.66,57.66,4.013,0.164,0.018,21.58,False,Chemical,0,train
PUMP_03,2026-04-03 11:00:00,0.1519,49.31,34.18,59.57,4.064,0.1613,0.0185,21.54,False,Chemical,0,train
PUMP_03,2026-04-03 12:00:00,0.1469,46.19,33.18,56.97,3.944,0.157,0.0183,21.5,False,Chemical,0,train
PUMP_03,2026-04-03 13:00:00,0.1373,47.39,33.68,56.96,4.056,0.158,0.0168,21.46,False,Chemical,0,train
PUMP_03,2026-04-03 14:00:00,0.1471,50.95,33.24,57.8,3.874,0.1548,0.0167,21.42,False,Chemical,0,train
PUMP_03,2026-04-03 15:00:00,0.1254,51.88,33.75,57.78,4.043,0.1448,0.0121,21.38,False,Chemical,0,train
PUMP_03,2026-04-03 16:00:00,0.1488,48.83,35.43,58.92,4.054,0.1429,0.0099,21.33,False,Chemical,0,train
PUMP_03,2026-04-03 17:00:00,0.1577,49.05,34.71,56.44,3.917,0.1439,0.0111,21.29,False,Chemical,0,train
PUMP_03,2026-04-03 18:00:00,0.1343,47.63,34.34,55.0,4.089,0.1418,0.0116,21.25,False,Chemical,0,train
PUMP_03,2026-04-03 19:00:00,0.1468,48.3,33.69,58.08,4.125,0.1434,0.0115,21.21,False,Chemical,0,train
PUMP_03,2026-04-03 20:00:00,0.1411,51.99,33.35,60.03,3.954,0.1424,0.0114,21.17,False,Chemical,0,train
PUMP_03,2026-04-03 21:00:00,0.1496,50.47,33.95,57.77,4.116,0.1464,0.008,21.12,False,Chemical,0,train
PUMP_03,2026-04-03 22:00:00,0.1594,47.31,33.07,58.48,3.864,0.1482,0.0096,21.08,False,Chemical,0,train
PUMP_03,2026-04-03 23:00:00,0.1544,50.85,34.39,57.9,3.989,0.1476,0.009,21.04,False,Chemical,0,train
PUMP_03,2026-04-04 00:00:00,0.1637,53.56,33.88,58.89,3.791,0.1525,0.0083,21.0,False,Chemical,0,train
PUMP_03,2026-04-04 01:00:00,0.1612,49.41,33.98,57.65,4.074,0.1549,0.0084,20.96,False,Chemical,0,train
PUMP_03,2026-04-04 02:00:00,0.1688,49.0,33.0,57.91,3.878,0.1595,0.0068,20.92,False,Chemical,0,train
PUMP_03,2026-04-04 03:00:00,0.1627,50.88,34.03,59.97,3.844,0.1617,0.0048,20.88,False,Chemical,0,train
PUMP_03,2026-04-04 04:00:00,0.1646,51.52,33.86,59.38,4.021,0.1626,0.0048,20.83,False,Chemical,0,train
PUMP_03,2026-04-04 05:00:00,0.171,51.24,33.43,57.18,4.084,0.1653,0.0038,20.79,False,Chemical,0,train
PUMP_03,2026-04-04 06:00:00,0.16,49.54,34.14,57.21,3.969,0.1647,0.0044,20.75,False,Chemical,0,train
PUMP_03,2026-04-04 07:00:00,0.1676,49.39,33.77,57.3,4.012,0.1658,0.0041,20.71,False,Chemical,0,train
PUMP_03,2026-04-04 08:00:00,0.1466,47.43,34.19,56.66,4.142,0.1621,0.0085,20.67,False,Chemical,0,train
PUMP_03,2026-04-04 09:00:00,0.1313,48.18,34.38,57.35,3.926,0.1569,0.0151,20.62,False,Chemical,0,train
PUMP_03,2026-04-04 10:00:00,0.1579,50.57,33.36,57.87,3.923,0.1557,0.0147,20.58,False,Chemical,0,train
PUMP_03,2026-04-04 11:00:00,0.1422,49.23,34.08,57.09,4.089,0.1509,0.0133,20.54,False,Chemical,0,train
PUMP_03,2026-04-04 12:00:00,0.1807,50.41,34.07,58.64,4.021,0.1544,0.018,20.5,False,Chemical,0,train
PUMP_03,2026-04-04 13:00:00,0.1373,49.69,34.77,56.02,4.117,0.1493,0.0178,20.46,False,Chemical,0,train
PUMP_03,2026-04-04 14:00:00,0.1585,50.14,34.53,56.62,3.9,0.1513,0.0181,20.42,False,Chemical,0,train
PUMP_03,2026-04-04 15:00:00,0.1344,50.09,33.82,58.83,3.861,0.1518,0.0174,20.38,False,Chemical,0,train
PUMP_03,2026-04-04 16:00:00,0.1433,51.18,33.78,60.32,3.889,0.1494,0.0175,20.33,False,Chemical,0,train
PUMP_03,2026-04-04 17:00:00,0.1261,51.34,34.13,58.35,4.061,0.1467,0.0199,20.29,False,Chemical,0,train
PUMP_03,2026-04-04 18:00:00,0.1245,50.05,33.37,57.05,4.101,0.1374,0.0125,20.25,False,Chemical,0,train
PUMP_03,2026-04-04 19:00:00,0.1474,49.78,33.46,56.72,4.091,0.139,0.0132,20.21,False,Chemical,0,train
PUMP_03,2026-04-04 20:00:00,0.1384,50.04,33.77,57.61,4.05,0.1357,0.0092,20.17,False,Chemical,0,train
PUMP_03,2026-04-04 21:00:00,0.1573,48.92,32.62,59.58,4.107,0.1395,0.0126,20.12,False,Chemical,0,train
PUMP_03,2026-04-04 22:00:00,0.1671,51.74,33.46,58.68,3.958,0.1435,0.017,20.08,False,Chemical,0,train
PUMP_03,2026-04-04 23:00:00,0.1271,49.27,33.86,56.59,3.849,0.1436,0.0168,20.04,False,Chemical,0,train
PUMP_03,2026-04-05 00:00:00,0.1695,49.88,35.72,58.51,3.879,0.1511,0.0166,20.0,False,Chemical,0,train
PUMP_03,2026-04-05 01:00:00,0.1415,50.39,33.68,59.8,3.892,0.1502,0.0171,19.96,False,Chemical,0,train
PUMP_03,2026-04-05 02:00:00,0.1536,50.6,34.47,59.5,3.854,0.1527,0.0161,19.92,False,Chemical,0,train
PUMP_03,2026-04-05 03:00:00,0.1398,50.55,33.96,59.69,3.901,0.1498,0.0166,19.88,False,Chemical,0,train
PUMP_03,2026-04-05 04:00:00,0.1421,49.95,34.34,59.06,3.936,0.1456,0.0144,19.83,False,Chemical,0,train
PUMP_03,2026-04-05 05:00:00,0.1347,52.63,33.44,56.56,4.059,0.1469,0.0127,19.79,False,Chemical,0,train
PUMP_03,2026-04-05 06:00:00,0.1584,50.29,33.16,57.14,4.035,0.145,0.009,19.75,False,Chemical,0,train
PUMP_03,2026-04-05 07:00:00,0.1653,49.81,34.92,60.2,4.133,0.149,0.0119,19.71,False,Chemical,0,train
PUMP_03,2026-04-05 08:00:00,0.158,52.89,33.3,57.71,3.914,0.1497,0.0124,19.67,False,Chemical,0,train
PUMP_03,2026-04-05 09:00:00,0.1354,49.04,34.99,55.85,4.043,0.149,0.0132,19.62,False,Chemical,0,train
PUMP_03,2026-04-05 10:00:00,0.1311,52.9,33.89,58.86,4.119,0.1472,0.015,19.58,False,Chemical,0,train
PUMP_03,2026-04-05 11:00:00,0.1585,47.23,33.62,59.41,3.974,0.1511,0.0142,19.54,False,Chemical,0,train
PUMP_03,2026-04-05 12:00:00,0.1678,49.63,33.81,58.05,3.98,0.1527,0.0156,19.5,False,Chemical,0,train
PUMP_03,2026-04-05 13:00:00,0.1574,47.74,35.09,58.81,4.127,0.1514,0.0146,19.46,False,Chemical,0,train
PUMP_03,2026-04-05 14:00:00,0.1795,48.21,33.71,57.17,3.988,0.155,0.0186,19.42,False,Chemical,0,train
PUMP_03,2026-04-05 15:00:00,0.1492,50.94,33.91,57.61,4.132,0.1572,0.0165,19.38,False,Chemical,0,train
PUMP_03,2026-04-05 16:00:00,0.1532,50.7,34.73,56.0,3.9,0.1609,0.011,19.33,False,Chemical,0,train
PUMP_03,2026-04-05 17:00:00,0.1474,49.37,34.43,56.89,4.148,0.1591,0.0124,19.29,False,Chemical,0,train
PUMP_03,2026-04-05 18:00:00,0.1359,52.75,35.4,59.91,4.12,0.1538,0.0145,19.25,False,Chemical,0,train
PUMP_03,2026-04-05 19:00:00,0.1458,52.01,34.86,54.22,3.944,0.1518,0.0147,19.21,False,Chemical,0,train
PUMP_03,2026-04-05 20:00:00,0.1622,50.24,33.75,57.74,3.996,0.149,0.0087,19.17,False,Chemical,0,train
PUMP_03,2026-04-05 21:00:00,0.1647,47.62,34.95,57.57,3.923,0.1515,0.0108,19.12,False,Chemical,0,train
PUMP_03,2026-04-05 22:00:00,0.1592,51.78,33.02,58.93,3.983,0.1525,0.0113,19.08,False,Chemical,0,train
PUMP_03,2026-04-05 23:00:00,0.1803,49.63,34.65,55.66,3.898,0.158,0.0155,19.04,False,Chemical,0,train
PUMP_03,2026-04-06 00:00:00,0.1664,50.81,33.8,57.32,3.882,0.1631,0.0112,19.0,False,Chemical,0,train
PUMP_03,2026-04-06 01:00:00,0.1673,51.58,34.55,57.53,3.925,0.1667,0.0073,18.96,False,Chemical,0,train
PUMP_03,2026-04-06 02:00:00,0.1877,49.79,35.38,58.73,4.109,0.1709,0.0108,18.92,False,Chemical,0,train
PUMP_03,2026-04-06 03:00:00,0.1568,52.32,33.21,58.24,3.878,0.1696,0.0121,18.88,False,Chemical,0,train
PUMP_03,2026-04-06 04:00:00,0.1909,49.85,34.77,56.28,4.137,0.1749,0.0135,18.83,False,Chemical,0,train
PUMP_03,2026-04-06 05:00:00,0.1562,51.24,34.73,57.87,4.102,0.1709,0.015,18.79,False,Chemical,0,train
PUMP_03,2026-04-06 06:00:00,0.1675,51.58,34.63,57.35,4.135,0.1711,0.015,18.75,False,Chemical,0,train
PUMP_03,2026-04-06 07:00:00,0.1439,51.83,33.65,58.84,4.058,0.1672,0.0187,18.71,False,Chemical,0,train
PUMP_03,2026-04-06 08:00:00,0.1746,53.09,34.19,58.0,4.163,0.165,0.0165,18.67,False,Chemical,0,train
PUMP_03,2026-04-06 09:00:00,0.1895,49.25,33.67,60.4,3.917,0.1704,0.0185,18.62,False,Chemical,0,train
PUMP_03,2026-04-06 10:00:00,0.1538,48.8,34.51,57.52,4.142,0.1642,0.0164,18.58,False,Chemical,0,train
PUMP_03,2026-04-06 11:00:00,0.1616,50.03,33.48,57.64,4.277,0.1652,0.016,18.54,False,Chemical,0,train
PUMP_03,2026-04-06 12:00:00,0.1602,55.09,34.01,57.69,4.014,0.1639,0.0161,18.5,False,Chemical,0,train
PUMP_03,2026-04-06 13:00:00,0.1581,52.57,34.66,58.11,4.031,0.1663,0.0133,18.46,False,Chemical,0,train
PUMP_03,2026-04-06 14:00:00,0.1436,49.73,33.85,59.36,3.963,0.1611,0.0153,18.42,False,Chemical,0,train
PUMP_03,2026-04-06 15:00:00,0.1582,50.05,34.06,57.83,4.043,0.1559,0.0066,18.38,False,Chemical,0,train
PUMP_03,2026-04-06 16:00:00,0.1799,50.56,33.76,57.89,4.053,0.1603,0.0116,18.33,False,Chemical,0,train
PUMP_03,2026-04-06 17:00:00,0.1482,51.01,34.46,58.81,3.85,0.158,0.0126,18.29,False,Chemical,0,train
PUMP_03,2026-04-06 18:00:00,0.1593,51.58,34.23,57.25,4.089,0.1579,0.0125,18.25,False,Chemical,0,train
PUMP_03,2026-04-06 19:00:00,0.1599,51.65,33.88,59.15,4.13,0.1582,0.0126,18.21,False,Chemical,0,train
PUMP_03,2026-04-06 20:00:00,0.152,52.44,33.95,57.95,3.972,0.1596,0.011,18.17,False,Chemical,0,train
PUMP_03,2026-04-06 21:00:00,0.1641,53.66,34.43,57.33,4.009,0.1606,0.0111,18.12,False,Chemical,0,train
PUMP_03,2026-04-06 22:00:00,0.1566,50.47,33.71,56.22,4.112,0.1567,0.0058,18.08,False,Chemical,0,train
PUMP_03,2026-04-06 23:00:00,0.1714,50.37,34.33,57.11,3.971,0.1606,0.0066,18.04,False,Chemical,0,train
PUMP_03,2026-04-07 00:00:00,0.1671,50.16,34.38,58.2,4.106,0.1618,0.0071,18.0,False,Chemical,0,train
PUMP_03,2026-04-07 01:00:00,0.1501,50.31,34.46,58.34,4.07,0.1602,0.0086,17.96,False,Chemical,0,train
PUMP_03,2026-04-07 02:00:00,0.147,51.29,34.06,58.12,4.235,0.1594,0.0097,17.92,False,Chemical,0,train
PUMP_03,2026-04-07 03:00:00,0.1444,51.71,34.75,56.7,4.039,0.1561,0.0111,17.88,False,Chemical,0,train
PUMP_03,2026-04-07 04:00:00,0.1723,53.36,34.97,58.23,4.008,0.1587,0.0129,17.83,False,Chemical,0,train
PUMP_03,2026-04-07 05:00:00,0.1923,49.72,34.79,56.63,4.071,0.1622,0.0186,17.79,False,Chemical,0,train
PUMP_03,2026-04-07 06:00:00,0.1697,51.34,34.54,56.98,4.062,0.1626,0.0187,17.75,False,Chemical,0,train
PUMP_03,2026-04-07 07:00:00,0.177,49.56,33.57,59.82,4.184,0.1671,0.0184,17.71,False,Chemical,0,train
PUMP_03,2026-04-07 08:00:00,0.1703,51.44,35.44,58.36,4.181,0.171,0.0155,17.67,False,Chemical,0,train
PUMP_03,2026-04-07 09:00:00,0.1665,54.86,34.47,59.04,3.998,0.1747,0.0093,17.62,False,Chemical,0,train
PUMP_03,2026-04-07 10:00:00,0.2104,50.66,34.63,60.23,4.042,0.181,0.0171,17.58,False,Chemical,0,train
PUMP_03,2026-04-07 11:00:00,0.1634,54.57,34.03,58.45,4.003,0.1762,0.0174,17.54,False,Chemical,0,train
PUMP_03,2026-04-07 12:00:00,0.153,49.65,34.34,59.68,3.99,0.1734,0.0198,17.5,False,Chemical,0,train
PUMP_03,2026-04-07 13:00:00,0.1577,50.23,35.18,59.01,3.8,0.1702,0.0206,17.46,False,Chemical,0,train
PUMP_03,2026-04-07 14:00:00,0.1703,50.42,34.95,57.69,4.197,0.1702,0.0206,17.42,False,Chemical,0,train
PUMP_03,2026-04-07 15:00:00,0.1589,51.22,34.3,58.39,4.009,0.169,0.0211,17.38,False,Chemical,0,train
PUMP_03,2026-04-07 16:00:00,0.1707,50.74,35.42,57.67,4.028,0.1623,0.0071,17.33,False,Chemical,0,train
PUMP_03,2026-04-07 17:00:00,0.1549,52.14,33.9,59.32,4.287,0.1609,0.0077,17.29,False,Chemical,0,train
PUMP_03,2026-04-07 18:00:00,0.1571,46.89,33.51,59.79,4.015,0.1616,0.007,17.25,False,Chemical,0,train
PUMP_03,2026-04-07 19:00:00,0.1561,49.56,33.37,56.97,4.053,0.1613,0.0072,17.21,False,Chemical,0,train
PUMP_03,2026-04-07 20:00:00,0.1668,53.89,35.01,57.56,4.09,0.1607,0.0065,17.17,False,Chemical,0,train
PUMP_03,2026-04-07 21:00:00,0.181,48.95,34.13,58.2,4.097,0.1644,0.0103,17.12,False,Chemical,0,train
PUMP_03,2026-04-07 22:00:00,0.1851,50.55,34.47,57.66,4.022,0.1668,0.0133,17.08,False,Chemical,0,train
PUMP_03,2026-04-07 23:00:00,0.1968,52.02,35.22,58.37,4.162,0.1738,0.0164,17.04,False,Chemical,0,train
PUMP_03,2026-04-08 00:00:00,0.1591,51.05,34.77,59.1,4.086,0.1742,0.016,17.0,False,Chemical,0,train
PUMP_03,2026-04-08 01:00:00,0.1662,49.86,33.87,60.22,4.084,0.1758,0.0142,16.96,False,Chemical,0,train
PUMP_03,2026-04-08 02:00:00,0.171,51.82,35.57,58.08,4.022,0.1765,0.0138,16.92,False,Chemical,0,train
PUMP_03,2026-04-08 03:00:00,0.1872,52.43,34.43,58.04,4.067,0.1776,0.0144,16.88,False,Chemical,0,train
PUMP_03,2026-04-08 04:00:00,0.1732,50.3,34.58,59.16,4.156,0.1756,0.0139,16.83,False,Chemical,0,train
PUMP_03,2026-04-08 05:00:00,0.1805,51.82,34.2,58.66,4.158,0.1729,0.01,16.79,False,Chemical,0,train
PUMP_03,2026-04-08 06:00:00,0.202,52.52,33.96,56.86,4.047,0.18,0.0131,16.75,False,Chemical,0,train
PUMP_03,2026-04-08 07:00:00,0.2079,52.87,34.78,57.71,4.02,0.187,0.0152,16.71,False,Chemical,0,train
PUMP_03,2026-04-08 08:00:00,0.2018,51.83,33.79,58.34,4.154,0.1921,0.0138,16.67,False,Chemical,0,train
PUMP_03,2026-04-08 09:00:00,0.1951,53.86,34.61,59.7,4.109,0.1934,0.0137,16.62,False,Chemical,0,train
PUMP_03,2026-04-08 10:00:00,0.1788,51.38,35.63,60.11,4.156,0.1944,0.0121,16.58,False,Chemical,0,train
PUMP_03,2026-04-08 11:00:00,0.1871,49.86,35.14,57.52,4.01,0.1955,0.0108,16.54,False,Chemical,0,train
PUMP_03,2026-04-08 12:00:00,0.2019,51.02,34.82,57.88,4.087,0.1954,0.0108,16.5,False,Chemical,0,val
PUMP_03,2026-04-08 13:00:00,0.1926,53.19,34.05,59.85,4.16,0.1929,0.0089,16.46,False,Chemical,0,val
PUMP_03,2026-04-08 14:00:00,0.194,50.05,34.68,58.27,4.034,0.1916,0.0079,16.42,False,Chemical,0,val
PUMP_03,2026-04-08 15:00:00,0.1935,48.05,34.25,59.27,4.244,0.1913,0.0077,16.38,False,Chemical,0,val
PUMP_03,2026-04-08 16:00:00,0.1732,52.12,35.6,58.62,4.225,0.1904,0.0097,16.33,False,Chemical,0,val
PUMP_03,2026-04-08 17:00:00,0.1872,50.79,34.46,58.9,4.079,0.1904,0.0097,16.29,False,Chemical,0,val
PUMP_03,2026-04-08 18:00:00,0.1722,54.85,34.29,58.38,4.081,0.1854,0.0102,16.25,False,Chemical,0,val
PUMP_03,2026-04-08 19:00:00,0.1877,51.89,34.64,60.23,4.124,0.1846,0.0097,16.21,False,Chemical,0,val
PUMP_03,2026-04-08 20:00:00,0.1987,53.37,34.31,57.04,4.113,0.1854,0.0107,16.17,False,Chemical,0,val
PUMP_03,2026-04-08 21:00:00,0.2057,50.8,34.93,58.44,4.198,0.1874,0.0134,16.12,False,Chemical,0,val
PUMP_03,2026-04-08 22:00:00,0.1939,52.45,35.89,60.16,4.032,0.1909,0.0115,16.08,False,Chemical,0,val
PUMP_03,2026-04-08 23:00:00,0.1939,52.14,34.82,58.69,4.034,0.192,0.0114,16.04,False,Chemical,0,val
PUMP_03,2026-04-09 00:00:00,0.2119,53.67,34.27,58.82,4.127,0.1986,0.0088,16.0,False,Chemical,0,val
PUMP_03,2026-04-09 01:00:00,0.1813,51.91,34.74,60.11,4.146,0.1976,0.0106,15.96,False,Chemical,0,val
PUMP_03,2026-04-09 02:00:00,0.2189,50.86,34.08,59.53,4.105,0.2009,0.0138,15.92,False,Chemical,0,val
PUMP_03,2026-04-09 03:00:00,0.2018,53.22,36.58,60.0,4.181,0.2003,0.0136,15.88,False,Chemical,0,val
PUMP_03,2026-04-09 04:00:00,0.2041,50.61,35.95,60.44,4.22,0.202,0.0133,15.83,False,Chemical,0,val
PUMP_03,2026-04-09 05:00:00,0.1968,50.48,35.63,57.28,4.172,0.2025,0.013,15.79,False,Chemical,0,val
PUMP_03,2026-04-09 06:00:00,0.1869,51.66,35.34,58.48,4.143,0.1983,0.0134,15.75,False,Chemical,0,val
PUMP_03,2026-04-09 07:00:00,0.2268,51.26,34.8,58.05,4.098,0.2059,0.0146,15.71,False,Chemical,0,val
PUMP_03,2026-04-09 08:00:00,0.2103,51.8,34.83,59.44,4.123,0.2044,0.0135,15.67,False,Chemical,0,val
PUMP_03,2026-04-09 09:00:00,0.1977,50.79,34.79,60.31,4.009,0.2038,0.0137,15.62,False,Chemical,0,val
PUMP_03,2026-04-09 10:00:00,0.207,53.5,36.36,56.07,4.024,0.2043,0.0138,15.58,False,Chemical,0,val
PUMP_03,2026-04-09 11:00:00,0.1949,53.5,34.83,57.19,4.222,0.2039,0.014,15.54,False,Chemical,0,val
PUMP_03,2026-04-09 12:00:00,0.1723,53.11,34.62,56.61,4.263,0.2015,0.0182,15.5,False,Chemical,0,val
PUMP_03,2026-04-09 13:00:00,0.1932,52.98,34.91,58.08,4.015,0.1959,0.0134,15.46,False,Chemical,0,val
PUMP_03,2026-04-09 14:00:00,0.173,49.14,35.29,59.16,4.169,0.1897,0.014,15.42,False,Chemical,0,val
PUMP_03,2026-04-09 15:00:00,0.1961,52.11,32.9,61.06,4.005,0.1894,0.0139,15.38,False,Chemical,0,val
PUMP_03,2026-04-09 16:00:00,0.2154,53.24,35.24,57.56,4.26,0.1908,0.0162,15.33,False,Chemical,0,val
PUMP_03,2026-04-09 17:00:00,0.1815,53.99,33.49,62.01,4.129,0.1886,0.0165,15.29,False,Chemical,0,val
PUMP_03,2026-04-09 18:00:00,0.2033,51.69,35.91,59.78,4.333,0.1938,0.0151,15.25,False,Chemical,0,val
PUMP_03,2026-04-09 19:00:00,0.1828,53.98,34.01,59.84,4.082,0.192,0.0158,15.21,False,Chemical,0,val
PUMP_03,2026-04-09 20:00:00,0.1937,52.51,34.57,60.04,4.094,0.1955,0.0128,15.17,False,Chemical,0,val
PUMP_03,2026-04-09 21:00:00,0.183,48.2,33.91,57.5,4.168,0.1933,0.0137,15.12,False,Chemical,0,val
PUMP_03,2026-04-09 22:00:00,0.2081,51.94,36.16,58.5,4.21,0.1921,0.0115,15.08,False,Chemical,0,val
PUMP_03,2026-04-09 23:00:00,0.222,50.86,35.08,57.99,4.204,0.1988,0.0153,15.04,False,Chemical,0,val
PUMP_03,2026-04-10 00:00:00,0.2079,51.22,36.44,60.01,4.219,0.1996,0.0157,15.0,False,Chemical,0,val
PUMP_03,2026-04-10 01:00:00,0.2163,53.74,36.31,58.16,4.124,0.2052,0.0145,14.96,False,Chemical,0,val
PUMP_03,2026-04-10 02:00:00,0.2193,52.63,35.88,59.0,4.223,0.2094,0.0142,14.92,False,Chemical,0,val
PUMP_03,2026-04-10 03:00:00,0.2102,51.43,34.3,58.47,4.323,0.214,0.0061,14.88,False,Chemical,0,val
PUMP_03,2026-04-10 04:00:00,0.2358,51.22,35.25,61.0,4.211,0.2186,0.01,14.83,False,Chemical,0,val
PUMP_03,2026-04-10 05:00:00,0.21,52.92,35.98,58.57,4.083,0.2166,0.0104,14.79,False,Chemical,0,val
PUMP_03,2026-04-10 06:00:00,0.1952,52.01,35.41,57.99,4.184,0.2145,0.0134,14.75,False,Chemical,0,val
PUMP_03,2026-04-10 07:00:00,0.2052,53.35,34.97,59.91,3.995,0.2126,0.0138,14.71,False,Chemical,0,val
PUMP_03,2026-04-10 08:00:00,0.2279,51.09,35.41,59.27,4.21,0.214,0.015,14.67,False,Chemical,0,val
PUMP_03,2026-04-10 09:00:00,0.2119,51.79,35.48,61.05,4.022,0.2143,0.015,14.62,False,Chemical,0,val
PUMP_03,2026-04-10 10:00:00,0.2177,50.7,34.34,59.75,4.214,0.2113,0.0111,14.58,False,Chemical,0,val
PUMP_03,2026-04-10 11:00:00,0.2109,51.58,34.9,59.72,4.155,0.2115,0.0111,14.54,False,Chemical,0,val
PUMP_03,2026-04-10 12:00:00,0.2153,55.7,35.64,60.46,4.24,0.2148,0.0077,14.5,False,Chemical,0,val
PUMP_03,2026-04-10 13:00:00,0.227,51.35,35.79,59.98,4.165,0.2184,0.0074,14.46,False,Chemical,0,val
PUMP_03,2026-04-10 14:00:00,0.2317,51.77,35.42,60.39,4.276,0.2191,0.0084,14.42,False,Chemical,0,val
PUMP_03,2026-04-10 15:00:00,0.1929,51.27,35.05,60.31,4.211,0.2159,0.0136,14.38,False,Chemical,0,val
PUMP_03,2026-04-10 16:00:00,0.2205,52.26,35.19,59.08,4.255,0.2164,0.0138,14.33,False,Chemical,0,val
PUMP_03,2026-04-10 17:00:00,0.2091,52.45,34.86,58.05,4.137,0.2161,0.0139,14.29,False,Chemical,0,val
PUMP_03,2026-04-10 18:00:00,0.1881,54.41,35.27,59.29,4.135,0.2116,0.018,14.25,False,Chemical,0,val
PUMP_03,2026-04-10 19:00:00,0.2149,52.0,35.85,57.11,4.06,0.2095,0.0166,14.21,False,Chemical,0,val
PUMP_03,2026-04-10 20:00:00,0.2368,52.81,36.81,58.65,4.082,0.2104,0.018,14.17,False,Chemical,0,val
PUMP_03,2026-04-10 21:00:00,0.2003,49.85,34.65,59.08,4.183,0.2116,0.0168,14.12,False,Chemical,0,val
PUMP_03,2026-04-10 22:00:00,0.2107,51.39,36.14,61.13,4.182,0.21,0.0162,14.08,False,Chemical,0,val
PUMP_03,2026-04-10 23:00:00,0.1931,54.34,35.63,59.4,4.21,0.2073,0.0177,14.04,False,Chemical,0,val
PUMP_03,2026-04-11 00:00:00,0.2187,51.46,34.45,61.71,4.125,0.2124,0.0153,14.0,False,Chemical,0,val
PUMP_03,2026-04-11 01:00:00,0.2261,53.92,35.36,60.19,4.195,0.2143,0.0163,13.96,False,Chemical,0,val
PUMP_03,2026-04-11 02:00:00,0.2564,51.4,35.33,57.68,4.291,0.2176,0.0225,13.92,False,Chemical,0,val
PUMP_03,2026-04-11 03:00:00,0.2155,52.56,35.45,61.03,4.22,0.2201,0.0209,13.88,False,Chemical,0,val
PUMP_03,2026-04-11 04:00:00,0.2463,55.42,36.09,60.92,4.19,0.226,0.0227,13.83,False,Chemical,0,val
PUMP_03,2026-04-11 05:00:00,0.238,53.99,36.66,57.67,4.212,0.2335,0.0162,13.79,False,Chemical,0,val
PUMP_03,2026-04-11 06:00:00,0.268,49.97,36.27,60.57,4.29,0.2417,0.0194,13.75,False,Chemical,0,val
PUMP_03,2026-04-11 07:00:00,0.2375,57.76,35.63,61.45,4.206,0.2436,0.018,13.71,False,Chemical,0,val
PUMP_03,2026-04-11 08:00:00,0.2338,51.39,35.71,57.17,4.152,0.2398,0.0172,13.67,False,Chemical,0,val
PUMP_03,2026-04-11 09:00:00,0.2463,55.78,36.78,58.46,4.155,0.245,0.0124,13.62,False,Chemical,0,val
PUMP_03,2026-04-11 10:00:00,0.2396,52.34,34.91,60.91,4.154,0.2439,0.0125,13.58,False,Chemical,0,val
PUMP_03,2026-04-11 11:00:00,0.2446,51.19,36.3,59.58,4.154,0.245,0.0122,13.54,False,Chemical,0,val
PUMP_03,2026-04-11 12:00:00,0.2371,52.38,34.88,61.59,4.264,0.2398,0.0048,13.5,False,Chemical,0,val
PUMP_03,2026-04-11 13:00:00,0.2046,52.11,34.67,60.97,4.339,0.2343,0.0153,13.46,False,Chemical,0,val
PUMP_03,2026-04-11 14:00:00,0.2329,52.29,35.98,60.85,4.172,0.2342,0.0153,13.42,False,Chemical,0,val
PUMP_03,2026-04-11 15:00:00,0.2312,53.23,34.62,61.28,4.134,0.2317,0.0141,13.38,False,Chemical,0,val
PUMP_03,2026-04-11 16:00:00,0.2117,53.89,35.39,58.91,4.107,0.227,0.0155,13.33,False,Chemical,0,val
PUMP_03,2026-04-11 17:00:00,0.2269,55.33,36.47,59.54,4.348,0.2241,0.013,13.29,False,Chemical,0,val
PUMP_03,2026-04-11 18:00:00,0.1954,53.55,35.11,62.26,4.289,0.2171,0.0155,13.25,False,Chemical,0,val
PUMP_03,2026-04-11 19:00:00,0.2278,53.37,36.75,59.52,4.159,0.221,0.0146,13.21,False,Chemical,1,val
PUMP_03,2026-04-11 20:00:00,0.2359,52.2,34.33,61.28,4.227,0.2215,0.0151,13.17,False,Chemical,1,val
PUMP_03,2026-04-11 21:00:00,0.2424,52.89,36.33,59.74,4.33,0.2234,0.0171,13.12,False,Chemical,1,val
PUMP_03,2026-04-11 22:00:00,0.2413,52.58,34.89,59.08,4.214,0.2283,0.0174,13.08,False,Chemical,1,val
PUMP_03,2026-04-11 23:00:00,0.2206,51.3,35.61,58.83,4.29,0.2272,0.0177,13.04,False,Chemical,1,val
PUMP_03,2026-04-12 00:00:00,0.2152,57.22,35.87,60.7,4.21,0.2305,0.0112,13.0,False,Chemical,1,val
PUMP_03,2026-04-12 01:00:00,0.2547,53.78,35.59,61.62,4.201,0.235,0.0147,12.96,False,Chemical,1,val
PUMP_03,2026-04-12 02:00:00,0.2498,53.83,35.62,60.66,4.015,0.2373,0.0159,12.92,False,Chemical,1,val
PUMP_03,2026-04-12 03:00:00,0.2539,55.3,34.92,60.39,4.196,0.2393,0.0173,12.88,False,Chemical,1,val
PUMP_03,2026-04-12 04:00:00,0.274,49.63,36.65,58.73,4.187,0.2447,0.0225,12.83,False,Chemical,1,val
PUMP_03,2026-04-12 05:00:00,0.2264,56.89,35.08,60.12,4.274,0.2457,0.0213,12.79,False,Chemical,1,val
PUMP_03,2026-04-12 06:00:00,0.2787,52.27,35.09,60.36,4.254,0.2563,0.0188,12.75,False,Chemical,1,val
PUMP_03,2026-04-12 07:00:00,0.2436,52.27,35.79,59.1,4.252,0.2544,0.0195,12.71,False,Chemical,1,val
PUMP_03,2026-04-12 08:00:00,0.2641,52.81,35.44,60.7,4.314,0.2568,0.0197,12.67,False,Chemical,1,val
PUMP_03,2026-04-12 09:00:00,0.2507,55.13,36.38,59.37,4.053,0.2562,0.0198,12.62,False,Chemical,1,val
PUMP_03,2026-04-12 10:00:00,0.2444,56.9,35.57,59.74,4.238,0.2513,0.0181,12.58,False,Chemical,1,val
PUMP_03,2026-04-12 11:00:00,0.2253,56.17,35.91,61.16,4.15,0.2511,0.0184,12.54,False,Chemical,1,val
PUMP_03,2026-04-12 12:00:00,0.236,53.01,35.99,62.17,4.145,0.244,0.0131,12.5,False,Chemical,1,val
PUMP_03,2026-04-12 13:00:00,0.2513,51.07,36.52,62.08,4.224,0.2453,0.0135,12.46,False,Chemical,1,val
PUMP_03,2026-04-12 14:00:00,0.2479,53.17,35.64,60.12,4.251,0.2426,0.0102,12.42,False,Chemical,1,val
PUMP_03,2026-04-12 15:00:00,0.2556,52.87,34.96,60.97,4.292,0.2434,0.0111,12.38,False,Chemical,1,val
PUMP_03,2026-04-12 16:00:00,0.2301,51.39,35.5,61.09,4.288,0.241,0.0123,12.33,False,Chemical,1,val
PUMP_03,2026-04-12 17:00:00,0.2514,54.76,36.68,61.1,4.189,0.2454,0.01,12.29,False,Chemical,1,val
PUMP_03,2026-04-12 18:00:00,0.2417,53.92,36.22,60.52,4.242,0.2463,0.0092,12.25,False,Chemical,1,val
PUMP_03,2026-04-12 19:00:00,0.2513,54.7,35.81,61.94,4.374,0.2463,0.0092,12.21,False,Chemical,1,val
PUMP_03,2026-04-12 20:00:00,0.2512,55.07,36.08,59.67,4.39,0.2469,0.0094,12.17,False,Chemical,1,val
PUMP_03,2026-04-12 21:00:00,0.2388,55.03,35.9,59.06,4.239,0.2441,0.0088,12.12,False,Chemical,1,val
PUMP_03,2026-04-12 22:00:00,0.2525,53.94,36.55,60.87,4.273,0.2478,0.006,12.08,False,Chemical,1,val
PUMP_03,2026-04-12 23:00:00,0.2589,56.53,36.29,60.09,4.195,0.2491,0.0075,12.04,False,Chemical,1,val
PUMP_03,2026-04-13 00:00:00,0.2671,53.36,35.94,62.78,4.351,0.2533,0.0094,12.0,False,Chemical,1,val
PUMP_03,2026-04-13 01:00:00,0.2813,53.17,36.67,59.94,4.456,0.2583,0.0146,11.96,False,Chemical,1,val
PUMP_03,2026-04-13 02:00:00,0.2524,53.81,36.84,61.76,4.23,0.2585,0.0145,11.92,False,Chemical,1,val
PUMP_03,2026-04-13 03:00:00,0.2472,54.99,35.6,61.11,4.369,0.2599,0.0125,11.88,False,Chemical,1,val
PUMP_03,2026-04-13 04:00:00,0.2864,55.24,35.63,58.88,4.336,0.2656,0.0157,11.83,False,Chemical,1,val
PUMP_03,2026-04-13 05:00:00,0.2496,53.74,37.63,61.29,4.266,0.264,0.0169,11.79,False,Chemical,1,val
PUMP_03,2026-04-13 06:00:00,0.2855,53.8,36.58,59.82,4.226,0.2671,0.0191,11.75,False,Chemical,1,val
PUMP_03,2026-04-13 07:00:00,0.2568,56.27,37.22,63.5,4.481,0.263,0.0181,11.71,False,Chemical,1,val
PUMP_03,2026-04-13 08:00:00,0.2608,52.38,36.77,59.69,4.347,0.2644,0.0174,11.67,False,Chemical,1,val
PUMP_03,2026-04-13 09:00:00,0.2683,58.49,36.52,59.55,4.364,0.2679,0.0152,11.62,False,Chemical,1,val
PUMP_03,2026-04-13 10:00:00,0.2464,53.95,34.98,58.06,4.272,0.2612,0.0142,11.58,False,Chemical,1,val
PUMP_03,2026-04-13 11:00:00,0.2521,54.13,35.55,59.78,4.296,0.2616,0.0139,11.54,False,Chemical,1,val
PUMP_03,2026-04-13 12:00:00,0.2397,55.02,36.69,61.59,4.196,0.254,0.0102,11.5,False,Chemical,1,val
PUMP_03,2026-04-13 13:00:00,0.2731,55.29,35.77,59.5,4.356,0.2567,0.0129,11.46,False,Chemical,1,val
PUMP_03,2026-04-13 14:00:00,0.2613,53.55,36.24,61.38,4.268,0.2568,0.013,11.42,False,Chemical,1,val
PUMP_03,2026-04-13 15:00:00,0.2604,55.07,36.89,61.09,4.218,0.2555,0.0119,11.38,False,Chemical,1,val
PUMP_03,2026-04-13 16:00:00,0.2585,53.19,36.44,59.63,4.233,0.2575,0.0111,11.33,False,Chemical,1,val
PUMP_03,2026-04-13 17:00:00,0.259,53.72,36.62,60.67,4.497,0.2587,0.0108,11.29,False,Chemical,1,val
PUMP_03,2026-04-13 18:00:00,0.2525,52.25,37.23,59.71,4.282,0.2608,0.0068,11.25,False,Chemical,1,val
PUMP_03,2026-04-13 19:00:00,0.2752,54.9,37.3,61.89,4.337,0.2612,0.0075,11.21,False,Chemical,1,val
PUMP_03,2026-04-13 20:00:00,0.2362,54.45,36.39,58.69,4.214,0.257,0.0127,11.17,False,Chemical,1,val
PUMP_03,2026-04-13 21:00:00,0.2435,51.73,37.21,61.78,4.297,0.2542,0.0136,11.12,False,Chemical,1,val
PUMP_03,2026-04-13 22:00:00,0.2884,53.76,35.88,60.05,4.205,0.2591,0.0196,11.08,False,Chemical,1,val
PUMP_03,2026-04-13 23:00:00,0.2752,54.77,36.61,61.08,4.346,0.2618,0.0207,11.04,False,Chemical,1,val
PUMP_03,2026-04-14 00:00:00,0.2443,56.14,36.83,61.52,4.246,0.2605,0.0217,11.0,False,Chemical,1,val
PUMP_03,2026-04-14 01:00:00,0.2829,52.96,36.45,61.15,4.385,0.2618,0.0229,10.96,False,Chemical,1,val
PUMP_03,2026-04-14 02:00:00,0.2575,54.46,36.39,63.47,4.18,0.2653,0.0196,10.92,False,Chemical,1,val
PUMP_03,2026-04-14 03:00:00,0.3037,53.29,35.87,60.52,4.274,0.2753,0.0215,10.88,False,Chemical,1,val
PUMP_03,2026-04-14 04:00:00,0.3005,56.07,36.54,59.4,4.421,0.2774,0.0235,10.83,False,Chemical,1,val
PUMP_03,2026-04-14 05:00:00,0.3199,54.01,35.61,63.67,4.452,0.2848,0.0291,10.79,False,Chemical,1,val
PUMP_03,2026-04-14 06:00:00,0.2852,55.82,36.51,61.53,4.332,0.2916,0.0215,10.75,False,Chemical,1,val
PUMP_03,2026-04-14 07:00:00,0.2719,54.54,36.65,61.29,4.302,0.2898,0.0228,10.71,False,Chemical,1,val
PUMP_03,2026-04-14 08:00:00,0.2819,52.55,37.07,63.81,4.345,0.2938,0.0174,10.67,False,Chemical,1,val
PUMP_03,2026-04-14 09:00:00,0.2815,55.04,35.94,59.58,4.502,0.2902,0.0173,10.62,False,Chemical,1,val
PUMP_03,2026-04-14 10:00:00,0.2938,53.4,36.87,61.07,4.319,0.289,0.0167,10.58,False,Chemical,1,val
PUMP_03,2026-04-14 11:00:00,0.259,56.89,37.02,59.89,4.343,0.2789,0.012,10.54,False,Chemical,1,val
PUMP_03,2026-04-14 12:00:00,0.2847,57.97,36.68,61.08,4.26,0.2788,0.012,10.5,False,Chemical,1,val
PUMP_03,2026-04-14 13:00:00,0.2678,56.23,36.98,59.52,4.292,0.2781,0.0125,10.46,False,Chemical,1,val
PUMP_03,2026-04-14 14:00:00,0.2738,54.35,36.89,61.37,4.384,0.2768,0.0125,10.42,False,Chemical,1,val
PUMP_03,2026-04-14 15:00:00,0.301,55.37,35.19,61.3,4.422,0.28,0.016,10.38,False,Chemical,1,val
PUMP_03,2026-04-14 16:00:00,0.2946,55.81,36.21,61.26,4.377,0.2801,0.0162,10.33,False,Chemical,1,val
PUMP_03,2026-04-14 17:00:00,0.2904,57.04,38.07,58.6,4.422,0.2854,0.0126,10.29,False,Chemical,1,val
PUMP_03,2026-04-14 18:00:00,0.2895,55.16,37.19,62.27,4.278,0.2862,0.0127,10.25,False,Chemical,1,val
PUMP_03,2026-04-14 19:00:00,0.2772,56.09,36.46,61.09,4.272,0.2878,0.0104,10.21,False,Chemical,1,val
PUMP_03,2026-04-14 20:00:00,0.2823,52.99,37.05,64.55,4.426,0.2892,0.0085,10.17,False,Chemical,1,val
PUMP_03,2026-04-14 21:00:00,0.2619,55.91,37.28,60.85,4.326,0.2826,0.0119,10.12,False,Chemical,1,val
PUMP_03,2026-04-14 22:00:00,0.2699,54.29,37.79,60.67,4.273,0.2785,0.0112,10.08,False,Chemical,1,val
PUMP_03,2026-04-14 23:00:00,0.2936,55.68,36.65,61.65,4.385,0.2791,0.0119,10.04,False,Chemical,1,val
PUMP_03,2026-04-15 00:00:00,0.2784,54.09,36.55,60.0,4.378,0.2772,0.0108,10.0,False,Chemical,1,val
PUMP_03,2026-04-15 01:00:00,0.309,56.3,36.62,62.97,4.358,0.2825,0.0169,9.96,False,Chemical,1,val
PUMP_03,2026-04-15 02:00:00,0.3012,56.67,36.6,60.41,4.502,0.2857,0.0185,9.92,False,Chemical,1,val
PUMP_03,2026-04-15 03:00:00,0.3004,55.4,36.59,60.56,4.528,0.2921,0.015,9.88,False,Chemical,1,val
PUMP_03,2026-04-15 04:00:00,0.2983,54.48,37.09,62.58,4.457,0.2968,0.0103,9.83,False,Chemical,1,val
PUMP_03,2026-04-15 05:00:00,0.316,56.68,36.74,61.91,4.417,0.3006,0.0127,9.79,False,Chemical,1,val
PUMP_03,2026-04-15 06:00:00,0.3207,58.19,36.97,61.91,4.495,0.3076,0.0092,9.75,False,Chemical,1,val
PUMP_03,2026-04-15 07:00:00,0.2978,58.77,38.15,60.07,4.4,0.3057,0.01,9.71,False,Chemical,1,val
PUMP_03,2026-04-15 08:00:00,0.3031,56.52,36.47,62.89,4.374,0.306,0.0098,9.67,False,Chemical,1,val
PUMP_03,2026-04-15 09:00:00,0.3074,56.37,37.27,60.51,4.345,0.3072,0.0094,9.62,False,Chemical,1,val
PUMP_03,2026-04-15 10:00:00,0.3139,54.02,36.4,59.7,4.331,0.3098,0.0086,9.58,False,Chemical,1,val
PUMP_03,2026-04-15 11:00:00,0.3122,58.0,37.66,62.23,4.47,0.3092,0.0082,9.54,False,Chemical,1,val
PUMP_03,2026-04-15 12:00:00,0.3044,52.58,37.79,61.55,4.278,0.3065,0.006,9.5,False,Chemical,1,val
PUMP_03,2026-04-15 13:00:00,0.3148,57.88,36.62,61.55,4.353,0.3093,0.005,9.46,False,Chemical,1,val
PUMP_03,2026-04-15 14:00:00,0.3007,56.17,36.74,62.66,4.375,0.3089,0.0057,9.42,False,Chemical,1,val
PUMP_03,2026-04-15 15:00:00,0.2806,52.52,37.57,61.49,4.293,0.3044,0.013,9.38,False,Chemical,1,val
PUMP_03,2026-04-15 16:00:00,0.3209,56.71,37.03,59.8,4.376,0.3056,0.0142,9.33,False,Chemical,1,val
PUMP_03,2026-04-15 17:00:00,0.3155,56.0,38.06,61.51,4.417,0.3062,0.0146,9.29,False,Chemical,1,val
PUMP_03,2026-04-15 18:00:00,0.2807,55.6,36.51,62.29,4.495,0.3022,0.018,9.25,False,Chemical,1,val
PUMP_03,2026-04-15 19:00:00,0.3053,55.91,37.89,62.18,4.374,0.3006,0.017,9.21,False,Chemical,1,val
PUMP_03,2026-04-15 20:00:00,0.324,56.32,38.61,61.77,4.425,0.3045,0.0195,9.17,False,Chemical,1,val
PUMP_03,2026-04-15 21:00:00,0.3025,56.35,37.52,64.9,4.3,0.3082,0.0159,9.12,False,Chemical,1,val
PUMP_03,2026-04-15 22:00:00,0.3216,54.2,36.92,64.03,4.324,0.3083,0.016,9.08,False,Chemical,1,val
PUMP_03,2026-04-15 23:00:00,0.33,57.06,36.85,60.62,4.272,0.3107,0.0182,9.04,False,Chemical,1,val
PUMP_03,2026-04-16 00:00:00,0.3209,55.92,37.24,60.44,4.505,0.3174,0.011,9.0,False,Chemical,1,val
PUMP_03,2026-04-16 01:00:00,0.3525,58.91,37.76,63.69,4.403,0.3252,0.0162,8.96,False,Chemical,1,val
PUMP_03,2026-04-16 02:00:00,0.3335,57.85,36.48,63.4,4.449,0.3268,0.0165,8.92,False,Chemical,1,val
PUMP_03,2026-04-16 03:00:00,0.3283,58.06,37.21,63.92,4.475,0.3311,0.0116,8.88,False,Chemical,1,val
PUMP_03,2026-04-16 04:00:00,0.3267,59.43,37.49,61.64,4.501,0.332,0.0109,8.83,False,Chemical,1,val
PUMP_03,2026-04-16 05:00:00,0.3305,57.77,38.36,62.0,4.599,0.3321,0.0109,8.79,False,Chemical,1,val
PUMP_03,2026-04-16 06:00:00,0.324,56.49,38.57,60.08,4.437,0.3326,0.0103,8.75,False,Chemical,1,val
PUMP_03,2026-04-16 07:00:00,0.3164,52.91,37.39,62.41,4.386,0.3266,0.0059,8.71,False,Chemical,1,val
PUMP_03,2026-04-16 08:00:00,0.3195,57.14,36.82,61.5,4.501,0.3242,0.0054,8.67,False,Chemical,1,val
PUMP_03,2026-04-16 09:00:00,0.3302,59.41,37.59,61.35,4.637,0.3246,0.0057,8.62,False,Chemical,1,val
PUMP_03,2026-04-16 10:00:00,0.3433,58.2,37.63,63.42,4.407,0.3273,0.0096,8.58,False,Chemical,1,val
PUMP_03,2026-04-16 11:00:00,0.3347,56.13,38.26,62.14,4.389,0.328,0.0101,8.54,False,Chemical,1,val
PUMP_03,2026-04-16 12:00:00,0.3307,57.02,37.3,63.34,4.251,0.3291,0.0099,8.5,False,Chemical,1,val
PUMP_03,2026-04-16 13:00:00,0.3583,56.13,36.99,62.25,4.292,0.3361,0.0133,8.46,False,Chemical,1,val
PUMP_03,2026-04-16 14:00:00,0.3503,57.46,37.59,63.06,4.574,0.3412,0.0114,8.42,False,Chemical,1,val
PUMP_03,2026-04-16 15:00:00,0.3102,56.27,37.42,60.85,4.449,0.3379,0.0169,8.38,False,Chemical,1,val
PUMP_03,2026-04-16 16:00:00,0.3339,59.23,37.42,61.26,4.374,0.3364,0.0167,8.33,False,Chemical,1,val
PUMP_03,2026-04-16 17:00:00,0.3054,57.29,37.14,63.02,4.468,0.3315,0.021,8.29,False,Chemical,1,val
PUMP_03,2026-04-16 18:00:00,0.3279,57.54,36.92,64.53,4.678,0.331,0.0211,8.25,False,Chemical,1,test
PUMP_03,2026-04-16 19:00:00,0.3046,55.95,38.06,63.08,4.473,0.322,0.0184,8.21,False,Chemical,1,test
PUMP_03,2026-04-16 20:00:00,0.318,56.6,37.87,62.56,4.628,0.3167,0.0122,8.17,False,Chemical,1,test
PUMP_03,2026-04-16 21:00:00,0.339,55.53,37.25,64.37,4.402,0.3215,0.0145,8.12,False,Chemical,1,test
PUMP_03,2026-04-16 22:00:00,0.3259,59.43,38.25,62.33,4.597,0.3201,0.0135,8.08,False,Chemical,1,test
PUMP_03,2026-04-16 23:00:00,0.3199,56.57,36.67,61.66,4.437,0.3226,0.0115,8.04,False,Chemical,1,test
PUMP_03,2026-04-17 00:00:00,0.3294,57.62,37.55,62.64,4.423,0.3228,0.0116,8.0,False,Chemical,1,test
PUMP_03,2026-04-17 01:00:00,0.3291,55.09,37.94,63.11,4.412,0.3269,0.0076,7.96,False,Chemical,1,test
PUMP_03,2026-04-17 02:00:00,0.3528,55.6,38.5,61.16,4.464,0.3327,0.0116,7.92,False,Chemical,1,test
PUMP_03,2026-04-17 03:00:00,0.3677,57.11,37.52,62.86,4.57,0.3375,0.0186,7.88,False,Chemical,1,test
PUMP_03,2026-04-17 04:00:00,0.3493,57.06,38.55,60.66,4.456,0.3414,0.0181,7.83,False,Chemical,1,test
PUMP_03,2026-04-17 05:00:00,0.3697,57.93,37.5,62.4,4.583,0.3497,0.0177,7.79,False,Chemical,1,test
PUMP_03,2026-04-17 06:00:00,0.3469,60.62,38.4,62.59,4.442,0.3526,0.0149,7.75,False,Chemical,1,test
PUMP_03,2026-04-17 07:00:00,0.3547,54.62,38.94,62.77,4.496,0.3568,0.0096,7.71,False,Chemical,1,test
PUMP_03,2026-04-17 08:00:00,0.3829,59.15,37.35,60.48,4.462,0.3619,0.0139,7.67,False,Chemical,1,test
PUMP_03,2026-04-17 09:00:00,0.3529,58.47,38.06,62.97,4.652,0.3594,0.014,7.62,False,Chemical,1,test
PUMP_03,2026-04-17 10:00:00,0.3705,56.83,38.31,63.93,4.551,0.3629,0.0136,7.58,False,Chemical,1,test
PUMP_03,2026-04-17 11:00:00,0.3423,57.15,37.26,64.59,4.535,0.3584,0.0154,7.54,False,Chemical,1,test
PUMP_03,2026-04-17 12:00:00,0.3512,59.52,38.29,64.67,4.493,0.3591,0.0148,7.5,False,Chemical,1,test
PUMP_03,2026-04-17 13:00:00,0.337,57.78,37.71,62.98,4.471,0.3561,0.0174,7.46,False,Chemical,1,test
PUMP_03,2026-04-17 14:00:00,0.3495,57.43,37.56,65.95,4.439,0.3506,0.0115,7.42,False,Chemical,1,test
PUMP_03,2026-04-17 15:00:00,0.351,56.38,37.84,62.09,4.628,0.3502,0.0114,7.38,False,Chemical,1,test
PUMP_03,2026-04-17 16:00:00,0.3582,56.74,37.81,62.15,4.396,0.3482,0.0075,7.33,False,Chemical,1,test
PUMP_03,2026-04-17 17:00:00,0.3381,56.21,38.61,63.07,4.499,0.3475,0.0083,7.29,False,Chemical,1,test
PUMP_03,2026-04-17 18:00:00,0.345,59.4,38.15,64.06,4.601,0.3465,0.0081,7.25,False,Chemical,1,test
PUMP_03,2026-04-17 19:00:00,0.3667,56.93,39.56,63.87,4.399,0.3514,0.01,7.21,False,Chemical,1,test
PUMP_03,2026-04-17 20:00:00,0.3327,56.36,37.87,60.28,4.55,0.3486,0.0127,7.17,False,Chemical,1,test
PUMP_03,2026-04-17 21:00:00,0.3163,58.45,38.49,61.99,4.468,0.3428,0.0181,7.12,False,Chemical,1,test
PUMP_03,2026-04-17 22:00:00,0.3467,57.0,38.14,64.09,4.543,0.3409,0.0167,7.08,False,Chemical,1,test
PUMP_03,2026-04-17 23:00:00,0.3691,60.59,37.48,62.13,4.53,0.3461,0.0201,7.04,False,Chemical,1,test
PUMP_03,2026-04-18 00:00:00,0.3648,58.37,39.23,63.07,4.365,0.3494,0.0215,7.0,False,Chemical,1,test
PUMP_03,2026-04-18 01:00:00,0.3528,58.65,38.36,63.68,4.599,0.3471,0.0199,6.96,False,Chemical,1,test
PUMP_03,2026-04-18 02:00:00,0.3717,58.7,37.84,63.85,4.472,0.3536,0.0207,6.92,False,Chemical,1,test
PUMP_03,2026-04-18 03:00:00,0.3682,59.28,38.57,64.33,4.51,0.3622,0.0101,6.88,False,Chemical,1,test
PUMP_03,2026-04-18 04:00:00,0.3528,59.53,38.97,64.85,4.56,0.3632,0.0084,6.83,False,Chemical,1,test
PUMP_03,2026-04-18 05:00:00,0.3732,58.55,37.86,64.1,4.589,0.3639,0.0091,6.79,False,Chemical,1,test
PUMP_03,2026-04-18 06:00:00,0.3909,57.02,38.42,61.9,4.597,0.3683,0.0143,6.75,False,Chemical,1,test
PUMP_03,2026-04-18 07:00:00,0.3762,58.35,39.04,64.1,4.627,0.3722,0.0123,6.71,False,Chemical,1,test
PUMP_03,2026-04-18 08:00:00,0.3577,58.71,38.53,64.72,4.369,0.3698,0.0137,6.67,False,Chemical,1,test
PUMP_03,2026-04-18 09:00:00,0.4057,56.22,38.79,63.99,4.608,0.3761,0.0199,6.62,False,Chemical,1,test
PUMP_03,2026-04-18 10:00:00,0.3639,55.55,38.32,65.02,4.573,0.3779,0.0177,6.58,False,Chemical,1,test
PUMP_03,2026-04-18 11:00:00,0.383,56.92,37.55,63.78,4.53,0.3796,0.0177,6.54,False,Chemical,1,test
PUMP_03,2026-04-18 12:00:00,0.3884,55.86,38.37,63.37,4.598,0.3792,0.0174,6.5,False,Chemical,1,test
PUMP_03,2026-04-18 13:00:00,0.3807,58.09,38.2,62.53,4.654,0.3799,0.0173,6.46,False,Chemical,1,test
PUMP_03,2026-04-18 14:00:00,0.3695,57.71,38.49,66.01,4.512,0.3819,0.0148,6.42,False,Chemical,1,test
PUMP_03,2026-04-18 15:00:00,0.3447,59.04,38.25,62.34,4.697,0.3717,0.016,6.38,False,Chemical,1,test
PUMP_03,2026-04-18 16:00:00,0.389,60.01,38.7,63.62,4.68,0.3759,0.0168,6.33,False,Chemical,1,test
PUMP_03,2026-04-18 17:00:00,0.3539,59.42,38.41,63.22,4.62,0.371,0.0185,6.29,False,Chemical,1,test
PUMP_03,2026-04-18 18:00:00,0.3867,59.68,39.13,62.07,4.495,0.3707,0.0182,6.25,False,Chemical,1,test
PUMP_03,2026-04-18 19:00:00,0.3902,60.49,39.03,64.77,4.768,0.3723,0.0196,6.21,False,Chemical,1,test
PUMP_03,2026-04-18 20:00:00,0.3573,58.62,38.13,64.32,4.621,0.3703,0.0205,6.17,False,Chemical,1,test
PUMP_03,2026-04-18 21:00:00,0.3597,55.24,39.46,64.04,4.613,0.3728,0.0175,6.12,False,Chemical,1,test
PUMP_03,2026-04-18 22:00:00,0.3755,56.57,38.29,63.02,4.613,0.3706,0.0158,6.08,False,Chemical,1,test
PUMP_03,2026-04-18 23:00:00,0.3986,59.98,38.07,64.48,4.651,0.378,0.0168,6.04,False,Chemical,1,test
PUMP_03,2026-04-19 00:00:00,0.3795,59.57,39.4,63.52,4.684,0.3768,0.0163,6.0,False,Chemical,1,test
PUMP_03,2026-04-19 01:00:00,0.3935,60.36,38.44,64.43,4.61,0.3774,0.0169,5.96,False,Chemical,1,test
PUMP_03,2026-04-19 02:00:00,0.3881,63.62,38.87,65.6,4.515,0.3825,0.0141,5.92,False,Chemical,1,test
PUMP_03,2026-04-19 03:00:00,0.4105,59.73,38.06,60.97,4.7,0.3909,0.0128,5.88,False,Chemical,1,test
PUMP_03,2026-04-19 04:00:00,0.3919,59.3,38.63,65.14,4.555,0.3937,0.0104,5.83,False,Chemical,1,test
PUMP_03,2026-04-19 05:00:00,0.3926,60.0,38.81,66.81,4.543,0.3927,0.0101,5.79,False,Chemical,1,test
PUMP_03,2026-04-19 06:00:00,0.3894,57.74,38.66,66.05,4.621,0.3943,0.0082,5.75,False,Chemical,1,test
PUMP_03,2026-04-19 07:00:00,0.3896,60.7,38.61,64.94,4.592,0.3937,0.0084,5.71,False,Chemical,1,test
PUMP_03,2026-04-19 08:00:00,0.4216,59.35,38.96,65.51,4.662,0.3993,0.0135,5.67,False,Chemical,1,test
PUMP_03,2026-04-19 09:00:00,0.3998,62.17,39.56,63.04,4.68,0.3975,0.0124,5.62,False,Chemical,1,test
PUMP_03,2026-04-19 10:00:00,0.3899,57.29,38.42,64.38,4.599,0.3971,0.0126,5.58,False,Chemical,1,test
PUMP_03,2026-04-19 11:00:00,0.3778,59.74,37.49,63.94,4.649,0.3947,0.0149,5.54,False,Chemical,1,test
PUMP_03,2026-04-19 12:00:00,0.3973,58.83,39.77,63.58,4.603,0.396,0.0147,5.5,False,Chemical,1,test
PUMP_03,2026-04-19 13:00:00,0.3875,58.22,38.65,65.36,4.706,0.3956,0.0149,5.46,False,Chemical,1,test
PUMP_03,2026-04-19 14:00:00,0.3833,60.79,38.73,63.96,4.687,0.3893,0.0083,5.42,False,Chemical,1,test
PUMP_03,2026-04-19 15:00:00,0.3859,59.42,38.76,62.0,4.708,0.3869,0.0065,5.38,False,Chemical,1,test
PUMP_03,2026-04-19 16:00:00,0.3988,61.94,38.32,64.78,4.631,0.3884,0.0082,5.33,False,Chemical,1,test
PUMP_03,2026-04-19 17:00:00,0.3797,59.19,38.9,64.24,4.677,0.3888,0.0077,5.29,False,Chemical,1,test
PUMP_03,2026-04-19 18:00:00,0.3932,59.44,38.99,65.13,4.7,0.3881,0.0069,5.25,False,Chemical,1,test
PUMP_03,2026-04-19 19:00:00,0.4125,63.09,39.44,63.84,4.722,0.3922,0.0121,5.21,False,Chemical,1,test
PUMP_03,2026-04-19 20:00:00,0.3931,58.09,38.87,62.29,4.718,0.3939,0.0113,5.17,False,Chemical,1,test
PUMP_03,2026-04-19 21:00:00,0.3881,58.98,37.76,63.21,4.657,0.3942,0.011,5.12,False,Chemical,1,test
PUMP_03,2026-04-19 22:00:00,0.423,55.56,38.44,63.31,4.578,0.3983,0.0162,5.08,False,Chemical,1,test
PUMP_03,2026-04-19 23:00:00,0.4094,59.57,39.94,63.2,4.713,0.4032,0.0138,5.04,False,Chemical,1,test
PUMP_03,2026-04-20 00:00:00,0.4118,61.32,38.78,63.79,4.712,0.4063,0.0131,5.0,False,Chemical,1,test
PUMP_03,2026-04-20 01:00:00,0.4259,60.94,39.64,65.36,4.591,0.4085,0.0153,4.96,False,Chemical,1,test
PUMP_03,2026-04-20 02:00:00,0.4203,60.58,38.9,62.86,4.749,0.4131,0.0138,4.92,False,Chemical,1,test
PUMP_03,2026-04-20 03:00:00,0.4258,59.1,39.84,65.6,4.697,0.4194,0.0071,4.88,False,Chemical,1,test
PUMP_03,2026-04-20 04:00:00,0.4039,60.17,39.44,63.05,4.677,0.4162,0.0092,4.83,False,Chemical,1,test
PUMP_03,2026-04-20 05:00:00,0.417,59.9,38.53,64.14,4.707,0.4174,0.0085,4.79,False,Chemical,1,test
PUMP_03,2026-04-20 06:00:00,0.459,60.53,38.72,64.58,4.767,0.4253,0.0184,4.75,False,Chemical,1,test
PUMP_03,2026-04-20 07:00:00,0.4162,60.85,38.55,64.29,4.82,0.4237,0.0187,4.71,False,Chemical,1,test
PUMP_03,2026-04-20 08:00:00,0.433,60.1,40.01,65.43,4.694,0.4258,0.019,4.67,False,Chemical,1,test
PUMP_03,2026-04-20 09:00:00,0.4576,60.71,38.73,64.58,4.683,0.4311,0.023,4.62,False,Chemical,1,test
PUMP_03,2026-04-20 10:00:00,0.4408,60.57,39.29,64.55,4.753,0.4373,0.0188,4.58,False,Chemical,1,test
PUMP_03,2026-04-20 11:00:00,0.4336,59.75,39.48,61.91,4.6,0.44,0.0163,4.54,False,Chemical,1,test
PUMP_03,2026-04-20 12:00:00,0.4157,60.92,39.69,65.27,4.779,0.4328,0.0158,4.5,False,Chemical,1,test
PUMP_03,2026-04-20 13:00:00,0.4169,58.93,39.3,67.07,4.604,0.4329,0.0157,4.46,False,Chemical,1,test
PUMP_03,2026-04-20 14:00:00,0.4204,61.16,38.65,64.25,4.606,0.4308,0.0165,4.42,False,Chemical,1,test
PUMP_03,2026-04-20 15:00:00,0.4291,59.27,38.9,65.66,4.843,0.4261,0.0101,4.38,False,Chemical,1,test
PUMP_03,2026-04-20 16:00:00,0.4427,60.94,39.01,63.91,4.555,0.4264,0.0106,4.33,False,Chemical,1,test
PUMP_03,2026-04-20 17:00:00,0.4255,61.72,38.08,66.11,4.829,0.425,0.01,4.29,False,Chemical,1,test
PUMP_03,2026-04-20 18:00:00,0.416,59.68,39.95,65.58,4.852,0.4251,0.01,4.25,False,Chemical,1,test
PUMP_03,2026-04-20 19:00:00,0.4245,62.66,40.02,64.54,4.757,0.4264,0.0092,4.21,False,Chemical,1,test
PUMP_03,2026-04-20 20:00:00,0.4359,63.84,39.09,64.49,4.781,0.429,0.0093,4.17,False,Chemical,1,test
PUMP_03,2026-04-20 21:00:00,0.4359,60.22,40.54,65.81,4.61,0.4301,0.0098,4.12,False,Chemical,1,test
PUMP_03,2026-04-20 22:00:00,0.4303,61.02,39.72,65.12,4.699,0.428,0.0076,4.08,False,Chemical,1,test
PUMP_03,2026-04-20 23:00:00,0.4208,63.1,40.31,63.62,4.77,0.4272,0.0082,4.04,False,Chemical,1,test
PUMP_03,2026-04-21 00:00:00,0.4575,58.63,40.29,63.29,4.771,0.4342,0.0129,4.0,False,Chemical,1,test
PUMP_03,2026-04-21 01:00:00,0.4411,61.42,39.77,65.86,4.783,0.4369,0.0122,3.96,False,Chemical,1,test
PUMP_03,2026-04-21 02:00:00,0.4523,60.97,38.66,64.26,4.777,0.4396,0.0137,3.92,False,Chemical,1,test
PUMP_03,2026-04-21 03:00:00,0.4417,62.81,40.02,65.25,4.755,0.4406,0.0136,3.88,False,Chemical,1,test
PUMP_03,2026-04-21 04:00:00,0.4441,61.14,40.23,65.94,4.659,0.4429,0.0126,3.83,False,Chemical,1,test
PUMP_03,2026-04-21 05:00:00,0.4642,62.23,39.55,63.82,4.787,0.4502,0.0094,3.79,False,Chemical,1,test
PUMP_03,2026-04-21 06:00:00,0.4392,60.36,40.06,64.07,4.671,0.4471,0.0096,3.75,False,Chemical,1,test
PUMP_03,2026-04-21 07:00:00,0.4416,63.07,39.97,67.27,4.736,0.4472,0.0095,3.71,False,Chemical,1,test
PUMP_03,2026-04-21 08:00:00,0.4818,60.01,39.44,64.85,4.879,0.4521,0.0172,3.67,False,Chemical,1,test
PUMP_03,2026-04-21 09:00:00,0.4712,63.04,39.97,66.6,4.646,0.457,0.0178,3.62,False,Chemical,1,test
PUMP_03,2026-04-21 10:00:00,0.4641,61.89,39.75,68.41,4.764,0.4604,0.0168,3.58,False,Chemical,1,test
PUMP_03,2026-04-21 11:00:00,0.4405,58.29,40.31,65.72,4.846,0.4564,0.0184,3.54,False,Chemical,1,test
PUMP_03,2026-04-21 12:00:00,0.4585,61.96,39.75,64.43,4.831,0.4596,0.0164,3.5,False,Chemical,1,test
PUMP_03,2026-04-21 13:00:00,0.4526,62.82,39.7,65.64,4.807,0.4614,0.0144,3.46,False,Chemical,1,test
PUMP_03,2026-04-21 14:00:00,0.4459,60.11,39.17,65.29,4.732,0.4555,0.0114,3.42,False,Chemical,1,test
PUMP_03,2026-04-21 15:00:00,0.4503,60.73,41.5,65.63,4.894,0.452,0.0085,3.38,False,Chemical,1,test
PUMP_03,2026-04-21 16:00:00,0.4297,62.18,39.93,66.43,4.694,0.4462,0.0101,3.33,False,Chemical,1,test
PUMP_03,2026-04-21 17:00:00,0.4203,61.33,39.54,66.6,4.85,0.4429,0.0147,3.29,False,Chemical,1,test
PUMP_03,2026-04-21 18:00:00,0.4566,62.63,40.61,63.23,4.81,0.4426,0.0144,3.25,False,Chemical,1,test
PUMP_03,2026-04-21 19:00:00,0.4561,61.87,40.38,67.09,4.738,0.4432,0.0149,3.21,False,Chemical,1,test
PUMP_03,2026-04-21 20:00:00,0.4596,60.25,40.62,66.02,4.773,0.4454,0.0164,3.17,False,Chemical,1,test
PUMP_03,2026-04-21 21:00:00,0.4702,65.77,40.71,65.03,4.952,0.4488,0.0193,3.12,False,Chemical,1,test
PUMP_03,2026-04-21 22:00:00,0.4696,61.81,41.0,66.63,4.717,0.4554,0.0183,3.08,False,Chemical,1,test
PUMP_03,2026-04-21 23:00:00,0.4877,62.56,39.72,64.51,4.672,0.4666,0.0121,3.04,False,Chemical,1,test
PUMP_03,2026-04-22 00:00:00,0.4869,65.07,40.47,64.6,4.765,0.4717,0.0133,3.0,False,Chemical,1,test
PUMP_03,2026-04-22 01:00:00,0.4739,63.76,39.46,67.1,4.852,0.4746,0.0109,2.96,False,Chemical,1,test
PUMP_03,2026-04-22 02:00:00,0.479,63.33,40.25,65.94,4.936,0.4779,0.008,2.92,False,Chemical,1,test
PUMP_03,2026-04-22 03:00:00,0.4832,64.14,40.86,67.77,4.827,0.48,0.0073,2.88,False,Chemical,1,test
PUMP_03,2026-04-22 04:00:00,0.4596,63.43,39.94,65.1,4.698,0.4784,0.0105,2.83,False,Chemical,1,test
PUMP_03,2026-04-22 05:00:00,0.4986,63.47,41.84,66.3,4.839,0.4802,0.0131,2.79,False,Chemical,1,test
PUMP_03,2026-04-22 06:00:00,0.4952,63.54,40.54,66.44,4.903,0.4816,0.0143,2.75,False,Chemical,1,test
PUMP_03,2026-04-22 07:00:00,0.4624,62.49,39.47,66.49,4.863,0.4797,0.0162,2.71,False,Chemical,1,test
PUMP_03,2026-04-22 08:00:00,0.5107,64.4,41.0,66.78,4.88,0.485,0.0205,2.67,False,Chemical,1,test
PUMP_03,2026-04-22 09:00:00,0.4806,63.84,41.93,66.62,4.693,0.4845,0.0206,2.62,False,Chemical,1,test
PUMP_03,2026-04-22 10:00:00,0.4843,59.43,39.28,66.12,4.739,0.4886,0.0167,2.58,False,Chemical,1,test
PUMP_03,2026-04-22 11:00:00,0.4828,64.2,41.08,63.79,4.839,0.486,0.0161,2.54,False,Chemical,1,test
PUMP_03,2026-04-22 12:00:00,0.481,61.78,40.08,67.19,4.943,0.4836,0.0155,2.5,False,Chemical,1,test
PUMP_03,2026-04-22 13:00:00,0.5181,63.38,40.66,63.33,4.792,0.4929,0.0169,2.46,False,Chemical,1,test
PUMP_03,2026-04-22 14:00:00,0.477,60.56,39.93,64.73,4.875,0.4873,0.0153,2.42,False,Chemical,1,test
PUMP_03,2026-04-22 15:00:00,0.4752,62.24,41.26,65.4,4.875,0.4864,0.0159,2.38,False,Chemical,1,test
PUMP_03,2026-04-22 16:00:00,0.48,62.61,40.58,67.36,4.781,0.4857,0.0161,2.33,False,Chemical,1,test
PUMP_03,2026-04-22 17:00:00,0.4672,64.01,41.49,66.03,4.809,0.4831,0.0178,2.29,False,Chemical,1,test
PUMP_03,2026-04-22 18:00:00,0.4852,62.37,40.2,68.58,4.869,0.4838,0.0178,2.25,False,Chemical,1,test
PUMP_03,2026-04-22 19:00:00,0.47,60.05,40.72,64.7,4.845,0.4758,0.0066,2.21,False,Chemical,1,test
PUMP_03,2026-04-22 20:00:00,0.4921,62.61,39.48,65.07,4.943,0.4783,0.0094,2.17,False,Chemical,1,test
PUMP_03,2026-04-22 21:00:00,0.4717,62.82,42.45,63.72,4.847,0.4777,0.0097,2.12,False,Chemical,1,test
PUMP_03,2026-04-22 22:00:00,0.4818,64.39,42.06,65.07,4.954,0.478,0.0099,2.08,False,Chemical,1,test
PUMP_03,2026-04-22 23:00:00,0.4792,63.71,42.25,65.72,4.858,0.48,0.0083,2.04,False,Chemical,1,test
PUMP_03,2026-04-23 00:00:00,0.4901,62.39,41.88,68.27,4.891,0.4808,0.0091,2.0,False,Chemical,1,test
PUMP_03,2026-04-23 01:00:00,0.4751,64.0,40.63,67.79,4.957,0.4817,0.0081,1.96,False,Chemical,1,test
PUMP_03,2026-04-23 02:00:00,0.4689,66.38,40.98,66.85,4.887,0.4778,0.0077,1.92,False,Chemical,1,test
PUMP_03,2026-04-23 03:00:00,0.504,65.44,41.21,66.23,4.865,0.4832,0.0124,1.88,False,Chemical,1,test
PUMP_03,2026-04-23 04:00:00,0.4886,60.86,41.28,67.55,4.897,0.4843,0.0126,1.83,False,Chemical,1,test
PUMP_03,2026-04-23 05:00:00,0.5399,67.49,40.43,68.19,4.977,0.4944,0.0254,1.79,False,Chemical,1,test
PUMP_03,2026-04-23 06:00:00,0.5101,65.6,40.42,65.91,4.935,0.4978,0.0261,1.75,False,Chemical,1,test
PUMP_03,2026-04-23 07:00:00,0.527,66.25,40.33,66.06,4.74,0.5064,0.0256,1.71,False,Chemical,1,test
PUMP_03,2026-04-23 08:00:00,0.5212,61.64,40.9,66.23,4.857,0.5151,0.0181,1.67,False,Chemical,1,test
PUMP_03,2026-04-23 09:00:00,0.5003,63.35,40.99,64.7,4.861,0.5145,0.0186,1.62,False,Chemical,1,test
PUMP_03,2026-04-23 10:00:00,0.5091,64.9,40.94,68.26,4.968,0.5179,0.0143,1.58,False,Chemical,1,test
PUMP_03,2026-04-23 11:00:00,0.5253,62.38,41.38,66.14,4.771,0.5155,0.0106,1.54,False,Chemical,1,test
PUMP_03,2026-04-23 12:00:00,0.523,64.9,40.43,66.52,4.95,0.5176,0.0106,1.5,False,Chemical,1,test
PUMP_03,2026-04-23 13:00:00,0.5245,66.61,40.77,68.65,4.981,0.5172,0.0102,1.46,False,Chemical,1,test
PUMP_03,2026-04-23 14:00:00,0.5005,63.71,40.85,66.28,4.985,0.5138,0.0119,1.42,False,Chemical,1,test
PUMP_03,2026-04-23 15:00:00,0.5183,66.81,41.82,68.48,4.93,0.5168,0.01,1.38,False,Chemical,1,test
PUMP_03,2026-04-23 16:00:00,0.5001,65.36,41.48,64.89,4.811,0.5153,0.0119,1.33,False,Chemical,1,test
PUMP_03,2026-04-23 17:00:00,0.5246,61.57,41.58,67.7,4.923,0.5152,0.0117,1.29,False,Chemical,1,test
PUMP_03,2026-04-23 18:00:00,0.525,63.1,40.85,66.52,5.064,0.5155,0.012,1.25,False,Chemical,1,test
PUMP_03,2026-04-23 19:00:00,0.4913,66.11,41.46,65.19,4.902,0.51,0.0145,1.21,False,Chemical,1,test
PUMP_03,2026-04-23 20:00:00,0.5183,62.95,40.99,65.75,5.127,0.5129,0.0139,1.17,False,Chemical,1,test
PUMP_03,2026-04-23 21:00:00,0.5006,66.17,41.04,67.31,5.021,0.51,0.0144,1.12,False,Chemical,1,test
PUMP_03,2026-04-23 22:00:00,0.5328,65.51,41.73,66.02,4.948,0.5154,0.016,1.08,False,Chemical,1,test
PUMP_03,2026-04-23 23:00:00,0.5071,65.11,41.14,67.67,4.98,0.5125,0.0156,1.04,False,Chemical,1,test
PUMP_03,2026-04-24 00:00:00,0.5327,63.83,41.49,66.34,4.996,0.5138,0.0171,1.0,False,Chemical,1,test
PUMP_03,2026-04-24 01:00:00,0.5428,65.2,41.42,65.32,4.923,0.5224,0.0165,0.96,False,Chemical,1,test
PUMP_03,2026-04-24 02:00:00,0.5364,67.32,40.9,68.46,4.939,0.5254,0.0172,0.92,False,Chemical,1,test
PUMP_03,2026-04-24 03:00:00,0.5516,64.26,41.29,67.68,5.135,0.5339,0.015,0.88,False,Chemical,1,test
PUMP_03,2026-04-24 04:00:00,0.546,65.81,41.32,65.2,5.098,0.5361,0.0157,0.83,False,Chemical,1,test
PUMP_03,2026-04-24 05:00:00,0.5673,67.95,41.45,68.17,4.952,0.5461,0.0124,0.79,False,Chemical,1,test
PUMP_03,2026-04-24 06:00:00,0.5289,65.38,40.63,67.57,4.923,0.5455,0.0133,0.75,False,Chemical,1,test
PUMP_03,2026-04-24 07:00:00,0.5406,64.3,41.3,66.94,4.861,0.5451,0.0134,0.71,False,Chemical,1,test
PUMP_03,2026-04-24 08:00:00,0.5179,64.34,42.31,67.01,5.164,0.542,0.0173,0.67,False,Chemical,1,test
PUMP_03,2026-04-24 09:00:00,0.5419,62.01,42.05,69.12,5.077,0.5404,0.0167,0.62,False,Chemical,1,test
PUMP_03,2026-04-24 10:00:00,0.5277,63.37,41.57,67.93,5.098,0.5374,0.0172,0.58,False,Chemical,1,test
PUMP_03,2026-04-24 11:00:00,0.5236,65.74,41.13,69.24,4.958,0.5301,0.0095,0.54,False,Chemical,1,test
PUMP_03,2026-04-24 12:00:00,0.5198,66.74,41.92,68.18,4.956,0.5286,0.0104,0.5,False,Chemical,1,test
PUMP_03,2026-04-24 13:00:00,0.5347,64.7,42.47,67.92,4.934,0.5276,0.0092,0.46,False,Chemical,1,test
PUMP_03,2026-04-24 14:00:00,0.5445,66.82,42.82,66.76,4.758,0.532,0.01,0.42,False,Chemical,1,test
PUMP_03,2026-04-24 15:00:00,0.547,66.78,41.62,67.89,4.944,0.5329,0.0112,0.38,False,Chemical,1,test
PUMP_03,2026-04-24 16:00:00,0.5546,64.33,41.33,68.96,5.043,0.5374,0.0138,0.33,False,Chemical,1,test
PUMP_03,2026-04-24 17:00:00,0.554,64.64,42.28,67.86,5.041,0.5424,0.0133,0.29,False,Chemical,1,test
PUMP_03,2026-04-24 18:00:00,0.5239,63.57,42.23,70.12,4.975,0.5431,0.0119,0.25,False,Chemical,1,test
PUMP_03,2026-04-24 19:00:00,0.5313,66.75,42.05,69.05,5.08,0.5426,0.0124,0.21,False,Chemical,1,test
PUMP_03,2026-04-24 20:00:00,0.5476,65.69,41.69,66.42,4.977,0.5431,0.0126,0.17,False,Chemical,1,test
PUMP_03,2026-04-24 21:00:00,0.5507,67.07,41.31,67.31,5.096,0.5437,0.0129,0.12,False,Chemical,1,test
PUMP_03,2026-04-24 22:00:00,0.5717,65.7,42.52,68.73,5.098,0.5465,0.017,0.08,False,Chemical,1,test
PUMP_03,2026-04-24 23:00:00,0.5503,64.43,42.68,66.12,5.106,0.5459,0.0168,0.04,False,Chemical,1,test
PUMP_03,2026-04-25 00:00:00,0.5701,67.06,41.95,67.85,5.05,0.5536,0.0152,0.0,False,Chemical,1,test
PUMP_04,2026-03-01 00:00:00,0.1376,47.64,34.54,58.62,4.075,0.1376,0.0,85.0,False,Normal,0,train
PUMP_04,2026-03-01 01:00:00,0.1748,52.48,34.57,57.14,3.882,0.1562,0.0263,84.96,False,Normal,0,train
PUMP_04,2026-03-01 02:00:00,0.1681,49.8,34.53,58.0,4.006,0.1602,0.0198,84.92,False,Normal,0,train
PUMP_04,2026-03-01 03:00:00,0.1748,49.68,34.06,56.63,4.058,0.1638,0.0178,84.88,False,Normal,0,train
PUMP_04,2026-03-01 04:00:00,0.166,52.5,34.37,59.57,4.026,0.1643,0.0154,84.83,False,Normal,0,train
PUMP_04,2026-03-01 05:00:00,0.1634,49.48,33.46,56.92,3.992,0.1641,0.0138,84.79,False,Normal,0,train
PUMP_04,2026-03-01 06:00:00,0.1743,48.23,33.75,57.11,4.11,0.1702,0.005,84.75,False,Normal,0,train
PUMP_04,2026-03-01 07:00:00,0.1734,47.92,34.68,59.37,4.067,0.17,0.0048,84.71,False,Normal,0,train
PUMP_04,2026-03-01 08:00:00,0.1632,49.99,35.22,58.33,4.176,0.1692,0.0056,84.67,False,Normal,0,train
PUMP_04,2026-03-01 09:00:00,0.1585,51.31,34.2,60.15,3.91,0.1665,0.0062,84.62,False,Normal,0,train
PUMP_04,2026-03-01 10:00:00,0.1694,49.57,32.02,59.07,3.958,0.167,0.0063,84.58,False,Normal,0,train
PUMP_04,2026-03-01 11:00:00,0.137,49.83,34.21,59.32,3.995,0.1626,0.0139,84.54,False,Normal,0,train
PUMP_04,2026-03-01 12:00:00,0.1455,48.83,34.85,56.75,4.104,0.1578,0.0141,84.5,False,Normal,0,train
PUMP_04,2026-03-01 13:00:00,0.1265,49.22,33.82,58.42,4.059,0.15,0.0165,84.46,False,Normal,0,train
PUMP_04,2026-03-01 14:00:00,0.1307,52.36,33.4,60.19,3.968,0.1446,0.0167,84.42,False,Normal,0,train
PUMP_04,2026-03-01 15:00:00,0.1461,49.79,34.58,56.69,3.922,0.1425,0.0153,84.38,False,Normal,0,train
PUMP_04,2026-03-01 16:00:00,0.153,48.84,33.79,58.01,3.913,0.1398,0.0101,84.33,False,Normal,0,train
PUMP_04,2026-03-01 17:00:00,0.1677,52.46,33.78,57.88,4.139,0.1449,0.015,84.29,False,Normal,0,train
PUMP_04,2026-03-01 18:00:00,0.1383,49.58,33.0,58.33,3.998,0.1437,0.0152,84.25,False,Normal,0,train
PUMP_04,2026-03-01 19:00:00,0.1343,49.73,33.01,58.91,4.016,0.145,0.0137,84.21,False,Normal,0,train
PUMP_04,2026-03-01 20:00:00,0.1402,49.61,34.5,58.16,3.92,0.1466,0.0122,84.17,False,Normal,0,train
PUMP_04,2026-03-01 21:00:00,0.1466,47.55,33.26,60.43,4.002,0.1467,0.0122,84.12,False,Normal,0,train
PUMP_04,2026-03-01 22:00:00,0.172,49.36,35.06,55.17,3.931,0.1498,0.0161,84.08,False,Normal,0,train
PUMP_04,2026-03-01 23:00:00,0.1475,50.3,35.2,54.78,4.011,0.1465,0.0135,84.04,False,Normal,0,train
PUMP_04,2026-03-02 00:00:00,0.1336,49.35,33.37,57.7,3.973,0.1457,0.0142,84.0,False,Normal,0,train
PUMP_04,2026-03-02 01:00:00,0.1584,51.46,33.59,59.53,3.943,0.1497,0.0137,83.96,False,Normal,0,train
PUMP_04,2026-03-02 02:00:00,0.1563,48.48,34.42,57.81,4.096,0.1524,0.013,83.92,False,Normal,0,train
PUMP_04,2026-03-02 03:00:00,0.1565,50.41,34.92,57.49,4.102,0.154,0.0128,83.88,False,Normal,0,train
PUMP_04,2026-03-02 04:00:00,0.1546,49.2,34.1,55.72,4.04,0.1512,0.0094,83.83,False,Normal,0,train
PUMP_04,2026-03-02 05:00:00,0.1907,51.38,33.61,57.63,3.856,0.1584,0.0183,83.79,False,Normal,0,train
PUMP_04,2026-03-02 06:00:00,0.1524,52.27,33.77,57.36,3.915,0.1615,0.0145,83.75,False,Normal,0,train
PUMP_04,2026-03-02 07:00:00,0.1366,51.81,34.07,57.8,3.919,0.1579,0.0177,83.71,False,Normal,0,train
PUMP_04,2026-03-02 08:00:00,0.1497,50.09,33.68,57.83,4.15,0.1568,0.0181,83.67,False,Normal,0,train
PUMP_04,2026-03-02 09:00:00,0.1497,49.93,34.73,58.83,4.085,0.1556,0.0183,83.62,False,Normal,0,train
PUMP_04,2026-03-02 10:00:00,0.136,49.82,33.58,57.48,4.109,0.1525,0.02,83.58,False,Normal,0,train
PUMP_04,2026-03-02 11:00:00,0.1498,48.36,34.28,56.98,3.94,0.1457,0.0074,83.54,False,Normal,0,train
PUMP_04,2026-03-02 12:00:00,0.1742,51.33,34.46,58.02,3.877,0.1493,0.0138,83.5,False,Normal,0,train
PUMP_04,2026-03-02 13:00:00,0.1284,46.79,34.01,57.98,4.081,0.148,0.0156,83.46,False,Normal,0,train
PUMP_04,2026-03-02 14:00:00,0.1242,49.38,33.86,56.53,3.819,0.1437,0.0183,83.42,False,Normal,0,train
PUMP_04,2026-03-02 15:00:00,0.1541,52.4,33.99,58.45,4.006,0.1444,0.0187,83.38,False,Normal,0,train
PUMP_04,2026-03-02 16:00:00,0.1383,47.53,33.48,56.48,4.048,0.1448,0.0185,83.33,False,Normal,0,train
PUMP_04,2026-03-02 17:00:00,0.1346,50.69,34.46,58.78,3.91,0.1423,0.0187,83.29,False,Normal,0,train
PUMP_04,2026-03-02 18:00:00,0.1562,51.11,33.92,57.37,4.121,0.1393,0.0132,83.25,False,Normal,0,train
PUMP_04,2026-03-02 19:00:00,0.132,49.12,33.85,56.63,3.977,0.1399,0.0127,83.21,False,Normal,0,train
PUMP_04,2026-03-02 20:00:00,0.1179,48.4,33.34,61.33,4.026,0.1388,0.0144,83.17,False,Normal,0,train
PUMP_04,2026-03-02 21:00:00,0.1549,47.45,35.17,58.13,4.043,0.139,0.0146,83.12,False,Normal,0,train
PUMP_04,2026-03-02 22:00:00,0.1441,49.26,34.51,59.27,4.015,0.14,0.0147,83.08,False,Normal,0,train
PUMP_04,2026-03-02 23:00:00,0.1457,48.79,33.12,57.91,3.955,0.1418,0.0146,83.04,False,Normal,0,train
PUMP_04,2026-03-03 00:00:00,0.1208,47.8,34.34,59.58,3.935,0.1359,0.0148,83.0,False,Normal,0,train
PUMP_04,2026-03-03 01:00:00,0.1376,51.46,33.63,58.88,4.03,0.1368,0.0147,82.96,False,Normal,0,train
PUMP_04,2026-03-03 02:00:00,0.152,48.67,33.45,57.67,4.05,0.1425,0.0123,82.92,False,Normal,0,train
PUMP_04,2026-03-03 03:00:00,0.1411,50.65,33.56,59.17,4.078,0.1402,0.0107,82.88,False,Normal,0,train
PUMP_04,2026-03-03 04:00:00,0.173,48.67,34.31,59.43,3.988,0.145,0.0173,82.83,False,Normal,0,train
PUMP_04,2026-03-03 05:00:00,0.1587,50.77,33.91,57.5,4.006,0.1472,0.0182,82.79,False,Normal,0,train
PUMP_04,2026-03-03 06:00:00,0.1564,50.28,33.97,57.98,3.929,0.1531,0.0128,82.75,False,Normal,0,train
PUMP_04,2026-03-03 07:00:00,0.1743,51.52,34.17,60.51,4.082,0.1592,0.0127,82.71,False,Normal,0,train
PUMP_04,2026-03-03 08:00:00,0.1499,47.57,34.56,58.24,3.932,0.1589,0.013,82.67,False,Normal,0,train
PUMP_04,2026-03-03 09:00:00,0.1629,48.82,35.39,59.34,4.047,0.1625,0.0096,82.62,False,Normal,0,train
PUMP_04,2026-03-03 10:00:00,0.155,51.35,33.84,58.99,4.081,0.1595,0.0084,82.58,False,Normal,0,train
PUMP_04,2026-03-03 11:00:00,0.1652,48.99,33.75,59.31,4.08,0.1606,0.0087,82.54,False,Normal,0,train
PUMP_04,2026-03-03 12:00:00,0.1566,49.38,34.06,59.2,3.891,0.1606,0.0087,82.5,False,Normal,0,train
PUMP_04,2026-03-03 13:00:00,0.1568,50.79,34.42,54.73,3.876,0.1577,0.0055,82.46,False,Normal,0,train
PUMP_04,2026-03-03 14:00:00,0.1374,49.52,34.66,57.37,3.926,0.1556,0.0098,82.42,False,Normal,0,train
PUMP_04,2026-03-03 15:00:00,0.1345,50.13,33.4,57.64,3.915,0.1509,0.0122,82.38,False,Normal,0,train
PUMP_04,2026-03-03 16:00:00,0.14,49.79,35.45,58.35,4.169,0.1484,0.0127,82.33,False,Normal,0,train
PUMP_04,2026-03-03 17:00:00,0.1497,49.46,33.29,56.94,4.03,0.1458,0.0098,82.29,False,Normal,0,train
PUMP_04,2026-03-03 18:00:00,0.1457,47.9,34.53,57.87,3.899,0.144,0.0084,82.25,False,Normal,0,train
PUMP_04,2026-03-03 19:00:00,0.152,49.27,34.45,56.49,3.92,0.1432,0.007,82.21,False,Normal,0,train
PUMP_04,2026-03-03 20:00:00,0.1287,50.78,33.16,55.58,4.125,0.1418,0.0091,82.17,False,Normal,0,train
PUMP_04,2026-03-03 21:00:00,0.123,49.49,34.16,61.22,4.104,0.1398,0.0117,82.12,False,Normal,0,train
PUMP_04,2026-03-03 22:00:00,0.1378,50.71,32.95,57.48,3.894,0.1395,0.0118,82.08,False,Normal,0,train
PUMP_04,2026-03-03 23:00:00,0.1377,49.48,33.5,59.53,4.062,0.1375,0.0106,82.04,False,Normal,0,train
PUMP_04,2026-03-04 00:00:00,0.1359,50.69,33.96,59.08,3.975,0.1358,0.0098,82.0,False,Normal,0,train
PUMP_04,2026-03-04 01:00:00,0.1495,49.04,34.08,57.5,3.984,0.1354,0.009,81.96,False,Normal,0,train
PUMP_04,2026-03-04 02:00:00,0.1359,48.22,34.75,59.83,3.892,0.1366,0.0084,81.92,False,Normal,0,train
PUMP_04,2026-03-04 03:00:00,0.1487,51.27,33.58,56.93,3.968,0.1409,0.0064,81.88,False,Normal,0,train
PUMP_04,2026-03-04 04:00:00,0.1442,48.32,34.22,57.91,3.917,0.142,0.0063,81.83,False,Normal,0,train
PUMP_04,2026-03-04 05:00:00,0.1422,48.93,34.56,58.73,4.101,0.1427,0.006,81.79,False,Normal,0,train
PUMP_04,2026-03-04 06:00:00,0.1416,49.98,33.97,58.04,3.923,0.1437,0.005,81.75,False,Normal,0,train
PUMP_04,2026-03-04 07:00:00,0.145,47.26,34.0,57.81,4.093,0.1429,0.0043,81.71,False,Normal,0,train
PUMP_04,2026-03-04 08:00:00,0.1664,49.11,33.13,55.66,3.969,0.148,0.0093,81.67,False,Normal,0,train
PUMP_04,2026-03-04 09:00:00,0.1528,48.98,33.03,58.92,3.846,0.1487,0.0096,81.62,False,Normal,0,train
PUMP_04,2026-03-04 10:00:00,0.1567,49.56,33.5,59.1,3.947,0.1508,0.0097,81.58,False,Normal,0,train
PUMP_04,2026-03-04 11:00:00,0.1495,49.61,34.84,57.42,3.898,0.152,0.0089,81.54,False,Normal,0,train
PUMP_04,2026-03-04 12:00:00,0.1595,49.26,34.84,59.12,4.035,0.155,0.0076,81.5,False,Normal,0,train
PUMP_04,2026-03-04 13:00:00,0.1549,49.71,34.75,58.3,3.902,0.1566,0.0059,81.46,False,Normal,0,train
PUMP_04,2026-03-04 14:00:00,0.153,52.16,34.22,59.33,3.959,0.1544,0.0035,81.42,False,Normal,0,train
PUMP_04,2026-03-04 15:00:00,0.1401,53.49,34.31,58.94,4.021,0.1523,0.0069,81.38,False,Normal,0,train
PUMP_04,2026-03-04 16:00:00,0.1408,50.72,33.75,57.64,3.899,0.1496,0.0078,81.33,False,Normal,0,train
PUMP_04,2026-03-04 17:00:00,0.1226,49.48,33.78,60.52,4.106,0.1452,0.0135,81.29,False,Normal,0,train
PUMP_04,2026-03-04 18:00:00,0.1295,48.61,32.78,56.93,4.011,0.1402,0.0127,81.25,False,Normal,0,train
PUMP_04,2026-03-04 19:00:00,0.1514,48.86,34.13,54.37,4.001,0.1396,0.0119,81.21,False,Normal,0,train
PUMP_04,2026-03-04 20:00:00,0.133,49.61,34.28,54.86,3.874,0.1362,0.0101,81.17,False,Normal,0,train
PUMP_04,2026-03-04 21:00:00,0.1391,51.66,33.63,58.53,3.953,0.1361,0.01,81.12,False,Normal,0,train
PUMP_04,2026-03-04 22:00:00,0.154,48.42,34.55,55.28,3.972,0.1383,0.0124,81.08,False,Normal,0,train
PUMP_04,2026-03-04 23:00:00,0.1509,50.5,34.74,57.24,3.896,0.143,0.0105,81.04,False,Normal,0,train
PUMP_04,2026-03-05 00:00:00,0.1501,49.18,33.33,59.34,4.063,0.1464,0.0084,81.0,False,Normal,0,train
PUMP_04,2026-03-05 01:00:00,0.1489,51.4,35.39,54.99,3.996,0.146,0.0081,80.96,False,Normal,0,train
PUMP_04,2026-03-05 02:00:00,0.1671,49.4,34.33,57.71,3.924,0.1517,0.0091,80.92,False,Normal,0,train
PUMP_04,2026-03-05 03:00:00,0.1471,48.82,34.93,57.91,3.965,0.153,0.0073,80.88,False,Normal,0,train
PUMP_04,2026-03-05 04:00:00,0.1634,48.92,33.59,56.15,3.996,0.1546,0.0084,80.83,False,Normal,0,train
PUMP_04,2026-03-05 05:00:00,0.1554,52.56,34.87,58.3,4.152,0.1553,0.0082,80.79,False,Normal,0,train
PUMP_04,2026-03-05 06:00:00,0.168,49.88,34.4,57.77,4.024,0.1583,0.0092,80.75,False,Normal,0,train
PUMP_04,2026-03-05 07:00:00,0.1689,51.59,33.82,58.74,3.928,0.1616,0.0087,80.71,False,Normal,0,train
PUMP_04,2026-03-05 08:00:00,0.1602,50.48,33.34,57.94,3.939,0.1605,0.0083,80.67,False,Normal,0,train
PUMP_04,2026-03-05 09:00:00,0.1727,50.86,34.01,57.41,3.96,0.1648,0.0063,80.62,False,Normal,0,train
PUMP_04,2026-03-05 10:00:00,0.1653,49.39,34.47,58.43,4.038,0.1651,0.0063,80.58,False,Normal,0,train
PUMP_04,2026-03-05 11:00:00,0.1482,49.78,34.05,59.52,4.024,0.1639,0.0087,80.54,False,Normal,0,train
PUMP_04,2026-03-05 12:00:00,0.1531,48.36,34.05,59.66,4.03,0.1614,0.0094,80.5,False,Normal,0,train
PUMP_04,2026-03-05 13:00:00,0.1512,48.44,33.71,58.72,3.984,0.1584,0.0094,80.46,False,Normal,0,train
PUMP_04,2026-03-05 14:00:00,0.1592,49.59,33.21,58.99,3.867,0.1583,0.0093,80.42,False,Normal,0,train
PUMP_04,2026-03-05 15:00:00,0.121,49.44,34.11,57.21,4.035,0.1497,0.0153,80.38,False,Normal,0,train
PUMP_04,2026-03-05 16:00:00,0.1573,49.73,33.44,57.68,3.93,0.1483,0.014,80.33,False,Normal,0,train
PUMP_04,2026-03-05 17:00:00,0.1169,51.1,34.57,58.56,4.035,0.1431,0.019,80.29,False,Normal,0,train
PUMP_04,2026-03-05 18:00:00,0.1466,52.73,34.5,58.3,3.893,0.142,0.0185,80.25,False,Normal,0,train
PUMP_04,2026-03-05 19:00:00,0.1468,48.46,35.0,58.73,3.991,0.1413,0.0181,80.21,False,Normal,0,train
PUMP_04,2026-03-05 20:00:00,0.1383,50.51,33.77,59.73,4.051,0.1378,0.0159,80.17,False,Normal,0,train
PUMP_04,2026-03-05 21:00:00,0.1516,49.06,33.97,57.86,4.151,0.1429,0.0142,80.12,False,Normal,0,train
PUMP_04,2026-03-05 22:00:00,0.1272,47.46,33.12,56.22,3.949,0.1379,0.0134,80.08,False,Normal,0,train
PUMP_04,2026-03-05 23:00:00,0.1354,53.48,33.67,56.93,4.108,0.141,0.009,80.04,False,Normal,0,train
PUMP_04,2026-03-06 00:00:00,0.1341,49.83,34.0,58.25,4.075,0.1389,0.0089,80.0,False,Normal,0,train
PUMP_04,2026-03-06 01:00:00,0.1426,49.37,34.05,57.55,3.964,0.1382,0.0083,79.96,False,Normal,0,train
PUMP_04,2026-03-06 02:00:00,0.1705,51.28,33.77,56.53,3.994,0.1436,0.0156,79.92,False,Normal,0,train
PUMP_04,2026-03-06 03:00:00,0.1754,53.55,33.62,57.95,3.949,0.1475,0.0203,79.88,False,Normal,0,train
PUMP_04,2026-03-06 04:00:00,0.1572,50.4,34.15,57.11,3.935,0.1525,0.0179,79.83,False,Normal,0,train
PUMP_04,2026-03-06 05:00:00,0.1624,53.75,33.82,58.7,3.877,0.157,0.016,79.79,False,Normal,0,train
PUMP_04,2026-03-06 06:00:00,0.1886,49.92,34.79,59.82,3.914,0.1661,0.0159,79.75,False,Normal,0,train
PUMP_04,2026-03-06 07:00:00,0.1534,51.47,34.15,59.4,3.79,0.1679,0.013,79.71,False,Normal,0,train
PUMP_04,2026-03-06 08:00:00,0.1485,48.74,33.68,56.89,4.005,0.1642,0.0151,79.67,False,Normal,0,train
PUMP_04,2026-03-06 09:00:00,0.1707,48.75,34.65,57.25,4.115,0.1635,0.0145,79.62,False,Normal,0,train
PUMP_04,2026-03-06 10:00:00,0.1471,50.42,33.4,56.15,4.014,0.1618,0.0159,79.58,False,Normal,0,train
PUMP_04,2026-03-06 11:00:00,0.138,51.94,33.77,59.34,3.999,0.1577,0.0186,79.54,False,Normal,0,train
PUMP_04,2026-03-06 12:00:00,0.163,49.21,33.37,58.17,3.946,0.1534,0.0118,79.5,False,Normal,0,train
PUMP_04,2026-03-06 13:00:00,0.1677,51.36,33.85,59.92,4.148,0.1558,0.0131,79.46,False,Normal,0,train
PUMP_04,2026-03-06 14:00:00,0.1376,50.53,34.82,58.73,4.079,0.154,0.015,79.42,False,Normal,0,train
PUMP_04,2026-03-06 15:00:00,0.1424,49.56,34.11,57.47,3.894,0.1493,0.013,79.38,False,Normal,0,train
PUMP_04,2026-03-06 16:00:00,0.1546,51.06,32.96,55.87,4.163,0.1506,0.0131,79.33,False,Normal,0,train
PUMP_04,2026-03-06 17:00:00,0.1289,48.79,33.77,58.37,4.119,0.149,0.0152,79.29,False,Normal,0,train
PUMP_04,2026-03-06 18:00:00,0.154,51.53,34.16,60.53,3.913,0.1475,0.0139,79.25,False,Normal,0,train
PUMP_04,2026-03-06 19:00:00,0.1621,49.64,34.17,59.02,4.06,0.1466,0.0124,79.21,False,Normal,0,train
PUMP_04,2026-03-06 20:00:00,0.1228,51.08,33.9,57.85,3.982,0.1441,0.0156,79.17,False,Normal,0,train
PUMP_04,2026-03-06 21:00:00,0.1228,50.31,34.46,59.01,3.839,0.1409,0.0179,79.12,False,Normal,0,train
PUMP_04,2026-03-06 22:00:00,0.1208,50.13,34.35,58.88,3.924,0.1352,0.0181,79.08,False,Normal,0,train
PUMP_04,2026-03-06 23:00:00,0.1396,44.92,33.91,59.52,4.058,0.137,0.0178,79.04,False,Normal,0,train
PUMP_04,2026-03-07 00:00:00,0.1311,49.15,34.14,56.98,4.048,0.1332,0.0158,79.0,False,Normal,0,train
PUMP_04,2026-03-07 01:00:00,0.1689,48.51,33.92,58.52,4.218,0.1343,0.0183,78.96,False,Normal,0,train
PUMP_04,2026-03-07 02:00:00,0.1405,50.83,34.03,56.22,4.012,0.1373,0.0175,78.92,False,Normal,0,train
PUMP_04,2026-03-07 03:00:00,0.151,49.65,34.11,55.75,3.852,0.142,0.0166,78.88,False,Normal,0,train
PUMP_04,2026-03-07 04:00:00,0.1641,47.49,34.61,58.84,3.918,0.1492,0.0149,78.83,False,Normal,0,train
PUMP_04,2026-03-07 05:00:00,0.1473,50.85,34.28,59.5,3.961,0.1505,0.0142,78.79,False,Normal,0,train
PUMP_04,2026-03-07 06:00:00,0.1601,49.75,34.0,58.01,3.973,0.1553,0.0108,78.75,False,Normal,0,train
PUMP_04,2026-03-07 07:00:00,0.1693,49.91,33.76,57.89,3.97,0.1554,0.0109,78.71,False,Normal,0,train
PUMP_04,2026-03-07 08:00:00,0.2051,50.69,34.4,58.42,4.022,0.1662,0.0207,78.67,False,Normal,0,train
PUMP_04,2026-03-07 09:00:00,0.1627,50.38,34.19,59.39,4.116,0.1681,0.0196,78.62,False,Normal,0,train
PUMP_04,2026-03-07 10:00:00,0.1313,53.02,33.94,59.08,4.027,0.1626,0.0248,78.58,False,Normal,0,train
PUMP_04,2026-03-07 11:00:00,0.1629,51.37,33.82,58.39,3.841,0.1652,0.0236,78.54,False,Normal,0,train
PUMP_04,2026-03-07 12:00:00,0.1546,50.11,34.04,58.83,4.025,0.1643,0.024,78.5,False,Normal,0,train
PUMP_04,2026-03-07 13:00:00,0.1549,50.5,33.6,58.99,3.851,0.1619,0.0241,78.46,False,Normal,0,train
PUMP_04,2026-03-07 14:00:00,0.1435,49.68,33.13,56.71,3.942,0.1516,0.0122,78.42,False,Normal,0,train
PUMP_04,2026-03-07 15:00:00,0.1561,49.27,34.94,58.64,4.134,0.1506,0.0113,78.38,False,Normal,0,train
PUMP_04,2026-03-07 16:00:00,0.1376,51.32,34.96,56.45,3.832,0.1516,0.0093,78.33,False,Normal,0,train
PUMP_04,2026-03-07 17:00:00,0.1449,52.42,34.09,59.29,4.151,0.1486,0.0077,78.29,False,Normal,0,train
PUMP_04,2026-03-07 18:00:00,0.143,49.75,34.32,59.02,4.036,0.1467,0.0073,78.25,False,Normal,0,train
PUMP_04,2026-03-07 19:00:00,0.1419,50.82,33.87,58.07,4.02,0.1445,0.0062,78.21,False,Normal,0,train
PUMP_04,2026-03-07 20:00:00,0.1364,48.64,34.31,57.78,3.885,0.1433,0.0071,78.17,False,Normal,0,train
PUMP_04,2026-03-07 21:00:00,0.1597,50.97,34.07,59.38,4.0,0.1439,0.0084,78.12,False,Normal,0,train
PUMP_04,2026-03-07 22:00:00,0.1657,48.61,34.13,58.33,3.953,0.1486,0.0114,78.08,False,Normal,0,train
PUMP_04,2026-03-07 23:00:00,0.1764,50.31,33.42,58.31,3.924,0.1538,0.0158,78.04,False,Normal,0,train
PUMP_04,2026-03-08 00:00:00,0.152,50.67,35.08,58.4,3.983,0.1554,0.015,78.0,False,Normal,0,train
PUMP_04,2026-03-08 01:00:00,0.156,51.98,33.35,58.49,4.181,0.1577,0.0135,77.96,False,Normal,0,train
PUMP_04,2026-03-08 02:00:00,0.1593,46.92,34.52,59.4,4.056,0.1615,0.0086,77.92,False,Normal,0,train
PUMP_04,2026-03-08 03:00:00,0.1452,52.41,33.53,56.07,3.975,0.1591,0.0109,77.88,False,Normal,0,train
PUMP_04,2026-03-08 04:00:00,0.172,51.82,32.83,57.86,4.023,0.1601,0.0119,77.83,False,Normal,0,train
PUMP_04,2026-03-08 05:00:00,0.1557,50.8,34.58,55.57,3.959,0.1567,0.0089,77.79,False,Normal,0,train
PUMP_04,2026-03-08 06:00:00,0.1689,49.54,34.12,58.48,4.049,0.1595,0.0098,77.75,False,Normal,0,train
PUMP_04,2026-03-08 07:00:00,0.1424,51.6,33.2,57.23,3.895,0.1572,0.012,77.71,False,Normal,0,train
PUMP_04,2026-03-08 08:00:00,0.1672,52.84,34.42,58.17,4.061,0.1586,0.0127,77.67,False,Normal,0,train
PUMP_04,2026-03-08 09:00:00,0.1764,49.6,33.8,57.07,3.871,0.1638,0.0125,77.62,False,Normal,0,train
PUMP_04,2026-03-08 10:00:00,0.1454,52.19,35.11,57.02,3.97,0.1593,0.0137,77.58,False,Normal,0,train
PUMP_04,2026-03-08 11:00:00,0.1462,51.49,33.17,57.48,4.082,0.1577,0.0147,77.54,False,Normal,0,train
PUMP_04,2026-03-08 12:00:00,0.1432,51.88,33.64,58.1,4.138,0.1535,0.0146,77.5,False,Normal,0,train
PUMP_04,2026-03-08 13:00:00,0.1407,51.18,34.51,58.82,3.813,0.1532,0.0148,77.46,False,Normal,0,train
PUMP_04,2026-03-08 14:00:00,0.1655,50.04,33.76,57.12,3.898,0.1529,0.0145,77.42,False,Normal,0,train
PUMP_04,2026-03-08 15:00:00,0.1452,48.24,33.53,58.17,3.995,0.1477,0.0089,77.38,False,Normal,0,train
PUMP_04,2026-03-08 16:00:00,0.1274,49.29,34.16,58.49,4.051,0.1447,0.0123,77.33,False,Normal,0,train
PUMP_04,2026-03-08 17:00:00,0.1287,51.04,34.68,57.41,3.945,0.1418,0.0138,77.29,False,Normal,0,train
PUMP_04,2026-03-08 18:00:00,0.1099,49.71,33.99,58.46,3.992,0.1362,0.0189,77.25,False,Normal,0,train
PUMP_04,2026-03-08 19:00:00,0.1295,47.15,33.89,56.44,3.997,0.1344,0.0189,77.21,False,Normal,0,train
PUMP_04,2026-03-08 20:00:00,0.1231,49.12,33.57,56.92,3.989,0.1273,0.0114,77.17,False,Normal,0,train
PUMP_04,2026-03-08 21:00:00,0.1254,48.35,33.75,59.27,3.993,0.124,0.0073,77.12,False,Normal,0,train
PUMP_04,2026-03-08 22:00:00,0.1393,50.4,33.35,55.32,3.999,0.126,0.0096,77.08,False,Normal,0,train
PUMP_04,2026-03-08 23:00:00,0.1318,51.31,34.75,57.59,4.128,0.1265,0.0099,77.04,False,Normal,0,train
PUMP_04,2026-03-09 00:00:00,0.1482,50.34,34.44,58.08,3.982,0.1329,0.0094,77.0,False,Normal,0,train
PUMP_04,2026-03-09 01:00:00,0.1586,47.79,33.25,58.29,4.1,0.1377,0.0138,76.96,False,Normal,0,train
PUMP_04,2026-03-09 02:00:00,0.16,49.44,33.68,58.34,3.995,0.1439,0.0142,76.92,False,Normal,0,train
PUMP_04,2026-03-09 03:00:00,0.1608,48.45,34.47,57.73,3.942,0.1498,0.0122,76.88,False,Normal,0,train
PUMP_04,2026-03-09 04:00:00,0.1211,49.81,34.41,57.54,3.978,0.1468,0.0167,76.83,False,Normal,0,train
PUMP_04,2026-03-09 05:00:00,0.1526,51.16,33.96,56.98,3.861,0.1502,0.0151,76.79,False,Normal,0,train
PUMP_04,2026-03-09 06:00:00,0.1792,50.17,33.87,59.86,3.912,0.1554,0.019,76.75,False,Normal,0,train
PUMP_04,2026-03-09 07:00:00,0.1917,50.07,34.02,58.92,3.94,0.1609,0.0242,76.71,False,Normal,0,train
PUMP_04,2026-03-09 08:00:00,0.1708,52.39,33.75,58.35,4.01,0.1627,0.0246,76.67,False,Normal,0,train
PUMP_04,2026-03-09 09:00:00,0.158,48.68,34.66,57.92,4.131,0.1622,0.0246,76.62,False,Normal,0,train
PUMP_04,2026-03-09 10:00:00,0.1425,51.7,34.44,57.28,3.971,0.1658,0.0182,76.58,False,Normal,0,train
PUMP_04,2026-03-09 11:00:00,0.1713,49.58,34.19,57.94,3.916,0.1689,0.017,76.54,False,Normal,0,train
PUMP_04,2026-03-09 12:00:00,0.1477,53.79,33.36,56.84,4.067,0.1637,0.0181,76.5,False,Normal,0,train
PUMP_04,2026-03-09 13:00:00,0.1437,50.45,33.65,59.64,4.015,0.1557,0.0131,76.46,False,Normal,0,train
PUMP_04,2026-03-09 14:00:00,0.1622,47.32,33.64,56.94,4.093,0.1542,0.0115,76.42,False,Normal,0,train
PUMP_04,2026-03-09 15:00:00,0.0967,49.46,33.8,56.5,4.078,0.144,0.0258,76.38,False,Normal,0,train
PUMP_04,2026-03-09 16:00:00,0.1403,48.12,34.12,61.57,4.045,0.1436,0.0258,76.33,False,Normal,0,train
PUMP_04,2026-03-09 17:00:00,0.1182,53.22,34.96,57.83,4.028,0.1348,0.0235,76.29,False,Normal,0,train
PUMP_04,2026-03-09 18:00:00,0.1483,48.95,34.12,56.96,4.078,0.1349,0.0235,76.25,False,Normal,0,train
PUMP_04,2026-03-09 19:00:00,0.1646,51.9,33.19,58.92,4.072,0.1384,0.0265,76.21,False,Normal,0,train
PUMP_04,2026-03-09 20:00:00,0.1487,51.45,34.42,56.4,4.076,0.1361,0.0245,76.17,False,Normal,0,train
PUMP_04,2026-03-09 21:00:00,0.1725,48.27,33.21,57.17,4.074,0.1488,0.0191,76.12,False,Normal,0,train
PUMP_04,2026-03-09 22:00:00,0.1481,47.73,34.29,58.96,3.994,0.1501,0.0186,76.08,False,Normal,0,train
PUMP_04,2026-03-09 23:00:00,0.1691,51.5,33.75,60.57,3.935,0.1586,0.0114,76.04,False,Normal,0,train
PUMP_04,2026-03-10 00:00:00,0.1261,49.5,34.36,59.23,4.002,0.1549,0.0174,76.0,False,Normal,0,train
PUMP_04,2026-03-10 01:00:00,0.1557,50.03,34.33,58.87,3.968,0.1534,0.0168,75.96,False,Normal,0,train
PUMP_04,2026-03-10 02:00:00,0.1351,50.25,34.12,59.67,3.926,0.1511,0.0184,75.92,False,Normal,0,train
PUMP_04,2026-03-10 03:00:00,0.1628,45.63,33.39,57.66,4.128,0.1495,0.0165,75.88,False,Normal,0,train
PUMP_04,2026-03-10 04:00:00,0.1539,49.9,33.64,56.24,3.999,0.1504,0.0165,75.83,False,Normal,0,train
PUMP_04,2026-03-10 05:00:00,0.1567,51.72,34.32,57.16,3.916,0.1484,0.0144,75.79,False,Normal,0,train
PUMP_04,2026-03-10 06:00:00,0.1568,47.36,34.12,59.65,4.107,0.1535,0.0095,75.75,False,Normal,0,train
PUMP_04,2026-03-10 07:00:00,0.1754,51.23,35.11,56.58,4.009,0.1568,0.0131,75.71,False,Normal,0,train
PUMP_04,2026-03-10 08:00:00,0.1616,49.67,34.1,57.83,4.08,0.1612,0.0077,75.67,False,Normal,0,train
PUMP_04,2026-03-10 09:00:00,0.1599,48.29,34.48,58.06,3.97,0.1607,0.0077,75.62,False,Normal,0,train
PUMP_04,2026-03-10 10:00:00,0.1552,50.52,33.77,58.51,4.048,0.1609,0.0075,75.58,False,Normal,0,train
PUMP_04,2026-03-10 11:00:00,0.1634,49.97,33.5,58.73,4.051,0.162,0.0072,75.54,False,Normal,0,train
PUMP_04,2026-03-10 12:00:00,0.1467,52.04,34.7,58.79,4.008,0.1604,0.0095,75.5,False,Normal,0,train
PUMP_04,2026-03-10 13:00:00,0.1308,49.16,33.58,61.56,3.95,0.1529,0.0124,75.46,False,Normal,0,train
PUMP_04,2026-03-10 14:00:00,0.1594,51.93,33.15,58.92,4.032,0.1526,0.0121,75.42,False,Normal,0,train
PUMP_04,2026-03-10 15:00:00,0.1363,49.94,33.2,59.74,4.048,0.1486,0.013,75.38,False,Normal,0,train
PUMP_04,2026-03-10 16:00:00,0.1455,50.65,34.22,58.08,3.904,0.147,0.0127,75.33,False,Normal,0,train
PUMP_04,2026-03-10 17:00:00,0.1518,49.47,33.6,60.4,4.194,0.1451,0.0103,75.29,False,Normal,0,train
PUMP_04,2026-03-10 18:00:00,0.124,48.56,33.09,57.07,4.13,0.1413,0.0133,75.25,False,Normal,0,train
PUMP_04,2026-03-10 19:00:00,0.1281,51.42,35.15,59.23,4.012,0.1408,0.0138,75.21,False,Normal,0,train
PUMP_04,2026-03-10 20:00:00,0.1199,49.93,32.69,57.88,4.068,0.1343,0.0126,75.17,False,Normal,0,train
PUMP_04,2026-03-10 21:00:00,0.1377,49.51,33.75,59.19,3.999,0.1345,0.0126,75.12,False,Normal,0,train
PUMP_04,2026-03-10 22:00:00,0.1609,51.49,34.97,58.67,3.949,0.1371,0.0163,75.08,False,Normal,0,train
PUMP_04,2026-03-10 23:00:00,0.147,52.25,34.04,59.55,4.076,0.1363,0.0156,75.04,False,Normal,0,train
PUMP_04,2026-03-11 00:00:00,0.1712,49.2,35.48,58.62,3.935,0.1441,0.0195,75.0,False,Normal,0,train
PUMP_04,2026-03-11 01:00:00,0.1575,52.46,34.47,57.95,4.03,0.149,0.0184,74.96,False,Normal,0,train
PUMP_04,2026-03-11 02:00:00,0.1465,48.83,33.29,59.22,3.947,0.1535,0.012,74.92,False,Normal,0,train
PUMP_04,2026-03-11 03:00:00,0.1468,50.32,34.45,57.02,3.933,0.155,0.0101,74.88,False,Normal,0,train
PUMP_04,2026-03-11 04:00:00,0.1824,51.29,33.66,55.88,4.012,0.1586,0.0151,74.83,False,Normal,0,train
PUMP_04,2026-03-11 05:00:00,0.1714,44.84,33.85,55.38,4.083,0.1626,0.0147,74.79,False,Normal,0,train
PUMP_04,2026-03-11 06:00:00,0.1573,48.53,33.4,60.19,4.021,0.1603,0.0142,74.75,False,Normal,0,train
PUMP_04,2026-03-11 07:00:00,0.1617,49.36,33.61,58.32,4.005,0.161,0.0141,74.71,False,Normal,0,train
PUMP_04,2026-03-11 08:00:00,0.152,50.4,34.43,58.59,3.856,0.1619,0.0131,74.67,False,Normal,0,train
PUMP_04,2026-03-11 09:00:00,0.1192,50.0,33.46,57.59,3.984,0.1573,0.0216,74.62,False,Normal,0,train
PUMP_04,2026-03-11 10:00:00,0.1563,46.29,32.84,58.39,3.887,0.153,0.0178,74.58,False,Normal,0,train
PUMP_04,2026-03-11 11:00:00,0.1339,49.41,34.25,57.16,4.005,0.1467,0.0166,74.54,False,Normal,0,train
PUMP_04,2026-03-11 12:00:00,0.1446,47.64,33.85,57.99,4.0,0.1446,0.0158,74.5,False,Normal,0,train
PUMP_04,2026-03-11 13:00:00,0.1285,49.06,34.55,55.85,3.995,0.1391,0.0143,74.46,False,Normal,0,train
PUMP_04,2026-03-11 14:00:00,0.1422,49.47,33.54,55.75,3.998,0.1374,0.0131,74.42,False,Normal,0,train
PUMP_04,2026-03-11 15:00:00,0.128,50.31,34.61,56.44,4.04,0.1389,0.0109,74.38,False,Normal,0,train
PUMP_04,2026-03-11 16:00:00,0.1424,49.31,34.43,56.99,4.045,0.1366,0.0074,74.33,False,Normal,0,train
PUMP_04,2026-03-11 17:00:00,0.1508,50.03,34.31,59.65,4.027,0.1394,0.0092,74.29,False,Normal,0,train
PUMP_04,2026-03-11 18:00:00,0.1447,49.17,33.19,61.05,4.078,0.1394,0.0092,74.25,False,Normal,0,train
PUMP_04,2026-03-11 19:00:00,0.1182,50.48,33.96,59.38,3.807,0.1377,0.0121,74.21,False,Normal,0,train
PUMP_04,2026-03-11 20:00:00,0.1164,48.02,34.54,54.19,3.92,0.1334,0.0146,74.17,False,Normal,0,train
PUMP_04,2026-03-11 21:00:00,0.1237,49.88,33.67,60.13,4.035,0.1327,0.015,74.12,False,Normal,0,train
PUMP_04,2026-03-11 22:00:00,0.1604,48.27,32.74,57.55,4.0,0.1357,0.0187,74.08,False,Normal,0,train
PUMP_04,2026-03-11 23:00:00,0.1802,49.38,33.59,56.13,3.931,0.1406,0.0259,74.04,False,Normal,0,train
PUMP_04,2026-03-12 00:00:00,0.1399,50.29,33.43,60.29,4.035,0.1398,0.0258,74.0,False,Normal,0,train
PUMP_04,2026-03-12 01:00:00,0.1372,48.63,33.64,57.52,4.059,0.143,0.0237,73.96,False,Normal,0,train
PUMP_04,2026-03-12 02:00:00,0.1758,49.78,33.13,56.85,3.939,0.1529,0.0228,73.92,False,Normal,0,train
PUMP_04,2026-03-12 03:00:00,0.1508,49.44,34.46,57.36,3.948,0.1574,0.018,73.88,False,Normal,0,train
PUMP_04,2026-03-12 04:00:00,0.1575,53.06,34.36,57.62,3.869,0.1569,0.018,73.83,False,Normal,0,train
PUMP_04,2026-03-12 05:00:00,0.1621,50.5,33.46,58.74,3.992,0.1539,0.0145,73.79,False,Normal,0,train
PUMP_04,2026-03-12 06:00:00,0.1497,50.72,33.74,58.26,3.996,0.1555,0.013,73.75,False,Normal,0,train
PUMP_04,2026-03-12 07:00:00,0.148,48.66,33.48,57.23,3.915,0.1573,0.0105,73.71,False,Normal,0,train
PUMP_04,2026-03-12 08:00:00,0.1575,46.21,34.29,55.67,3.958,0.1543,0.0056,73.67,False,Normal,0,train
PUMP_04,2026-03-12 09:00:00,0.1509,49.06,33.4,57.06,3.996,0.1543,0.0055,73.62,False,Normal,0,train
PUMP_04,2026-03-12 10:00:00,0.1283,47.53,33.49,58.3,4.074,0.1494,0.0116,73.58,False,Normal,0,train
PUMP_04,2026-03-12 11:00:00,0.1391,50.29,34.06,57.13,3.969,0.1456,0.0103,73.54,False,Normal,0,train
PUMP_04,2026-03-12 12:00:00,0.1479,50.37,33.49,58.18,3.928,0.1453,0.0102,73.5,False,Normal,0,train
PUMP_04,2026-03-12 13:00:00,0.1391,50.27,35.01,58.01,4.119,0.1438,0.0104,73.46,False,Normal,0,train
PUMP_04,2026-03-12 14:00:00,0.1525,49.85,33.57,59.38,4.055,0.143,0.0092,73.42,False,Normal,0,train
PUMP_04,2026-03-12 15:00:00,0.1312,48.63,34.44,58.34,3.896,0.1397,0.0093,73.38,False,Normal,0,train
PUMP_04,2026-03-12 16:00:00,0.1685,48.86,34.53,59.05,4.057,0.1464,0.0132,73.33,False,Normal,0,train
PUMP_04,2026-03-12 17:00:00,0.1411,50.58,33.16,57.74,3.958,0.1467,0.013,73.29,False,Normal,0,train
PUMP_04,2026-03-12 18:00:00,0.1411,52.94,33.84,59.97,4.082,0.1456,0.0131,73.25,False,Normal,0,train
PUMP_04,2026-03-12 19:00:00,0.1326,50.32,33.48,57.46,3.967,0.1445,0.014,73.21,False,Normal,0,train
PUMP_04,2026-03-12 20:00:00,0.1374,50.51,34.54,56.99,3.856,0.142,0.0136,73.17,False,Normal,0,train
PUMP_04,2026-03-12 21:00:00,0.1146,52.81,33.95,59.61,3.954,0.1392,0.0174,73.12,False,Normal,0,train
PUMP_04,2026-03-12 22:00:00,0.145,49.93,34.53,57.25,3.93,0.1353,0.011,73.08,False,Normal,0,train
PUMP_04,2026-03-12 23:00:00,0.1769,48.55,34.98,56.7,3.947,0.1413,0.0204,73.04,False,Normal,0,train
PUMP_04,2026-03-13 00:00:00,0.1634,50.53,35.04,56.66,3.816,0.145,0.0223,73.0,False,Normal,0,train
PUMP_04,2026-03-13 01:00:00,0.1281,52.45,33.36,57.4,3.99,0.1442,0.0229,72.96,False,Normal,0,train
PUMP_04,2026-03-13 02:00:00,0.1594,51.31,33.29,57.68,3.837,0.1479,0.0233,72.92,False,Normal,0,train
PUMP_04,2026-03-13 03:00:00,0.1638,50.29,33.29,58.5,3.99,0.1561,0.0171,72.88,False,Normal,0,train
PUMP_04,2026-03-13 04:00:00,0.1814,47.11,34.68,58.93,3.807,0.1622,0.0188,72.83,False,Normal,0,train
PUMP_04,2026-03-13 05:00:00,0.1478,47.68,34.45,58.04,3.912,0.1573,0.0179,72.79,False,Normal,0,train
PUMP_04,2026-03-13 06:00:00,0.1943,50.5,34.41,59.14,4.044,0.1625,0.0236,72.75,False,Normal,0,train
PUMP_04,2026-03-13 07:00:00,0.1613,49.47,34.33,58.98,4.056,0.168,0.0168,72.71,False,Normal,0,train
PUMP_04,2026-03-13 08:00:00,0.1462,49.86,33.75,56.89,3.936,0.1658,0.0189,72.67,False,Normal,0,train
PUMP_04,2026-03-13 09:00:00,0.1326,51.46,34.05,56.83,4.044,0.1606,0.0233,72.62,False,Normal,0,train
PUMP_04,2026-03-13 10:00:00,0.1532,48.11,34.2,57.47,3.854,0.1559,0.021,72.58,False,Normal,0,train
PUMP_04,2026-03-13 11:00:00,0.1557,49.06,34.07,55.42,4.078,0.1572,0.0207,72.54,False,Normal,0,train
PUMP_04,2026-03-13 12:00:00,0.1329,51.8,33.61,58.1,4.094,0.147,0.012,72.5,False,Normal,0,train
PUMP_04,2026-03-13 13:00:00,0.1568,48.12,34.97,57.73,3.983,0.1462,0.0111,72.46,False,Normal,0,train
PUMP_04,2026-03-13 14:00:00,0.1529,51.74,33.28,59.96,3.965,0.1474,0.0114,72.42,False,Normal,0,train
PUMP_04,2026-03-13 15:00:00,0.1431,50.53,33.75,59.32,3.812,0.1491,0.0093,72.38,False,Normal,0,train
PUMP_04,2026-03-13 16:00:00,0.1285,49.81,34.88,57.64,3.995,0.145,0.0122,72.33,False,Normal,0,train
PUMP_04,2026-03-13 17:00:00,0.1406,50.22,34.56,59.17,4.053,0.1425,0.011,72.29,False,Normal,0,train
PUMP_04,2026-03-13 18:00:00,0.1676,50.55,33.24,57.81,4.029,0.1482,0.0137,72.25,False,Normal,0,train
PUMP_04,2026-03-13 19:00:00,0.1265,50.99,32.69,58.57,4.012,0.1432,0.0154,72.21,False,Normal,0,train
PUMP_04,2026-03-13 20:00:00,0.115,46.94,33.38,55.68,3.885,0.1369,0.0182,72.17,False,Normal,0,train
PUMP_04,2026-03-13 21:00:00,0.1374,51.9,34.07,57.33,4.01,0.1359,0.0179,72.12,False,Normal,0,train
PUMP_04,2026-03-13 22:00:00,0.1328,50.37,34.04,58.2,3.931,0.1366,0.0177,72.08,False,Normal,0,train
PUMP_04,2026-03-13 23:00:00,0.1196,51.73,33.98,57.68,4.114,0.1332,0.0188,72.04,False,Normal,0,train
PUMP_04,2026-03-14 00:00:00,0.1561,50.67,34.35,59.56,4.048,0.1312,0.0147,72.0,False,Normal,0,train
PUMP_04,2026-03-14 01:00:00,0.1328,53.27,34.02,58.43,4.021,0.1323,0.0145,71.96,False,Normal,0,train
PUMP_04,2026-03-14 02:00:00,0.1337,48.93,34.57,58.74,4.003,0.1354,0.0118,71.92,False,Normal,0,train
PUMP_04,2026-03-14 03:00:00,0.1694,52.43,34.45,58.26,3.924,0.1407,0.0183,71.88,False,Normal,0,train
PUMP_04,2026-03-14 04:00:00,0.1797,48.71,32.71,58.02,3.935,0.1485,0.0235,71.83,False,Normal,0,train
PUMP_04,2026-03-14 05:00:00,0.1985,50.82,34.05,59.11,4.153,0.1617,0.026,71.79,False,Normal,0,train
PUMP_04,2026-03-14 06:00:00,0.1366,51.59,33.87,60.15,3.928,0.1584,0.028,71.75,False,Normal,0,train
PUMP_04,2026-03-14 07:00:00,0.1656,50.03,34.16,55.49,4.001,0.1639,0.025,71.71,False,Normal,0,train
PUMP_04,2026-03-14 08:00:00,0.1376,47.08,33.86,56.79,4.008,0.1646,0.0241,71.67,False,Normal,0,train
PUMP_04,2026-03-14 09:00:00,0.1581,50.2,33.03,58.07,4.0,0.1627,0.0241,71.62,False,Normal,0,train
PUMP_04,2026-03-14 10:00:00,0.1527,49.29,34.27,59.62,4.014,0.1582,0.0228,71.58,False,Normal,0,train
PUMP_04,2026-03-14 11:00:00,0.1205,51.35,34.42,58.95,4.149,0.1452,0.0166,71.54,False,Normal,0,train
PUMP_04,2026-03-14 12:00:00,0.1579,48.67,32.89,57.02,4.011,0.1487,0.0167,71.5,False,Normal,0,train
PUMP_04,2026-03-14 13:00:00,0.1474,49.18,35.04,57.53,4.04,0.1457,0.0145,71.46,False,Normal,0,train
PUMP_04,2026-03-14 14:00:00,0.1541,48.99,34.56,58.9,3.976,0.1484,0.0142,71.42,False,Normal,0,train
PUMP_04,2026-03-14 15:00:00,0.124,49.53,33.46,57.28,3.984,0.1428,0.0163,71.38,False,Normal,0,train
PUMP_04,2026-03-14 16:00:00,0.1731,50.13,33.34,58.34,4.037,0.1462,0.0204,71.33,False,Normal,0,train
PUMP_04,2026-03-14 17:00:00,0.1443,50.86,34.12,57.18,4.112,0.1501,0.0163,71.29,False,Normal,0,train
PUMP_04,2026-03-14 18:00:00,0.145,50.74,34.08,58.59,4.103,0.148,0.0159,71.25,False,Normal,0,train
PUMP_04,2026-03-14 19:00:00,0.1611,48.08,34.37,58.76,3.747,0.1503,0.0168,71.21,False,Normal,0,train
PUMP_04,2026-03-14 20:00:00,0.1411,48.7,34.29,54.77,3.866,0.1481,0.017,71.17,False,Normal,0,train
PUMP_04,2026-03-14 21:00:00,0.1295,49.12,34.35,60.16,4.166,0.149,0.0155,71.12,False,Normal,0,train
PUMP_04,2026-03-14 22:00:00,0.1613,49.48,33.33,60.29,3.957,0.147,0.0123,71.08,False,Normal,0,train
PUMP_04,2026-03-14 23:00:00,0.1451,48.7,33.92,55.56,3.969,0.1472,0.0123,71.04,False,Normal,0,train
PUMP_04,2026-03-15 00:00:00,0.1645,48.88,34.21,57.73,3.953,0.1504,0.014,71.0,False,Normal,0,train
PUMP_04,2026-03-15 01:00:00,0.1508,51.95,33.86,56.04,3.896,0.1487,0.0131,70.96,False,Normal,0,train
PUMP_04,2026-03-15 02:00:00,0.1876,50.46,34.39,55.44,3.938,0.1565,0.0197,70.92,False,Normal,0,train
PUMP_04,2026-03-15 03:00:00,0.1562,48.34,34.65,58.97,3.957,0.1609,0.0148,70.88,False,Normal,0,train
PUMP_04,2026-03-15 04:00:00,0.1491,50.6,33.5,60.17,3.96,0.1589,0.0156,70.83,False,Normal,0,train
PUMP_04,2026-03-15 05:00:00,0.1645,49.38,33.98,57.97,3.922,0.1621,0.0141,70.79,False,Normal,0,train
PUMP_04,2026-03-15 06:00:00,0.1527,52.77,33.68,59.87,4.073,0.1602,0.0145,70.75,False,Normal,0,train
PUMP_04,2026-03-15 07:00:00,0.1464,49.05,33.75,57.21,3.993,0.1594,0.0152,70.71,False,Normal,0,train
PUMP_04,2026-03-15 08:00:00,0.1786,49.26,33.01,56.26,4.012,0.1579,0.0119,70.67,False,Normal,0,train
PUMP_04,2026-03-15 09:00:00,0.1377,49.56,34.25,57.53,4.007,0.1548,0.0146,70.62,False,Normal,0,train
PUMP_04,2026-03-15 10:00:00,0.1702,48.34,35.72,57.06,3.958,0.1584,0.0154,70.58,False,Normal,0,train
PUMP_04,2026-03-15 11:00:00,0.1764,50.69,34.25,58.52,3.943,0.1603,0.0171,70.54,False,Normal,0,train
PUMP_04,2026-03-15 12:00:00,0.1446,50.07,35.37,59.3,3.881,0.159,0.0181,70.5,False,Normal,0,train
PUMP_04,2026-03-15 13:00:00,0.1512,50.51,34.77,56.61,4.058,0.1598,0.0175,70.46,False,Normal,0,train
PUMP_04,2026-03-15 14:00:00,0.1322,50.04,33.55,56.38,3.988,0.152,0.0178,70.42,False,Normal,0,train
PUMP_04,2026-03-15 15:00:00,0.1598,50.28,34.25,59.05,4.098,0.1557,0.0164,70.38,False,Normal,0,train
PUMP_04,2026-03-15 16:00:00,0.1217,52.43,34.47,57.58,4.03,0.1476,0.0195,70.33,False,Normal,0,train
PUMP_04,2026-03-15 17:00:00,0.155,50.82,34.44,58.93,4.126,0.1441,0.0146,70.29,False,Normal,0,train
PUMP_04,2026-03-15 18:00:00,0.1398,47.31,33.57,57.01,3.969,0.1433,0.0147,70.25,False,Normal,0,train
PUMP_04,2026-03-15 19:00:00,0.1273,50.47,34.13,57.21,3.922,0.1393,0.0153,70.21,False,Normal,0,train
PUMP_04,2026-03-15 20:00:00,0.1305,51.75,35.0,59.23,4.149,0.139,0.0155,70.17,False,Normal,0,train
PUMP_04,2026-03-15 21:00:00,0.1499,46.52,33.07,58.99,4.092,0.1374,0.0132,70.12,False,Normal,0,train
PUMP_04,2026-03-15 22:00:00,0.1268,48.26,34.62,59.67,3.851,0.1382,0.0121,70.08,False,Normal,0,train
PUMP_04,2026-03-15 23:00:00,0.1553,50.9,34.71,57.75,4.037,0.1383,0.0122,70.04,False,Normal,0,train
PUMP_04,2026-03-16 00:00:00,0.1522,51.46,32.97,59.55,4.057,0.1403,0.0135,70.0,False,Normal,0,train
PUMP_04,2026-03-16 01:00:00,0.1463,50.26,33.62,58.53,3.982,0.1435,0.0119,69.96,False,Normal,0,train
PUMP_04,2026-03-16 02:00:00,0.162,50.66,33.83,58.49,3.897,0.1488,0.012,69.92,False,Normal,0,train
PUMP_04,2026-03-16 03:00:00,0.1447,52.06,34.53,56.98,3.985,0.1479,0.0121,69.88,False,Normal,0,train
PUMP_04,2026-03-16 04:00:00,0.1541,49.23,34.0,58.79,4.015,0.1524,0.0063,69.83,False,Normal,0,train
PUMP_04,2026-03-16 05:00:00,0.1535,48.59,33.67,57.69,3.944,0.1521,0.0062,69.79,False,Normal,0,train
PUMP_04,2026-03-16 06:00:00,0.1406,49.62,34.05,60.23,4.058,0.1502,0.0078,69.75,False,Normal,0,train
PUMP_04,2026-03-16 07:00:00,0.1543,50.26,34.26,58.0,3.871,0.1515,0.0077,69.71,False,Normal,0,train
PUMP_04,2026-03-16 08:00:00,0.1348,50.47,33.9,57.78,4.014,0.147,0.0083,69.67,False,Normal,0,train
PUMP_04,2026-03-16 09:00:00,0.1483,51.16,34.98,59.53,4.155,0.1476,0.0082,69.62,False,Normal,0,train
PUMP_04,2026-03-16 10:00:00,0.1287,52.5,34.02,58.1,4.048,0.1434,0.0104,69.58,False,Normal,0,train
PUMP_04,2026-03-16 11:00:00,0.1369,50.28,34.44,56.98,4.116,0.1406,0.0093,69.54,False,Normal,0,train
PUMP_04,2026-03-16 12:00:00,0.1358,48.12,33.37,56.16,3.989,0.1398,0.0095,69.5,False,Normal,0,train
PUMP_04,2026-03-16 13:00:00,0.1533,48.84,34.22,56.93,4.017,0.1396,0.0092,69.46,False,Normal,0,train
PUMP_04,2026-03-16 14:00:00,0.1302,50.21,33.7,55.81,3.965,0.1389,0.0099,69.42,False,Normal,0,train
PUMP_04,2026-03-16 15:00:00,0.1238,52.18,33.7,57.89,3.968,0.1348,0.0103,69.38,False,Normal,0,train
PUMP_04,2026-03-16 16:00:00,0.1352,50.98,34.92,59.03,4.041,0.1359,0.0098,69.33,False,Normal,0,train
PUMP_04,2026-03-16 17:00:00,0.1684,48.67,33.6,57.32,3.925,0.1411,0.0166,69.29,False,Normal,0,train
PUMP_04,2026-03-16 18:00:00,0.1147,49.02,33.69,61.04,4.067,0.1376,0.0199,69.25,False,Normal,0,train
PUMP_04,2026-03-16 19:00:00,0.1504,49.56,32.96,56.3,4.039,0.1371,0.0194,69.21,False,Normal,0,train
PUMP_04,2026-03-16 20:00:00,0.1463,50.11,33.47,58.64,3.903,0.1398,0.0194,69.17,False,Normal,0,train
PUMP_04,2026-03-16 21:00:00,0.1739,49.59,32.98,58.52,4.078,0.1482,0.0218,69.12,False,Normal,0,train
PUMP_04,2026-03-16 22:00:00,0.1491,48.69,34.71,57.49,4.169,0.1505,0.0208,69.08,False,Normal,0,train
PUMP_04,2026-03-16 23:00:00,0.1477,48.87,34.22,57.81,4.071,0.147,0.0189,69.04,False,Normal,0,train
PUMP_04,2026-03-17 00:00:00,0.1503,49.89,34.48,60.0,3.845,0.153,0.0104,69.0,False,Normal,0,train
PUMP_04,2026-03-17 01:00:00,0.1517,50.31,34.28,59.29,4.19,0.1532,0.0103,68.96,False,Normal,0,train
PUMP_04,2026-03-17 02:00:00,0.1652,48.54,33.42,59.12,3.823,0.1563,0.0107,68.92,False,Normal,0,train
PUMP_04,2026-03-17 03:00:00,0.1487,50.48,34.49,56.88,3.863,0.1521,0.0066,68.88,False,Normal,0,train
PUMP_04,2026-03-17 04:00:00,0.2039,52.72,33.88,58.59,3.859,0.1612,0.0218,68.83,False,Normal,0,train
PUMP_04,2026-03-17 05:00:00,0.1722,50.31,34.35,58.98,3.978,0.1653,0.0211,68.79,False,Normal,0,train
PUMP_04,2026-03-17 06:00:00,0.1568,50.41,32.36,59.04,3.844,0.1664,0.0203,68.75,False,Normal,0,train
PUMP_04,2026-03-17 07:00:00,0.1556,47.94,33.28,56.32,3.82,0.1671,0.0198,68.71,False,Normal,0,train
PUMP_04,2026-03-17 08:00:00,0.1581,51.11,33.58,58.41,3.944,0.1659,0.0201,68.67,False,Normal,0,train
PUMP_04,2026-03-17 09:00:00,0.1561,49.13,34.18,58.4,3.941,0.1671,0.0191,68.62,False,Normal,0,train
PUMP_04,2026-03-17 10:00:00,0.1644,51.61,33.05,59.34,3.975,0.1605,0.0066,68.58,False,Normal,0,train
PUMP_04,2026-03-17 11:00:00,0.1568,52.7,35.36,57.68,4.037,0.158,0.0033,68.54,False,Normal,0,train
PUMP_04,2026-03-17 12:00:00,0.1717,48.98,34.76,56.62,4.116,0.1604,0.0064,68.5,False,Normal,0,train
PUMP_04,2026-03-17 13:00:00,0.1328,49.03,34.78,56.86,3.996,0.1566,0.0131,68.46,False,Normal,0,train
PUMP_04,2026-03-17 14:00:00,0.1443,50.8,34.86,58.44,4.035,0.1543,0.014,68.42,False,Normal,0,train
PUMP_04,2026-03-17 15:00:00,0.1281,48.09,34.33,59.39,3.975,0.1497,0.0175,68.38,False,Normal,0,train
PUMP_04,2026-03-17 16:00:00,0.1341,50.15,33.32,57.56,4.092,0.1446,0.0168,68.33,False,Normal,0,train
PUMP_04,2026-03-17 17:00:00,0.1325,49.57,34.28,58.35,4.12,0.1406,0.0162,68.29,False,Normal,0,train
PUMP_04,2026-03-17 18:00:00,0.1516,49.88,33.7,55.54,3.951,0.1372,0.0089,68.25,False,Normal,0,train
PUMP_04,2026-03-17 19:00:00,0.1306,46.97,33.86,55.44,3.891,0.1369,0.0091,68.21,False,Normal,0,train
PUMP_04,2026-03-17 20:00:00,0.1622,50.76,34.51,58.57,3.952,0.1398,0.0138,68.17,False,Normal,0,train
PUMP_04,2026-03-17 21:00:00,0.1646,53.69,33.66,58.55,3.961,0.1459,0.0155,68.12,False,Normal,0,train
PUMP_04,2026-03-17 22:00:00,0.1557,49.38,33.63,58.86,3.981,0.1495,0.0147,68.08,False,Normal,0,train
PUMP_04,2026-03-17 23:00:00,0.1302,47.84,34.58,55.49,3.999,0.1492,0.0152,68.04,False,Normal,0,train
PUMP_04,2026-03-18 00:00:00,0.1715,51.2,33.51,59.75,3.981,0.1525,0.0178,68.0,False,Normal,0,train
PUMP_04,2026-03-18 01:00:00,0.1461,48.7,33.81,57.33,3.897,0.155,0.0149,67.96,False,Normal,0,train
PUMP_04,2026-03-18 02:00:00,0.15,50.05,33.95,57.27,3.979,0.153,0.0146,67.92,False,Normal,0,train
PUMP_04,2026-03-18 03:00:00,0.1648,48.94,34.35,58.8,4.021,0.153,0.0146,67.88,False,Normal,0,train
PUMP_04,2026-03-18 04:00:00,0.1457,47.86,34.44,58.1,4.12,0.1514,0.0148,67.83,False,Normal,0,train
PUMP_04,2026-03-18 05:00:00,0.1783,50.47,33.6,60.03,3.953,0.1594,0.014,67.79,False,Normal,0,train
PUMP_04,2026-03-18 06:00:00,0.1719,48.97,33.0,58.86,3.996,0.1595,0.0141,67.75,False,Normal,0,train
PUMP_04,2026-03-18 07:00:00,0.2042,47.6,34.77,59.85,3.988,0.1692,0.0212,67.71,False,Normal,0,train
PUMP_04,2026-03-18 08:00:00,0.1631,50.44,32.65,57.5,3.957,0.1713,0.0195,67.67,False,Normal,0,train
PUMP_04,2026-03-18 09:00:00,0.1551,54.31,34.24,59.47,3.959,0.1697,0.0205,67.62,False,Normal,0,train
PUMP_04,2026-03-18 10:00:00,0.1851,51.53,33.97,55.33,3.849,0.1763,0.0173,67.58,False,Normal,0,train
PUMP_04,2026-03-18 11:00:00,0.1246,49.94,34.16,57.9,4.034,0.1673,0.0272,67.54,False,Normal,0,train
PUMP_04,2026-03-18 12:00:00,0.1534,54.55,34.19,56.39,4.051,0.1642,0.0276,67.5,False,Normal,0,train
PUMP_04,2026-03-18 13:00:00,0.1454,47.36,33.86,58.16,3.965,0.1544,0.0199,67.46,False,Normal,0,train
PUMP_04,2026-03-18 14:00:00,0.1635,50.86,33.95,58.22,4.038,0.1545,0.02,67.42,False,Normal,0,train
PUMP_04,2026-03-18 15:00:00,0.1895,52.75,34.2,59.15,3.859,0.1602,0.0246,67.38,False,Normal,0,train
PUMP_04,2026-03-18 16:00:00,0.1312,48.47,34.16,58.31,4.116,0.1513,0.0235,67.33,False,Normal,0,train
PUMP_04,2026-03-18 17:00:00,0.1577,50.45,32.33,57.12,3.936,0.1568,0.0196,67.29,False,Normal,0,train
PUMP_04,2026-03-18 18:00:00,0.1609,49.05,33.96,57.45,3.977,0.158,0.0195,67.25,False,Normal,0,train
PUMP_04,2026-03-18 19:00:00,0.1601,49.49,34.48,58.25,4.072,0.1605,0.0185,67.21,False,Normal,0,train
PUMP_04,2026-03-18 20:00:00,0.145,50.62,33.57,57.23,3.882,0.1574,0.0194,67.17,False,Normal,0,train
PUMP_04,2026-03-18 21:00:00,0.1537,47.35,34.28,59.43,3.959,0.1514,0.0115,67.12,False,Normal,0,train
PUMP_04,2026-03-18 22:00:00,0.1307,48.49,34.61,57.55,3.94,0.1514,0.0117,67.08,False,Normal,0,train
PUMP_04,2026-03-18 23:00:00,0.174,50.06,34.06,59.23,4.041,0.1541,0.0149,67.04,False,Normal,0,train
PUMP_04,2026-03-19 00:00:00,0.1338,47.37,34.07,57.19,3.922,0.1495,0.0164,67.0,False,Normal,0,train
PUMP_04,2026-03-19 01:00:00,0.138,49.45,33.19,58.75,4.059,0.1459,0.0161,66.96,False,Normal,0,train
PUMP_04,2026-03-19 02:00:00,0.1508,47.72,33.94,57.75,4.018,0.1468,0.0162,66.92,False,Normal,0,train
PUMP_04,2026-03-19 03:00:00,0.1485,47.8,34.3,59.4,3.873,0.146,0.0159,66.88,False,Normal,0,train
PUMP_04,2026-03-19 04:00:00,0.1652,51.38,33.74,60.3,4.065,0.1517,0.0155,66.83,False,Normal,0,train
PUMP_04,2026-03-19 05:00:00,0.1549,50.15,33.77,58.25,4.147,0.1485,0.0114,66.79,False,Normal,0,train
PUMP_04,2026-03-19 06:00:00,0.147,49.67,34.31,60.28,3.925,0.1507,0.009,66.75,False,Normal,0,train
PUMP_04,2026-03-19 07:00:00,0.1428,49.34,34.21,57.82,3.957,0.1515,0.0078,66.71,False,Normal,0,train
PUMP_04,2026-03-19 08:00:00,0.1765,50.47,34.28,58.24,3.894,0.1558,0.0128,66.67,False,Normal,0,train
PUMP_04,2026-03-19 09:00:00,0.165,49.28,33.06,57.87,3.994,0.1586,0.0127,66.62,False,Normal,0,train
PUMP_04,2026-03-19 10:00:00,0.1355,48.87,34.25,56.8,4.086,0.1536,0.0151,66.58,False,Normal,0,train
PUMP_04,2026-03-19 11:00:00,0.1622,51.57,33.04,59.76,3.944,0.1548,0.0155,66.54,False,Normal,0,train
PUMP_04,2026-03-19 12:00:00,0.1452,49.08,33.84,58.19,3.924,0.1545,0.0157,66.5,False,Normal,0,train
PUMP_04,2026-03-19 13:00:00,0.1237,52.01,35.16,57.5,4.1,0.1514,0.02,66.46,False,Normal,0,train
PUMP_04,2026-03-19 14:00:00,0.1264,49.17,34.34,57.14,3.937,0.143,0.0177,66.42,False,Normal,0,train
PUMP_04,2026-03-19 15:00:00,0.1582,51.13,34.2,60.27,3.941,0.1419,0.0161,66.38,False,Normal,0,train
PUMP_04,2026-03-19 16:00:00,0.1616,50.38,33.5,57.83,3.979,0.1462,0.0175,66.33,False,Normal,0,train
PUMP_04,2026-03-19 17:00:00,0.1509,50.84,34.93,57.82,3.859,0.1443,0.016,66.29,False,Normal,0,train
PUMP_04,2026-03-19 18:00:00,0.129,50.43,34.19,59.23,3.931,0.1416,0.0172,66.25,False,Normal,0,train
PUMP_04,2026-03-19 19:00:00,0.1481,51.07,32.61,59.86,4.148,0.1457,0.0148,66.21,False,Normal,0,train
PUMP_04,2026-03-19 20:00:00,0.1487,52.18,33.59,57.38,4.056,0.1494,0.0114,66.17,False,Normal,0,train
PUMP_04,2026-03-19 21:00:00,0.1054,48.68,34.16,58.75,4.048,0.1406,0.0202,66.12,False,Normal,0,train
PUMP_04,2026-03-19 22:00:00,0.1537,52.23,33.86,58.75,4.049,0.1393,0.0188,66.08,False,Normal,0,train
PUMP_04,2026-03-19 23:00:00,0.1503,49.55,34.65,57.79,4.049,0.1392,0.0187,66.04,False,Normal,0,train
PUMP_04,2026-03-20 00:00:00,0.1852,47.28,33.32,57.54,3.966,0.1486,0.0254,66.0,False,Normal,0,train
PUMP_04,2026-03-20 01:00:00,0.1824,51.03,34.1,57.27,3.993,0.1543,0.0289,65.96,False,Normal,0,train
PUMP_04,2026-03-20 02:00:00,0.1538,51.24,33.62,59.25,4.028,0.1551,0.0288,65.92,False,Normal,0,train
PUMP_04,2026-03-20 03:00:00,0.1638,50.75,34.09,58.3,3.961,0.1649,0.0154,65.88,False,Normal,0,train
PUMP_04,2026-03-20 04:00:00,0.1605,49.49,33.67,58.1,4.105,0.166,0.0146,65.83,False,Normal,0,train
PUMP_04,2026-03-20 05:00:00,0.1527,48.59,34.04,57.14,3.864,0.1664,0.0141,65.79,False,Normal,0,train
PUMP_04,2026-03-20 06:00:00,0.1396,49.21,34.91,59.25,3.974,0.1588,0.0143,65.75,False,Normal,0,train
PUMP_04,2026-03-20 07:00:00,0.1496,50.25,33.05,58.38,4.088,0.1533,0.0085,65.71,False,Normal,0,train
PUMP_04,2026-03-20 08:00:00,0.1518,49.59,35.24,56.96,4.08,0.153,0.0086,65.67,False,Normal,0,train
PUMP_04,2026-03-20 09:00:00,0.175,48.43,36.09,57.58,3.96,0.1549,0.0119,65.62,False,Normal,0,train
PUMP_04,2026-03-20 10:00:00,0.1582,49.61,33.7,58.91,4.025,0.1545,0.0118,65.58,False,Normal,0,train
PUMP_04,2026-03-20 11:00:00,0.1441,48.75,34.84,55.89,4.024,0.153,0.0125,65.54,False,Normal,0,train
PUMP_04,2026-03-20 12:00:00,0.139,48.99,34.54,57.96,4.174,0.153,0.0126,65.5,False,Normal,0,train
PUMP_04,2026-03-20 13:00:00,0.154,51.09,34.46,59.0,3.936,0.1537,0.0125,65.46,False,Normal,0,train
PUMP_04,2026-03-20 14:00:00,0.1403,48.22,33.54,58.3,4.017,0.1518,0.0137,65.42,False,Normal,0,train
PUMP_04,2026-03-20 15:00:00,0.1271,50.49,33.43,58.89,3.967,0.1438,0.0112,65.38,False,Normal,0,train
PUMP_04,2026-03-20 16:00:00,0.1274,49.19,33.71,55.5,4.122,0.1386,0.0103,65.33,False,Normal,0,train
PUMP_04,2026-03-20 17:00:00,0.1668,50.41,33.74,56.44,3.989,0.1424,0.0155,65.29,False,Normal,0,train
PUMP_04,2026-03-20 18:00:00,0.1381,48.61,33.26,59.08,3.95,0.1423,0.0156,65.25,False,Normal,0,train
PUMP_04,2026-03-20 19:00:00,0.1569,49.67,33.53,58.48,4.059,0.1428,0.016,65.21,False,Normal,0,train
PUMP_04,2026-03-20 20:00:00,0.1149,48.71,34.6,57.68,3.936,0.1385,0.0197,65.17,False,Normal,0,train
PUMP_04,2026-03-20 21:00:00,0.1607,50.44,34.93,58.33,4.015,0.1441,0.0206,65.12,False,Normal,0,train
PUMP_04,2026-03-20 22:00:00,0.1567,47.26,33.46,58.72,4.054,0.149,0.0193,65.08,False,Normal,0,train
PUMP_04,2026-03-20 23:00:00,0.1608,49.85,35.46,57.42,3.861,0.148,0.0183,65.04,False,Normal,0,train
PUMP_04,2026-03-21 00:00:00,0.126,48.01,33.14,57.17,3.935,0.146,0.0202,65.0,False,Normal,0,train
PUMP_04,2026-03-21 01:00:00,0.1531,49.01,33.29,56.4,4.153,0.1454,0.0198,64.96,False,Normal,0,train
PUMP_04,2026-03-21 02:00:00,0.1427,49.48,32.87,59.75,4.018,0.15,0.0135,64.92,False,Normal,0,train
PUMP_04,2026-03-21 03:00:00,0.1395,51.06,32.92,58.09,3.909,0.1465,0.0129,64.88,False,Normal,0,train
PUMP_04,2026-03-21 04:00:00,0.1305,47.45,34.68,59.83,4.011,0.1421,0.0132,64.83,False,Normal,0,train
PUMP_04,2026-03-21 05:00:00,0.1435,47.17,33.71,56.39,3.85,0.1392,0.0097,64.79,False,Normal,0,train
PUMP_04,2026-03-21 06:00:00,0.1428,51.66,33.97,58.16,4.013,0.142,0.0073,64.75,False,Normal,0,train
PUMP_04,2026-03-21 07:00:00,0.1714,49.46,33.78,56.57,4.032,0.1451,0.0138,64.71,False,Normal,0,train
PUMP_04,2026-03-21 08:00:00,0.1496,47.37,33.19,60.11,3.993,0.1462,0.0138,64.67,False,Normal,0,train
PUMP_04,2026-03-21 09:00:00,0.1547,49.35,32.93,61.27,3.94,0.1488,0.0137,64.62,False,Normal,0,train
PUMP_04,2026-03-21 10:00:00,0.173,49.26,32.63,59.5,4.143,0.1558,0.0134,64.58,False,Normal,0,train
PUMP_04,2026-03-21 11:00:00,0.1537,49.11,33.78,56.66,3.973,0.1575,0.0121,64.54,False,Normal,0,train
PUMP_04,2026-03-21 12:00:00,0.1393,50.32,34.19,56.61,3.849,0.157,0.013,64.5,False,Normal,0,train
PUMP_04,2026-03-21 13:00:00,0.1505,47.43,33.36,57.88,3.987,0.1535,0.011,64.46,False,Normal,0,train
PUMP_04,2026-03-21 14:00:00,0.1332,50.04,32.56,58.17,4.094,0.1507,0.0138,64.42,False,Normal,0,train
PUMP_04,2026-03-21 15:00:00,0.1166,49.27,34.47,58.62,4.129,0.1444,0.0193,64.38,False,Normal,0,train
PUMP_04,2026-03-21 16:00:00,0.1469,49.87,34.55,58.57,3.784,0.14,0.0137,64.33,False,Normal,0,train
PUMP_04,2026-03-21 17:00:00,0.1501,51.3,33.06,58.02,3.933,0.1394,0.0131,64.29,False,Normal,0,train
PUMP_04,2026-03-21 18:00:00,0.1371,51.48,33.18,57.73,3.97,0.1391,0.0131,64.25,False,Normal,0,train
PUMP_04,2026-03-21 19:00:00,0.1384,52.34,34.37,57.01,4.013,0.137,0.0119,64.21,False,Normal,0,train
PUMP_04,2026-03-21 20:00:00,0.135,47.1,32.74,58.81,3.891,0.1374,0.0118,64.17,False,Normal,0,train
PUMP_04,2026-03-21 21:00:00,0.1661,50.5,33.08,55.15,4.044,0.1456,0.0117,64.12,False,Normal,0,train
PUMP_04,2026-03-21 22:00:00,0.1495,51.12,34.78,58.12,4.074,0.146,0.0118,64.08,False,Normal,0,train
PUMP_04,2026-03-21 23:00:00,0.1455,49.07,33.59,58.27,3.929,0.1453,0.0116,64.04,False,Normal,0,train
PUMP_04,2026-03-22 00:00:00,0.1645,49.91,33.93,57.73,3.996,0.1498,0.013,64.0,False,Normal,0,train
PUMP_04,2026-03-22 01:00:00,0.1685,51.95,33.2,58.98,4.065,0.1549,0.0135,63.96,False,Normal,0,train
PUMP_04,2026-03-22 02:00:00,0.1617,49.64,34.59,59.18,4.141,0.1593,0.0095,63.92,False,Normal,0,train
PUMP_04,2026-03-22 03:00:00,0.1716,51.9,33.85,58.25,4.084,0.1602,0.0105,63.88,False,Normal,0,train
PUMP_04,2026-03-22 04:00:00,0.167,49.87,34.51,60.78,3.958,0.1631,0.0093,63.83,False,Normal,0,train
PUMP_04,2026-03-22 05:00:00,0.1604,50.63,33.58,57.16,4.036,0.1656,0.0042,63.79,False,Normal,0,train
PUMP_04,2026-03-22 06:00:00,0.1749,51.34,33.21,57.44,3.981,0.1674,0.0056,63.75,False,Normal,0,train
PUMP_04,2026-03-22 07:00:00,0.1456,48.31,33.83,57.5,3.94,0.1635,0.0104,63.71,False,Normal,0,train
PUMP_04,2026-03-22 08:00:00,0.1443,50.59,33.39,59.35,4.04,0.1606,0.0131,63.67,False,Normal,0,train
PUMP_04,2026-03-22 09:00:00,0.1645,49.23,33.58,58.44,4.039,0.1594,0.0122,63.62,False,Normal,0,train
PUMP_04,2026-03-22 10:00:00,0.1448,51.77,33.38,55.69,3.999,0.1558,0.0128,63.58,False,Normal,0,train
PUMP_04,2026-03-22 11:00:00,0.1649,49.49,33.13,57.61,4.08,0.1565,0.0132,63.54,False,Normal,0,train
PUMP_04,2026-03-22 12:00:00,0.1538,49.47,34.36,57.28,3.977,0.153,0.0097,63.5,False,Normal,0,train
PUMP_04,2026-03-22 13:00:00,0.1785,48.7,34.18,60.03,3.993,0.1585,0.0133,63.46,False,Normal,0,train
PUMP_04,2026-03-22 14:00:00,0.1302,49.9,33.29,57.03,4.016,0.1561,0.0171,63.42,False,Normal,0,train
PUMP_04,2026-03-22 15:00:00,0.1569,50.8,34.96,57.98,4.026,0.1548,0.0166,63.38,False,Normal,0,train
PUMP_04,2026-03-22 16:00:00,0.1339,50.09,33.45,56.11,3.926,0.153,0.0184,63.33,False,Normal,0,train
PUMP_04,2026-03-22 17:00:00,0.1447,53.3,34.4,58.19,4.151,0.1497,0.0176,63.29,False,Normal,0,train
PUMP_04,2026-03-22 18:00:00,0.1509,49.32,32.32,60.26,4.054,0.1492,0.0175,63.25,False,Normal,0,train
PUMP_04,2026-03-22 19:00:00,0.1463,48.69,33.72,57.0,4.0,0.1438,0.0101,63.21,False,Normal,0,train
PUMP_04,2026-03-22 20:00:00,0.1489,49.8,32.78,59.12,4.002,0.1469,0.0077,63.17,False,Normal,0,train
PUMP_04,2026-03-22 21:00:00,0.1492,50.51,33.37,57.75,3.994,0.1456,0.0062,63.12,False,Normal,0,train
PUMP_04,2026-03-22 22:00:00,0.1414,48.09,34.14,57.98,4.117,0.1469,0.0035,63.08,False,Normal,0,train
PUMP_04,2026-03-22 23:00:00,0.1603,51.96,34.07,58.74,4.077,0.1495,0.0062,63.04,False,Normal,0,train
PUMP_04,2026-03-23 00:00:00,0.1637,49.62,33.43,56.49,4.051,0.1516,0.0086,63.0,False,Normal,0,train
PUMP_04,2026-03-23 01:00:00,0.1476,52.54,33.92,57.08,4.198,0.1519,0.0084,62.96,False,Normal,0,train
PUMP_04,2026-03-23 02:00:00,0.1433,52.0,34.08,56.91,4.047,0.1509,0.0091,62.92,False,Normal,0,train
PUMP_04,2026-03-23 03:00:00,0.1612,50.99,33.51,60.03,3.928,0.1529,0.0099,62.88,False,Normal,0,train
PUMP_04,2026-03-23 04:00:00,0.1618,49.97,34.3,59.27,4.059,0.1563,0.0086,62.83,False,Normal,0,train
PUMP_04,2026-03-23 05:00:00,0.1356,48.48,33.98,59.19,4.043,0.1522,0.0117,62.79,False,Normal,0,train
PUMP_04,2026-03-23 06:00:00,0.1635,49.05,33.57,59.21,4.111,0.1522,0.0116,62.75,False,Normal,0,train
PUMP_04,2026-03-23 07:00:00,0.1476,48.39,34.99,58.97,4.06,0.1522,0.0116,62.71,False,Normal,0,train
PUMP_04,2026-03-23 08:00:00,0.1299,48.32,33.66,56.05,4.011,0.1499,0.0146,62.67,False,Normal,0,train
PUMP_04,2026-03-23 09:00:00,0.163,50.43,33.25,57.28,4.077,0.1502,0.0149,62.62,False,Normal,0,train
PUMP_04,2026-03-23 10:00:00,0.1369,50.49,34.49,57.74,3.866,0.1461,0.0145,62.58,False,Normal,0,train
PUMP_04,2026-03-23 11:00:00,0.1719,47.67,34.27,58.16,4.038,0.1521,0.0166,62.54,False,Normal,0,train
PUMP_04,2026-03-23 12:00:00,0.1618,49.27,32.68,56.78,4.046,0.1519,0.0164,62.5,False,Normal,0,train
PUMP_04,2026-03-23 13:00:00,0.1511,48.78,32.71,56.34,3.893,0.1524,0.0163,62.46,False,Normal,0,train
PUMP_04,2026-03-23 14:00:00,0.1659,52.19,34.18,56.74,4.01,0.1584,0.0125,62.42,False,Normal,0,train
PUMP_04,2026-03-23 15:00:00,0.1574,46.86,33.47,57.09,3.947,0.1575,0.0123,62.38,False,Normal,0,train
PUMP_04,2026-03-23 16:00:00,0.1279,52.88,34.08,57.56,3.965,0.156,0.0155,62.33,False,Normal,0,train
PUMP_04,2026-03-23 17:00:00,0.1555,50.87,33.66,58.51,4.074,0.1533,0.0134,62.29,False,Normal,0,train
PUMP_04,2026-03-23 18:00:00,0.1297,46.16,34.21,57.82,3.917,0.1479,0.0156,62.25,False,Normal,0,train
PUMP_04,2026-03-23 19:00:00,0.1541,49.04,34.35,59.46,3.982,0.1484,0.0157,62.21,False,Normal,0,train
PUMP_04,2026-03-23 20:00:00,0.135,50.67,32.77,58.75,3.926,0.1433,0.0138,62.17,False,Normal,0,train
PUMP_04,2026-03-23 21:00:00,0.124,48.98,33.29,57.63,4.018,0.1377,0.0137,62.12,False,Normal,0,train
PUMP_04,2026-03-23 22:00:00,0.1514,49.59,34.85,58.54,4.027,0.1416,0.0137,62.08,False,Normal,0,train
PUMP_04,2026-03-23 23:00:00,0.1402,53.41,34.16,57.88,3.897,0.1391,0.0119,62.04,False,Normal,0,train
PUMP_04,2026-03-24 00:00:00,0.1662,49.37,34.31,57.29,3.973,0.1452,0.0151,62.0,False,Normal,0,train
PUMP_04,2026-03-24 01:00:00,0.1722,48.38,35.29,58.07,3.985,0.1482,0.0186,61.96,False,Normal,0,train
PUMP_04,2026-03-24 02:00:00,0.1291,51.37,34.61,58.5,4.009,0.1472,0.0196,61.92,False,Normal,0,train
PUMP_04,2026-03-24 03:00:00,0.1571,47.9,33.97,59.2,4.076,0.1527,0.0161,61.88,False,Normal,0,train
PUMP_04,2026-03-24 04:00:00,0.1684,51.05,33.22,60.65,3.923,0.1555,0.0173,61.83,False,Normal,0,train
PUMP_04,2026-03-24 05:00:00,0.1615,50.88,34.72,59.53,3.967,0.1591,0.0156,61.79,False,Normal,0,train
PUMP_04,2026-03-24 06:00:00,0.1622,52.74,34.74,56.8,4.105,0.1584,0.0153,61.75,False,Normal,0,train
PUMP_04,2026-03-24 07:00:00,0.1637,50.62,34.08,56.09,4.063,0.157,0.0141,61.71,False,Normal,0,train
PUMP_04,2026-03-24 08:00:00,0.1346,49.65,35.11,59.55,3.923,0.1579,0.012,61.67,False,Normal,0,train
PUMP_04,2026-03-24 09:00:00,0.181,49.96,34.17,57.85,3.991,0.1619,0.0152,61.62,False,Normal,0,train
PUMP_04,2026-03-24 10:00:00,0.1649,53.21,34.04,57.15,4.033,0.1613,0.015,61.58,False,Normal,0,train
PUMP_04,2026-03-24 11:00:00,0.1428,50.09,34.72,59.96,4.071,0.1582,0.0168,61.54,False,Normal,0,train
PUMP_04,2026-03-24 12:00:00,0.1388,49.68,34.3,57.77,4.026,0.1543,0.0183,61.5,False,Normal,0,train
PUMP_04,2026-03-24 13:00:00,0.1604,49.9,34.46,57.87,4.033,0.1538,0.018,61.46,False,Normal,0,train
PUMP_04,2026-03-24 14:00:00,0.1489,50.71,32.71,57.23,4.035,0.1561,0.0158,61.42,False,Normal,0,train
PUMP_04,2026-03-24 15:00:00,0.1484,49.44,34.22,55.56,4.004,0.1507,0.0101,61.38,False,Normal,0,train
PUMP_04,2026-03-24 16:00:00,0.1497,48.45,33.7,56.89,3.873,0.1482,0.0073,61.33,False,Normal,0,train
PUMP_04,2026-03-24 17:00:00,0.1438,48.99,33.66,57.24,3.96,0.1483,0.0072,61.29,False,Normal,0,train
PUMP_04,2026-03-24 18:00:00,0.1118,48.67,33.86,56.03,4.099,0.1438,0.0166,61.25,False,Normal,0,train
PUMP_04,2026-03-24 19:00:00,0.1342,49.77,33.58,58.1,4.069,0.1395,0.0147,61.21,False,Normal,0,train
PUMP_04,2026-03-24 20:00:00,0.1497,49.08,34.43,58.32,3.999,0.1396,0.0148,61.17,False,Normal,0,train
PUMP_04,2026-03-24 21:00:00,0.1526,49.73,33.27,59.09,3.981,0.1403,0.0154,61.12,False,Normal,0,train
PUMP_04,2026-03-24 22:00:00,0.1379,49.77,32.91,57.09,3.941,0.1383,0.0147,61.08,False,Normal,0,train
PUMP_04,2026-03-24 23:00:00,0.1469,50.4,33.91,55.75,3.931,0.1388,0.015,61.04,False,Normal,0,train
PUMP_04,2026-03-25 00:00:00,0.1674,48.56,34.8,57.61,4.076,0.1481,0.0118,61.0,False,Normal,0,train
PUMP_04,2026-03-25 01:00:00,0.1737,52.55,33.68,56.5,3.975,0.1547,0.0134,60.96,False,Normal,0,train
PUMP_04,2026-03-25 02:00:00,0.16,51.87,33.84,57.97,4.024,0.1564,0.0133,60.92,False,Normal,0,train
PUMP_04,2026-03-25 03:00:00,0.1704,50.81,33.82,59.04,4.193,0.1594,0.0142,60.88,False,Normal,0,train
PUMP_04,2026-03-25 04:00:00,0.164,51.1,35.51,57.36,4.008,0.1637,0.0095,60.83,False,Normal,0,train
PUMP_04,2026-03-25 05:00:00,0.1702,48.3,34.56,57.91,3.94,0.1676,0.005,60.79,False,Normal,0,train
PUMP_04,2026-03-25 06:00:00,0.1599,49.12,33.64,55.54,4.07,0.1664,0.0059,60.75,False,Normal,0,train
PUMP_04,2026-03-25 07:00:00,0.1506,49.29,33.87,57.53,4.086,0.1625,0.0075,60.71,False,Normal,0,train
PUMP_04,2026-03-25 08:00:00,0.1864,47.87,33.53,59.93,3.845,0.1669,0.0121,60.67,False,Normal,0,train
PUMP_04,2026-03-25 09:00:00,0.1841,49.43,35.12,58.67,4.1,0.1692,0.014,60.62,False,Normal,0,train
PUMP_04,2026-03-25 10:00:00,0.1554,53.41,33.08,57.06,3.928,0.1678,0.015,60.58,False,Normal,0,train
PUMP_04,2026-03-25 11:00:00,0.1585,50.16,33.41,56.65,4.129,0.1658,0.0154,60.54,False,Normal,0,train
PUMP_04,2026-03-25 12:00:00,0.1526,52.3,34.53,57.97,4.102,0.1646,0.0162,60.5,False,Normal,0,train
PUMP_04,2026-03-25 13:00:00,0.1482,52.2,35.02,58.61,4.01,0.1642,0.0167,60.46,False,Normal,0,train
PUMP_04,2026-03-25 14:00:00,0.1464,48.58,33.99,57.08,3.932,0.1575,0.0138,60.42,False,Normal,0,train
PUMP_04,2026-03-25 15:00:00,0.1605,50.05,33.83,57.77,4.088,0.1536,0.0056,60.38,False,Normal,0,train
PUMP_04,2026-03-25 16:00:00,0.1253,49.4,34.02,55.68,4.034,0.1486,0.0127,60.33,False,Normal,0,train
PUMP_04,2026-03-25 17:00:00,0.1312,51.4,34.04,58.98,3.938,0.144,0.0133,60.29,False,Normal,0,train
PUMP_04,2026-03-25 18:00:00,0.154,50.71,35.26,56.97,4.042,0.1443,0.0135,60.25,False,Normal,0,train
PUMP_04,2026-03-25 19:00:00,0.1431,52.5,34.26,58.76,3.91,0.1434,0.0133,60.21,False,Normal,0,train
PUMP_04,2026-03-25 20:00:00,0.1608,50.31,33.78,58.42,4.021,0.1458,0.0152,60.17,False,Normal,0,train
PUMP_04,2026-03-25 21:00:00,0.1446,51.24,34.24,58.55,4.023,0.1432,0.0134,60.12,False,Normal,0,train
PUMP_04,2026-03-25 22:00:00,0.1509,49.03,34.56,57.69,4.038,0.1474,0.0102,60.08,False,Normal,0,train
PUMP_04,2026-03-25 23:00:00,0.1449,47.8,33.43,59.97,4.097,0.1497,0.0069,60.04,False,Normal,0,train
PUMP_04,2026-03-26 00:00:00,0.1709,51.01,34.15,57.22,3.96,0.1525,0.0111,60.0,False,Normal,0,train
PUMP_04,2026-03-26 01:00:00,0.1663,50.22,34.01,59.99,3.949,0.1564,0.0112,59.96,False,Normal,0,train
PUMP_04,2026-03-26 02:00:00,0.1387,50.83,33.31,58.3,4.002,0.1527,0.013,59.92,False,Normal,0,train
PUMP_04,2026-03-26 03:00:00,0.167,52.12,33.75,58.15,4.065,0.1564,0.0134,59.88,False,Normal,0,train
PUMP_04,2026-03-26 04:00:00,0.1748,50.5,33.71,57.72,3.983,0.1604,0.0149,59.83,False,Normal,0,train
PUMP_04,2026-03-26 05:00:00,0.1598,51.24,33.7,58.13,3.871,0.1629,0.0129,59.79,False,Normal,0,train
PUMP_04,2026-03-26 06:00:00,0.1711,51.53,35.12,58.01,3.979,0.163,0.0129,59.75,False,Normal,0,train
PUMP_04,2026-03-26 07:00:00,0.1798,49.78,34.01,60.09,4.013,0.1652,0.0147,59.71,False,Normal,0,train
PUMP_04,2026-03-26 08:00:00,0.1578,49.1,34.21,56.54,3.938,0.1684,0.0086,59.67,False,Normal,0,train
PUMP_04,2026-03-26 09:00:00,0.1629,52.97,34.39,57.77,3.812,0.1677,0.0089,59.62,False,Normal,0,train
PUMP_04,2026-03-26 10:00:00,0.1485,50.58,33.96,56.86,4.025,0.1633,0.0109,59.58,False,Normal,0,train
PUMP_04,2026-03-26 11:00:00,0.1613,50.43,33.73,57.31,3.895,0.1636,0.0108,59.54,False,Normal,0,train
PUMP_04,2026-03-26 12:00:00,0.1366,48.53,34.89,58.02,4.077,0.1578,0.0145,59.5,False,Normal,0,train
PUMP_04,2026-03-26 13:00:00,0.1581,50.37,34.9,59.81,4.184,0.1542,0.01,59.46,False,Normal,0,train
PUMP_04,2026-03-26 14:00:00,0.1688,50.48,34.54,58.58,3.928,0.156,0.0116,59.42,False,Normal,0,train
PUMP_04,2026-03-26 15:00:00,0.1304,48.6,33.93,56.85,4.028,0.1506,0.0149,59.38,False,Normal,0,train
PUMP_04,2026-03-26 16:00:00,0.1622,51.11,34.21,57.65,4.024,0.1529,0.0155,59.33,False,Normal,0,train
PUMP_04,2026-03-26 17:00:00,0.1409,49.62,33.51,59.38,3.877,0.1495,0.0156,59.29,False,Normal,0,train
PUMP_04,2026-03-26 18:00:00,0.1314,46.68,34.06,57.3,3.806,0.1486,0.0166,59.25,False,Normal,0,train
PUMP_04,2026-03-26 19:00:00,0.1383,49.21,33.29,58.16,3.892,0.1453,0.0163,59.21,False,Normal,0,train
PUMP_04,2026-03-26 20:00:00,0.1429,51.45,34.48,58.49,3.976,0.141,0.0115,59.17,False,Normal,0,train
PUMP_04,2026-03-26 21:00:00,0.1382,48.65,34.99,57.74,4.195,0.1423,0.0105,59.12,False,Normal,0,train
PUMP_04,2026-03-26 22:00:00,0.1632,53.63,33.32,56.9,4.046,0.1425,0.0109,59.08,False,Normal,0,train
PUMP_04,2026-03-26 23:00:00,0.1445,50.72,35.05,58.3,3.929,0.1431,0.0109,59.04,False,Normal,0,train
PUMP_04,2026-03-27 00:00:00,0.1559,53.35,34.38,60.77,3.928,0.1472,0.0102,59.0,False,Normal,0,train
PUMP_04,2026-03-27 01:00:00,0.1855,48.35,33.53,57.44,3.945,0.155,0.0175,58.96,False,Normal,0,train
PUMP_04,2026-03-27 02:00:00,0.1536,48.18,34.15,57.36,3.85,0.1568,0.0166,58.92,False,Normal,0,train
PUMP_04,2026-03-27 03:00:00,0.1509,49.64,34.92,58.89,3.929,0.1589,0.0144,58.88,False,Normal,0,train
PUMP_04,2026-03-27 04:00:00,0.1541,48.1,34.74,60.86,4.037,0.1574,0.0143,58.83,False,Normal,0,train
PUMP_04,2026-03-27 05:00:00,0.1775,49.32,34.72,56.98,3.982,0.1629,0.0147,58.79,False,Normal,0,train
PUMP_04,2026-03-27 06:00:00,0.1597,52.38,33.78,56.58,3.967,0.1636,0.0144,58.75,False,Normal,0,train
PUMP_04,2026-03-27 07:00:00,0.1647,49.54,33.44,58.96,4.067,0.1601,0.0099,58.71,False,Normal,0,train
PUMP_04,2026-03-27 08:00:00,0.1492,47.61,34.0,58.98,3.91,0.1594,0.0106,58.67,False,Normal,0,train
PUMP_04,2026-03-27 09:00:00,0.1537,50.45,34.07,56.83,4.034,0.1598,0.0102,58.62,False,Normal,0,train
PUMP_04,2026-03-27 10:00:00,0.1705,51.98,33.87,57.64,3.909,0.1626,0.0105,58.58,False,Normal,0,train
PUMP_04,2026-03-27 11:00:00,0.1317,47.19,33.63,56.61,4.066,0.1549,0.0137,58.54,False,Normal,0,train
PUMP_04,2026-03-27 12:00:00,0.1243,47.97,33.39,57.56,4.005,0.149,0.0181,58.5,False,Normal,0,train
PUMP_04,2026-03-27 13:00:00,0.1408,50.08,34.43,57.65,4.013,0.145,0.0165,58.46,False,Normal,0,train
PUMP_04,2026-03-27 14:00:00,0.1399,48.2,33.58,59.14,3.989,0.1435,0.0165,58.42,False,Normal,0,train
PUMP_04,2026-03-27 15:00:00,0.1398,49.75,34.48,59.47,4.044,0.1412,0.0157,58.38,False,Normal,0,train
PUMP_04,2026-03-27 16:00:00,0.1386,52.16,33.82,57.88,3.932,0.1358,0.0066,58.33,False,Normal,0,train
PUMP_04,2026-03-27 17:00:00,0.1414,49.43,33.94,59.8,4.081,0.1375,0.0065,58.29,False,Normal,0,train
PUMP_04,2026-03-27 18:00:00,0.1346,50.69,33.29,59.15,3.979,0.1392,0.0024,58.25,False,Normal,0,train
PUMP_04,2026-03-27 19:00:00,0.1616,50.79,34.24,56.42,4.04,0.1426,0.0096,58.21,False,Normal,0,train
PUMP_04,2026-03-27 20:00:00,0.1545,48.81,33.83,59.36,4.053,0.1451,0.0105,58.17,False,Normal,0,train
PUMP_04,2026-03-27 21:00:00,0.142,48.42,33.35,58.97,3.939,0.1454,0.0104,58.12,False,Normal,0,train
PUMP_04,2026-03-27 22:00:00,0.1595,51.49,33.86,60.31,4.04,0.1489,0.0111,58.08,False,Normal,0,train
PUMP_04,2026-03-27 23:00:00,0.1094,50.07,33.48,58.32,3.94,0.1436,0.0197,58.04,False,Normal,0,train
PUMP_04,2026-03-28 00:00:00,0.1559,50.31,33.05,60.13,3.873,0.1472,0.0197,58.0,False,Normal,0,train
PUMP_04,2026-03-28 01:00:00,0.1663,49.95,34.45,55.92,4.015,0.1479,0.0205,57.96,False,Normal,0,train
PUMP_04,2026-03-28 02:00:00,0.1473,49.81,33.31,57.47,4.173,0.1467,0.0202,57.92,False,Normal,0,train
PUMP_04,2026-03-28 03:00:00,0.1658,50.29,34.27,55.62,3.948,0.1507,0.0214,57.88,False,Normal,0,train
PUMP_04,2026-03-28 04:00:00,0.15,48.32,35.37,57.63,4.041,0.1491,0.021,57.83,False,Normal,0,train
PUMP_04,2026-03-28 05:00:00,0.1655,50.58,33.44,58.2,4.066,0.1585,0.0086,57.79,False,Normal,0,train
PUMP_04,2026-03-28 06:00:00,0.1412,48.5,34.28,57.97,3.907,0.156,0.0112,57.75,False,Normal,0,train
PUMP_04,2026-03-28 07:00:00,0.174,53.49,33.76,59.12,3.951,0.1573,0.0129,57.71,False,Normal,0,train
PUMP_04,2026-03-28 08:00:00,0.1595,50.92,34.15,60.97,4.1,0.1593,0.0119,57.67,False,Normal,0,train
PUMP_04,2026-03-28 09:00:00,0.1614,50.42,32.94,57.57,4.052,0.1586,0.0116,57.62,False,Normal,0,train
PUMP_04,2026-03-28 10:00:00,0.1547,48.4,34.25,59.53,4.006,0.1594,0.011,57.58,False,Normal,0,train
PUMP_04,2026-03-28 11:00:00,0.1697,51.66,34.06,58.85,3.874,0.1601,0.0116,57.54,False,Normal,0,train
PUMP_04,2026-03-28 12:00:00,0.1546,49.29,35.45,58.45,3.954,0.1623,0.008,57.5,False,Normal,0,train
PUMP_04,2026-03-28 13:00:00,0.1624,50.91,32.77,59.03,4.042,0.1604,0.0056,57.46,False,Normal,0,train
PUMP_04,2026-03-28 14:00:00,0.1376,49.0,33.71,57.59,3.749,0.1567,0.0109,57.42,False,Normal,0,train
PUMP_04,2026-03-28 15:00:00,0.1522,47.13,34.27,59.27,4.065,0.1552,0.0108,57.38,False,Normal,0,train
PUMP_04,2026-03-28 16:00:00,0.1657,52.31,34.53,56.27,4.091,0.157,0.0116,57.33,False,Normal,0,train
PUMP_04,2026-03-28 17:00:00,0.1654,50.87,33.93,58.19,4.144,0.1563,0.0107,57.29,False,Normal,0,train
PUMP_04,2026-03-28 18:00:00,0.1024,49.41,34.76,57.63,4.102,0.1476,0.0246,57.25,False,Normal,0,train
PUMP_04,2026-03-28 19:00:00,0.1436,52.95,34.04,60.99,4.032,0.1445,0.0235,57.21,False,Normal,0,train
PUMP_04,2026-03-28 20:00:00,0.12,49.97,34.08,56.71,4.062,0.1416,0.0256,57.17,False,Normal,0,train
PUMP_04,2026-03-28 21:00:00,0.1379,51.81,32.96,58.59,3.972,0.1392,0.025,57.12,False,Normal,0,train
PUMP_04,2026-03-28 22:00:00,0.1376,47.55,34.35,59.52,3.956,0.1345,0.0214,57.08,False,Normal,0,train
PUMP_04,2026-03-28 23:00:00,0.1572,49.51,34.91,57.33,4.035,0.1331,0.0192,57.04,False,Normal,0,train
PUMP_04,2026-03-29 00:00:00,0.1487,49.56,33.41,58.05,3.934,0.1408,0.0126,57.0,False,Normal,0,train
PUMP_04,2026-03-29 01:00:00,0.1422,48.52,33.74,57.39,3.966,0.1406,0.0125,56.96,False,Normal,0,train
PUMP_04,2026-03-29 02:00:00,0.1637,48.67,33.15,57.48,4.175,0.1479,0.0107,56.92,False,Normal,0,train
PUMP_04,2026-03-29 03:00:00,0.1423,50.22,34.28,60.03,3.941,0.1486,0.01,56.88,False,Normal,0,train
PUMP_04,2026-03-29 04:00:00,0.1478,49.74,33.9,55.74,4.019,0.1503,0.0086,56.83,False,Normal,0,train
PUMP_04,2026-03-29 05:00:00,0.1547,49.71,34.49,58.33,3.87,0.1499,0.0082,56.79,False,Normal,0,train
PUMP_04,2026-03-29 06:00:00,0.1577,49.23,33.95,55.5,3.934,0.1514,0.0087,56.75,False,Normal,0,train
PUMP_04,2026-03-29 07:00:00,0.163,51.53,33.94,59.15,3.935,0.1549,0.0085,56.71,False,Normal,0,train
PUMP_04,2026-03-29 08:00:00,0.1622,48.13,33.96,57.54,3.99,0.1546,0.0082,56.67,False,Normal,0,train
PUMP_04,2026-03-29 09:00:00,0.1485,50.08,34.1,55.93,3.93,0.1556,0.0066,56.62,False,Normal,0,train
PUMP_04,2026-03-29 10:00:00,0.1593,49.32,34.01,57.83,3.977,0.1576,0.0054,56.58,False,Normal,0,train
PUMP_04,2026-03-29 11:00:00,0.1545,49.2,34.26,56.55,3.959,0.1575,0.0054,56.54,False,Normal,0,train
PUMP_04,2026-03-29 12:00:00,0.1508,46.73,34.86,59.2,3.984,0.1564,0.006,56.5,False,Normal,0,train
PUMP_04,2026-03-29 13:00:00,0.125,49.94,34.58,59.25,3.866,0.15,0.0133,56.46,False,Normal,0,train
PUMP_04,2026-03-29 14:00:00,0.1523,49.08,35.05,56.63,3.875,0.1484,0.012,56.42,False,Normal,0,train
PUMP_04,2026-03-29 15:00:00,0.1522,50.42,33.3,58.66,4.062,0.149,0.0121,56.38,False,Normal,0,train
PUMP_04,2026-03-29 16:00:00,0.153,54.61,33.55,57.23,3.953,0.148,0.0113,56.33,False,Normal,0,train
PUMP_04,2026-03-29 17:00:00,0.1429,50.26,34.67,57.66,4.015,0.146,0.011,56.29,False,Normal,0,train
PUMP_04,2026-03-29 18:00:00,0.1563,50.7,33.39,60.4,4.03,0.147,0.0116,56.25,False,Normal,0,train
PUMP_04,2026-03-29 19:00:00,0.1479,48.82,34.97,57.56,4.005,0.1508,0.0047,56.21,False,Normal,0,train
PUMP_04,2026-03-29 20:00:00,0.1354,50.26,33.69,59.76,3.891,0.148,0.0077,56.17,False,Normal,0,train
PUMP_04,2026-03-29 21:00:00,0.1422,49.83,33.91,60.13,3.835,0.1463,0.0077,56.12,False,Normal,0,train
PUMP_04,2026-03-29 22:00:00,0.1366,48.76,33.78,57.63,3.966,0.1435,0.0077,56.08,False,Normal,0,train
PUMP_04,2026-03-29 23:00:00,0.1328,48.63,34.01,58.35,4.002,0.1419,0.0089,56.04,False,Normal,0,train
PUMP_04,2026-03-30 00:00:00,0.1607,50.71,34.99,57.45,4.111,0.1426,0.0104,56.0,False,Normal,0,train
PUMP_04,2026-03-30 01:00:00,0.1489,48.99,34.79,58.03,4.156,0.1428,0.0105,55.96,False,Normal,0,train
PUMP_04,2026-03-30 02:00:00,0.1655,48.59,35.17,58.81,4.027,0.1478,0.0131,55.92,False,Normal,0,train
PUMP_04,2026-03-30 03:00:00,0.1852,51.98,35.37,57.92,3.992,0.155,0.0196,55.88,False,Normal,0,train
PUMP_04,2026-03-30 04:00:00,0.1745,52.29,33.73,58.49,3.992,0.1613,0.0186,55.83,False,Normal,0,train
PUMP_04,2026-03-30 05:00:00,0.1454,48.61,33.39,57.19,3.994,0.1634,0.0151,55.79,False,Normal,0,train
PUMP_04,2026-03-30 06:00:00,0.1517,51.59,34.1,56.94,3.943,0.1619,0.0159,55.75,False,Normal,0,train
PUMP_04,2026-03-30 07:00:00,0.1684,47.54,34.2,57.58,4.107,0.1651,0.0146,55.71,False,Normal,0,train
PUMP_04,2026-03-30 08:00:00,0.1651,48.57,33.12,58.19,3.965,0.165,0.0146,55.67,False,Normal,0,train
PUMP_04,2026-03-30 09:00:00,0.1771,48.18,34.48,59.57,4.026,0.1637,0.0126,55.62,False,Normal,0,train
PUMP_04,2026-03-30 10:00:00,0.1497,49.25,33.38,57.8,4.024,0.1596,0.0125,55.58,False,Normal,0,train
PUMP_04,2026-03-30 11:00:00,0.1338,50.0,33.75,58.51,3.811,0.1576,0.0156,55.54,False,Normal,0,train
PUMP_04,2026-03-30 12:00:00,0.1362,48.11,34.45,56.89,3.916,0.155,0.0179,55.5,False,Normal,0,train
PUMP_04,2026-03-30 13:00:00,0.1654,49.34,34.28,59.05,4.026,0.1546,0.0175,55.46,False,Normal,0,train
PUMP_04,2026-03-30 14:00:00,0.1476,48.58,34.05,57.55,4.098,0.1516,0.0168,55.42,False,Normal,0,train
PUMP_04,2026-03-30 15:00:00,0.1556,50.35,34.15,57.76,4.014,0.148,0.0119,55.38,False,Normal,0,train
PUMP_04,2026-03-30 16:00:00,0.1364,50.17,34.39,58.09,4.053,0.1458,0.0127,55.33,False,Normal,0,train
PUMP_04,2026-03-30 17:00:00,0.1295,52.08,33.64,57.37,3.911,0.1451,0.0136,55.29,False,Normal,0,train
PUMP_04,2026-03-30 18:00:00,0.15,47.37,34.2,56.69,4.002,0.1474,0.013,55.25,False,Normal,0,train
PUMP_04,2026-03-30 19:00:00,0.1206,51.7,34.0,58.57,3.906,0.14,0.0134,55.21,False,Normal,0,train
PUMP_04,2026-03-30 20:00:00,0.1488,51.7,34.08,59.11,4.062,0.1402,0.0136,55.17,False,Normal,0,train
PUMP_04,2026-03-30 21:00:00,0.1674,49.19,34.69,56.42,4.003,0.1421,0.0167,55.12,False,Normal,0,train
PUMP_04,2026-03-30 22:00:00,0.1113,49.44,34.17,58.32,4.139,0.1379,0.021,55.08,False,Normal,0,train
PUMP_04,2026-03-30 23:00:00,0.1335,50.49,34.85,58.3,3.998,0.1386,0.0208,55.04,False,Normal,0,train
PUMP_04,2026-03-31 00:00:00,0.1498,51.51,33.7,57.59,3.874,0.1386,0.0208,55.0,False,Normal,0,train
PUMP_04,2026-03-31 01:00:00,0.1457,46.92,33.94,57.58,4.026,0.1428,0.0189,54.96,False,Normal,0,train
PUMP_04,2026-03-31 02:00:00,0.1533,49.3,33.09,59.3,3.963,0.1435,0.0192,54.92,False,Normal,0,train
PUMP_04,2026-03-31 03:00:00,0.1904,50.65,33.42,60.62,4.076,0.1473,0.026,54.88,False,Normal,0,train
PUMP_04,2026-03-31 04:00:00,0.149,50.1,33.78,59.58,3.942,0.1536,0.0193,54.83,False,Normal,0,train
PUMP_04,2026-03-31 05:00:00,0.1566,50.03,34.28,58.67,4.1,0.1575,0.0166,54.79,False,Normal,0,train
PUMP_04,2026-03-31 06:00:00,0.1453,47.55,33.7,59.44,3.889,0.1567,0.0171,54.75,False,Normal,0,train
PUMP_04,2026-03-31 07:00:00,0.1387,49.25,33.35,58.59,4.113,0.1556,0.0182,54.71,False,Normal,0,train
PUMP_04,2026-03-31 08:00:00,0.1653,49.41,34.21,57.19,3.89,0.1576,0.0185,54.67,False,Normal,0,train
PUMP_04,2026-03-31 09:00:00,0.1328,48.66,33.0,58.45,3.937,0.148,0.0118,54.62,False,Normal,0,train
PUMP_04,2026-03-31 10:00:00,0.1355,51.66,33.02,56.4,4.054,0.1457,0.0128,54.58,False,Normal,0,train
PUMP_04,2026-03-31 11:00:00,0.1533,49.44,33.51,57.12,4.171,0.1452,0.0123,54.54,False,Normal,0,train
PUMP_04,2026-03-31 12:00:00,0.1588,48.71,34.24,59.14,4.007,0.1474,0.0135,54.5,False,Normal,0,train
PUMP_04,2026-03-31 13:00:00,0.1344,52.94,33.48,57.78,3.888,0.1467,0.0142,54.46,False,Normal,0,train
PUMP_04,2026-03-31 14:00:00,0.1339,50.67,34.06,57.02,3.813,0.1414,0.0115,54.42,False,Normal,0,train
PUMP_04,2026-03-31 15:00:00,0.1184,50.24,34.45,57.29,4.076,0.139,0.0147,54.38,False,Normal,0,train
PUMP_04,2026-03-31 16:00:00,0.149,49.8,34.28,56.54,4.132,0.1413,0.0151,54.33,False,Normal,0,train
PUMP_04,2026-03-31 17:00:00,0.1409,48.99,35.04,58.4,4.087,0.1392,0.0139,54.29,False,Normal,0,train
PUMP_04,2026-03-31 18:00:00,0.1402,48.74,34.1,57.49,4.013,0.1361,0.0103,54.25,False,Normal,0,train
PUMP_04,2026-03-31 19:00:00,0.1207,48.24,34.85,57.71,3.939,0.1338,0.0121,54.21,False,Normal,0,train
PUMP_04,2026-03-31 20:00:00,0.1535,49.5,34.37,58.5,4.041,0.1371,0.0145,54.17,False,Normal,0,train
PUMP_04,2026-03-31 21:00:00,0.1354,47.73,33.76,58.41,4.028,0.14,0.0115,54.12,False,Normal,0,train
PUMP_04,2026-03-31 22:00:00,0.1583,51.35,33.42,56.58,4.158,0.1415,0.0134,54.08,False,Normal,0,train
PUMP_04,2026-03-31 23:00:00,0.1376,48.99,34.1,56.62,4.041,0.141,0.0135,54.04,False,Normal,0,train
PUMP_04,2026-04-01 00:00:00,0.1549,51.28,33.22,57.92,4.071,0.1434,0.0146,54.0,False,Normal,0,train
PUMP_04,2026-04-01 01:00:00,0.1413,48.75,33.87,58.78,3.99,0.1468,0.0099,53.96,False,Normal,0,train
PUMP_04,2026-04-01 02:00:00,0.1694,50.58,33.91,57.2,3.921,0.1495,0.0135,53.92,False,Normal,0,train
PUMP_04,2026-04-01 03:00:00,0.1389,47.89,34.71,57.37,3.997,0.1501,0.0128,53.88,False,Normal,0,train
PUMP_04,2026-04-01 04:00:00,0.1632,49.04,33.57,58.17,3.806,0.1509,0.0136,53.83,False,Normal,0,train
PUMP_04,2026-04-01 05:00:00,0.1413,49.22,34.27,58.15,3.998,0.1515,0.0129,53.79,False,Normal,0,train
PUMP_04,2026-04-01 06:00:00,0.1536,50.37,33.42,57.94,4.025,0.1513,0.0129,53.75,False,Normal,0,train
PUMP_04,2026-04-01 07:00:00,0.1692,48.11,34.52,58.46,3.955,0.1559,0.0136,53.71,False,Normal,0,train
PUMP_04,2026-04-01 08:00:00,0.1415,52.17,34.91,56.91,4.028,0.1513,0.0128,53.67,False,Normal,0,train
PUMP_04,2026-04-01 09:00:00,0.1641,49.96,33.5,59.82,4.086,0.1555,0.012,53.62,False,Normal,0,train
PUMP_04,2026-04-01 10:00:00,0.1663,49.9,34.09,57.64,4.01,0.156,0.0125,53.58,False,Normal,0,train
PUMP_04,2026-04-01 11:00:00,0.1226,47.82,35.55,60.02,3.992,0.1529,0.018,53.54,False,Normal,0,train
PUMP_04,2026-04-01 12:00:00,0.1571,50.46,33.56,55.39,3.968,0.1535,0.0181,53.5,False,Normal,0,train
PUMP_04,2026-04-01 13:00:00,0.1643,51.64,33.13,55.97,3.979,0.1526,0.0173,53.46,False,Normal,0,train
PUMP_04,2026-04-01 14:00:00,0.1338,48.6,34.14,57.9,4.158,0.1514,0.0186,53.42,False,Normal,0,train
PUMP_04,2026-04-01 15:00:00,0.13,49.09,33.36,59.2,3.936,0.1457,0.0191,53.38,False,Normal,0,train
PUMP_04,2026-04-01 16:00:00,0.117,49.6,34.22,58.28,3.949,0.1375,0.0191,53.33,False,Normal,0,train
PUMP_04,2026-04-01 17:00:00,0.1259,49.52,34.52,57.87,4.076,0.138,0.0186,53.29,False,Normal,0,train
PUMP_04,2026-04-01 18:00:00,0.1553,48.57,33.39,58.34,3.938,0.1377,0.0182,53.25,False,Normal,0,train
PUMP_04,2026-04-01 19:00:00,0.1341,50.59,33.12,57.97,4.07,0.1327,0.0128,53.21,False,Normal,0,train
PUMP_04,2026-04-01 20:00:00,0.1488,51.76,34.62,60.35,3.925,0.1352,0.0144,53.17,False,Normal,0,train
PUMP_04,2026-04-01 21:00:00,0.1336,49.89,35.04,57.38,3.999,0.1358,0.0142,53.12,False,Normal,0,train
PUMP_04,2026-04-01 22:00:00,0.1433,48.64,33.82,59.53,4.074,0.1402,0.0109,53.08,False,Normal,0,train
PUMP_04,2026-04-01 23:00:00,0.1661,48.32,34.83,57.11,3.902,0.1469,0.0126,53.04,False,Normal,0,train
PUMP_04,2026-04-02 00:00:00,0.1702,53.63,35.06,57.65,4.059,0.1494,0.0157,53.0,False,Normal,0,train
PUMP_04,2026-04-02 01:00:00,0.1549,49.34,34.43,56.83,4.072,0.1528,0.0138,52.96,False,Normal,0,train
PUMP_04,2026-04-02 02:00:00,0.1519,50.75,34.08,59.02,3.979,0.1533,0.0137,52.92,False,Normal,0,train
PUMP_04,2026-04-02 03:00:00,0.1452,47.5,34.41,59.46,4.102,0.1553,0.0109,52.88,False,Normal,0,train
PUMP_04,2026-04-02 04:00:00,0.1707,48.86,34.52,57.79,3.986,0.1598,0.0106,52.83,False,Normal,0,train
PUMP_04,2026-04-02 05:00:00,0.1579,51.61,32.65,58.65,3.992,0.1585,0.0102,52.79,False,Normal,0,train
PUMP_04,2026-04-02 06:00:00,0.1794,48.68,33.93,58.15,4.057,0.16,0.0127,52.75,False,Normal,0,train
PUMP_04,2026-04-02 07:00:00,0.1344,48.76,33.21,58.71,4.099,0.1566,0.0165,52.71,False,Normal,0,train
PUMP_04,2026-04-02 08:00:00,0.1522,50.54,33.46,59.42,3.774,0.1566,0.0165,52.67,False,Normal,0,train
PUMP_04,2026-04-02 09:00:00,0.1549,49.01,34.19,56.63,3.833,0.1582,0.0156,52.62,False,Normal,0,train
PUMP_04,2026-04-02 10:00:00,0.1627,50.81,33.94,56.73,3.897,0.1569,0.0147,52.58,False,Normal,0,train
PUMP_04,2026-04-02 11:00:00,0.1332,49.0,34.02,57.34,4.05,0.1528,0.0175,52.54,False,Normal,0,train
PUMP_04,2026-04-02 12:00:00,0.148,49.84,33.92,57.47,4.018,0.1476,0.0117,52.5,False,Normal,0,train
PUMP_04,2026-04-02 13:00:00,0.162,50.97,33.89,58.25,3.849,0.1522,0.0109,52.46,False,Normal,0,train
PUMP_04,2026-04-02 14:00:00,0.1497,49.31,33.99,58.01,4.155,0.1518,0.0109,52.42,False,Normal,0,train
PUMP_04,2026-04-02 15:00:00,0.1479,48.11,34.94,57.76,4.046,0.1506,0.0109,52.38,False,Normal,0,train
PUMP_04,2026-04-02 16:00:00,0.1291,49.34,34.39,57.91,3.979,0.145,0.012,52.33,False,Normal,0,train
PUMP_04,2026-04-02 17:00:00,0.1371,48.51,33.44,58.27,4.04,0.1456,0.0113,52.29,False,Normal,0,train
PUMP_04,2026-04-02 18:00:00,0.1246,49.26,33.73,57.08,3.975,0.1417,0.014,52.25,False,Normal,0,train
PUMP_04,2026-04-02 19:00:00,0.1555,50.01,34.41,55.46,4.087,0.1406,0.0123,52.21,False,Normal,0,train
PUMP_04,2026-04-02 20:00:00,0.1477,50.01,33.84,56.91,4.108,0.1403,0.012,52.17,False,Normal,0,train
PUMP_04,2026-04-02 21:00:00,0.1448,51.35,34.31,59.33,4.125,0.1398,0.0117,52.12,False,Normal,0,train
PUMP_04,2026-04-02 22:00:00,0.1477,48.82,33.99,54.89,4.039,0.1429,0.0107,52.08,False,Normal,0,train
PUMP_04,2026-04-02 23:00:00,0.1656,49.97,34.13,59.36,4.009,0.1476,0.0136,52.04,False,Normal,0,train
PUMP_04,2026-04-03 00:00:00,0.1803,52.05,34.77,57.32,4.083,0.1569,0.0137,52.0,False,Normal,0,train
PUMP_04,2026-04-03 01:00:00,0.1538,50.49,34.24,59.02,4.136,0.1567,0.0138,51.96,False,Normal,0,train
PUMP_04,2026-04-03 02:00:00,0.1562,51.42,35.16,56.77,3.979,0.1581,0.0131,51.92,False,Normal,0,train
PUMP_04,2026-04-03 03:00:00,0.163,49.91,33.6,54.99,4.117,0.1611,0.0114,51.88,False,Normal,0,train
PUMP_04,2026-04-03 04:00:00,0.1805,51.2,33.45,56.97,3.956,0.1666,0.0115,51.83,False,Normal,0,train
PUMP_04,2026-04-03 05:00:00,0.1713,49.72,34.24,57.84,3.937,0.1675,0.0117,51.79,False,Normal,0,train
PUMP_04,2026-04-03 06:00:00,0.166,47.88,33.87,58.46,4.03,0.1651,0.0099,51.75,False,Normal,0,train
PUMP_04,2026-04-03 07:00:00,0.1713,50.97,34.08,56.3,3.941,0.168,0.0083,51.71,False,Normal,0,train
PUMP_04,2026-04-03 08:00:00,0.1649,50.55,34.22,58.45,3.848,0.1695,0.0064,51.67,False,Normal,0,train
PUMP_04,2026-04-03 09:00:00,0.1361,50.06,33.23,58.03,3.985,0.165,0.0152,51.62,False,Normal,0,train
PUMP_04,2026-04-03 10:00:00,0.1711,48.58,32.69,57.26,4.194,0.1635,0.0137,51.58,False,Normal,0,train
PUMP_04,2026-04-03 11:00:00,0.1407,52.33,34.43,58.14,3.852,0.1584,0.0157,51.54,False,Normal,0,train
PUMP_04,2026-04-03 12:00:00,0.1487,51.19,33.14,58.11,4.07,0.1555,0.0156,51.5,False,Normal,0,train
PUMP_04,2026-04-03 13:00:00,0.1358,49.05,33.69,58.63,3.98,0.1495,0.0152,51.46,False,Normal,0,train
PUMP_04,2026-04-03 14:00:00,0.1411,52.13,33.9,58.24,3.944,0.1456,0.0133,51.42,False,Normal,0,train
PUMP_04,2026-04-03 15:00:00,0.1465,52.05,33.95,58.13,3.933,0.1473,0.0125,51.38,False,Normal,0,train
PUMP_04,2026-04-03 16:00:00,0.1617,49.7,34.47,60.37,4.008,0.1458,0.0091,51.33,False,Normal,0,train
PUMP_04,2026-04-03 17:00:00,0.134,48.72,34.4,55.67,3.978,0.1446,0.0101,51.29,False,Normal,0,train
PUMP_04,2026-04-03 18:00:00,0.162,50.71,34.14,56.44,4.049,0.1468,0.0124,51.25,False,Normal,0,train
PUMP_04,2026-04-03 19:00:00,0.1163,49.71,34.34,59.31,4.177,0.1436,0.0174,51.21,False,Normal,0,train
PUMP_04,2026-04-03 20:00:00,0.1229,54.04,33.38,56.24,4.019,0.1406,0.0194,51.17,False,Normal,0,train
PUMP_04,2026-04-03 21:00:00,0.1302,48.45,33.55,59.08,3.951,0.1378,0.0196,51.12,False,Normal,0,train
PUMP_04,2026-04-03 22:00:00,0.1565,52.35,36.16,58.38,4.031,0.137,0.0184,51.08,False,Normal,0,train
PUMP_04,2026-04-03 23:00:00,0.1335,49.39,34.09,56.43,3.949,0.1369,0.0184,51.04,False,Normal,0,train
PUMP_04,2026-04-04 00:00:00,0.1313,49.65,34.53,59.19,3.963,0.1318,0.0137,51.0,False,Normal,0,train
PUMP_04,2026-04-04 01:00:00,0.1795,48.74,33.31,59.43,3.946,0.1423,0.0215,50.96,False,Normal,0,train
PUMP_04,2026-04-04 02:00:00,0.153,50.18,34.44,58.04,4.076,0.1473,0.0195,50.92,False,Normal,0,train
PUMP_04,2026-04-04 03:00:00,0.1794,48.69,33.85,57.88,4.07,0.1555,0.0211,50.88,False,Normal,0,train
PUMP_04,2026-04-04 04:00:00,0.1741,49.65,33.68,59.56,3.986,0.1585,0.0224,50.83,False,Normal,0,train
PUMP_04,2026-04-04 05:00:00,0.1718,48.11,35.06,55.96,3.883,0.1648,0.0191,50.79,False,Normal,0,train
PUMP_04,2026-04-04 06:00:00,0.1789,47.0,34.92,58.83,3.929,0.1728,0.0102,50.75,False,Normal,0,train
PUMP_04,2026-04-04 07:00:00,0.1556,49.66,33.98,56.27,3.997,0.1688,0.0116,50.71,False,Normal,0,train
PUMP_04,2026-04-04 08:00:00,0.1413,51.95,34.15,58.7,4.094,0.1669,0.0152,50.67,False,Normal,0,train
PUMP_04,2026-04-04 09:00:00,0.1648,50.37,33.77,57.85,3.758,0.1644,0.0139,50.62,False,Normal,0,train
PUMP_04,2026-04-04 10:00:00,0.1497,49.74,33.32,57.96,4.02,0.1604,0.0141,50.58,False,Normal,0,train
PUMP_04,2026-04-04 11:00:00,0.1616,53.91,34.06,59.98,4.054,0.1586,0.013,50.54,False,Normal,0,train
PUMP_04,2026-04-04 12:00:00,0.1635,46.51,34.15,56.12,4.056,0.1561,0.0092,50.5,False,Normal,0,train
PUMP_04,2026-04-04 13:00:00,0.1353,50.41,34.63,58.86,4.057,0.1527,0.0125,50.46,False,Normal,0,train
PUMP_04,2026-04-04 14:00:00,0.1361,48.67,34.36,57.91,4.085,0.1518,0.0136,50.42,False,Normal,0,train
PUMP_04,2026-04-04 15:00:00,0.1416,50.05,33.41,58.12,3.982,0.148,0.0124,50.38,False,Normal,0,train
PUMP_04,2026-04-04 16:00:00,0.1604,48.81,32.78,59.03,4.06,0.1498,0.0134,50.33,False,Normal,0,train
PUMP_04,2026-04-04 17:00:00,0.1286,48.98,33.81,58.97,3.852,0.1443,0.0144,50.29,False,Normal,0,train
PUMP_04,2026-04-04 18:00:00,0.1675,50.4,33.23,58.75,3.964,0.1449,0.0155,50.25,False,Normal,0,train
PUMP_04,2026-04-04 19:00:00,0.1157,49.71,33.94,56.96,4.028,0.1416,0.0195,50.21,False,Normal,0,train
PUMP_04,2026-04-04 20:00:00,0.1656,48.89,34.27,58.74,3.961,0.1466,0.0214,50.17,False,Normal,0,train
PUMP_04,2026-04-04 21:00:00,0.1465,47.97,34.2,58.91,3.919,0.1474,0.0213,50.12,False,Normal,0,train
PUMP_04,2026-04-04 22:00:00,0.153,51.13,33.74,58.6,3.949,0.1461,0.0206,50.08,False,Normal,0,train
PUMP_04,2026-04-04 23:00:00,0.156,49.63,34.25,58.76,4.053,0.1507,0.0189,50.04,False,Normal,0,train
PUMP_04,2026-04-05 00:00:00,0.1153,48.14,34.85,58.12,3.991,0.142,0.0214,50.0,False,Normal,0,train
PUMP_04,2026-04-05 01:00:00,0.1483,47.44,34.25,56.61,3.997,0.1474,0.0171,49.96,False,Normal,0,train
PUMP_04,2026-04-05 02:00:00,0.1528,50.4,34.23,57.51,4.031,0.1453,0.0151,49.92,False,Normal,0,train
PUMP_04,2026-04-05 03:00:00,0.1753,49.52,33.69,57.44,4.022,0.1501,0.0195,49.88,False,Normal,0,train
PUMP_04,2026-04-05 04:00:00,0.1574,50.24,34.11,58.03,4.118,0.1509,0.0197,49.83,False,Normal,0,train
PUMP_04,2026-04-05 05:00:00,0.181,53.79,34.93,57.52,4.094,0.155,0.0233,49.79,False,Normal,0,train
PUMP_04,2026-04-05 06:00:00,0.1873,51.2,33.98,60.17,4.034,0.167,0.0163,49.75,False,Normal,0,train
PUMP_04,2026-04-05 07:00:00,0.1685,49.93,33.82,58.55,3.978,0.1704,0.0134,49.71,False,Normal,0,train
PUMP_04,2026-04-05 08:00:00,0.1616,47.46,34.75,57.93,4.109,0.1718,0.0115,49.67,False,Normal,0,train
PUMP_04,2026-04-05 09:00:00,0.1418,52.43,33.92,58.34,4.135,0.1663,0.0165,49.62,False,Normal,0,train
PUMP_04,2026-04-05 10:00:00,0.1647,50.1,34.38,58.51,3.878,0.1675,0.016,49.58,False,Normal,0,train
PUMP_04,2026-04-05 11:00:00,0.148,53.66,34.15,60.6,3.995,0.162,0.0161,49.54,False,Normal,0,train
PUMP_04,2026-04-05 12:00:00,0.1712,48.77,34.34,58.54,3.986,0.1593,0.0118,49.5,False,Normal,0,train
PUMP_04,2026-04-05 13:00:00,0.1257,48.05,34.53,57.52,3.924,0.1522,0.0169,49.46,False,Normal,0,train
PUMP_04,2026-04-05 14:00:00,0.1352,52.14,34.79,56.77,3.962,0.1478,0.0174,49.42,False,Normal,0,train
PUMP_04,2026-04-05 15:00:00,0.1572,50.36,34.66,58.28,3.971,0.1503,0.0175,49.38,False,Normal,0,train
PUMP_04,2026-04-05 16:00:00,0.1675,51.86,34.9,60.46,4.087,0.1508,0.018,49.33,False,Normal,0,train
PUMP_04,2026-04-05 17:00:00,0.1516,48.16,33.88,57.81,3.89,0.1514,0.0179,49.29,False,Normal,0,train
PUMP_04,2026-04-05 18:00:00,0.1596,48.14,33.31,56.88,4.021,0.1495,0.0159,49.25,False,Normal,0,train
PUMP_04,2026-04-05 19:00:00,0.1435,48.46,33.94,59.19,3.939,0.1524,0.0116,49.21,False,Normal,0,train
PUMP_04,2026-04-05 20:00:00,0.1674,45.83,35.76,58.15,4.1,0.1578,0.0093,49.17,False,Normal,0,train
PUMP_04,2026-04-05 21:00:00,0.1472,49.22,33.97,56.04,4.01,0.1561,0.0103,49.12,False,Normal,0,train
PUMP_04,2026-04-05 22:00:00,0.1534,47.19,32.91,58.25,4.076,0.1538,0.0086,49.08,False,Normal,0,train
PUMP_04,2026-04-05 23:00:00,0.1513,50.11,35.63,59.37,4.009,0.1537,0.0087,49.04,False,Normal,0,train
PUMP_04,2026-04-06 00:00:00,0.1468,49.86,34.15,55.48,3.872,0.1516,0.0085,49.0,False,Normal,0,train
PUMP_04,2026-04-06 01:00:00,0.1598,48.66,33.53,58.86,3.959,0.1543,0.008,48.96,False,Normal,0,train
PUMP_04,2026-04-06 02:00:00,0.1596,50.77,33.34,56.5,4.139,0.153,0.0057,48.92,False,Normal,0,train
PUMP_04,2026-04-06 03:00:00,0.1647,50.24,34.12,57.76,4.047,0.1559,0.0066,48.88,False,Normal,0,train
PUMP_04,2026-04-06 04:00:00,0.1259,51.99,34.49,57.43,4.162,0.1514,0.014,48.83,False,Normal,0,train
PUMP_04,2026-04-06 05:00:00,0.1475,52.77,34.45,59.33,4.124,0.1507,0.0141,48.79,False,Normal,0,train
PUMP_04,2026-04-06 06:00:00,0.1531,50.2,34.58,59.2,3.952,0.1518,0.014,48.75,False,Normal,0,train
PUMP_04,2026-04-06 07:00:00,0.1381,50.65,33.15,56.38,3.896,0.1482,0.0143,48.71,False,Normal,0,train
PUMP_04,2026-04-06 08:00:00,0.1455,50.88,33.34,55.61,4.09,0.1458,0.0132,48.67,False,Normal,0,train
PUMP_04,2026-04-06 09:00:00,0.1685,52.89,34.03,56.18,4.084,0.1464,0.0143,48.62,False,Normal,0,train
PUMP_04,2026-04-06 10:00:00,0.1606,47.89,34.72,58.51,4.004,0.1522,0.011,48.58,False,Normal,0,train
PUMP_04,2026-04-06 11:00:00,0.1681,49.15,33.78,55.26,3.884,0.1556,0.0123,48.54,False,Normal,0,train
PUMP_04,2026-04-06 12:00:00,0.1644,47.93,32.67,57.23,3.958,0.1575,0.0127,48.5,False,Normal,0,train
PUMP_04,2026-04-06 13:00:00,0.163,49.06,34.55,59.12,4.014,0.1617,0.0085,48.46,False,Normal,0,train
PUMP_04,2026-04-06 14:00:00,0.1464,49.42,32.38,58.72,4.062,0.1618,0.0081,48.42,False,Normal,0,train
PUMP_04,2026-04-06 15:00:00,0.1639,48.68,33.74,55.96,3.921,0.1611,0.0076,48.38,False,Normal,0,train
PUMP_04,2026-04-06 16:00:00,0.1336,50.63,34.51,58.24,4.083,0.1566,0.0136,48.33,False,Normal,0,train
PUMP_04,2026-04-06 17:00:00,0.1606,50.75,34.49,56.85,4.064,0.1553,0.0126,48.29,False,Normal,0,train
PUMP_04,2026-04-06 18:00:00,0.154,49.99,33.04,57.23,4.065,0.1536,0.0118,48.25,False,Normal,0,train
PUMP_04,2026-04-06 19:00:00,0.1509,50.48,34.58,57.31,4.043,0.1516,0.0109,48.21,False,Normal,0,train
PUMP_04,2026-04-06 20:00:00,0.1418,52.66,34.86,57.45,3.827,0.1508,0.0114,48.17,False,Normal,0,train
PUMP_04,2026-04-06 21:00:00,0.1335,50.54,34.43,57.9,4.025,0.1457,0.0112,48.12,False,Normal,0,train
PUMP_04,2026-04-06 22:00:00,0.1457,48.0,33.89,57.12,3.969,0.1478,0.0096,48.08,False,Normal,0,train
PUMP_04,2026-04-06 23:00:00,0.1253,48.81,34.32,57.16,4.047,0.1419,0.0108,48.04,False,Normal,0,train
PUMP_04,2026-04-07 00:00:00,0.1662,48.7,33.6,59.07,3.873,0.1439,0.0142,48.0,False,Normal,0,train
PUMP_04,2026-04-07 01:00:00,0.1461,52.12,34.69,58.01,3.839,0.1431,0.0139,47.96,False,Normal,0,train
PUMP_04,2026-04-07 02:00:00,0.1494,49.24,34.95,56.69,4.048,0.1444,0.0141,47.92,False,Normal,0,train
PUMP_04,2026-04-07 03:00:00,0.1303,48.45,33.79,58.12,3.929,0.1438,0.0146,47.88,False,Normal,0,train
PUMP_04,2026-04-07 04:00:00,0.1435,48.29,34.51,56.22,3.83,0.1435,0.0146,47.83,False,Normal,0,train
PUMP_04,2026-04-07 05:00:00,0.1996,49.14,34.65,58.14,3.915,0.1559,0.0243,47.79,False,Normal,0,train
PUMP_04,2026-04-07 06:00:00,0.1509,49.08,33.9,58.67,3.987,0.1533,0.0238,47.75,False,Normal,0,train
PUMP_04,2026-04-07 07:00:00,0.1755,48.85,32.67,58.97,4.09,0.1582,0.0251,47.71,False,Normal,0,train
PUMP_04,2026-04-07 08:00:00,0.1398,51.31,34.13,58.51,4.003,0.1566,0.026,47.67,False,Normal,0,train
PUMP_04,2026-04-07 09:00:00,0.1372,49.56,32.18,56.7,3.954,0.1577,0.0247,47.62,False,Normal,0,train
PUMP_04,2026-04-07 10:00:00,0.1549,49.88,35.01,57.32,3.979,0.1596,0.0239,47.58,False,Normal,0,train
PUMP_04,2026-04-07 11:00:00,0.1537,51.12,34.4,59.37,4.06,0.152,0.0137,47.54,False,Normal,0,train
PUMP_04,2026-04-07 12:00:00,0.1411,51.23,33.89,57.62,4.044,0.1504,0.0144,47.5,False,Normal,0,train
PUMP_04,2026-04-07 13:00:00,0.1475,49.08,34.61,57.9,4.057,0.1457,0.0075,47.46,False,Normal,0,train
PUMP_04,2026-04-07 14:00:00,0.1335,51.81,33.33,58.81,4.14,0.1446,0.0088,47.42,False,Normal,0,train
PUMP_04,2026-04-07 15:00:00,0.1613,49.96,34.72,59.81,4.004,0.1487,0.0101,47.38,False,Normal,0,train
PUMP_04,2026-04-07 16:00:00,0.1716,49.11,34.17,57.91,4.057,0.1514,0.0138,47.33,False,Normal,0,train
PUMP_04,2026-04-07 17:00:00,0.1561,51.37,34.18,57.53,3.829,0.1519,0.0139,47.29,False,Normal,0,train
PUMP_04,2026-04-07 18:00:00,0.1196,50.59,33.78,60.27,4.014,0.1483,0.0191,47.25,False,Normal,0,train
PUMP_04,2026-04-07 19:00:00,0.1471,50.44,33.85,60.36,3.892,0.1482,0.0191,47.21,False,Normal,0,train
PUMP_04,2026-04-07 20:00:00,0.1327,49.46,34.36,58.04,3.95,0.1481,0.0192,47.17,False,Normal,0,train
PUMP_04,2026-04-07 21:00:00,0.1343,50.0,33.47,58.02,3.963,0.1436,0.0186,47.12,False,Normal,0,train
PUMP_04,2026-04-07 22:00:00,0.1557,48.9,33.26,59.09,4.0,0.1409,0.0145,47.08,False,Normal,0,train
PUMP_04,2026-04-07 23:00:00,0.1491,49.68,34.66,58.53,3.953,0.1398,0.0133,47.04,False,Normal,0,train
PUMP_04,2026-04-08 00:00:00,0.1518,49.37,34.32,58.03,3.969,0.1451,0.0095,47.0,False,Normal,0,train
PUMP_04,2026-04-08 01:00:00,0.1534,50.37,33.43,58.89,4.052,0.1462,0.0101,46.96,False,Normal,0,train
PUMP_04,2026-04-08 02:00:00,0.1416,52.31,34.07,57.22,4.007,0.1476,0.0081,46.92,False,Normal,0,train
PUMP_04,2026-04-08 03:00:00,0.1419,49.74,34.03,59.34,3.995,0.1489,0.006,46.88,False,Normal,0,train
PUMP_04,2026-04-08 04:00:00,0.1545,51.18,33.57,58.8,4.0,0.1487,0.0057,46.83,False,Normal,0,train
PUMP_04,2026-04-08 05:00:00,0.1568,50.2,34.13,58.54,3.982,0.15,0.0066,46.79,False,Normal,0,train
PUMP_04,2026-04-08 06:00:00,0.1662,51.72,33.98,57.87,4.079,0.1524,0.0094,46.75,False,Normal,0,train
PUMP_04,2026-04-08 07:00:00,0.173,52.55,34.54,57.25,3.993,0.1557,0.0127,46.71,False,Normal,0,train
PUMP_04,2026-04-08 08:00:00,0.156,49.23,34.25,55.88,4.181,0.1581,0.0107,46.67,False,Normal,0,train
PUMP_04,2026-04-08 09:00:00,0.1597,47.44,33.68,55.88,4.036,0.161,0.0072,46.62,False,Normal,0,train
PUMP_04,2026-04-08 10:00:00,0.1688,48.13,33.66,55.99,4.06,0.1634,0.0069,46.58,False,Normal,0,train
PUMP_04,2026-04-08 11:00:00,0.1488,51.48,34.26,59.47,3.975,0.1621,0.0089,46.54,False,Normal,0,train
PUMP_04,2026-04-08 12:00:00,0.1565,50.48,32.92,57.21,4.044,0.1605,0.0089,46.5,False,Normal,0,train
PUMP_04,2026-04-08 13:00:00,0.1507,48.53,33.32,56.55,4.082,0.1568,0.0071,46.46,False,Normal,0,train
PUMP_04,2026-04-08 14:00:00,0.1402,52.4,33.89,57.89,4.017,0.1541,0.0099,46.42,False,Normal,0,train
PUMP_04,2026-04-08 15:00:00,0.1239,49.52,33.92,56.86,3.969,0.1481,0.0152,46.38,False,Normal,0,train
PUMP_04,2026-04-08 16:00:00,0.1272,49.46,34.59,57.53,4.088,0.1412,0.0133,46.33,False,Normal,0,train
PUMP_04,2026-04-08 17:00:00,0.1559,49.56,33.15,58.67,4.157,0.1424,0.0143,46.29,False,Normal,0,train
PUMP_04,2026-04-08 18:00:00,0.1158,51.9,33.73,57.6,3.881,0.1356,0.0159,46.25,False,Normal,0,train
PUMP_04,2026-04-08 19:00:00,0.167,48.85,34.0,57.61,3.962,0.1383,0.0199,46.21,False,Normal,0,train
PUMP_04,2026-04-08 20:00:00,0.1312,51.92,33.81,57.98,3.996,0.1368,0.02,46.17,False,Normal,0,train
PUMP_04,2026-04-08 21:00:00,0.1164,50.84,33.55,56.32,3.971,0.1356,0.0212,46.12,False,Normal,0,train
PUMP_04,2026-04-08 22:00:00,0.1369,52.05,33.62,58.35,3.995,0.1372,0.0208,46.08,False,Normal,0,train
PUMP_04,2026-04-08 23:00:00,0.1136,51.15,34.15,59.71,3.92,0.1302,0.0204,46.04,False,Normal,0,train
PUMP_04,2026-04-09 00:00:00,0.1244,50.53,33.84,57.56,4.074,0.1316,0.0194,46.0,False,Normal,0,train
PUMP_04,2026-04-09 01:00:00,0.1541,51.04,33.77,58.12,4.002,0.1294,0.0149,45.96,False,Normal,0,train
PUMP_04,2026-04-09 02:00:00,0.1315,50.14,33.29,57.0,4.02,0.1295,0.0149,45.92,False,Normal,0,train
PUMP_04,2026-04-09 03:00:00,0.1343,48.94,35.37,57.13,3.977,0.1325,0.0135,45.88,False,Normal,0,train
PUMP_04,2026-04-09 04:00:00,0.1595,50.99,34.09,59.18,3.945,0.1362,0.0175,45.83,False,Normal,0,train
PUMP_04,2026-04-09 05:00:00,0.1608,49.89,34.95,58.19,3.947,0.1441,0.0159,45.79,False,Normal,0,train
PUMP_04,2026-04-09 06:00:00,0.1675,51.89,33.83,58.8,4.129,0.1513,0.0149,45.75,False,Normal,0,train
PUMP_04,2026-04-09 07:00:00,0.1631,51.84,34.07,58.32,3.921,0.1528,0.0157,45.71,False,Normal,0,train
PUMP_04,2026-04-09 08:00:00,0.1578,50.88,34.31,57.81,3.968,0.1572,0.0117,45.67,False,Normal,0,train
PUMP_04,2026-04-09 09:00:00,0.1656,51.49,33.93,59.46,3.855,0.1624,0.0037,45.62,False,Normal,0,train
PUMP_04,2026-04-09 10:00:00,0.1686,50.74,34.07,55.86,4.039,0.1639,0.0041,45.58,False,Normal,0,train
PUMP_04,2026-04-09 11:00:00,0.1535,50.75,34.14,57.03,4.071,0.1627,0.0059,45.54,False,Normal,0,train
PUMP_04,2026-04-09 12:00:00,0.1576,49.05,33.87,57.54,3.86,0.161,0.0057,45.5,False,Normal,0,train
PUMP_04,2026-04-09 13:00:00,0.1082,50.38,33.94,58.05,3.942,0.1519,0.0221,45.46,False,Normal,0,train
PUMP_04,2026-04-09 14:00:00,0.1384,50.67,34.62,57.64,3.936,0.1486,0.0225,45.42,False,Normal,0,train
PUMP_04,2026-04-09 15:00:00,0.1645,50.55,33.42,58.25,3.971,0.1485,0.0223,45.38,False,Normal,0,train
PUMP_04,2026-04-09 16:00:00,0.1329,50.41,35.05,59.64,4.044,0.1425,0.0206,45.33,False,Normal,0,train
PUMP_04,2026-04-09 17:00:00,0.1479,50.32,34.35,56.62,3.998,0.1416,0.0201,45.29,False,Normal,0,train
PUMP_04,2026-04-09 18:00:00,0.1435,53.12,33.83,59.83,4.0,0.1392,0.0186,45.25,False,Normal,0,train
PUMP_04,2026-04-09 19:00:00,0.1309,50.2,34.55,57.74,3.886,0.143,0.0123,45.21,False,Normal,0,train
PUMP_04,2026-04-09 20:00:00,0.1481,51.12,34.51,58.23,3.997,0.1446,0.0122,45.17,False,Normal,0,train
PUMP_04,2026-04-09 21:00:00,0.136,50.05,34.2,58.03,4.076,0.1399,0.0076,45.12,False,Normal,0,train
PUMP_04,2026-04-09 22:00:00,0.1376,50.51,33.94,58.33,4.008,0.1407,0.007,45.08,False,Normal,0,train
PUMP_04,2026-04-09 23:00:00,0.1398,48.74,33.03,59.44,3.84,0.1393,0.006,45.04,False,Normal,0,train
PUMP_04,2026-04-10 00:00:00,0.1369,49.15,33.59,56.62,4.102,0.1382,0.0057,45.0,False,Normal,0,train
PUMP_04,2026-04-10 01:00:00,0.1375,49.29,34.05,57.14,4.108,0.1393,0.0045,44.96,False,Normal,0,train
PUMP_04,2026-04-10 02:00:00,0.1476,47.93,34.3,58.75,4.045,0.1392,0.0043,44.92,False,Normal,0,train
PUMP_04,2026-04-10 03:00:00,0.158,50.21,34.05,57.04,4.075,0.1429,0.0084,44.88,False,Normal,0,train
PUMP_04,2026-04-10 04:00:00,0.1529,48.69,34.26,55.76,4.038,0.1454,0.0088,44.83,False,Normal,0,train
PUMP_04,2026-04-10 05:00:00,0.1529,48.42,33.86,58.78,4.053,0.1476,0.0087,44.79,False,Normal,0,train
PUMP_04,2026-04-10 06:00:00,0.1985,53.26,34.4,57.07,3.954,0.1579,0.0211,44.75,False,Normal,0,train
PUMP_04,2026-04-10 07:00:00,0.1705,51.77,35.31,59.06,4.063,0.1634,0.0189,44.71,False,Normal,0,train
PUMP_04,2026-04-10 08:00:00,0.1339,53.12,34.11,57.46,3.821,0.1611,0.0218,44.67,False,Normal,0,train
PUMP_04,2026-04-10 09:00:00,0.1608,49.95,33.94,59.37,3.987,0.1616,0.0217,44.62,False,Normal,0,train
PUMP_04,2026-04-10 10:00:00,0.1593,49.61,34.01,58.31,4.073,0.1626,0.0214,44.58,False,Normal,0,train
PUMP_04,2026-04-10 11:00:00,0.2052,50.66,34.5,57.16,4.117,0.1714,0.0266,44.54,False,Normal,0,train
PUMP_04,2026-04-10 12:00:00,0.1551,50.65,33.99,56.53,4.033,0.1641,0.0235,44.5,False,Normal,0,train
PUMP_04,2026-04-10 13:00:00,0.179,49.57,34.49,57.72,4.096,0.1656,0.0242,44.46,False,Normal,0,train
PUMP_04,2026-04-10 14:00:00,0.139,48.95,34.56,58.07,3.996,0.1664,0.0229,44.42,False,Normal,0,train
PUMP_04,2026-04-10 15:00:00,0.1313,50.98,35.09,57.23,4.051,0.1615,0.0271,44.38,False,Normal,0,train
PUMP_04,2026-04-10 16:00:00,0.124,47.72,34.29,56.45,4.057,0.1556,0.0312,44.33,False,Normal,0,train
PUMP_04,2026-04-10 17:00:00,0.1536,50.96,34.08,57.73,3.811,0.147,0.0199,44.29,False,Normal,0,train
PUMP_04,2026-04-10 18:00:00,0.1263,49.64,34.23,59.84,4.062,0.1422,0.021,44.25,False,Normal,0,train
PUMP_04,2026-04-10 19:00:00,0.1306,51.26,34.02,58.3,4.009,0.1341,0.0108,44.21,False,Normal,0,train
PUMP_04,2026-04-10 20:00:00,0.1491,51.7,34.13,57.22,4.018,0.1358,0.0124,44.17,False,Normal,0,train
PUMP_04,2026-04-10 21:00:00,0.138,50.95,34.84,58.18,4.072,0.1369,0.0122,44.12,False,Normal,0,train
PUMP_04,2026-04-10 22:00:00,0.1473,48.34,33.74,58.76,3.957,0.1408,0.0109,44.08,False,Normal,0,train
PUMP_04,2026-04-10 23:00:00,0.1286,47.83,33.23,56.89,4.002,0.1366,0.0098,44.04,False,Normal,0,train
PUMP_04,2026-04-11 00:00:00,0.1142,47.72,34.1,57.69,4.006,0.1346,0.013,44.0,False,Normal,0,train
PUMP_04,2026-04-11 01:00:00,0.1719,49.33,34.13,57.82,4.031,0.1415,0.0197,43.96,False,Normal,0,train
PUMP_04,2026-04-11 02:00:00,0.1724,47.85,34.61,57.52,3.828,0.1454,0.0234,43.92,False,Normal,0,train
PUMP_04,2026-04-11 03:00:00,0.1534,49.98,33.93,56.52,4.054,0.148,0.0233,43.88,False,Normal,0,train
PUMP_04,2026-04-11 04:00:00,0.1602,48.7,33.75,58.79,4.057,0.1501,0.0238,43.83,False,Normal,0,train
PUMP_04,2026-04-11 05:00:00,0.1456,49.18,33.65,55.47,3.896,0.153,0.0217,43.79,False,Normal,0,train
PUMP_04,2026-04-11 06:00:00,0.1561,50.02,33.64,57.21,3.941,0.1599,0.0106,43.75,False,Normal,0,train
PUMP_04,2026-04-11 07:00:00,0.196,50.61,33.51,57.13,4.091,0.164,0.018,43.71,False,Normal,0,train
PUMP_04,2026-04-11 08:00:00,0.1855,48.82,33.29,57.33,3.922,0.1661,0.0199,43.67,False,Normal,0,train
PUMP_04,2026-04-11 09:00:00,0.1613,49.38,32.7,59.75,4.119,0.1674,0.0192,43.62,False,Normal,0,train
PUMP_04,2026-04-11 10:00:00,0.1265,50.55,34.51,57.63,3.925,0.1618,0.0256,43.58,False,Normal,0,train
PUMP_04,2026-04-11 11:00:00,0.1604,49.83,34.13,59.28,4.078,0.1643,0.0244,43.54,False,Normal,0,train
PUMP_04,2026-04-11 12:00:00,0.146,49.79,35.27,58.16,3.923,0.1626,0.0254,43.5,False,Normal,0,train
PUMP_04,2026-04-11 13:00:00,0.1412,51.04,33.13,58.54,4.066,0.1535,0.0203,43.46,False,Normal,0,train
PUMP_04,2026-04-11 14:00:00,0.1449,48.67,35.18,57.64,4.018,0.1467,0.013,43.42,False,Normal,0,train
PUMP_04,2026-04-11 15:00:00,0.1719,51.25,33.92,58.87,4.019,0.1485,0.0158,43.38,False,Normal,0,train
PUMP_04,2026-04-11 16:00:00,0.1436,53.44,33.05,57.26,3.917,0.1513,0.0121,43.33,False,Normal,0,train
PUMP_04,2026-04-11 17:00:00,0.1553,50.43,32.8,57.47,3.999,0.1505,0.0115,43.29,False,Normal,0,train
PUMP_04,2026-04-11 18:00:00,0.1464,49.34,33.68,57.38,3.937,0.1506,0.0115,43.25,False,Normal,0,train
PUMP_04,2026-04-11 19:00:00,0.1463,47.84,34.55,56.75,3.929,0.1514,0.0109,43.21,False,Normal,0,train
PUMP_04,2026-04-11 20:00:00,0.1514,49.26,34.16,57.97,4.105,0.1525,0.0104,43.17,False,Normal,0,train
PUMP_04,2026-04-11 21:00:00,0.1367,50.55,33.78,59.04,4.229,0.1466,0.0064,43.12,False,Normal,0,train
PUMP_04,2026-04-11 22:00:00,0.1247,49.83,34.68,57.59,3.939,0.1435,0.0111,43.08,False,Normal,0,train
PUMP_04,2026-04-11 23:00:00,0.1714,49.92,34.07,57.04,4.034,0.1462,0.0156,43.04,False,Normal,0,train
PUMP_04,2026-04-12 00:00:00,0.1272,49.84,33.05,60.34,4.075,0.143,0.0174,43.0,False,Normal,0,train
PUMP_04,2026-04-12 01:00:00,0.157,49.26,34.78,57.53,3.95,0.1447,0.0183,42.96,False,Normal,0,train
PUMP_04,2026-04-12 02:00:00,0.1823,49.92,33.38,58.88,3.929,0.1499,0.024,42.92,False,Normal,0,train
PUMP_04,2026-04-12 03:00:00,0.1623,48.79,33.36,58.01,4.0,0.1542,0.0235,42.88,False,Normal,0,train
PUMP_04,2026-04-12 04:00:00,0.1677,50.15,33.87,59.29,4.001,0.1613,0.0188,42.83,False,Normal,0,train
PUMP_04,2026-04-12 05:00:00,0.1688,50.23,34.2,57.94,3.798,0.1609,0.0185,42.79,False,Normal,0,train
PUMP_04,2026-04-12 06:00:00,0.1776,52.1,33.62,57.94,4.02,0.1693,0.0094,42.75,False,Normal,0,train
PUMP_04,2026-04-12 07:00:00,0.1801,48.85,32.94,57.93,4.064,0.1731,0.008,42.71,False,Normal,0,train
PUMP_04,2026-04-12 08:00:00,0.1372,51.1,33.64,57.69,4.039,0.1656,0.0154,42.67,False,Normal,0,train
PUMP_04,2026-04-12 09:00:00,0.1768,51.27,34.6,58.07,3.979,0.168,0.0159,42.62,False,Normal,0,train
PUMP_04,2026-04-12 10:00:00,0.1541,49.62,34.0,57.08,3.884,0.1658,0.0169,42.58,False,Normal,0,train
PUMP_04,2026-04-12 11:00:00,0.1413,49.0,34.67,58.59,4.037,0.1612,0.0195,42.54,False,Normal,0,train
PUMP_04,2026-04-12 12:00:00,0.1339,52.0,34.31,61.26,3.938,0.1539,0.0202,42.5,False,Normal,0,train
PUMP_04,2026-04-12 13:00:00,0.1513,48.05,33.67,56.88,3.975,0.1491,0.0157,42.46,False,Normal,0,train
PUMP_04,2026-04-12 14:00:00,0.1366,48.78,33.57,58.38,4.001,0.149,0.0158,42.42,False,Normal,0,train
PUMP_04,2026-04-12 15:00:00,0.1441,48.39,34.12,58.02,4.064,0.1435,0.008,42.38,False,Normal,0,train
PUMP_04,2026-04-12 16:00:00,0.1413,48.99,34.12,56.64,4.083,0.1414,0.0061,42.33,False,Normal,0,train
PUMP_04,2026-04-12 17:00:00,0.1447,49.65,34.07,58.94,4.017,0.142,0.0062,42.29,False,Normal,0,train
PUMP_04,2026-04-12 18:00:00,0.152,52.23,34.12,57.47,4.003,0.145,0.0059,42.25,False,Normal,0,train
PUMP_04,2026-04-12 19:00:00,0.158,49.37,33.92,57.17,4.061,0.1461,0.0077,42.21,False,Normal,0,train
PUMP_04,2026-04-12 20:00:00,0.1587,53.16,33.93,59.64,3.93,0.1498,0.0075,42.17,False,Normal,0,train
PUMP_04,2026-04-12 21:00:00,0.1657,51.35,33.51,57.59,3.945,0.1534,0.0092,42.12,False,Normal,0,train
PUMP_04,2026-04-12 22:00:00,0.1411,49.24,33.36,59.4,4.117,0.1534,0.0093,42.08,False,Normal,0,train
PUMP_04,2026-04-12 23:00:00,0.1364,49.26,34.45,58.65,4.117,0.152,0.0112,42.04,False,Normal,0,train
PUMP_04,2026-04-13 00:00:00,0.1487,50.29,33.41,58.11,3.859,0.1514,0.0113,42.0,False,Normal,0,train
PUMP_04,2026-04-13 01:00:00,0.1452,50.11,32.87,58.76,3.96,0.1493,0.011,41.96,False,Normal,0,train
PUMP_04,2026-04-13 02:00:00,0.1353,48.25,33.79,58.94,4.074,0.1454,0.0112,41.92,False,Normal,0,train
PUMP_04,2026-04-13 03:00:00,0.1532,48.9,34.17,57.79,4.03,0.1433,0.007,41.88,False,Normal,0,train
PUMP_04,2026-04-13 04:00:00,0.169,47.68,33.9,57.56,3.988,0.148,0.0124,41.83,False,Normal,0,train
PUMP_04,2026-04-13 05:00:00,0.1778,52.64,33.28,59.03,3.903,0.1549,0.0158,41.79,False,Normal,0,train
PUMP_04,2026-04-13 06:00:00,0.1586,50.21,34.66,61.33,3.959,0.1565,0.0155,41.75,False,Normal,0,train
PUMP_04,2026-04-13 07:00:00,0.1759,49.53,34.14,56.05,3.932,0.1616,0.0161,41.71,False,Normal,0,train
PUMP_04,2026-04-13 08:00:00,0.1588,49.0,34.69,56.66,4.109,0.1656,0.0102,41.67,False,Normal,0,train
PUMP_04,2026-04-13 09:00:00,0.1213,49.16,33.97,56.84,3.939,0.1602,0.0207,41.62,False,Normal,0,train
PUMP_04,2026-04-13 10:00:00,0.1346,47.8,34.29,57.61,4.01,0.1545,0.0225,41.58,False,Normal,0,train
PUMP_04,2026-04-13 11:00:00,0.1587,50.24,33.32,56.83,4.033,0.1513,0.0197,41.54,False,Normal,0,train
PUMP_04,2026-04-13 12:00:00,0.1228,51.16,32.16,58.73,3.991,0.1454,0.0223,41.5,False,Normal,0,train
PUMP_04,2026-04-13 13:00:00,0.1274,52.35,34.02,56.26,3.997,0.1373,0.0173,41.46,False,Normal,0,train
PUMP_04,2026-04-13 14:00:00,0.1221,51.19,33.2,57.49,3.898,0.1312,0.0144,41.42,False,Normal,0,train
PUMP_04,2026-04-13 15:00:00,0.1398,51.12,34.52,57.41,3.969,0.1342,0.0138,41.38,False,Normal,0,train
PUMP_04,2026-04-13 16:00:00,0.1449,51.75,34.56,59.19,3.974,0.1359,0.0145,41.33,False,Normal,0,train
PUMP_04,2026-04-13 17:00:00,0.1147,49.77,34.19,57.94,3.952,0.1286,0.0115,41.29,False,Normal,0,train
PUMP_04,2026-04-13 18:00:00,0.1513,47.99,33.5,56.39,4.111,0.1334,0.0142,41.25,False,Normal,0,train
PUMP_04,2026-04-13 19:00:00,0.1405,51.17,33.99,58.36,4.154,0.1356,0.0141,41.21,False,Normal,0,train
PUMP_04,2026-04-13 20:00:00,0.1215,48.93,34.33,56.89,4.079,0.1354,0.0142,41.17,False,Normal,0,train
PUMP_04,2026-04-13 21:00:00,0.1435,49.87,34.24,56.57,4.121,0.1361,0.0145,41.12,False,Normal,0,train
PUMP_04,2026-04-13 22:00:00,0.1336,48.48,33.45,59.33,3.949,0.1342,0.0139,41.08,False,Normal,0,train
PUMP_04,2026-04-13 23:00:00,0.1358,51.73,32.87,57.48,3.983,0.1377,0.0101,41.04,False,Normal,0,train
PUMP_04,2026-04-14 00:00:00,0.131,51.28,34.23,58.59,3.931,0.1343,0.0078,41.0,False,Normal,0,train
PUMP_04,2026-04-14 01:00:00,0.1523,47.9,33.99,57.43,4.009,0.1363,0.0106,40.96,False,Normal,0,train
PUMP_04,2026-04-14 02:00:00,0.1512,50.15,34.34,58.3,3.929,0.1412,0.0092,40.92,False,Normal,0,train
PUMP_04,2026-04-14 03:00:00,0.1531,51.56,33.99,59.68,3.915,0.1428,0.0104,40.88,False,Normal,0,train
PUMP_04,2026-04-14 04:00:00,0.1567,49.81,33.9,58.23,3.781,0.1467,0.0106,40.83,False,Normal,0,train
PUMP_04,2026-04-14 05:00:00,0.1632,49.98,33.89,57.57,4.037,0.1512,0.0108,40.79,False,Normal,0,train
PUMP_04,2026-04-14 06:00:00,0.157,51.45,33.81,56.42,4.094,0.1556,0.0044,40.75,False,Normal,0,train
PUMP_04,2026-04-14 07:00:00,0.1298,49.6,35.44,59.07,4.086,0.1518,0.0116,40.71,False,Normal,0,train
PUMP_04,2026-04-14 08:00:00,0.1579,49.87,33.86,58.58,4.061,0.153,0.0118,40.67,False,Normal,0,train
PUMP_04,2026-04-14 09:00:00,0.1425,51.18,33.8,58.39,4.066,0.1512,0.0125,40.62,False,Normal,0,train
PUMP_04,2026-04-14 10:00:00,0.1718,48.49,34.43,57.9,3.975,0.1537,0.0151,40.58,False,Normal,0,train
PUMP_04,2026-04-14 11:00:00,0.159,48.97,34.27,59.35,3.874,0.153,0.0147,40.54,False,Normal,0,train
PUMP_04,2026-04-14 12:00:00,0.1648,47.43,34.05,57.47,3.914,0.1543,0.0154,40.5,False,Normal,0,train
PUMP_04,2026-04-14 13:00:00,0.1392,53.01,33.49,58.66,3.976,0.1559,0.0127,40.46,False,Normal,0,train
PUMP_04,2026-04-14 14:00:00,0.1583,50.18,33.21,60.18,3.826,0.1559,0.0127,40.42,False,Normal,0,train
PUMP_04,2026-04-14 15:00:00,0.1261,51.58,33.97,58.1,4.045,0.1532,0.0171,40.38,False,Normal,0,train
PUMP_04,2026-04-14 16:00:00,0.141,48.21,33.88,57.6,4.033,0.1481,0.0149,40.33,False,Normal,0,train
PUMP_04,2026-04-14 17:00:00,0.1267,51.86,33.7,57.33,4.043,0.1427,0.016,40.29,False,Normal,0,train
PUMP_04,2026-04-14 18:00:00,0.1489,49.56,34.48,57.32,4.073,0.14,0.0125,40.25,False,Normal,0,train
PUMP_04,2026-04-14 19:00:00,0.1661,52.07,34.55,58.04,3.856,0.1445,0.0164,40.21,False,Normal,0,train
PUMP_04,2026-04-14 20:00:00,0.1466,49.7,34.69,59.99,3.937,0.1426,0.0151,40.17,False,Normal,0,train
PUMP_04,2026-04-14 21:00:00,0.1205,48.37,33.38,58.52,3.907,0.1416,0.0164,40.12,False,Normal,0,train
PUMP_04,2026-04-14 22:00:00,0.1348,51.63,34.62,58.25,3.954,0.1406,0.0166,40.08,False,Normal,0,train
PUMP_04,2026-04-14 23:00:00,0.1933,50.09,32.86,58.17,3.943,0.1517,0.0254,40.04,False,Normal,0,train
PUMP_04,2026-04-15 00:00:00,0.1623,48.24,33.97,56.14,3.827,0.1539,0.0257,40.0,False,Normal,0,train
PUMP_04,2026-04-15 01:00:00,0.141,47.53,34.52,57.88,4.055,0.1498,0.0254,39.96,False,Normal,0,train
PUMP_04,2026-04-15 02:00:00,0.1688,50.62,33.38,56.89,4.108,0.1534,0.0264,39.92,False,Normal,0,train
PUMP_04,2026-04-15 03:00:00,0.1589,49.96,33.2,59.81,3.941,0.1599,0.0209,39.88,False,Normal,0,train
PUMP_04,2026-04-15 04:00:00,0.198,50.31,33.97,56.95,3.949,0.1704,0.0217,39.83,False,Normal,0,train
PUMP_04,2026-04-15 05:00:00,0.1607,50.35,34.99,56.4,4.067,0.165,0.0187,39.79,False,Normal,0,train
PUMP_04,2026-04-15 06:00:00,0.1562,49.79,35.02,55.93,3.994,0.1639,0.019,39.75,False,Normal,0,train
PUMP_04,2026-04-15 07:00:00,0.1586,50.57,34.7,57.07,4.045,0.1669,0.0159,39.71,False,Normal,0,train
PUMP_04,2026-04-15 08:00:00,0.1528,51.08,33.4,54.51,3.919,0.1642,0.0168,39.67,False,Normal,0,train
PUMP_04,2026-04-15 09:00:00,0.1463,49.78,34.0,58.22,4.049,0.1621,0.0183,39.62,False,Normal,0,train
PUMP_04,2026-04-15 10:00:00,0.1381,50.78,35.34,58.28,4.032,0.1521,0.0085,39.58,False,Normal,0,train
PUMP_04,2026-04-15 11:00:00,0.1454,50.86,34.54,56.69,3.964,0.1496,0.0077,39.54,False,Normal,0,train
PUMP_04,2026-04-15 12:00:00,0.1615,51.6,33.07,59.04,3.996,0.1504,0.0088,39.5,False,Normal,0,train
PUMP_04,2026-04-15 13:00:00,0.1436,46.65,34.48,57.8,3.83,0.148,0.0082,39.46,False,Normal,0,train
PUMP_04,2026-04-15 14:00:00,0.1363,49.36,33.56,57.82,3.978,0.1452,0.0089,39.42,False,Normal,0,train
PUMP_04,2026-04-15 15:00:00,0.123,50.83,33.83,59.04,4.002,0.1413,0.0127,39.38,False,Normal,0,train
PUMP_04,2026-04-15 16:00:00,0.1519,53.14,34.45,59.36,3.967,0.1436,0.0132,39.33,False,Normal,0,train
PUMP_04,2026-04-15 17:00:00,0.1645,51.77,33.78,56.78,3.932,0.1468,0.0158,39.29,False,Normal,0,train
PUMP_04,2026-04-15 18:00:00,0.1273,51.8,33.69,56.27,4.11,0.1411,0.0156,39.25,False,Normal,0,train
PUMP_04,2026-04-15 19:00:00,0.1308,53.99,34.65,57.54,4.099,0.139,0.016,39.21,False,Normal,0,train
PUMP_04,2026-04-15 20:00:00,0.1275,49.87,34.45,59.86,4.003,0.1375,0.0167,39.17,False,Normal,0,train
PUMP_04,2026-04-15 21:00:00,0.1552,53.11,34.2,57.07,4.029,0.1429,0.0163,39.12,False,Normal,0,train
PUMP_04,2026-04-15 22:00:00,0.1606,51.02,35.27,59.16,3.855,0.1443,0.0176,39.08,False,Normal,0,train
PUMP_04,2026-04-15 23:00:00,0.1497,48.53,34.13,56.83,3.91,0.1418,0.015,39.04,False,Normal,0,train
PUMP_04,2026-04-16 00:00:00,0.1322,47.43,34.2,57.82,3.963,0.1427,0.0142,39.0,False,Normal,0,train
PUMP_04,2026-04-16 01:00:00,0.1584,49.66,33.81,57.31,3.915,0.1473,0.0141,38.96,False,Normal,0,train
PUMP_04,2026-04-16 02:00:00,0.1585,50.99,33.42,58.49,4.08,0.1524,0.0106,38.92,False,Normal,0,train
PUMP_04,2026-04-16 03:00:00,0.1621,49.6,33.15,58.18,3.95,0.1536,0.0113,38.88,False,Normal,0,train
PUMP_04,2026-04-16 04:00:00,0.143,50.18,34.52,56.93,3.903,0.1506,0.0114,38.83,False,Normal,0,train
PUMP_04,2026-04-16 05:00:00,0.143,52.88,33.73,57.42,4.16,0.1495,0.0119,38.79,False,Normal,0,train
PUMP_04,2026-04-16 06:00:00,0.1356,50.07,35.55,56.72,4.148,0.1501,0.0109,38.75,False,Normal,0,train
PUMP_04,2026-04-16 07:00:00,0.1769,52.95,33.47,58.28,4.059,0.1532,0.0154,38.71,False,Normal,0,train
PUMP_04,2026-04-16 08:00:00,0.1764,51.16,33.55,56.78,3.845,0.1562,0.0181,38.67,False,Normal,0,train
PUMP_04,2026-04-16 09:00:00,0.1328,51.6,34.2,58.11,4.118,0.1513,0.0201,38.62,False,Normal,0,train
PUMP_04,2026-04-16 10:00:00,0.143,49.66,33.39,58.48,4.115,0.1513,0.0201,38.58,False,Normal,0,train
PUMP_04,2026-04-16 11:00:00,0.1407,49.89,33.11,58.79,3.862,0.1509,0.0203,38.54,False,Normal,0,train
PUMP_04,2026-04-16 12:00:00,0.1636,50.03,34.41,58.81,3.819,0.1556,0.0192,38.5,False,Normal,0,train
PUMP_04,2026-04-16 13:00:00,0.1487,49.87,32.69,58.4,3.956,0.1509,0.0162,38.46,False,Normal,0,train
PUMP_04,2026-04-16 14:00:00,0.1681,50.98,34.12,56.7,4.029,0.1495,0.0137,38.42,False,Normal,0,train
PUMP_04,2026-04-16 15:00:00,0.1386,51.94,34.13,56.96,4.114,0.1504,0.0125,38.38,False,Normal,0,train
PUMP_04,2026-04-16 16:00:00,0.1212,53.69,34.56,56.95,3.849,0.1468,0.0173,38.33,False,Normal,0,train
PUMP_04,2026-04-16 17:00:00,0.1293,48.95,34.29,57.92,4.145,0.1449,0.0187,38.29,False,Normal,0,train
PUMP_04,2026-04-16 18:00:00,0.1263,50.0,35.67,59.31,3.866,0.1387,0.0174,38.25,False,Normal,0,train
PUMP_04,2026-04-16 19:00:00,0.1561,51.49,33.78,57.16,4.069,0.1399,0.0185,38.21,False,Normal,0,train
PUMP_04,2026-04-16 20:00:00,0.1702,50.09,33.21,57.63,3.998,0.1403,0.0191,38.17,False,Normal,0,train
PUMP_04,2026-04-16 21:00:00,0.1503,48.06,35.65,59.44,4.1,0.1422,0.0195,38.12,False,Normal,0,train
PUMP_04,2026-04-16 22:00:00,0.1345,51.19,34.06,56.36,4.03,0.1444,0.0173,38.08,False,Normal,0,train
PUMP_04,2026-04-16 23:00:00,0.1513,48.8,33.48,59.83,3.995,0.1481,0.0157,38.04,False,Normal,0,train
PUMP_04,2026-04-17 00:00:00,0.1255,50.29,33.05,58.75,4.055,0.148,0.0159,38.0,False,Normal,0,train
PUMP_04,2026-04-17 01:00:00,0.1496,52.58,33.81,57.16,3.937,0.1469,0.0154,37.96,False,Normal,0,train
PUMP_04,2026-04-17 02:00:00,0.1299,51.06,33.53,57.59,3.99,0.1402,0.0116,37.92,False,Normal,0,train
PUMP_04,2026-04-17 03:00:00,0.1643,50.95,33.54,60.04,3.892,0.1425,0.0149,37.88,False,Normal,0,train
PUMP_04,2026-04-17 04:00:00,0.1562,52.24,32.76,57.4,4.059,0.1461,0.0152,37.83,False,Normal,0,train
PUMP_04,2026-04-17 05:00:00,0.172,49.81,33.78,58.86,4.094,0.1496,0.0186,37.79,False,Normal,0,train
PUMP_04,2026-04-17 06:00:00,0.1711,50.51,34.26,60.45,4.036,0.1572,0.0159,37.75,False,Normal,0,train
PUMP_04,2026-04-17 07:00:00,0.1513,49.73,33.4,57.95,4.018,0.1575,0.0158,37.71,False,Normal,0,train
PUMP_04,2026-04-17 08:00:00,0.1739,51.18,33.74,57.99,3.976,0.1648,0.0093,37.67,False,Normal,0,train
PUMP_04,2026-04-17 09:00:00,0.1393,48.0,33.71,60.65,4.192,0.1606,0.014,37.62,False,Normal,0,train
PUMP_04,2026-04-17 10:00:00,0.1945,48.67,34.05,56.69,3.997,0.167,0.0193,37.58,False,Normal,0,train
PUMP_04,2026-04-17 11:00:00,0.1325,50.05,35.0,57.98,3.875,0.1604,0.0235,37.54,False,Normal,0,train
PUMP_04,2026-04-17 12:00:00,0.1612,50.9,34.13,58.51,4.045,0.1588,0.023,37.5,False,Normal,0,train
PUMP_04,2026-04-17 13:00:00,0.1661,52.86,33.31,56.15,4.004,0.1612,0.0228,37.46,False,Normal,0,train
PUMP_04,2026-04-17 14:00:00,0.1477,48.66,33.93,56.61,4.166,0.1569,0.0224,37.42,False,Normal,0,train
PUMP_04,2026-04-17 15:00:00,0.1274,49.9,34.21,57.31,3.999,0.1549,0.0247,37.38,False,Normal,0,train
PUMP_04,2026-04-17 16:00:00,0.1297,50.38,33.27,58.49,3.891,0.1441,0.0168,37.33,False,Normal,0,train
PUMP_04,2026-04-17 17:00:00,0.125,48.28,33.45,57.42,4.136,0.1428,0.0181,37.29,False,Normal,0,train
PUMP_04,2026-04-17 18:00:00,0.1399,48.88,33.44,57.9,4.024,0.1393,0.0157,37.25,False,Normal,0,train
PUMP_04,2026-04-17 19:00:00,0.1522,47.31,33.89,58.94,3.954,0.137,0.0113,37.21,False,Normal,0,train
PUMP_04,2026-04-17 20:00:00,0.1486,50.83,33.77,58.72,4.181,0.1371,0.0115,37.17,False,Normal,0,train
PUMP_04,2026-04-17 21:00:00,0.1438,48.79,32.99,55.54,3.998,0.1399,0.0107,37.12,False,Normal,0,train
PUMP_04,2026-04-17 22:00:00,0.1241,51.84,33.65,58.22,3.955,0.1389,0.0119,37.08,False,Normal,0,train
PUMP_04,2026-04-17 23:00:00,0.1729,50.63,33.98,58.66,4.076,0.1469,0.016,37.04,False,Normal,0,train
PUMP_04,2026-04-18 00:00:00,0.1474,49.71,34.64,57.9,4.077,0.1482,0.0157,37.0,False,Normal,0,train
PUMP_04,2026-04-18 01:00:00,0.1469,48.87,33.2,58.63,4.073,0.1473,0.0155,36.96,False,Normal,0,train
PUMP_04,2026-04-18 02:00:00,0.1585,50.58,33.45,58.92,4.108,0.1489,0.0162,36.92,False,Normal,0,train
PUMP_04,2026-04-18 03:00:00,0.1322,49.62,33.32,58.39,3.848,0.147,0.0176,36.88,False,Normal,0,train
PUMP_04,2026-04-18 04:00:00,0.1578,50.81,33.02,57.88,4.067,0.1526,0.0138,36.83,False,Normal,0,train
PUMP_04,2026-04-18 05:00:00,0.1565,51.73,32.41,58.3,4.007,0.1499,0.0101,36.79,False,Normal,0,train
PUMP_04,2026-04-18 06:00:00,0.1574,48.86,34.27,55.21,4.011,0.1516,0.0104,36.75,False,Normal,0,train
PUMP_04,2026-04-18 07:00:00,0.178,49.35,34.07,59.69,3.96,0.1567,0.0146,36.71,False,Normal,0,train
PUMP_04,2026-04-18 08:00:00,0.1399,51.92,34.25,59.59,3.966,0.1536,0.016,36.67,False,Normal,0,train
PUMP_04,2026-04-18 09:00:00,0.1565,52.09,34.16,59.5,3.98,0.1577,0.0121,36.62,False,Normal,0,train
PUMP_04,2026-04-18 10:00:00,0.1458,48.55,33.73,58.15,4.011,0.1557,0.013,36.58,False,Normal,0,train
PUMP_04,2026-04-18 11:00:00,0.1494,48.74,33.61,58.69,3.824,0.1545,0.0133,36.54,False,Normal,0,train
PUMP_04,2026-04-18 12:00:00,0.1625,48.73,34.63,58.17,4.058,0.1554,0.0136,36.5,False,Normal,0,train
PUMP_04,2026-04-18 13:00:00,0.1455,50.36,34.38,58.39,4.078,0.1499,0.0082,36.46,False,Normal,0,train
PUMP_04,2026-04-18 14:00:00,0.1409,47.91,33.92,59.64,4.038,0.1501,0.008,36.42,False,Normal,0,train
PUMP_04,2026-04-18 15:00:00,0.1077,50.05,33.4,55.88,4.047,0.142,0.0183,36.38,False,Normal,0,train
PUMP_04,2026-04-18 16:00:00,0.1531,49.94,34.05,58.53,4.077,0.1432,0.0189,36.33,False,Normal,0,train
PUMP_04,2026-04-18 17:00:00,0.116,49.08,34.11,57.0,4.019,0.1376,0.0214,36.29,False,Normal,0,train
PUMP_04,2026-04-18 18:00:00,0.1329,50.13,33.62,56.62,4.175,0.1327,0.0176,36.25,False,Normal,0,train
PUMP_04,2026-04-18 19:00:00,0.1275,50.13,34.14,57.85,4.0,0.1297,0.0165,36.21,False,Normal,0,train
PUMP_04,2026-04-18 20:00:00,0.1071,49.46,34.35,56.5,4.078,0.124,0.0176,36.17,False,Normal,0,train
PUMP_04,2026-04-18 21:00:00,0.145,52.52,34.26,56.49,3.928,0.1303,0.0173,36.12,False,Normal,0,train
PUMP_04,2026-04-18 22:00:00,0.1387,49.39,34.57,56.01,3.989,0.1279,0.0142,36.08,False,Normal,0,train
PUMP_04,2026-04-18 23:00:00,0.1551,50.06,34.51,57.42,4.089,0.1344,0.0165,36.04,False,Normal,0,train
PUMP_04,2026-04-19 00:00:00,0.1582,49.1,34.62,58.64,3.987,0.1386,0.019,36.0,False,Normal,0,train
PUMP_04,2026-04-19 01:00:00,0.1618,51.46,33.68,58.99,3.955,0.1443,0.0202,35.96,False,Normal,0,train
PUMP_04,2026-04-19 02:00:00,0.1626,48.3,34.47,60.37,4.027,0.1536,0.0097,35.92,False,Normal,0,train
PUMP_04,2026-04-19 03:00:00,0.1645,50.22,34.29,57.51,4.003,0.1568,0.0095,35.88,False,Normal,0,train
PUMP_04,2026-04-19 04:00:00,0.173,48.64,34.49,58.96,3.926,0.1625,0.0061,35.83,False,Normal,0,train
PUMP_04,2026-04-19 05:00:00,0.165,47.43,34.07,58.22,3.969,0.1642,0.0049,35.79,False,Normal,0,train
PUMP_04,2026-04-19 06:00:00,0.1632,49.0,34.29,58.18,4.017,0.165,0.0041,35.75,False,Normal,0,train
PUMP_04,2026-04-19 07:00:00,0.1572,49.05,33.39,58.45,3.806,0.1642,0.0051,35.71,False,Normal,0,train
PUMP_04,2026-04-19 08:00:00,0.1625,50.81,34.28,58.96,4.003,0.1642,0.0051,35.67,False,Normal,0,train
PUMP_04,2026-04-19 09:00:00,0.1649,48.73,34.73,58.57,3.928,0.1643,0.0051,35.62,False,Normal,0,train
PUMP_04,2026-04-19 10:00:00,0.1624,46.89,34.99,57.52,3.979,0.1625,0.0028,35.58,False,Normal,0,train
PUMP_04,2026-04-19 11:00:00,0.1499,47.02,33.93,58.7,3.898,0.16,0.0056,35.54,False,Normal,0,train
PUMP_04,2026-04-19 12:00:00,0.1818,50.24,35.07,57.25,3.971,0.1631,0.0106,35.5,False,Normal,0,train
PUMP_04,2026-04-19 13:00:00,0.1704,50.7,33.9,58.7,4.144,0.1653,0.0105,35.46,False,Normal,0,train
PUMP_04,2026-04-19 14:00:00,0.1327,50.26,34.42,58.14,3.918,0.1604,0.0171,35.42,False,Normal,0,train
PUMP_04,2026-04-19 15:00:00,0.1428,49.36,34.04,55.76,3.947,0.1567,0.0183,35.38,False,Normal,0,train
PUMP_04,2026-04-19 16:00:00,0.1655,50.47,34.76,57.83,3.97,0.1572,0.0185,35.33,False,Normal,0,train
PUMP_04,2026-04-19 17:00:00,0.127,47.23,34.12,59.12,3.829,0.1534,0.0223,35.29,False,Normal,0,train
PUMP_04,2026-04-19 18:00:00,0.1215,46.98,33.64,57.85,3.86,0.1433,0.0204,35.25,False,Normal,0,train
PUMP_04,2026-04-19 19:00:00,0.1805,47.81,34.62,58.27,4.043,0.145,0.0233,35.21,False,Normal,0,train
PUMP_04,2026-04-19 20:00:00,0.134,49.73,33.7,57.43,3.952,0.1452,0.0232,35.17,False,Normal,0,train
PUMP_04,2026-04-19 21:00:00,0.1126,51.17,34.19,57.67,4.143,0.1402,0.0268,35.12,False,Normal,0,train
PUMP_04,2026-04-19 22:00:00,0.1327,48.49,32.98,59.14,3.924,0.1347,0.0238,35.08,False,Normal,0,train
PUMP_04,2026-04-19 23:00:00,0.141,48.66,34.5,57.48,4.148,0.137,0.0235,35.04,False,Normal,0,train
PUMP_04,2026-04-20 00:00:00,0.1621,50.95,32.87,56.62,3.859,0.1438,0.024,35.0,False,Normal,0,train
PUMP_04,2026-04-20 01:00:00,0.1531,49.37,33.7,55.38,3.986,0.1392,0.0173,34.96,False,Normal,0,train
PUMP_04,2026-04-20 02:00:00,0.1338,50.27,33.18,57.09,3.927,0.1392,0.0173,34.92,False,Normal,0,train
PUMP_04,2026-04-20 03:00:00,0.113,50.15,33.33,56.68,4.06,0.1393,0.0172,34.88,False,Normal,0,train
PUMP_04,2026-04-20 04:00:00,0.166,48.13,33.98,56.22,3.946,0.1448,0.0198,34.83,False,Normal,0,train
PUMP_04,2026-04-20 05:00:00,0.1605,52.69,33.6,56.71,3.956,0.1481,0.0206,34.79,False,Normal,0,train
PUMP_04,2026-04-20 06:00:00,0.1781,48.67,34.44,56.81,3.991,0.1508,0.0236,34.75,False,Normal,0,train
PUMP_04,2026-04-20 07:00:00,0.1501,52.85,33.85,56.73,4.203,0.1503,0.0236,34.71,False,Normal,0,train
PUMP_04,2026-04-20 08:00:00,0.1545,50.82,34.1,59.66,4.109,0.1537,0.0222,34.67,False,Normal,0,train
PUMP_04,2026-04-20 09:00:00,0.1489,50.41,33.51,56.02,3.962,0.1597,0.0111,34.62,False,Normal,0,train
PUMP_04,2026-04-20 10:00:00,0.1457,47.76,34.45,58.69,3.922,0.1563,0.0118,34.58,False,Normal,0,train
PUMP_04,2026-04-20 11:00:00,0.1583,50.51,34.11,58.64,3.928,0.1559,0.0117,34.54,False,Normal,0,train
PUMP_04,2026-04-20 12:00:00,0.1431,49.88,34.32,58.74,3.91,0.1501,0.0056,34.5,False,Normal,0,train
PUMP_04,2026-04-20 13:00:00,0.1221,49.66,34.46,57.94,4.081,0.1454,0.0127,34.46,False,Normal,0,train
PUMP_04,2026-04-20 14:00:00,0.1646,48.05,34.52,59.52,3.939,0.1471,0.0147,34.42,False,Normal,0,train
PUMP_04,2026-04-20 15:00:00,0.1461,51.31,34.25,58.0,4.095,0.1466,0.0147,34.38,False,Normal,0,train
PUMP_04,2026-04-20 16:00:00,0.1511,51.38,34.1,57.75,4.095,0.1475,0.0148,34.33,False,Normal,0,train
PUMP_04,2026-04-20 17:00:00,0.1599,47.43,34.66,59.4,3.986,0.1478,0.015,34.29,False,Normal,0,train
PUMP_04,2026-04-20 18:00:00,0.1368,49.1,34.1,57.79,3.88,0.1468,0.0156,34.25,False,Normal,0,train
PUMP_04,2026-04-20 19:00:00,0.1372,49.57,33.75,56.09,4.061,0.1493,0.0115,34.21,False,Normal,0,train
PUMP_04,2026-04-20 20:00:00,0.1251,50.51,34.55,58.6,3.898,0.1427,0.0123,34.17,False,Normal,0,train
PUMP_04,2026-04-20 21:00:00,0.1557,50.21,34.63,59.3,4.0,0.1443,0.0134,34.12,False,Normal,0,train
PUMP_04,2026-04-20 22:00:00,0.1216,49.89,33.97,58.35,4.12,0.1394,0.0156,34.08,False,Normal,0,train
PUMP_04,2026-04-20 23:00:00,0.1503,50.73,34.37,57.57,3.805,0.1378,0.0134,34.04,False,Normal,0,train
PUMP_04,2026-04-21 00:00:00,0.1577,52.8,34.27,58.31,3.977,0.1413,0.0157,34.0,False,Normal,0,train
PUMP_04,2026-04-21 01:00:00,0.1327,49.56,34.05,58.82,3.947,0.1405,0.016,33.96,False,Normal,0,train
PUMP_04,2026-04-21 02:00:00,0.1734,51.55,33.12,56.76,3.962,0.1486,0.0186,33.92,False,Normal,0,train
PUMP_04,2026-04-21 03:00:00,0.1273,52.63,33.34,55.55,3.886,0.1438,0.02,33.88,False,Normal,0,train
PUMP_04,2026-04-21 04:00:00,0.1387,52.29,33.78,57.84,4.166,0.1467,0.0172,33.83,False,Normal,0,train
PUMP_04,2026-04-21 05:00:00,0.1591,50.99,34.02,59.24,4.013,0.1481,0.018,33.79,False,Normal,0,train
PUMP_04,2026-04-21 06:00:00,0.1707,50.98,33.29,56.64,3.836,0.1503,0.02,33.75,False,Normal,0,train
PUMP_04,2026-04-21 07:00:00,0.1391,50.65,32.74,56.46,4.029,0.1514,0.019,33.71,False,Normal,0,train
PUMP_04,2026-04-21 08:00:00,0.1695,52.54,33.94,58.24,4.09,0.1507,0.0182,33.67,False,Normal,0,train
PUMP_04,2026-04-21 09:00:00,0.1693,49.42,34.01,57.72,3.994,0.1577,0.0152,33.62,False,Normal,0,train
PUMP_04,2026-04-21 10:00:00,0.1491,49.44,34.52,57.17,4.13,0.1595,0.013,33.58,False,Normal,0,train
PUMP_04,2026-04-21 11:00:00,0.1545,49.01,35.16,59.4,3.833,0.1587,0.0132,33.54,False,Normal,0,train
PUMP_04,2026-04-21 12:00:00,0.1675,53.66,33.19,57.19,4.091,0.1582,0.0126,33.5,False,Normal,0,train
PUMP_04,2026-04-21 13:00:00,0.1703,52.3,34.2,58.43,3.98,0.1634,0.0092,33.46,False,Normal,0,train
PUMP_04,2026-04-21 14:00:00,0.1373,49.09,35.43,59.01,3.928,0.158,0.0133,33.42,False,Normal,0,train
PUMP_04,2026-04-21 15:00:00,0.1304,48.19,33.21,57.75,4.063,0.1515,0.0159,33.38,False,Normal,0,train
PUMP_04,2026-04-21 16:00:00,0.1389,49.7,33.41,59.01,4.062,0.1498,0.0168,33.33,False,Normal,0,train
PUMP_04,2026-04-21 17:00:00,0.1241,50.11,34.58,58.8,4.121,0.1448,0.0195,33.29,False,Normal,0,train
PUMP_04,2026-04-21 18:00:00,0.1588,50.38,34.11,58.22,4.117,0.1433,0.0177,33.25,False,Normal,0,train
PUMP_04,2026-04-21 19:00:00,0.1477,47.69,34.17,57.55,4.006,0.1395,0.0124,33.21,False,Normal,0,train
PUMP_04,2026-04-21 20:00:00,0.1413,48.89,34.37,59.72,3.871,0.1402,0.0123,33.17,False,Normal,0,train
PUMP_04,2026-04-21 21:00:00,0.1597,51.82,34.44,59.09,3.854,0.1451,0.0134,33.12,False,Normal,0,train
PUMP_04,2026-04-21 22:00:00,0.1566,50.92,34.25,58.89,3.862,0.148,0.0137,33.08,False,Normal,0,train
PUMP_04,2026-04-21 23:00:00,0.162,48.95,34.33,58.07,3.965,0.1543,0.0081,33.04,False,Normal,0,train
PUMP_04,2026-04-22 00:00:00,0.1583,51.45,33.28,57.35,4.02,0.1543,0.008,33.0,False,Normal,0,train
PUMP_04,2026-04-22 01:00:00,0.1738,51.47,34.59,55.68,4.044,0.1586,0.0105,32.96,False,Normal,0,train
PUMP_04,2026-04-22 02:00:00,0.1344,53.34,34.94,58.63,4.046,0.1575,0.0129,32.92,False,Normal,0,train
PUMP_04,2026-04-22 03:00:00,0.1649,49.68,34.67,57.6,3.934,0.1583,0.0132,32.88,False,Normal,0,train
PUMP_04,2026-04-22 04:00:00,0.1822,48.99,34.3,58.27,4.11,0.1626,0.0163,32.83,False,Normal,0,train
PUMP_04,2026-04-22 05:00:00,0.1549,49.78,35.13,60.96,4.129,0.1614,0.0166,32.79,False,Normal,0,train
PUMP_04,2026-04-22 06:00:00,0.1514,51.39,34.11,59.5,3.919,0.1603,0.0171,32.75,False,Normal,0,train
PUMP_04,2026-04-22 07:00:00,0.1541,48.12,34.6,58.54,3.991,0.157,0.0158,32.71,False,Normal,0,train
PUMP_04,2026-04-22 08:00:00,0.1587,50.01,35.02,57.88,4.054,0.161,0.0114,32.67,False,Normal,0,train
PUMP_04,2026-04-22 09:00:00,0.1733,50.06,33.78,58.94,4.116,0.1624,0.0124,32.62,False,Normal,0,train
PUMP_04,2026-04-22 10:00:00,0.1551,51.99,34.79,59.09,4.048,0.1579,0.0079,32.58,False,Normal,0,train
PUMP_04,2026-04-22 11:00:00,0.1696,49.19,33.32,57.54,3.952,0.1604,0.009,32.54,False,Normal,0,train
PUMP_04,2026-04-22 12:00:00,0.1572,49.78,33.48,57.69,3.918,0.1613,0.0081,32.5,False,Normal,0,train
PUMP_04,2026-04-22 13:00:00,0.1615,50.78,33.41,58.28,3.913,0.1626,0.0073,32.46,False,Normal,0,train
PUMP_04,2026-04-22 14:00:00,0.1457,49.08,32.71,57.09,3.979,0.1604,0.0101,32.42,False,Normal,0,train
PUMP_04,2026-04-22 15:00:00,0.1393,48.81,33.57,57.18,3.959,0.1547,0.0109,32.38,False,Normal,0,train
PUMP_04,2026-04-22 16:00:00,0.1214,52.81,34.05,56.65,3.897,0.1491,0.0174,32.33,False,Normal,0,train
PUMP_04,2026-04-22 17:00:00,0.1039,50.84,33.82,60.09,4.057,0.1382,0.022,32.29,False,Normal,0,train
PUMP_04,2026-04-22 18:00:00,0.1341,51.82,33.23,56.38,3.972,0.1343,0.0199,32.25,False,Normal,0,train
PUMP_04,2026-04-22 19:00:00,0.1024,51.09,32.52,56.43,4.035,0.1245,0.0183,32.21,False,Normal,0,train
PUMP_04,2026-04-22 20:00:00,0.1399,49.82,33.55,55.26,3.896,0.1235,0.0171,32.17,False,Normal,0,train
PUMP_04,2026-04-22 21:00:00,0.1528,49.09,33.49,58.74,4.081,0.1258,0.0202,32.12,False,Normal,0,train
PUMP_04,2026-04-22 22:00:00,0.1454,49.15,35.14,56.86,4.066,0.1298,0.0215,32.08,False,Normal,0,train
PUMP_04,2026-04-22 23:00:00,0.105,48.9,33.99,58.91,4.092,0.1299,0.0213,32.04,False,Normal,0,train
PUMP_04,2026-04-23 00:00:00,0.1436,48.91,35.05,57.94,3.99,0.1315,0.022,32.0,False,Normal,0,train
PUMP_04,2026-04-23 01:00:00,0.1604,48.83,33.57,59.53,3.981,0.1412,0.0192,31.96,False,Normal,0,train
PUMP_04,2026-04-23 02:00:00,0.1737,51.17,34.63,56.98,4.05,0.1468,0.0233,31.92,False,Normal,0,train
PUMP_04,2026-04-23 03:00:00,0.1646,48.56,34.15,58.07,4.104,0.1488,0.0243,31.88,False,Normal,0,train
PUMP_04,2026-04-23 04:00:00,0.1583,52.09,33.51,59.33,3.998,0.1509,0.0245,31.83,False,Normal,0,train
PUMP_04,2026-04-23 05:00:00,0.1664,51.13,34.15,59.46,3.875,0.1612,0.0101,31.79,False,Normal,0,train
PUMP_04,2026-04-23 06:00:00,0.1873,51.01,33.88,59.3,3.964,0.1684,0.0107,31.75,False,Normal,0,train
PUMP_04,2026-04-23 07:00:00,0.1597,50.36,33.82,58.67,4.108,0.1683,0.0108,31.71,False,Normal,0,train
PUMP_04,2026-04-23 08:00:00,0.136,50.62,33.0,57.97,4.062,0.162,0.0165,31.67,False,Normal,0,train
PUMP_04,2026-04-23 09:00:00,0.1497,49.37,35.18,58.7,4.025,0.1596,0.0171,31.62,False,Normal,0,train
PUMP_04,2026-04-23 10:00:00,0.1435,48.74,34.33,56.43,3.966,0.1571,0.0184,31.58,False,Normal,0,train
PUMP_04,2026-04-23 11:00:00,0.1348,49.33,33.33,57.55,4.137,0.1518,0.0197,31.54,False,Normal,0,train
PUMP_04,2026-04-23 12:00:00,0.139,48.03,34.23,59.69,3.917,0.1438,0.0095,31.5,False,Normal,0,train
PUMP_04,2026-04-23 13:00:00,0.1885,50.69,33.79,59.11,4.001,0.1486,0.0203,31.46,False,Normal,0,train
PUMP_04,2026-04-23 14:00:00,0.1293,48.5,34.84,56.54,4.039,0.1475,0.0213,31.42,False,Normal,0,train
PUMP_04,2026-04-23 15:00:00,0.135,50.98,33.83,58.42,4.034,0.145,0.0218,31.38,False,Normal,0,train
PUMP_04,2026-04-23 16:00:00,0.1828,51.02,33.97,56.92,3.937,0.1516,0.0266,31.33,False,Normal,0,train
PUMP_04,2026-04-23 17:00:00,0.1485,50.39,33.62,57.66,4.066,0.1539,0.0255,31.29,False,Normal,0,train
PUMP_04,2026-04-23 18:00:00,0.1447,49.24,34.29,59.78,4.048,0.1548,0.0249,31.25,False,Normal,0,train
PUMP_04,2026-04-23 19:00:00,0.1479,48.73,33.99,55.82,4.015,0.148,0.0187,31.21,False,Normal,0,train
PUMP_04,2026-04-23 20:00:00,0.1436,48.91,34.75,56.47,4.034,0.1504,0.0166,31.17,False,Normal,0,train
PUMP_04,2026-04-23 21:00:00,0.1354,48.61,34.18,58.18,3.957,0.1505,0.0165,31.12,False,Normal,0,train
PUMP_04,2026-04-23 22:00:00,0.1493,49.98,35.47,58.56,4.149,0.1449,0.0052,31.08,False,Normal,0,train
PUMP_04,2026-04-23 23:00:00,0.1551,49.84,33.92,57.64,4.109,0.146,0.0066,31.04,False,Normal,0,train
PUMP_04,2026-04-24 00:00:00,0.1241,52.86,33.52,59.39,3.948,0.1426,0.0112,31.0,False,Normal,0,train
PUMP_04,2026-04-24 01:00:00,0.1451,52.79,33.57,57.73,3.987,0.1421,0.011,30.96,False,Normal,0,train
PUMP_04,2026-04-24 02:00:00,0.1289,52.29,33.57,58.33,4.093,0.1396,0.0121,30.92,False,Normal,0,train
PUMP_04,2026-04-24 03:00:00,0.143,49.7,33.51,58.07,4.054,0.1409,0.012,30.88,False,Normal,0,train
PUMP_04,2026-04-24 04:00:00,0.1659,47.88,34.91,57.69,4.011,0.1437,0.0157,30.83,False,Normal,0,train
PUMP_04,2026-04-24 05:00:00,0.1526,50.28,33.85,58.9,3.922,0.1433,0.0153,30.79,False,Normal,0,train
PUMP_04,2026-04-24 06:00:00,0.1558,49.63,34.18,57.03,3.931,0.1485,0.0126,30.75,False,Normal,0,train
PUMP_04,2026-04-24 07:00:00,0.1182,50.06,33.24,59.55,4.008,0.1441,0.0178,30.71,False,Normal,0,train
PUMP_04,2026-04-24 08:00:00,0.1378,50.65,34.0,59.16,4.136,0.1455,0.0166,30.67,False,Normal,0,train
PUMP_04,2026-04-24 09:00:00,0.139,51.06,32.6,59.18,4.096,0.1449,0.0168,30.62,False,Normal,0,train
PUMP_04,2026-04-24 10:00:00,0.1286,47.33,34.22,60.74,4.053,0.1387,0.0142,30.58,False,Normal,0,train
PUMP_04,2026-04-24 11:00:00,0.1548,51.94,33.69,58.51,4.062,0.139,0.0147,30.54,False,Normal,0,train
PUMP_04,2026-04-24 12:00:00,0.1506,51.44,34.96,58.15,3.82,0.1382,0.0136,30.5,False,Normal,0,train
PUMP_04,2026-04-24 13:00:00,0.1594,49.14,34.5,58.56,4.028,0.145,0.0118,30.46,False,Normal,0,train
PUMP_04,2026-04-24 14:00:00,0.1641,51.33,34.49,57.51,4.027,0.1494,0.0133,30.42,False,Normal,0,train
PUMP_04,2026-04-24 15:00:00,0.1635,49.62,33.48,57.9,3.885,0.1535,0.0132,30.38,False,Normal,0,train
PUMP_04,2026-04-24 16:00:00,0.1466,50.05,34.22,57.0,4.181,0.1565,0.0071,30.33,False,Normal,0,train
PUMP_04,2026-04-24 17:00:00,0.1432,49.78,35.18,59.63,4.04,0.1546,0.009,30.29,False,Normal,0,train
PUMP_04,2026-04-24 18:00:00,0.1442,48.91,33.55,56.79,4.048,0.1535,0.0099,30.25,False,Normal,0,train
PUMP_04,2026-04-24 19:00:00,0.1251,48.12,33.5,57.02,3.943,0.1478,0.0146,30.21,False,Normal,0,train
PUMP_04,2026-04-24 20:00:00,0.1454,54.1,34.04,57.75,4.024,0.1447,0.0122,30.17,False,Normal,0,train
PUMP_04,2026-04-24 21:00:00,0.1352,50.94,34.15,56.68,4.015,0.14,0.0083,30.12,False,Normal,0,train
PUMP_04,2026-04-24 22:00:00,0.1266,50.21,34.41,57.22,4.157,0.1366,0.0091,30.08,False,Normal,0,train
PUMP_04,2026-04-24 23:00:00,0.1204,52.72,34.33,57.57,4.08,0.1328,0.0104,30.04,False,Normal,0,train
PUMP_04,2026-04-25 00:00:00,0.1136,47.48,34.15,58.95,4.019,0.1277,0.0112,30.0,False,Normal,0,train
PUMP_04,2026-04-25 01:00:00,0.1487,49.63,33.58,56.26,3.882,0.1317,0.0139,29.96,False,Normal,0,train
PUMP_04,2026-04-25 02:00:00,0.1448,49.08,35.2,57.37,3.903,0.1316,0.0138,29.92,False,Normal,0,train
PUMP_04,2026-04-25 03:00:00,0.1458,49.26,34.92,58.36,3.797,0.1333,0.015,29.88,False,Normal,0,train
PUMP_04,2026-04-25 04:00:00,0.1413,50.05,34.29,58.6,3.976,0.1358,0.0149,29.83,False,Normal,0,train
PUMP_04,2026-04-25 05:00:00,0.1512,49.34,34.77,61.11,4.044,0.1409,0.0138,29.79,False,Normal,0,train
PUMP_04,2026-04-25 06:00:00,0.1435,47.33,33.99,59.76,4.009,0.1459,0.0036,29.75,False,Normal,0,train
PUMP_04,2026-04-25 07:00:00,0.161,48.48,33.29,59.98,4.054,0.1479,0.0072,29.71,False,Normal,0,train
PUMP_04,2026-04-25 08:00:00,0.1697,48.62,34.56,56.16,4.174,0.1521,0.0111,29.67,False,Normal,0,train
PUMP_04,2026-04-25 09:00:00,0.1497,49.33,33.26,58.4,3.927,0.1527,0.0108,29.62,False,Normal,0,train
PUMP_04,2026-04-25 10:00:00,0.1713,48.57,35.27,58.75,3.926,0.1577,0.0114,29.58,False,Normal,0,train
PUMP_04,2026-04-25 11:00:00,0.1409,49.73,33.35,56.53,4.012,0.156,0.0132,29.54,False,Normal,0,train
PUMP_04,2026-04-25 12:00:00,0.121,49.78,34.87,57.72,3.877,0.1523,0.0193,29.5,False,Normal,0,train
PUMP_04,2026-04-25 13:00:00,0.1678,46.77,35.15,58.97,3.998,0.1534,0.0201,29.46,False,Normal,0,train
PUMP_04,2026-04-25 14:00:00,0.1143,48.39,33.22,59.04,3.966,0.1442,0.0235,29.42,False,Normal,0,train
PUMP_04,2026-04-25 15:00:00,0.1345,50.32,33.16,59.53,3.9,0.1416,0.0236,29.38,False,Normal,0,train
PUMP_04,2026-04-25 16:00:00,0.1531,49.83,34.34,58.16,3.898,0.1386,0.0199,29.33,False,Normal,0,train
PUMP_04,2026-04-25 17:00:00,0.1589,47.36,34.96,57.35,3.96,0.1416,0.0216,29.29,False,Normal,0,train
PUMP_04,2026-04-25 18:00:00,0.1376,51.21,34.46,58.73,3.947,0.1444,0.0194,29.25,False,Normal,0,train
PUMP_04,2026-04-25 19:00:00,0.1317,50.91,33.54,58.24,3.973,0.1384,0.016,29.21,False,Normal,0,train
PUMP_04,2026-04-25 20:00:00,0.1728,53.49,34.97,58.56,4.11,0.1481,0.0162,29.17,False,Normal,0,train
PUMP_04,2026-04-25 21:00:00,0.1567,52.65,35.39,55.77,4.086,0.1518,0.015,29.12,False,Normal,0,train
PUMP_04,2026-04-25 22:00:00,0.1611,48.72,33.47,58.01,4.034,0.1531,0.0155,29.08,False,Normal,0,train
PUMP_04,2026-04-25 23:00:00,0.1545,49.81,34.27,58.51,4.056,0.1524,0.0152,29.04,False,Normal,0,train
PUMP_04,2026-04-26 00:00:00,0.1591,50.05,34.42,58.01,3.92,0.156,0.0135,29.0,False,Normal,0,train
PUMP_04,2026-04-26 01:00:00,0.1564,51.91,33.88,57.84,4.051,0.1601,0.0066,28.96,False,Normal,0,train
PUMP_04,2026-04-26 02:00:00,0.153,49.57,33.51,57.84,3.922,0.1568,0.003,28.92,False,Normal,0,train
PUMP_04,2026-04-26 03:00:00,0.1293,52.02,33.41,56.95,4.049,0.1522,0.0116,28.88,False,Normal,0,train
PUMP_04,2026-04-26 04:00:00,0.1386,50.43,32.98,59.04,4.148,0.1485,0.0118,28.83,False,Normal,0,train
PUMP_04,2026-04-26 05:00:00,0.1698,48.8,34.56,57.65,4.082,0.151,0.0147,28.79,False,Normal,0,train
PUMP_04,2026-04-26 06:00:00,0.178,48.23,33.74,54.99,4.073,0.1542,0.0183,28.75,False,Normal,0,train
PUMP_04,2026-04-26 07:00:00,0.1624,51.53,35.04,57.27,3.917,0.1552,0.0186,28.71,False,Normal,0,train
PUMP_04,2026-04-26 08:00:00,0.1421,51.45,34.37,57.08,4.002,0.1534,0.0194,28.67,False,Normal,0,train
PUMP_04,2026-04-26 09:00:00,0.1601,51.64,33.99,57.61,4.026,0.1585,0.0154,28.62,False,Normal,0,train
PUMP_04,2026-04-26 10:00:00,0.1607,46.13,34.91,57.22,4.087,0.1622,0.012,28.58,False,Normal,0,train
PUMP_04,2026-04-26 11:00:00,0.124,49.8,34.0,57.87,3.946,0.1546,0.0188,28.54,False,Normal,0,train
PUMP_04,2026-04-26 12:00:00,0.1725,51.88,33.7,58.24,3.996,0.1536,0.0175,28.5,False,Normal,0,train
PUMP_04,2026-04-26 13:00:00,0.1603,47.85,34.48,57.05,4.134,0.1533,0.0173,28.46,False,Normal,0,train
PUMP_04,2026-04-26 14:00:00,0.1291,50.85,33.71,58.06,4.009,0.1511,0.0197,28.42,False,Normal,0,train
PUMP_04,2026-04-26 15:00:00,0.1416,49.17,34.14,58.8,3.825,0.148,0.0194,28.38,False,Normal,0,train
PUMP_04,2026-04-26 16:00:00,0.1363,48.59,34.25,57.57,3.915,0.144,0.0188,28.33,False,Normal,0,train
PUMP_04,2026-04-26 17:00:00,0.1597,48.91,34.07,58.79,3.952,0.1499,0.0167,28.29,False,Normal,0,train
PUMP_04,2026-04-26 18:00:00,0.1315,52.37,34.26,59.59,3.924,0.1431,0.0138,28.25,False,Normal,0,train
PUMP_04,2026-04-26 19:00:00,0.1224,51.34,34.26,56.87,4.026,0.1368,0.013,28.21,False,Normal,0,train
PUMP_04,2026-04-26 20:00:00,0.1395,49.82,34.13,58.35,4.097,0.1385,0.0124,28.17,False,Normal,0,train
PUMP_04,2026-04-26 21:00:00,0.1272,53.3,33.71,60.44,4.112,0.1361,0.0131,28.12,False,Normal,0,train
PUMP_04,2026-04-26 22:00:00,0.1594,47.31,33.4,58.29,4.118,0.14,0.0162,28.08,False,Normal,0,train
PUMP_04,2026-04-26 23:00:00,0.146,49.04,33.58,57.01,3.959,0.1377,0.0136,28.04,False,Normal,0,train
PUMP_04,2026-04-27 00:00:00,0.1321,52.4,33.61,58.59,3.988,0.1378,0.0136,28.0,False,Normal,0,train
PUMP_04,2026-04-27 01:00:00,0.1415,49.73,34.41,57.8,3.999,0.141,0.0113,27.96,False,Normal,0,train
PUMP_04,2026-04-27 02:00:00,0.1479,49.69,35.05,56.48,4.241,0.1423,0.0116,27.92,False,Normal,0,train
PUMP_04,2026-04-27 03:00:00,0.1522,49.82,34.01,57.8,4.038,0.1465,0.0093,27.88,False,Normal,0,train
PUMP_04,2026-04-27 04:00:00,0.1338,49.31,34.76,56.63,3.996,0.1422,0.008,27.83,False,Normal,0,train
PUMP_04,2026-04-27 05:00:00,0.142,51.39,33.6,56.03,3.934,0.1416,0.0078,27.79,False,Normal,0,train
PUMP_04,2026-04-27 06:00:00,0.1638,48.76,33.93,59.04,4.103,0.1469,0.0104,27.75,False,Normal,0,train
PUMP_04,2026-04-27 07:00:00,0.1786,54.03,33.91,55.19,3.907,0.153,0.0161,27.71,False,Normal,0,train
PUMP_04,2026-04-27 08:00:00,0.1506,47.88,34.37,59.68,4.027,0.1535,0.0159,27.67,False,Normal,0,train
PUMP_04,2026-04-27 09:00:00,0.1582,52.54,33.65,58.68,4.0,0.1545,0.016,27.62,False,Normal,0,train
PUMP_04,2026-04-27 10:00:00,0.1897,51.24,34.46,59.79,3.979,0.1638,0.0177,27.58,False,Normal,0,train
PUMP_04,2026-04-27 11:00:00,0.1559,48.98,34.23,60.0,4.159,0.1661,0.015,27.54,False,Normal,0,train
PUMP_04,2026-04-27 12:00:00,0.1205,50.39,34.11,59.35,4.05,0.1589,0.024,27.5,False,Normal,0,train
PUMP_04,2026-04-27 13:00:00,0.1555,51.27,33.67,57.49,4.089,0.1551,0.022,27.46,False,Normal,0,train
PUMP_04,2026-04-27 14:00:00,0.1479,50.94,33.02,57.26,3.912,0.1546,0.0222,27.42,False,Normal,0,train
PUMP_04,2026-04-27 15:00:00,0.1361,47.15,33.74,58.14,4.089,0.1509,0.0233,27.38,False,Normal,0,train
PUMP_04,2026-04-27 16:00:00,0.124,50.58,34.46,59.19,4.117,0.14,0.0155,27.33,False,Normal,0,train
PUMP_04,2026-04-27 17:00:00,0.1523,47.92,32.95,60.27,4.027,0.1394,0.0149,27.29,False,Normal,0,train
PUMP_04,2026-04-27 18:00:00,0.099,51.57,33.07,56.79,3.969,0.1358,0.0214,27.25,False,Normal,0,train
PUMP_04,2026-04-27 19:00:00,0.1336,51.6,33.84,58.97,3.94,0.1322,0.0192,27.21,False,Normal,0,train
PUMP_04,2026-04-27 20:00:00,0.1357,47.95,33.5,58.05,4.006,0.1301,0.0178,27.17,False,Normal,0,train
PUMP_04,2026-04-27 21:00:00,0.132,47.04,35.94,58.05,3.989,0.1294,0.0176,27.12,False,Normal,0,train
PUMP_04,2026-04-27 22:00:00,0.1431,49.54,34.15,58.78,3.956,0.1326,0.0181,27.08,False,Normal,0,train
PUMP_04,2026-04-27 23:00:00,0.1284,49.64,33.76,54.91,4.042,0.1286,0.0153,27.04,False,Normal,0,train
PUMP_04,2026-04-28 00:00:00,0.158,50.01,34.69,58.03,4.021,0.1385,0.0107,27.0,False,Normal,0,train
PUMP_04,2026-04-28 01:00:00,0.1961,50.63,33.97,56.52,3.974,0.1489,0.0254,26.96,False,Normal,0,train
PUMP_04,2026-04-28 02:00:00,0.1412,49.77,33.95,58.88,3.975,0.1498,0.0249,26.92,False,Normal,0,train
PUMP_04,2026-04-28 03:00:00,0.163,50.16,35.1,58.38,3.867,0.155,0.0237,26.88,False,Normal,0,train
PUMP_04,2026-04-28 04:00:00,0.1608,48.75,32.76,60.03,3.991,0.1579,0.023,26.83,False,Normal,0,train
PUMP_04,2026-04-28 05:00:00,0.1626,48.46,33.43,59.79,3.904,0.1636,0.0179,26.79,False,Normal,0,train
PUMP_04,2026-04-28 06:00:00,0.1529,50.91,34.32,57.28,3.973,0.1628,0.0183,26.75,False,Normal,0,train
PUMP_04,2026-04-28 07:00:00,0.1597,50.78,33.43,58.33,4.028,0.1567,0.0084,26.71,False,Normal,0,train
PUMP_04,2026-04-28 08:00:00,0.1618,49.46,33.42,59.94,3.855,0.1601,0.0037,26.67,False,Normal,0,train
PUMP_04,2026-04-28 09:00:00,0.169,48.42,34.5,58.58,3.98,0.1611,0.0052,26.62,False,Normal,0,train
PUMP_04,2026-04-28 10:00:00,0.1659,52.33,33.6,58.87,4.031,0.162,0.0055,26.58,False,Normal,0,train
PUMP_04,2026-04-28 11:00:00,0.1718,52.57,34.23,59.98,3.88,0.1635,0.0068,26.54,False,Normal,0,train
PUMP_04,2026-04-28 12:00:00,0.1389,51.71,33.85,59.79,3.953,0.1612,0.0118,26.5,False,Normal,0,train
PUMP_04,2026-04-28 13:00:00,0.1501,50.95,34.21,58.27,3.895,0.1596,0.0127,26.46,False,Normal,0,train
PUMP_04,2026-04-28 14:00:00,0.1426,48.37,33.95,59.33,4.072,0.1564,0.0143,26.42,False,Normal,0,train
PUMP_04,2026-04-28 15:00:00,0.1557,51.92,34.51,59.13,3.951,0.1542,0.0129,26.38,False,Normal,0,train
PUMP_04,2026-04-28 16:00:00,0.1178,50.87,34.57,60.08,3.947,0.1462,0.0181,26.33,False,Normal,0,train
PUMP_04,2026-04-28 17:00:00,0.1567,48.46,33.58,58.18,4.07,0.1436,0.0145,26.29,False,Normal,0,train
PUMP_04,2026-04-28 18:00:00,0.1447,51.06,33.03,59.58,3.981,0.1446,0.0143,26.25,False,Normal,0,train
PUMP_04,2026-04-28 19:00:00,0.1583,49.23,33.92,57.58,4.146,0.146,0.0153,26.21,False,Normal,0,train
PUMP_04,2026-04-28 20:00:00,0.142,51.24,33.65,58.63,4.044,0.1459,0.0153,26.17,False,Normal,0,train
PUMP_04,2026-04-28 21:00:00,0.1402,51.72,33.57,59.15,4.037,0.1433,0.0146,26.12,False,Normal,0,train
PUMP_04,2026-04-28 22:00:00,0.1351,50.78,32.96,58.91,4.04,0.1462,0.0093,26.08,False,Normal,0,train
PUMP_04,2026-04-28 23:00:00,0.1413,48.75,33.76,58.46,4.105,0.1436,0.0079,26.04,False,Normal,0,train
PUMP_04,2026-04-29 00:00:00,0.1195,50.93,34.03,58.05,3.752,0.1394,0.0125,26.0,False,Normal,0,train
PUMP_04,2026-04-29 01:00:00,0.1501,50.84,33.65,58.95,4.056,0.138,0.0103,25.96,False,Normal,0,train
PUMP_04,2026-04-29 02:00:00,0.147,48.95,33.97,58.71,3.935,0.1389,0.0109,25.92,False,Normal,0,train
PUMP_04,2026-04-29 03:00:00,0.1584,49.49,34.39,58.22,3.905,0.1419,0.0135,25.88,False,Normal,0,train
PUMP_04,2026-04-29 04:00:00,0.1481,52.86,34.85,58.9,3.989,0.1441,0.0133,25.83,False,Normal,0,train
PUMP_04,2026-04-29 05:00:00,0.1649,52.48,34.92,56.29,3.993,0.148,0.0156,25.79,False,Normal,0,train
PUMP_04,2026-04-29 06:00:00,0.1579,49.18,33.61,58.59,3.86,0.1544,0.0071,25.75,False,Normal,0,train
PUMP_04,2026-04-29 07:00:00,0.1322,46.97,33.55,56.03,3.905,0.1514,0.0116,25.71,False,Normal,0,train
PUMP_04,2026-04-29 08:00:00,0.1593,52.22,33.17,57.02,3.887,0.1535,0.0117,25.67,False,Normal,0,train
PUMP_04,2026-04-29 09:00:00,0.1693,53.18,34.49,58.47,3.933,0.1553,0.0134,25.62,False,Normal,0,train
PUMP_04,2026-04-29 10:00:00,0.1684,52.36,34.11,58.01,4.04,0.1587,0.0138,25.58,False,Normal,0,train
PUMP_04,2026-04-29 11:00:00,0.1392,49.47,34.85,56.04,3.97,0.1544,0.0154,25.54,False,Normal,0,train
PUMP_04,2026-04-29 12:00:00,0.1273,51.01,34.11,55.8,4.023,0.1493,0.0187,25.5,False,Normal,0,val
PUMP_04,2026-04-29 13:00:00,0.1637,48.61,33.67,57.65,3.937,0.1545,0.0173,25.46,False,Normal,0,val
PUMP_04,2026-04-29 14:00:00,0.1511,51.62,33.97,55.87,4.109,0.1532,0.0172,25.42,False,Normal,0,val
PUMP_04,2026-04-29 15:00:00,0.1283,49.13,33.87,56.4,3.963,0.1463,0.0176,25.38,False,Normal,0,val
PUMP_04,2026-04-29 16:00:00,0.1288,49.05,33.57,57.33,4.072,0.1397,0.0149,25.33,False,Normal,0,val
PUMP_04,2026-04-29 17:00:00,0.1407,49.87,34.05,59.08,4.005,0.14,0.0149,25.29,False,Normal,0,val
PUMP_04,2026-04-29 18:00:00,0.1528,49.16,33.48,56.62,3.938,0.1442,0.0142,25.25,False,Normal,0,val
PUMP_04,2026-04-29 19:00:00,0.1352,51.1,34.83,55.43,4.173,0.1395,0.0107,25.21,False,Normal,0,val
PUMP_04,2026-04-29 20:00:00,0.1189,48.72,32.97,59.62,4.099,0.1341,0.0117,25.17,False,Normal,0,val
PUMP_04,2026-04-29 21:00:00,0.1143,53.88,34.72,59.03,3.983,0.1318,0.0142,25.12,False,Normal,0,val
PUMP_04,2026-04-29 22:00:00,0.1327,50.83,33.7,58.44,4.074,0.1324,0.0142,25.08,False,Normal,0,val
PUMP_04,2026-04-29 23:00:00,0.1348,49.48,32.26,57.96,3.999,0.1314,0.0137,25.04,False,Normal,0,val
PUMP_04,2026-04-30 00:00:00,0.1332,48.54,32.92,60.51,3.978,0.1282,0.0091,25.0,False,Mechanical,0,val
PUMP_04,2026-04-30 01:00:00,0.1737,49.54,33.96,58.39,3.944,0.1346,0.0209,24.96,False,Mechanical,0,val
PUMP_04,2026-04-30 02:00:00,0.1315,49.69,33.75,58.11,3.999,0.1367,0.0196,24.92,False,Mechanical,0,val
PUMP_04,2026-04-30 03:00:00,0.1461,49.6,34.25,57.79,4.026,0.142,0.0164,24.88,False,Mechanical,0,val
PUMP_04,2026-04-30 04:00:00,0.1911,49.27,33.75,58.53,4.018,0.1517,0.0249,24.83,False,Mechanical,0,val
PUMP_04,2026-04-30 05:00:00,0.148,48.78,34.36,57.13,4.048,0.1539,0.0237,24.79,False,Mechanical,0,val
PUMP_04,2026-04-30 06:00:00,0.1603,51.38,34.02,59.35,4.0,0.1584,0.0214,24.75,False,Mechanical,0,val
PUMP_04,2026-04-30 07:00:00,0.1815,52.15,34.41,59.58,3.898,0.1598,0.0227,24.71,False,Mechanical,0,val
PUMP_04,2026-04-30 08:00:00,0.1577,48.74,34.54,59.55,4.034,0.1641,0.0183,24.67,False,Mechanical,0,val
PUMP_04,2026-04-30 09:00:00,0.1639,49.97,34.33,57.97,3.944,0.1671,0.0161,24.62,False,Mechanical,0,val
PUMP_04,2026-04-30 10:00:00,0.1462,47.35,33.85,58.48,3.869,0.1596,0.0128,24.58,False,Mechanical,0,val
PUMP_04,2026-04-30 11:00:00,0.141,49.24,34.88,56.45,3.983,0.1584,0.0143,24.54,False,Mechanical,0,val
PUMP_04,2026-04-30 12:00:00,0.1275,53.02,33.99,56.54,3.96,0.153,0.0189,24.5,False,Mechanical,0,val
PUMP_04,2026-04-30 13:00:00,0.1461,51.88,33.6,58.97,3.935,0.1471,0.0128,24.46,False,Mechanical,0,val
PUMP_04,2026-04-30 14:00:00,0.1528,51.01,33.79,59.15,3.898,0.1462,0.0121,24.42,False,Mechanical,0,val
PUMP_04,2026-04-30 15:00:00,0.1744,48.36,34.28,55.97,4.025,0.148,0.0155,24.38,False,Mechanical,0,val
PUMP_04,2026-04-30 16:00:00,0.1359,49.06,34.65,56.53,3.951,0.1463,0.0163,24.33,False,Mechanical,0,val
PUMP_04,2026-04-30 17:00:00,0.1613,49.34,34.46,56.96,3.929,0.1497,0.017,24.29,False,Mechanical,0,val
PUMP_04,2026-04-30 18:00:00,0.1573,51.66,34.47,58.5,4.036,0.1546,0.0132,24.25,False,Mechanical,0,val
PUMP_04,2026-04-30 19:00:00,0.1328,52.09,33.85,57.57,3.989,0.1524,0.0158,24.21,False,Mechanical,0,val
PUMP_04,2026-04-30 20:00:00,0.1457,50.16,34.73,56.7,4.035,0.1512,0.016,24.17,False,Mechanical,0,val
PUMP_04,2026-04-30 21:00:00,0.1478,51.53,34.09,57.73,3.994,0.1468,0.0113,24.12,False,Mechanical,0,val
PUMP_04,2026-04-30 22:00:00,0.1287,49.09,33.76,57.72,4.036,0.1456,0.0129,24.08,False,Mechanical,0,val
PUMP_04,2026-04-30 23:00:00,0.1485,50.69,32.95,59.21,3.891,0.1435,0.0107,24.04,False,Mechanical,0,val
PUMP_04,2026-05-01 00:00:00,0.1426,51.79,34.47,57.81,4.125,0.141,0.0083,24.0,False,Mechanical,0,val
PUMP_04,2026-05-01 01:00:00,0.1547,52.63,33.76,59.89,3.872,0.1447,0.0088,23.96,False,Mechanical,0,val
PUMP_04,2026-05-01 02:00:00,0.1585,48.51,33.47,55.69,4.079,0.1468,0.0105,23.92,False,Mechanical,0,val
PUMP_04,2026-05-01 03:00:00,0.1626,52.44,33.36,58.7,4.002,0.1493,0.0123,23.88,False,Mechanical,0,val
PUMP_04,2026-05-01 04:00:00,0.1563,53.9,34.67,60.68,4.187,0.1539,0.0072,23.83,False,Mechanical,0,val
PUMP_04,2026-05-01 05:00:00,0.1508,48.17,34.24,58.01,4.018,0.1542,0.0069,23.79,False,Mechanical,0,val
PUMP_04,2026-05-01 06:00:00,0.1409,47.94,34.46,57.85,4.069,0.154,0.0075,23.75,False,Mechanical,0,val
PUMP_04,2026-05-01 07:00:00,0.1815,52.78,34.03,57.4,3.85,0.1584,0.0136,23.71,False,Mechanical,0,val
PUMP_04,2026-05-01 08:00:00,0.1672,49.79,34.19,56.46,4.117,0.1599,0.014,23.67,False,Mechanical,0,val
PUMP_04,2026-05-01 09:00:00,0.1811,50.11,34.15,59.48,4.056,0.163,0.0166,23.62,False,Mechanical,0,val
PUMP_04,2026-05-01 10:00:00,0.1617,52.24,33.48,57.28,3.877,0.1639,0.0163,23.58,False,Mechanical,0,val
PUMP_04,2026-05-01 11:00:00,0.1618,49.15,34.68,59.32,3.967,0.1657,0.0151,23.54,False,Mechanical,0,val
PUMP_04,2026-05-01 12:00:00,0.1558,50.9,33.68,58.71,3.997,0.1682,0.0108,23.5,False,Mechanical,0,val
PUMP_04,2026-05-01 13:00:00,0.1523,48.48,33.88,59.04,4.111,0.1633,0.0101,23.46,False,Mechanical,0,val
PUMP_04,2026-05-01 14:00:00,0.1594,51.85,34.44,57.13,4.003,0.162,0.01,23.42,False,Mechanical,0,val
PUMP_04,2026-05-01 15:00:00,0.1497,51.86,34.85,58.69,3.923,0.1568,0.005,23.38,False,Mechanical,0,val
PUMP_04,2026-05-01 16:00:00,0.1675,50.85,33.86,58.29,3.991,0.1578,0.0065,23.33,False,Mechanical,0,val
PUMP_04,2026-05-01 17:00:00,0.1734,50.63,34.7,58.53,4.072,0.1597,0.0091,23.29,False,Mechanical,0,val
PUMP_04,2026-05-01 18:00:00,0.1722,50.61,34.45,55.3,4.021,0.1624,0.0102,23.25,False,Mechanical,0,val
PUMP_04,2026-05-01 19:00:00,0.1767,50.39,34.13,58.95,4.084,0.1665,0.0102,23.21,False,Mechanical,0,val
PUMP_04,2026-05-01 20:00:00,0.1379,50.56,34.22,61.02,3.837,0.1629,0.0155,23.17,False,Mechanical,0,val
PUMP_04,2026-05-01 21:00:00,0.1752,52.0,34.23,56.82,4.18,0.1672,0.0147,23.12,False,Mechanical,0,val
PUMP_04,2026-05-01 22:00:00,0.1611,48.03,34.43,59.5,4.033,0.1661,0.0149,23.08,False,Mechanical,0,val
PUMP_04,2026-05-01 23:00:00,0.1642,53.48,35.0,58.09,4.062,0.1646,0.0144,23.04,False,Mechanical,0,val
PUMP_04,2026-05-02 00:00:00,0.155,51.03,34.49,57.14,4.107,0.1617,0.0143,23.0,False,Mechanical,0,val
PUMP_04,2026-05-02 01:00:00,0.1633,54.15,34.16,57.56,4.14,0.1594,0.0124,22.96,False,Mechanical,0,val
PUMP_04,2026-05-02 02:00:00,0.1388,51.17,34.07,60.16,4.133,0.1596,0.0121,22.92,False,Mechanical,0,val
PUMP_04,2026-05-02 03:00:00,0.1828,50.83,34.43,58.77,3.979,0.1609,0.0143,22.88,False,Mechanical,0,val
PUMP_04,2026-05-02 04:00:00,0.1736,51.77,34.07,58.29,3.91,0.163,0.0152,22.83,False,Mechanical,0,val
PUMP_04,2026-05-02 05:00:00,0.1704,48.98,33.3,56.57,4.085,0.164,0.0155,22.79,False,Mechanical,0,val
PUMP_04,2026-05-02 06:00:00,0.1991,49.28,35.07,59.13,4.142,0.1713,0.0202,22.75,False,Mechanical,0,val
PUMP_04,2026-05-02 07:00:00,0.1795,50.6,34.32,59.78,4.089,0.174,0.0199,22.71,False,Mechanical,0,val
PUMP_04,2026-05-02 08:00:00,0.165,51.03,34.3,58.86,3.883,0.1784,0.012,22.67,False,Mechanical,0,val
PUMP_04,2026-05-02 09:00:00,0.1776,52.49,35.23,57.14,4.216,0.1775,0.0118,22.62,False,Mechanical,0,val
PUMP_04,2026-05-02 10:00:00,0.2021,51.08,34.12,59.16,4.012,0.1823,0.0151,22.58,False,Mechanical,0,val
PUMP_04,2026-05-02 11:00:00,0.1726,53.17,34.7,60.77,4.124,0.1826,0.0148,22.54,False,Mechanical,0,val
PUMP_04,2026-05-02 12:00:00,0.1847,47.0,34.45,58.36,3.904,0.1802,0.0126,22.5,False,Mechanical,0,val
PUMP_04,2026-05-02 13:00:00,0.1598,53.75,34.67,59.81,4.17,0.177,0.0152,22.46,False,Mechanical,0,val
PUMP_04,2026-05-02 14:00:00,0.1762,50.44,34.12,58.32,4.14,0.1788,0.014,22.42,False,Mechanical,0,val
PUMP_04,2026-05-02 15:00:00,0.1705,52.11,35.03,58.38,4.027,0.1776,0.0145,22.38,False,Mechanical,0,val
PUMP_04,2026-05-02 16:00:00,0.1664,52.91,35.57,58.86,4.166,0.1717,0.0085,22.33,False,Mechanical,0,val
PUMP_04,2026-05-02 17:00:00,0.1587,49.16,33.95,58.2,4.08,0.1694,0.01,22.29,False,Mechanical,0,val
PUMP_04,2026-05-02 18:00:00,0.1621,53.32,34.98,58.1,4.134,0.1656,0.0068,22.25,False,Mechanical,0,val
PUMP_04,2026-05-02 19:00:00,0.139,52.31,34.61,58.68,4.059,0.1621,0.0129,22.21,False,Mechanical,0,val
PUMP_04,2026-05-02 20:00:00,0.1447,53.87,34.77,59.83,4.013,0.1569,0.0124,22.17,False,Mechanical,0,val
PUMP_04,2026-05-02 21:00:00,0.1478,51.35,34.84,58.79,4.217,0.1531,0.0108,22.12,False,Mechanical,0,val
PUMP_04,2026-05-02 22:00:00,0.151,51.25,33.83,58.66,4.111,0.1506,0.0087,22.08,False,Mechanical,0,val
PUMP_04,2026-05-02 23:00:00,0.1727,50.17,34.12,58.96,3.964,0.1529,0.0124,22.04,False,Mechanical,0,val
PUMP_04,2026-05-03 00:00:00,0.1727,50.25,34.46,60.64,4.089,0.1546,0.0145,22.0,False,Mechanical,0,val
PUMP_04,2026-05-03 01:00:00,0.1677,51.24,35.35,57.58,4.135,0.1594,0.013,21.96,False,Mechanical,0,val
PUMP_04,2026-05-03 02:00:00,0.2046,52.24,34.45,59.58,4.169,0.1694,0.0203,21.92,False,Mechanical,0,val
PUMP_04,2026-05-03 03:00:00,0.1853,52.52,34.93,59.8,4.254,0.1757,0.018,21.88,False,Mechanical,0,val
PUMP_04,2026-05-03 04:00:00,0.205,49.9,34.69,58.61,4.134,0.1847,0.0166,21.83,False,Mechanical,0,val
PUMP_04,2026-05-03 05:00:00,0.1712,51.29,34.71,60.3,4.028,0.1844,0.0169,21.79,False,Mechanical,0,val
PUMP_04,2026-05-03 06:00:00,0.2006,51.81,34.78,59.97,4.07,0.1891,0.0168,21.75,False,Mechanical,0,val
PUMP_04,2026-05-03 07:00:00,0.2095,48.27,34.21,59.86,4.194,0.196,0.0148,21.71,False,Mechanical,0,val
PUMP_04,2026-05-03 08:00:00,0.2004,52.81,34.62,57.35,4.036,0.1953,0.0144,21.67,False,Mechanical,0,val
PUMP_04,2026-05-03 09:00:00,0.1869,51.16,34.49,58.25,4.11,0.1956,0.0141,21.62,False,Mechanical,0,val
PUMP_04,2026-05-03 10:00:00,0.1879,51.6,34.71,58.11,4.057,0.1927,0.0136,21.58,False,Mechanical,0,val
PUMP_04,2026-05-03 11:00:00,0.1956,53.79,34.35,59.8,4.072,0.1968,0.0086,21.54,False,Mechanical,0,val
PUMP_04,2026-05-03 12:00:00,0.1895,50.14,35.86,60.03,4.081,0.195,0.0088,21.5,False,Mechanical,0,val
PUMP_04,2026-05-03 13:00:00,0.2032,50.35,33.77,58.66,4.119,0.1939,0.0069,21.46,False,Mechanical,0,val
PUMP_04,2026-05-03 14:00:00,0.171,48.25,33.8,58.68,4.092,0.189,0.0107,21.42,False,Mechanical,0,val
PUMP_04,2026-05-03 15:00:00,0.1982,51.6,35.08,61.67,3.976,0.1909,0.0113,21.38,False,Mechanical,0,val
PUMP_04,2026-05-03 16:00:00,0.1874,53.37,35.33,59.26,4.205,0.1908,0.0113,21.33,False,Mechanical,0,val
PUMP_04,2026-05-03 17:00:00,0.1857,48.59,35.81,59.59,4.197,0.1892,0.0112,21.29,False,Mechanical,0,val
PUMP_04,2026-05-03 18:00:00,0.1805,50.23,34.71,58.78,4.127,0.1877,0.0117,21.25,False,Mechanical,0,val
PUMP_04,2026-05-03 19:00:00,0.2002,52.06,34.88,60.68,4.213,0.1872,0.011,21.21,False,Mechanical,0,val
PUMP_04,2026-05-03 20:00:00,0.1728,51.15,35.2,59.59,4.174,0.1875,0.0104,21.17,False,Mechanical,0,val
PUMP_04,2026-05-03 21:00:00,0.1712,51.2,35.75,59.33,4.18,0.183,0.0107,21.12,False,Mechanical,0,val
PUMP_04,2026-05-03 22:00:00,0.1917,52.13,34.14,59.4,4.145,0.1837,0.0112,21.08,False,Mechanical,0,val
PUMP_04,2026-05-03 23:00:00,0.1842,54.69,35.06,58.66,4.181,0.1834,0.0111,21.04,False,Mechanical,0,val
PUMP_04,2026-05-04 00:00:00,0.2023,52.03,35.34,58.04,4.04,0.1871,0.0133,21.0,False,Mechanical,0,val
PUMP_04,2026-05-04 01:00:00,0.2297,52.36,34.77,59.2,4.099,0.192,0.0219,20.96,False,Mechanical,0,val
PUMP_04,2026-05-04 02:00:00,0.2057,52.75,35.25,61.08,4.01,0.1975,0.0201,20.92,False,Mechanical,0,val
PUMP_04,2026-05-04 03:00:00,0.2104,49.14,34.64,58.89,4.034,0.204,0.0158,20.88,False,Mechanical,0,val
PUMP_04,2026-05-04 04:00:00,0.2335,52.58,35.76,60.52,4.231,0.211,0.0183,20.83,False,Mechanical,0,val
PUMP_04,2026-05-04 05:00:00,0.2174,49.81,33.98,58.8,4.167,0.2165,0.0128,20.79,False,Mechanical,0,val
PUMP_04,2026-05-04 06:00:00,0.2286,52.2,34.9,57.04,4.096,0.2209,0.0114,20.75,False,Mechanical,0,val
PUMP_04,2026-05-04 07:00:00,0.2092,53.83,35.41,58.69,4.06,0.2175,0.0113,20.71,False,Mechanical,0,val
PUMP_04,2026-05-04 08:00:00,0.2122,51.59,34.92,57.39,4.029,0.2186,0.0102,20.67,False,Mechanical,0,val
PUMP_04,2026-05-04 09:00:00,0.2023,53.86,35.62,60.25,4.045,0.2172,0.0119,20.62,False,Mechanical,0,val
PUMP_04,2026-05-04 10:00:00,0.2179,49.7,35.17,57.17,4.094,0.2146,0.009,20.58,False,Mechanical,0,val
PUMP_04,2026-05-04 11:00:00,0.2167,52.73,35.32,59.49,3.919,0.2145,0.0089,20.54,False,Mechanical,0,val
PUMP_04,2026-05-04 12:00:00,0.2185,52.79,35.5,58.52,4.22,0.2128,0.0063,20.5,False,Mechanical,0,val
PUMP_04,2026-05-04 13:00:00,0.2125,48.34,35.14,58.69,4.175,0.2134,0.006,20.46,False,Mechanical,0,val
PUMP_04,2026-05-04 14:00:00,0.2024,53.19,34.2,60.5,4.186,0.2117,0.0076,20.42,False,Mechanical,0,val
PUMP_04,2026-05-04 15:00:00,0.2116,47.97,36.26,59.34,4.205,0.2133,0.006,20.38,False,Mechanical,0,val
PUMP_04,2026-05-04 16:00:00,0.2247,52.74,36.05,59.47,4.154,0.2144,0.0075,20.33,False,Mechanical,0,val
PUMP_04,2026-05-04 17:00:00,0.2044,53.19,35.68,59.41,4.176,0.2124,0.0084,20.29,False,Mechanical,0,val
PUMP_04,2026-05-04 18:00:00,0.1831,51.91,35.05,59.07,4.158,0.2064,0.0139,20.25,False,Mechanical,0,val
PUMP_04,2026-05-04 19:00:00,0.1895,52.83,35.55,58.61,4.28,0.2026,0.015,20.21,False,Mechanical,0,val
PUMP_04,2026-05-04 20:00:00,0.2098,56.01,34.26,57.59,4.093,0.2038,0.0153,20.17,False,Mechanical,0,val
PUMP_04,2026-05-04 21:00:00,0.1958,51.83,34.38,60.07,4.235,0.2012,0.015,20.12,False,Mechanical,0,val
PUMP_04,2026-05-04 22:00:00,0.2042,50.93,36.78,59.99,4.084,0.1978,0.0102,20.08,False,Mechanical,0,val
PUMP_04,2026-05-04 23:00:00,0.2071,55.78,34.61,61.03,4.079,0.1982,0.0106,20.04,False,Mechanical,0,val
PUMP_04,2026-05-05 00:00:00,0.2245,53.04,35.19,60.16,4.057,0.2052,0.0121,20.0,False,Mechanical,0,val
PUMP_04,2026-05-05 01:00:00,0.2458,54.52,35.48,59.16,4.023,0.2145,0.018,19.96,False,Mechanical,0,val
PUMP_04,2026-05-05 02:00:00,0.203,50.36,35.61,59.53,4.2,0.2134,0.0185,19.92,False,Mechanical,0,val
PUMP_04,2026-05-05 03:00:00,0.2437,49.13,35.43,60.43,4.099,0.2214,0.0197,19.88,False,Mechanical,0,val
PUMP_04,2026-05-05 04:00:00,0.2456,51.56,35.22,61.09,4.21,0.2283,0.0197,19.83,False,Mechanical,0,val
PUMP_04,2026-05-05 05:00:00,0.2368,52.63,35.4,59.31,4.318,0.2332,0.0169,19.79,False,Mechanical,0,val
PUMP_04,2026-05-05 06:00:00,0.231,52.14,36.16,61.14,4.152,0.2343,0.0164,19.75,False,Mechanical,0,val
PUMP_04,2026-05-05 07:00:00,0.2461,52.18,35.88,59.75,4.221,0.2344,0.0164,19.71,False,Mechanical,0,val
PUMP_04,2026-05-05 08:00:00,0.2355,50.19,35.93,59.07,4.277,0.2398,0.0062,19.67,False,Mechanical,0,val
PUMP_04,2026-05-05 09:00:00,0.2316,53.37,34.38,59.12,4.22,0.2378,0.0066,19.62,False,Mechanical,0,val
PUMP_04,2026-05-05 10:00:00,0.2057,52.68,35.87,59.56,4.209,0.2311,0.0136,19.58,False,Mechanical,0,val
PUMP_04,2026-05-05 11:00:00,0.2383,49.8,35.65,59.91,4.067,0.2314,0.0137,19.54,False,Mechanical,0,val
PUMP_04,2026-05-05 12:00:00,0.2507,52.68,35.22,61.33,4.214,0.2346,0.0158,19.5,False,Mechanical,0,val
PUMP_04,2026-05-05 13:00:00,0.2073,52.98,36.72,62.24,4.255,0.2282,0.018,19.46,False,Mechanical,0,val
PUMP_04,2026-05-05 14:00:00,0.2135,54.81,34.75,59.74,4.354,0.2245,0.0184,19.42,False,Mechanical,0,val
PUMP_04,2026-05-05 15:00:00,0.2186,52.45,35.63,58.37,4.182,0.2223,0.0182,19.38,False,Mechanical,0,val
PUMP_04,2026-05-05 16:00:00,0.2209,54.75,36.38,59.34,4.312,0.2249,0.0164,19.33,False,Mechanical,0,val
PUMP_04,2026-05-05 17:00:00,0.2143,54.62,35.79,59.71,4.167,0.2209,0.0153,19.29,False,Mechanical,0,val
PUMP_04,2026-05-05 18:00:00,0.2447,52.13,34.54,60.43,4.294,0.2199,0.013,19.25,False,Mechanical,0,val
PUMP_04,2026-05-05 19:00:00,0.2569,54.42,36.6,57.97,4.155,0.2282,0.0182,19.21,False,Mechanical,0,val
PUMP_04,2026-05-05 20:00:00,0.2323,55.16,34.73,61.41,4.234,0.2313,0.0167,19.17,False,Mechanical,0,val
PUMP_04,2026-05-05 21:00:00,0.2216,55.12,35.06,59.09,4.174,0.2318,0.0163,19.12,False,Mechanical,0,val
PUMP_04,2026-05-05 22:00:00,0.2371,54.04,36.37,60.56,4.23,0.2345,0.0154,19.08,False,Mechanical,0,val
PUMP_04,2026-05-05 23:00:00,0.2213,53.39,35.24,60.07,4.232,0.2356,0.0138,19.04,False,Mechanical,0,val
PUMP_04,2026-05-06 00:00:00,0.2385,51.54,35.68,59.44,4.242,0.2346,0.0132,19.0,False,Mechanical,0,val
PUMP_04,2026-05-06 01:00:00,0.2535,55.41,35.27,61.88,4.174,0.234,0.0121,18.96,False,Mechanical,0,val
PUMP_04,2026-05-06 02:00:00,0.2586,51.47,35.92,59.76,4.236,0.2384,0.0156,18.92,False,Mechanical,0,val
PUMP_04,2026-05-06 03:00:00,0.2602,53.46,36.61,59.17,4.27,0.2449,0.0152,18.88,False,Mechanical,0,val
PUMP_04,2026-05-06 04:00:00,0.2474,55.37,34.97,60.98,4.219,0.2466,0.0147,18.83,False,Mechanical,0,val
PUMP_04,2026-05-06 05:00:00,0.2585,52.28,36.08,61.43,4.178,0.2528,0.0084,18.79,False,Mechanical,0,val
PUMP_04,2026-05-06 06:00:00,0.2526,53.81,34.93,60.16,4.19,0.2551,0.0049,18.75,False,Mechanical,0,val
PUMP_04,2026-05-06 07:00:00,0.2718,51.49,37.24,60.64,4.332,0.2582,0.0082,18.71,False,Mechanical,0,val
PUMP_04,2026-05-06 08:00:00,0.2649,53.36,35.45,61.6,4.256,0.2592,0.0087,18.67,False,Mechanical,0,val
PUMP_04,2026-05-06 09:00:00,0.283,52.44,36.36,60.22,4.37,0.263,0.0131,18.62,False,Mechanical,0,val
PUMP_04,2026-05-06 10:00:00,0.262,52.8,36.22,60.2,4.242,0.2655,0.0107,18.58,False,Mechanical,0,val
PUMP_04,2026-05-06 11:00:00,0.2429,54.88,36.15,61.47,4.252,0.2629,0.0141,18.54,False,Mechanical,0,val
PUMP_04,2026-05-06 12:00:00,0.2361,55.05,35.82,60.37,4.309,0.2601,0.0177,18.5,False,Mechanical,0,val
PUMP_04,2026-05-06 13:00:00,0.2551,53.24,35.29,59.65,4.314,0.2573,0.0167,18.46,False,Mechanical,0,val
PUMP_04,2026-05-06 14:00:00,0.2164,54.56,37.01,60.6,4.379,0.2492,0.0229,18.42,False,Mechanical,0,val
PUMP_04,2026-05-06 15:00:00,0.2443,53.5,35.58,59.48,4.102,0.2428,0.0159,18.38,False,Mechanical,0,val
PUMP_04,2026-05-06 16:00:00,0.2411,53.7,36.1,60.58,4.316,0.2393,0.0128,18.33,False,Mechanical,0,val
PUMP_04,2026-05-06 17:00:00,0.2379,52.54,35.99,61.84,4.195,0.2385,0.0127,18.29,False,Mechanical,0,val
PUMP_04,2026-05-06 18:00:00,0.2528,53.54,36.81,59.25,4.273,0.2413,0.0139,18.25,False,Mechanical,0,val
PUMP_04,2026-05-06 19:00:00,0.2366,51.4,37.6,60.68,4.197,0.2382,0.0121,18.21,False,Mechanical,0,val
PUMP_04,2026-05-06 20:00:00,0.2305,57.56,35.85,61.48,4.306,0.2405,0.0076,18.17,False,Mechanical,0,val
PUMP_04,2026-05-06 21:00:00,0.2643,56.25,36.36,60.72,4.206,0.2439,0.0124,18.12,False,Mechanical,0,val
PUMP_04,2026-05-06 22:00:00,0.2546,58.17,36.95,62.49,4.142,0.2461,0.013,18.08,False,Mechanical,0,val
PUMP_04,2026-05-06 23:00:00,0.2686,56.23,37.12,60.91,4.204,0.2512,0.015,18.04,False,Mechanical,0,val
PUMP_04,2026-05-07 00:00:00,0.2699,55.04,36.26,61.34,4.391,0.2541,0.0169,18.0,False,Mechanical,0,val
PUMP_04,2026-05-07 01:00:00,0.279,51.34,36.3,62.56,4.356,0.2612,0.017,17.96,False,Mechanical,0,val
PUMP_04,2026-05-07 02:00:00,0.2778,56.23,37.16,61.55,4.407,0.269,0.009,17.92,False,Mechanical,0,val
PUMP_04,2026-05-07 03:00:00,0.2865,56.74,35.31,60.94,4.152,0.2727,0.011,17.88,False,Mechanical,0,val
PUMP_04,2026-05-07 04:00:00,0.3059,53.05,36.99,60.47,4.454,0.2813,0.0137,17.83,False,Mechanical,0,val
PUMP_04,2026-05-07 05:00:00,0.2876,55.64,35.98,60.83,4.505,0.2845,0.0123,17.79,False,Mechanical,0,val
PUMP_04,2026-05-07 06:00:00,0.2925,55.08,36.57,61.45,4.233,0.2882,0.0103,17.75,False,Mechanical,0,val
PUMP_04,2026-05-07 07:00:00,0.2866,54.79,36.54,60.14,4.35,0.2895,0.0093,17.71,False,Mechanical,0,val
PUMP_04,2026-05-07 08:00:00,0.2567,55.76,36.17,62.67,4.273,0.286,0.0161,17.67,False,Mechanical,0,val
PUMP_04,2026-05-07 09:00:00,0.2826,55.68,36.74,63.89,4.388,0.2853,0.0162,17.62,False,Mechanical,0,val
PUMP_04,2026-05-07 10:00:00,0.3039,53.54,36.36,61.16,4.461,0.285,0.0157,17.58,False,Mechanical,0,val
PUMP_04,2026-05-07 11:00:00,0.2898,56.53,37.21,59.13,4.253,0.2854,0.0158,17.54,False,Mechanical,0,val
PUMP_04,2026-05-07 12:00:00,0.2738,52.93,36.16,62.14,4.23,0.2822,0.0159,17.5,False,Mechanical,0,val
PUMP_04,2026-05-07 13:00:00,0.2852,55.9,36.02,61.37,4.317,0.282,0.0159,17.46,False,Mechanical,0,val
PUMP_04,2026-05-07 14:00:00,0.2617,55.65,36.74,62.07,4.632,0.2828,0.0143,17.42,False,Mechanical,0,val
PUMP_04,2026-05-07 15:00:00,0.2879,54.13,36.65,61.26,4.411,0.2837,0.0145,17.38,False,Mechanical,0,val
PUMP_04,2026-05-07 16:00:00,0.2698,57.17,37.62,62.46,4.387,0.278,0.0113,17.33,False,Mechanical,0,val
PUMP_04,2026-05-07 17:00:00,0.2799,52.51,36.72,60.49,4.432,0.2764,0.0099,17.29,False,Mechanical,0,val
PUMP_04,2026-05-07 18:00:00,0.2629,55.8,36.76,61.88,4.446,0.2746,0.0113,17.25,False,Mechanical,0,val
PUMP_04,2026-05-07 19:00:00,0.2829,55.73,36.06,61.8,4.383,0.2742,0.0109,17.21,False,Mechanical,0,val
PUMP_04,2026-05-07 20:00:00,0.2458,57.86,36.93,61.93,4.355,0.2715,0.0155,17.17,False,Mechanical,0,val
PUMP_04,2026-05-07 21:00:00,0.2782,56.52,36.15,62.41,4.316,0.2699,0.0139,17.12,False,Mechanical,0,val
PUMP_04,2026-05-07 22:00:00,0.2765,52.24,36.75,62.61,4.383,0.271,0.0142,17.08,False,Mechanical,0,val
PUMP_04,2026-05-07 23:00:00,0.2806,54.92,36.33,60.17,4.46,0.2712,0.0143,17.04,False,Mechanical,0,val
PUMP_04,2026-05-08 00:00:00,0.2437,58.09,37.22,62.52,4.458,0.2679,0.0181,17.0,False,Mechanical,0,val
PUMP_04,2026-05-08 01:00:00,0.2888,55.47,36.87,61.81,4.331,0.2689,0.0192,16.96,False,Mechanical,0,val
PUMP_04,2026-05-08 02:00:00,0.3067,54.08,37.65,61.39,4.369,0.2791,0.0206,16.92,False,Mechanical,0,val
PUMP_04,2026-05-08 03:00:00,0.2926,55.72,36.38,61.99,4.285,0.2815,0.0213,16.88,False,Mechanical,0,val
PUMP_04,2026-05-08 04:00:00,0.3158,58.36,37.03,61.96,4.47,0.288,0.0251,16.83,False,Mechanical,0,val
PUMP_04,2026-05-08 05:00:00,0.3245,54.62,37.1,61.82,4.429,0.2954,0.0287,16.79,False,Mechanical,0,val
PUMP_04,2026-05-08 06:00:00,0.317,54.37,36.96,59.62,4.368,0.3076,0.0143,16.75,False,Mechanical,0,val
PUMP_04,2026-05-08 07:00:00,0.3193,55.65,37.72,61.93,4.36,0.3126,0.0114,16.71,False,Mechanical,0,val
PUMP_04,2026-05-08 08:00:00,0.3178,55.06,37.06,61.56,4.319,0.3145,0.0111,16.67,False,Mechanical,0,val
PUMP_04,2026-05-08 09:00:00,0.3216,57.19,36.5,62.24,4.406,0.3193,0.0032,16.62,False,Mechanical,0,val
PUMP_04,2026-05-08 10:00:00,0.3025,55.6,37.39,61.79,4.523,0.3171,0.0077,16.58,False,Mechanical,0,val
PUMP_04,2026-05-08 11:00:00,0.2985,56.71,38.25,64.44,4.344,0.3128,0.0097,16.54,False,Mechanical,0,val
PUMP_04,2026-05-08 12:00:00,0.2976,58.67,36.79,61.68,4.299,0.3096,0.0112,16.5,False,Mechanical,0,val
PUMP_04,2026-05-08 13:00:00,0.3188,54.86,37.18,60.12,4.422,0.3095,0.0111,16.46,False,Mechanical,0,val
PUMP_04,2026-05-08 14:00:00,0.2949,57.88,37.37,61.86,4.51,0.3056,0.0116,16.42,False,Mechanical,0,val
PUMP_04,2026-05-08 15:00:00,0.3023,57.73,37.84,61.47,4.496,0.3024,0.0085,16.38,False,Mechanical,0,val
PUMP_04,2026-05-08 16:00:00,0.3,54.56,37.75,62.29,4.52,0.302,0.0086,16.33,False,Mechanical,0,val
PUMP_04,2026-05-08 17:00:00,0.3093,58.54,37.4,61.53,4.384,0.3038,0.0088,16.29,False,Mechanical,0,val
PUMP_04,2026-05-08 18:00:00,0.317,54.68,37.1,62.86,4.5,0.307,0.0096,16.25,False,Mechanical,0,val
PUMP_04,2026-05-08 19:00:00,0.3186,54.39,37.09,62.12,4.462,0.307,0.0096,16.21,False,Mechanical,0,val
PUMP_04,2026-05-08 20:00:00,0.2847,55.36,37.69,62.59,4.414,0.3053,0.0126,16.17,False,Mechanical,0,val
PUMP_04,2026-05-08 21:00:00,0.3196,55.47,37.0,63.96,4.441,0.3082,0.0137,16.12,False,Mechanical,0,val
PUMP_04,2026-05-08 22:00:00,0.317,56.21,36.62,62.31,4.508,0.311,0.0134,16.08,False,Mechanical,0,val
PUMP_04,2026-05-08 23:00:00,0.324,55.11,37.34,60.66,4.491,0.3135,0.0143,16.04,False,Mechanical,0,val
PUMP_04,2026-05-09 00:00:00,0.3203,57.68,37.2,61.71,4.493,0.314,0.0146,16.0,False,Mechanical,0,val
PUMP_04,2026-05-09 01:00:00,0.3172,56.68,37.3,60.67,4.506,0.3138,0.0145,15.96,False,Mechanical,0,val
PUMP_04,2026-05-09 02:00:00,0.3474,57.2,37.88,61.65,4.423,0.3242,0.0116,15.92,False,Mechanical,0,val
PUMP_04,2026-05-09 03:00:00,0.3332,58.0,37.64,58.17,4.353,0.3265,0.0119,15.88,False,Mechanical,0,val
PUMP_04,2026-05-09 04:00:00,0.3575,59.31,37.47,63.42,4.407,0.3333,0.0161,15.83,False,Mechanical,0,val
PUMP_04,2026-05-09 05:00:00,0.341,56.43,36.93,60.67,4.536,0.3361,0.0157,15.79,False,Mechanical,0,val
PUMP_04,2026-05-09 06:00:00,0.3431,56.21,37.42,63.35,4.355,0.3399,0.0137,15.75,False,Mechanical,0,val
PUMP_04,2026-05-09 07:00:00,0.3338,58.38,36.72,61.75,4.473,0.3427,0.0091,15.71,False,Mechanical,0,val
PUMP_04,2026-05-09 08:00:00,0.3443,59.12,37.25,62.22,4.487,0.3422,0.0089,15.67,False,Mechanical,0,val
PUMP_04,2026-05-09 09:00:00,0.3581,57.41,37.26,64.53,4.537,0.3463,0.0096,15.62,False,Mechanical,0,val
PUMP_04,2026-05-09 10:00:00,0.3416,57.44,37.78,62.24,4.38,0.3436,0.008,15.58,False,Mechanical,0,val
PUMP_04,2026-05-09 11:00:00,0.3456,57.08,37.83,61.48,4.305,0.3444,0.0079,15.54,False,Mechanical,0,val
PUMP_04,2026-05-09 12:00:00,0.3656,56.52,37.67,62.08,4.443,0.3482,0.0116,15.5,False,Mechanical,0,val
PUMP_04,2026-05-09 13:00:00,0.322,56.9,37.17,61.22,4.537,0.3462,0.015,15.46,False,Mechanical,0,val
PUMP_04,2026-05-09 14:00:00,0.325,57.43,36.85,63.76,4.607,0.343,0.0174,15.42,False,Mechanical,0,val
PUMP_04,2026-05-09 15:00:00,0.3428,58.59,38.72,63.44,4.446,0.3404,0.0158,15.38,False,Mechanical,0,val
PUMP_04,2026-05-09 16:00:00,0.3124,58.91,37.43,62.45,4.436,0.3356,0.0194,15.33,False,Mechanical,0,val
PUMP_04,2026-05-09 17:00:00,0.3461,56.33,37.79,63.76,4.526,0.3356,0.0195,15.29,False,Mechanical,0,val
PUMP_04,2026-05-09 18:00:00,0.3275,57.85,37.7,63.59,4.677,0.3293,0.0128,15.25,False,Mechanical,0,val
PUMP_04,2026-05-09 19:00:00,0.3344,56.74,38.53,62.58,4.55,0.3314,0.0124,15.21,False,Mechanical,0,val
PUMP_04,2026-05-09 20:00:00,0.3563,57.48,38.22,63.24,4.56,0.3366,0.0154,15.17,False,Mechanical,0,val
PUMP_04,2026-05-09 21:00:00,0.3277,58.11,37.64,62.69,4.677,0.3341,0.0154,15.12,False,Mechanical,0,val
PUMP_04,2026-05-09 22:00:00,0.3201,59.41,38.41,62.22,4.598,0.3354,0.0135,15.08,False,Mechanical,0,val
PUMP_04,2026-05-09 23:00:00,0.322,57.82,37.32,59.98,4.541,0.3313,0.0132,15.04,False,Mechanical,0,val
PUMP_04,2026-05-10 00:00:00,0.362,58.75,38.09,62.73,4.441,0.3371,0.0179,15.0,False,Mechanical,0,val
PUMP_04,2026-05-10 01:00:00,0.3743,56.53,36.38,63.09,4.54,0.3437,0.0233,14.96,False,Mechanical,0,val
PUMP_04,2026-05-10 02:00:00,0.3494,56.48,38.4,61.46,4.596,0.3426,0.0227,14.92,False,Mechanical,0,val
PUMP_04,2026-05-10 03:00:00,0.3849,57.85,37.98,64.18,4.458,0.3521,0.0268,14.88,False,Mechanical,0,val
PUMP_04,2026-05-10 04:00:00,0.3709,63.3,38.13,62.93,4.62,0.3606,0.0224,14.83,False,Mechanical,0,val
PUMP_04,2026-05-10 05:00:00,0.3749,57.17,39.02,63.74,4.54,0.3694,0.0123,14.79,False,Mechanical,0,val
PUMP_04,2026-05-10 06:00:00,0.3899,58.63,37.87,63.59,4.535,0.374,0.0141,14.75,False,Mechanical,0,val
PUMP_04,2026-05-10 07:00:00,0.3503,59.07,37.93,63.16,4.481,0.37,0.0171,14.71,False,Mechanical,0,val
PUMP_04,2026-05-10 08:00:00,0.3871,58.56,37.49,62.64,4.588,0.3763,0.0147,14.67,False,Mechanical,0,val
PUMP_04,2026-05-10 09:00:00,0.3496,57.67,38.44,62.51,4.618,0.3704,0.0174,14.62,False,Mechanical,0,val
PUMP_04,2026-05-10 10:00:00,0.3521,59.46,38.39,61.36,4.481,0.3673,0.0189,14.58,False,Mechanical,0,val
PUMP_04,2026-05-10 11:00:00,0.3535,57.31,38.9,65.19,4.612,0.3638,0.0192,14.54,False,Mechanical,0,val
PUMP_04,2026-05-10 12:00:00,0.383,59.31,38.47,63.85,4.646,0.3626,0.0175,14.5,False,Mechanical,0,val
PUMP_04,2026-05-10 13:00:00,0.3827,57.92,38.72,62.33,4.645,0.368,0.0179,14.46,False,Mechanical,0,val
PUMP_04,2026-05-10 14:00:00,0.385,60.34,38.86,64.21,4.6,0.3677,0.0175,14.42,False,Mechanical,0,val
PUMP_04,2026-05-10 15:00:00,0.3704,56.22,38.8,62.17,4.559,0.3711,0.0151,14.38,False,Mechanical,0,val
PUMP_04,2026-05-10 16:00:00,0.3652,58.79,38.53,64.32,4.568,0.3733,0.0125,14.33,False,Mechanical,0,val
PUMP_04,2026-05-10 17:00:00,0.3787,57.34,38.96,64.15,4.481,0.3775,0.008,14.29,False,Mechanical,0,val
PUMP_04,2026-05-10 18:00:00,0.3701,60.31,39.05,62.89,4.546,0.3754,0.0079,14.25,False,Mechanical,0,val
PUMP_04,2026-05-10 19:00:00,0.3771,60.39,39.3,61.81,4.576,0.3744,0.0072,14.21,False,Mechanical,0,val
PUMP_04,2026-05-10 20:00:00,0.3754,55.24,40.09,63.14,4.539,0.3728,0.0051,14.17,False,Mechanical,0,val
PUMP_04,2026-05-10 21:00:00,0.3787,57.38,38.15,63.9,4.619,0.3742,0.0054,14.12,False,Mechanical,0,val
PUMP_04,2026-05-10 22:00:00,0.4135,60.69,39.09,61.93,4.73,0.3822,0.0156,14.08,False,Mechanical,0,val
PUMP_04,2026-05-10 23:00:00,0.4005,59.15,38.8,63.01,4.748,0.3859,0.0171,14.04,False,Mechanical,0,val
PUMP_04,2026-05-11 00:00:00,0.3981,60.33,38.96,65.45,4.572,0.3906,0.0157,14.0,False,Mechanical,0,val
PUMP_04,2026-05-11 01:00:00,0.3893,59.44,39.32,63.83,4.763,0.3926,0.0143,13.96,False,Mechanical,0,val
PUMP_04,2026-05-11 02:00:00,0.3998,59.76,39.03,67.13,4.716,0.3966,0.0117,13.92,False,Mechanical,0,val
PUMP_04,2026-05-11 03:00:00,0.4172,61.06,38.29,64.51,4.574,0.4031,0.0104,13.88,False,Mechanical,0,val
PUMP_04,2026-05-11 04:00:00,0.4082,57.85,38.64,63.79,4.673,0.4022,0.0095,13.83,False,Mechanical,0,val
PUMP_04,2026-05-11 05:00:00,0.402,59.03,39.33,62.98,4.635,0.4024,0.0095,13.79,False,Mechanical,0,val
PUMP_04,2026-05-11 06:00:00,0.3848,58.2,38.55,62.73,4.476,0.4002,0.0119,13.75,False,Mechanical,0,val
PUMP_04,2026-05-11 07:00:00,0.4054,60.22,38.39,64.32,4.542,0.4029,0.0107,13.71,False,Mechanical,0,val
PUMP_04,2026-05-11 08:00:00,0.4217,57.91,38.89,63.59,4.705,0.4065,0.013,13.67,False,Mechanical,0,val
PUMP_04,2026-05-11 09:00:00,0.3925,61.31,38.24,63.82,4.528,0.4024,0.0128,13.62,False,Mechanical,0,val
PUMP_04,2026-05-11 10:00:00,0.4328,59.18,38.68,64.47,4.8,0.4065,0.018,13.58,False,Mechanical,0,val
PUMP_04,2026-05-11 11:00:00,0.4136,60.81,40.33,63.46,4.74,0.4085,0.018,13.54,False,Mechanical,0,val
PUMP_04,2026-05-11 12:00:00,0.4298,58.99,38.87,65.35,4.719,0.416,0.0153,13.5,False,Mechanical,0,val
PUMP_04,2026-05-11 13:00:00,0.4065,61.37,39.46,64.69,4.543,0.4162,0.0152,13.46,False,Mechanical,0,val
PUMP_04,2026-05-11 14:00:00,0.3738,62.0,38.76,63.69,4.755,0.4082,0.0225,13.42,False,Mechanical,0,val
PUMP_04,2026-05-11 15:00:00,0.4003,61.42,39.66,64.71,4.752,0.4095,0.0216,13.38,False,Mechanical,0,val
PUMP_04,2026-05-11 16:00:00,0.3961,59.02,39.16,61.73,4.751,0.4034,0.0187,13.33,False,Mechanical,0,val
PUMP_04,2026-05-11 17:00:00,0.3937,62.59,39.82,64.98,4.759,0.4,0.0183,13.29,False,Mechanical,0,val
PUMP_04,2026-05-11 18:00:00,0.4149,61.49,39.18,65.0,4.827,0.3976,0.0139,13.25,False,Mechanical,0,val
PUMP_04,2026-05-11 19:00:00,0.3959,59.56,39.13,62.12,4.633,0.3958,0.0132,13.21,False,Mechanical,1,val
PUMP_04,2026-05-11 20:00:00,0.3905,60.99,39.35,62.4,4.679,0.3986,0.0086,13.17,False,Mechanical,1,val
PUMP_04,2026-05-11 21:00:00,0.4057,62.94,39.47,64.29,4.628,0.3995,0.0091,13.12,False,Mechanical,1,val
PUMP_04,2026-05-11 22:00:00,0.4312,59.35,39.64,63.95,4.765,0.4053,0.0155,13.08,False,Mechanical,1,val
PUMP_04,2026-05-11 23:00:00,0.4187,59.37,39.11,64.68,4.687,0.4095,0.0151,13.04,False,Mechanical,1,val
PUMP_04,2026-05-12 00:00:00,0.4131,60.62,39.02,64.85,4.604,0.4092,0.015,13.0,False,Mechanical,1,val
PUMP_04,2026-05-12 01:00:00,0.4247,58.77,38.75,66.66,4.721,0.414,0.0145,12.96,False,Mechanical,1,val
PUMP_04,2026-05-12 02:00:00,0.4511,61.1,39.27,64.43,4.558,0.4241,0.0159,12.92,False,Mechanical,1,val
PUMP_04,2026-05-12 03:00:00,0.4456,62.09,38.64,65.63,4.728,0.4307,0.015,12.88,False,Mechanical,1,val
PUMP_04,2026-05-12 04:00:00,0.4495,61.31,38.92,64.37,4.736,0.4338,0.0169,12.83,False,Mechanical,1,val
PUMP_04,2026-05-12 05:00:00,0.4511,60.03,39.57,65.44,4.695,0.4392,0.0163,12.79,False,Mechanical,1,val
PUMP_04,2026-05-12 06:00:00,0.4211,62.54,40.1,64.52,4.815,0.4405,0.0138,12.75,False,Mechanical,1,test
PUMP_04,2026-05-12 07:00:00,0.4453,60.98,39.58,63.47,4.594,0.444,0.0115,12.71,False,Mechanical,1,test
PUMP_04,2026-05-12 08:00:00,0.4628,60.12,41.01,64.35,4.75,0.4459,0.0137,12.67,False,Mechanical,1,test
PUMP_04,2026-05-12 09:00:00,0.4148,61.75,40.03,65.59,4.762,0.4408,0.0187,12.62,False,Mechanical,1,test
PUMP_04,2026-05-12 10:00:00,0.418,63.23,40.0,63.78,4.747,0.4355,0.0201,12.58,False,Mechanical,1,test
PUMP_04,2026-05-12 11:00:00,0.4301,60.61,39.23,65.3,4.853,0.432,0.0187,12.54,False,Mechanical,1,test
PUMP_04,2026-05-12 12:00:00,0.434,63.95,40.29,65.63,4.707,0.4342,0.0179,12.5,False,Mechanical,1,test
PUMP_04,2026-05-12 13:00:00,0.4448,61.72,40.32,65.69,4.755,0.4341,0.0178,12.46,False,Mechanical,1,test
PUMP_04,2026-05-12 14:00:00,0.424,61.86,39.43,66.21,4.775,0.4276,0.0111,12.42,False,Mechanical,1,test
PUMP_04,2026-05-12 15:00:00,0.4505,61.9,40.06,67.8,4.739,0.4336,0.0123,12.38,False,Mechanical,1,test
PUMP_04,2026-05-12 16:00:00,0.4764,60.96,40.98,63.87,4.649,0.4433,0.0189,12.33,False,Mechanical,1,test
PUMP_04,2026-05-12 17:00:00,0.435,59.95,40.25,64.98,4.9,0.4441,0.0183,12.29,False,Mechanical,1,test
PUMP_04,2026-05-12 18:00:00,0.4236,64.85,40.64,65.41,4.72,0.4424,0.0199,12.25,False,Mechanical,1,test
PUMP_04,2026-05-12 19:00:00,0.4403,60.21,39.96,64.91,4.726,0.4416,0.0198,12.21,False,Mechanical,1,test
PUMP_04,2026-05-12 20:00:00,0.4575,63.91,39.14,66.96,4.612,0.4472,0.0186,12.17,False,Mechanical,1,test
PUMP_04,2026-05-12 21:00:00,0.4548,64.7,40.51,67.09,4.8,0.4479,0.0188,12.12,False,Mechanical,1,test
PUMP_04,2026-05-12 22:00:00,0.4673,61.1,40.16,68.32,4.813,0.4464,0.0162,12.08,False,Mechanical,1,test
PUMP_04,2026-05-12 23:00:00,0.4561,63.16,40.43,65.51,4.904,0.4499,0.0155,12.04,False,Mechanical,1,test
PUMP_04,2026-05-13 00:00:00,0.4694,63.33,40.35,64.34,4.778,0.4576,0.0104,12.0,False,Mechanical,1,test
PUMP_04,2026-05-13 01:00:00,0.5072,63.4,39.88,65.48,4.832,0.4687,0.0198,11.96,False,Mechanical,1,test
PUMP_04,2026-05-13 02:00:00,0.4667,61.47,40.43,64.63,4.896,0.4702,0.0191,11.92,False,Mechanical,1,test
PUMP_04,2026-05-13 03:00:00,0.4763,61.9,40.04,66.83,4.931,0.4738,0.0176,11.88,False,Mechanical,1,test
PUMP_04,2026-05-13 04:00:00,0.4864,63.75,39.83,66.78,4.854,0.477,0.0179,11.83,False,Mechanical,1,test
PUMP_04,2026-05-13 05:00:00,0.5198,60.15,40.95,66.84,4.801,0.4876,0.0215,11.79,False,Mechanical,1,test
PUMP_04,2026-05-13 06:00:00,0.4971,59.67,40.01,68.46,4.929,0.4922,0.0197,11.75,False,Mechanical,1,test
PUMP_04,2026-05-13 07:00:00,0.4871,62.89,40.46,66.02,4.935,0.4889,0.0183,11.71,False,Mechanical,1,test
PUMP_04,2026-05-13 08:00:00,0.4793,62.61,40.05,65.27,4.703,0.491,0.0158,11.67,False,Mechanical,1,test
PUMP_04,2026-05-13 09:00:00,0.5065,63.1,41.48,66.03,4.873,0.496,0.015,11.62,False,Mechanical,1,test
PUMP_04,2026-05-13 10:00:00,0.4846,61.85,40.94,64.96,4.928,0.4957,0.0153,11.58,False,Mechanical,1,test
PUMP_04,2026-05-13 11:00:00,0.508,64.17,40.09,65.33,4.912,0.4938,0.0119,11.54,False,Mechanical,1,test
PUMP_04,2026-05-13 12:00:00,0.4802,64.33,40.72,66.22,4.837,0.491,0.013,11.5,False,Mechanical,1,test
PUMP_04,2026-05-13 13:00:00,0.4743,63.37,40.76,66.83,4.824,0.4888,0.0147,11.46,False,Mechanical,1,test
PUMP_04,2026-05-13 14:00:00,0.4606,61.2,40.85,65.28,4.977,0.4857,0.0186,11.42,False,Mechanical,1,test
PUMP_04,2026-05-13 15:00:00,0.4898,64.81,40.44,64.75,4.891,0.4829,0.0159,11.38,False,Mechanical,1,test
PUMP_04,2026-05-13 16:00:00,0.455,60.68,40.44,67.22,4.861,0.478,0.0194,11.33,False,Mechanical,1,test
PUMP_04,2026-05-13 17:00:00,0.5016,61.49,41.77,65.35,4.868,0.4769,0.0175,11.29,False,Mechanical,1,test
PUMP_04,2026-05-13 18:00:00,0.4626,64.59,40.38,66.63,4.884,0.474,0.0183,11.25,False,Mechanical,1,test
PUMP_04,2026-05-13 19:00:00,0.4589,61.82,40.32,67.86,4.876,0.4714,0.0193,11.21,False,Mechanical,1,test
PUMP_04,2026-05-13 20:00:00,0.4882,62.47,39.89,67.5,4.984,0.476,0.0195,11.17,False,Mechanical,1,test
PUMP_04,2026-05-13 21:00:00,0.5065,63.84,40.86,67.28,4.932,0.4788,0.0228,11.12,False,Mechanical,1,test
PUMP_04,2026-05-13 22:00:00,0.4941,65.09,40.28,67.92,4.931,0.4853,0.0201,11.08,False,Mechanical,1,test
PUMP_04,2026-05-13 23:00:00,0.5115,64.65,42.4,66.94,4.889,0.487,0.022,11.04,False,Mechanical,1,test
PUMP_04,2026-05-14 00:00:00,0.5091,65.82,40.3,65.37,4.956,0.4947,0.0198,11.0,False,Mechanical,1,test
PUMP_04,2026-05-14 01:00:00,0.5188,63.23,40.69,69.69,4.842,0.5047,0.0114,10.96,False,Mechanical,1,test
PUMP_04,2026-05-14 02:00:00,0.5363,62.67,42.49,67.31,4.933,0.5127,0.0141,10.92,False,Mechanical,1,test
PUMP_04,2026-05-14 03:00:00,0.5059,62.12,41.87,67.39,4.793,0.5126,0.0141,10.88,False,Mechanical,1,test
PUMP_04,2026-05-14 04:00:00,0.5221,64.27,40.16,67.07,4.907,0.5173,0.0111,10.83,False,Mechanical,1,test
PUMP_04,2026-05-14 05:00:00,0.4932,64.58,41.29,64.86,4.89,0.5142,0.0149,10.79,False,Mechanical,1,test
PUMP_04,2026-05-14 06:00:00,0.545,67.91,41.46,65.9,4.933,0.5202,0.019,10.75,False,Mechanical,1,test
PUMP_04,2026-05-14 07:00:00,0.5208,65.22,40.76,68.95,4.907,0.5206,0.019,10.71,False,Mechanical,1,test
PUMP_04,2026-05-14 08:00:00,0.5275,61.8,41.76,64.72,4.986,0.5191,0.0179,10.67,False,Mechanical,1,test
PUMP_04,2026-05-14 09:00:00,0.5219,66.16,40.57,66.93,4.894,0.5218,0.0167,10.62,False,Mechanical,1,test
PUMP_04,2026-05-14 10:00:00,0.5162,63.24,40.43,67.44,5.023,0.5208,0.0168,10.58,False,Mechanical,1,test
PUMP_04,2026-05-14 11:00:00,0.537,62.6,42.06,66.74,5.082,0.5281,0.0109,10.54,False,Mechanical,1,test
PUMP_04,2026-05-14 12:00:00,0.5334,66.19,41.87,69.63,4.876,0.5261,0.008,10.5,False,Mechanical,1,test
PUMP_04,2026-05-14 13:00:00,0.5157,65.97,42.66,65.4,5.016,0.5253,0.0089,10.46,False,Mechanical,1,test
PUMP_04,2026-05-14 14:00:00,0.5493,66.41,41.53,66.41,4.949,0.5289,0.0133,10.42,False,Mechanical,1,test
PUMP_04,2026-05-14 15:00:00,0.5358,63.91,42.56,67.71,5.05,0.5312,0.0131,10.38,False,Mechanical,1,test
PUMP_04,2026-05-14 16:00:00,0.5473,68.25,41.33,67.85,4.893,0.5364,0.012,10.33,False,Mechanical,1,test
PUMP_04,2026-05-14 17:00:00,0.4959,66.35,42.39,67.53,5.081,0.5296,0.0204,10.29,False,Mechanical,1,test
PUMP_04,2026-05-14 18:00:00,0.5159,63.62,42.85,67.78,4.959,0.5267,0.021,10.25,False,Mechanical,1,test
PUMP_04,2026-05-14 19:00:00,0.542,68.44,41.22,66.73,4.976,0.531,0.021,10.21,False,Mechanical,1,test
PUMP_04,2026-05-14 20:00:00,0.5118,66.05,40.73,67.13,4.98,0.5248,0.02,10.17,False,Mechanical,1,test
PUMP_04,2026-05-14 21:00:00,0.5273,65.23,41.97,66.32,4.913,0.5234,0.0194,10.12,False,Mechanical,1,test
PUMP_04,2026-05-14 22:00:00,0.5219,64.48,41.99,68.1,5.07,0.5191,0.0155,10.08,False,Mechanical,1,test
PUMP_04,2026-05-14 23:00:00,0.5476,60.57,41.81,65.63,4.963,0.5278,0.0143,10.04,False,Mechanical,1,test
PUMP_04,2026-05-15 00:00:00,0.5408,66.6,42.52,66.07,5.055,0.5319,0.0138,10.0,False,Mechanical,1,test
PUMP_04,2026-05-15 01:00:00,0.5351,64.59,41.3,68.81,5.0,0.5307,0.0131,9.96,False,Mechanical,1,test
PUMP_04,2026-05-15 02:00:00,0.5805,65.24,41.94,67.09,5.008,0.5422,0.0209,9.92,False,Mechanical,1,test
PUMP_04,2026-05-15 03:00:00,0.5681,65.52,41.59,70.74,5.11,0.549,0.0217,9.88,False,Mechanical,1,test
PUMP_04,2026-05-15 04:00:00,0.5712,64.44,43.06,67.33,4.914,0.5572,0.0185,9.83,False,Mechanical,1,test
PUMP_04,2026-05-15 05:00:00,0.5675,66.58,42.59,67.38,4.855,0.5605,0.0182,9.79,False,Mechanical,1,test
PUMP_04,2026-05-15 06:00:00,0.5795,64.61,41.73,69.55,4.987,0.567,0.0166,9.75,False,Mechanical,1,test
PUMP_04,2026-05-15 07:00:00,0.5765,63.54,42.22,69.19,5.04,0.5739,0.0057,9.71,False,Mechanical,1,test
PUMP_04,2026-05-15 08:00:00,0.5417,66.11,42.12,67.83,5.032,0.5674,0.0135,9.67,False,Mechanical,1,test
PUMP_04,2026-05-15 09:00:00,0.5985,65.21,41.47,68.0,4.996,0.5725,0.0185,9.62,False,Mechanical,1,test
PUMP_04,2026-05-15 10:00:00,0.5958,63.21,43.25,69.36,5.195,0.5766,0.0208,9.58,False,Mechanical,1,test
PUMP_04,2026-05-15 11:00:00,0.5621,64.38,42.08,68.44,5.166,0.5757,0.0214,9.54,False,Mechanical,1,test
PUMP_04,2026-05-15 12:00:00,0.5432,66.54,44.23,67.84,4.857,0.5696,0.0249,9.5,False,Mechanical,1,test
PUMP_04,2026-05-15 13:00:00,0.5511,66.57,42.43,68.06,5.021,0.5654,0.0257,9.46,False,Mechanical,1,test
PUMP_04,2026-05-15 14:00:00,0.551,68.52,43.2,70.69,5.11,0.5669,0.0242,9.42,False,Mechanical,1,test
PUMP_04,2026-05-15 15:00:00,0.571,68.26,42.5,68.0,5.11,0.5624,0.0191,9.38,False,Mechanical,1,test
PUMP_04,2026-05-15 16:00:00,0.5607,67.23,42.7,68.04,5.024,0.5565,0.01,9.33,False,Mechanical,1,test
PUMP_04,2026-05-15 17:00:00,0.5585,65.58,42.31,68.41,5.2,0.5559,0.0097,9.29,False,Mechanical,1,test
PUMP_04,2026-05-15 18:00:00,0.5785,65.89,41.51,68.58,5.025,0.5618,0.011,9.25,False,Mechanical,1,test
PUMP_04,2026-05-15 19:00:00,0.5697,67.44,43.63,67.66,5.101,0.5649,0.01,9.21,False,Mechanical,1,test
PUMP_04,2026-05-15 20:00:00,0.5886,68.34,42.3,70.51,5.101,0.5712,0.0112,9.17,False,Mechanical,1,test
PUMP_04,2026-05-15 21:00:00,0.5769,67.74,43.58,68.2,5.132,0.5722,0.0115,9.12,False,Mechanical,1,test
PUMP_04,2026-05-15 22:00:00,0.607,66.29,43.99,69.29,5.071,0.5799,0.0166,9.08,False,Mechanical,1,test
PUMP_04,2026-05-15 23:00:00,0.6195,67.38,42.38,70.7,5.16,0.59,0.0194,9.04,False,Mechanical,1,test
PUMP_04,2026-05-16 00:00:00,0.5939,66.75,42.31,68.38,5.059,0.5926,0.0185,9.0,False,Mechanical,1,test
PUMP_04,2026-05-16 01:00:00,0.59,64.04,42.5,69.31,5.158,0.596,0.0151,8.96,False,Mechanical,1,test
PUMP_04,2026-05-16 02:00:00,0.5981,66.96,41.74,67.4,5.09,0.5976,0.0146,8.92,False,Mechanical,1,test
PUMP_04,2026-05-16 03:00:00,0.6189,66.74,43.13,67.99,5.252,0.6046,0.0127,8.88,False,Mechanical,1,test
PUMP_04,2026-05-16 04:00:00,0.6195,68.62,43.74,69.14,5.125,0.6066,0.0141,8.83,False,Mechanical,1,test
PUMP_04,2026-05-16 05:00:00,0.5807,65.84,42.43,68.54,5.164,0.6002,0.0158,8.79,False,Mechanical,1,test
PUMP_04,2026-05-16 06:00:00,0.6198,66.09,43.32,69.97,5.241,0.6045,0.0172,8.75,False,Mechanical,1,test
PUMP_04,2026-05-16 07:00:00,0.6071,69.23,42.94,68.49,5.176,0.6073,0.0157,8.71,False,Mechanical,1,test
PUMP_04,2026-05-16 08:00:00,0.618,66.33,42.98,68.84,5.228,0.6107,0.0155,8.67,False,Mechanical,1,test
PUMP_04,2026-05-16 09:00:00,0.614,66.75,43.13,68.45,5.072,0.6098,0.0151,8.62,False,Mechanical,1,test
PUMP_04,2026-05-16 10:00:00,0.6079,68.6,43.38,70.58,5.218,0.6079,0.0143,8.58,False,Mechanical,1,test
PUMP_04,2026-05-16 11:00:00,0.5883,69.0,42.84,69.06,5.162,0.6092,0.0115,8.54,False,Mechanical,1,test
PUMP_04,2026-05-16 12:00:00,0.5888,70.1,43.26,68.56,5.252,0.604,0.0126,8.5,False,Mechanical,1,test
PUMP_04,2026-05-16 13:00:00,0.6077,67.54,42.93,68.34,5.226,0.6041,0.0127,8.46,False,Mechanical,1,test
PUMP_04,2026-05-16 14:00:00,0.6093,67.7,43.41,68.12,5.235,0.6027,0.0112,8.42,False,Mechanical,1,test
PUMP_04,2026-05-16 15:00:00,0.6102,67.98,42.82,70.3,5.254,0.602,0.0105,8.38,False,Mechanical,1,test
PUMP_04,2026-05-16 16:00:00,0.6154,67.39,43.95,69.42,5.284,0.6033,0.0117,8.33,False,Mechanical,1,test
PUMP_04,2026-05-16 17:00:00,0.6,69.02,43.24,73.1,5.042,0.6052,0.0095,8.29,False,Mechanical,1,test
PUMP_04,2026-05-16 18:00:00,0.5929,67.95,42.73,68.96,5.15,0.6059,0.0081,8.25,False,Mechanical,1,test
PUMP_04,2026-05-16 19:00:00,0.6309,66.68,43.39,67.79,5.215,0.6098,0.0131,8.21,False,Mechanical,1,test
PUMP_04,2026-05-16 20:00:00,0.6274,65.94,43.51,69.45,5.128,0.6128,0.0149,8.17,False,Mechanical,1,test
PUMP_04,2026-05-16 21:00:00,0.612,68.47,43.3,72.46,5.207,0.6131,0.0149,8.12,False,Mechanical,1,test
PUMP_04,2026-05-16 22:00:00,0.6395,69.67,42.67,70.21,5.247,0.6171,0.0185,8.08,False,Mechanical,1,test
PUMP_04,2026-05-16 23:00:00,0.6157,67.78,43.59,69.74,5.363,0.6197,0.0166,8.04,False,Mechanical,1,test
PUMP_04,2026-05-17 00:00:00,0.6387,66.92,43.81,69.25,5.299,0.6274,0.0115,8.0,False,Mechanical,1,test
PUMP_04,2026-05-17 01:00:00,0.6434,71.26,44.0,69.54,5.304,0.6294,0.0133,7.96,False,Mechanical,1,test
PUMP_04,2026-05-17 02:00:00,0.6346,68.5,44.4,71.41,5.255,0.6306,0.0134,7.92,False,Mechanical,1,test
PUMP_04,2026-05-17 03:00:00,0.6555,70.46,44.13,69.01,5.117,0.6379,0.013,7.88,False,Mechanical,1,test
PUMP_04,2026-05-17 04:00:00,0.6322,70.76,44.06,70.1,5.203,0.6367,0.0132,7.83,False,Mechanical,1,test
PUMP_04,2026-05-17 05:00:00,0.6541,71.52,44.24,70.28,5.135,0.6431,0.0099,7.79,False,Mechanical,1,test
PUMP_04,2026-05-17 06:00:00,0.6565,69.24,43.6,70.17,5.315,0.646,0.0109,7.75,False,Mechanical,1,test
PUMP_04,2026-05-17 07:00:00,0.6418,67.26,44.54,69.83,5.283,0.6458,0.011,7.71,False,Mechanical,1,test
PUMP_04,2026-05-17 08:00:00,0.6689,66.61,43.97,68.51,5.297,0.6515,0.0128,7.67,False,Mechanical,1,test
PUMP_04,2026-05-17 09:00:00,0.6766,69.16,43.94,70.55,5.325,0.655,0.0165,7.62,False,Mechanical,1,test
PUMP_04,2026-05-17 10:00:00,0.6586,72.17,43.35,70.01,5.253,0.6594,0.0121,7.58,False,Mechanical,1,test
PUMP_04,2026-05-17 11:00:00,0.6603,69.82,44.4,71.87,5.191,0.6605,0.0118,7.54,False,Mechanical,1,test
PUMP_04,2026-05-17 12:00:00,0.6542,71.82,44.37,70.23,5.265,0.6601,0.012,7.5,False,Mechanical,1,test
PUMP_04,2026-05-17 13:00:00,0.6564,68.4,44.66,70.42,5.341,0.6625,0.0086,7.46,False,Mechanical,1,test
PUMP_04,2026-05-17 14:00:00,0.6496,72.11,43.42,70.72,5.173,0.6593,0.0093,7.42,False,Mechanical,1,test
PUMP_04,2026-05-17 15:00:00,0.6573,71.02,44.72,71.15,5.331,0.6561,0.0038,7.38,False,Mechanical,1,test
PUMP_04,2026-05-17 16:00:00,0.6536,70.28,44.22,68.47,5.224,0.6552,0.0037,7.33,False,Mechanical,1,test
PUMP_04,2026-05-17 17:00:00,0.683,71.57,43.83,71.05,5.372,0.659,0.0121,7.29,False,Mechanical,1,test
PUMP_04,2026-05-17 18:00:00,0.6566,69.38,44.13,68.68,5.228,0.6594,0.0119,7.25,False,Mechanical,1,test
PUMP_04,2026-05-17 19:00:00,0.6479,71.0,43.96,70.32,5.397,0.658,0.0128,7.21,False,Mechanical,1,test
PUMP_04,2026-05-17 20:00:00,0.6392,69.12,44.68,71.58,5.228,0.6563,0.0147,7.17,False,Mechanical,1,test
PUMP_04,2026-05-17 21:00:00,0.6838,69.55,44.26,73.35,5.269,0.6607,0.0186,7.12,False,Mechanical,1,test
PUMP_04,2026-05-17 22:00:00,0.6943,69.16,44.51,69.72,5.404,0.6675,0.0225,7.08,False,Mechanical,1,test
PUMP_04,2026-05-17 23:00:00,0.6595,69.27,44.32,69.96,5.341,0.6636,0.0213,7.04,False,Mechanical,1,test
PUMP_04,2026-05-18 00:00:00,0.6908,68.09,44.57,68.99,5.202,0.6692,0.0235,7.0,False,Mechanical,1,test
PUMP_04,2026-05-18 01:00:00,0.6941,74.18,44.0,70.19,5.421,0.677,0.0226,6.96,False,Mechanical,1,test
PUMP_04,2026-05-18 02:00:00,0.6908,69.04,43.51,73.85,5.2,0.6856,0.0133,6.92,False,Mechanical,1,test
PUMP_04,2026-05-18 03:00:00,0.6778,72.47,46.36,69.24,5.361,0.6845,0.0137,6.88,False,Mechanical,1,test
PUMP_04,2026-05-18 04:00:00,0.7057,68.47,44.82,67.47,5.546,0.6864,0.0159,6.83,False,Mechanical,1,test
PUMP_04,2026-05-18 05:00:00,0.7209,70.21,46.61,72.31,5.392,0.6967,0.0148,6.79,False,Mechanical,1,test
PUMP_04,2026-05-18 06:00:00,0.7246,70.62,44.83,72.33,5.362,0.7023,0.0182,6.75,False,Mechanical,1,test
PUMP_04,2026-05-18 07:00:00,0.7129,73.36,44.9,71.4,5.389,0.7054,0.0181,6.71,False,Mechanical,1,test
PUMP_04,2026-05-18 08:00:00,0.7192,71.8,44.78,71.55,5.313,0.7102,0.0172,6.67,False,Mechanical,1,test
PUMP_04,2026-05-18 09:00:00,0.6793,69.78,45.33,72.39,5.419,0.7104,0.0166,6.62,False,Mechanical,1,test
PUMP_04,2026-05-18 10:00:00,0.7156,71.1,45.1,72.46,5.584,0.7121,0.0166,6.58,False,Mechanical,1,test
PUMP_04,2026-05-18 11:00:00,0.7154,73.32,44.27,70.31,5.382,0.7112,0.0161,6.54,False,Mechanical,1,test
PUMP_04,2026-05-18 12:00:00,0.7006,73.19,44.48,70.09,5.356,0.7072,0.0151,6.5,False,Mechanical,1,test
PUMP_04,2026-05-18 13:00:00,0.7063,70.69,44.43,70.43,5.464,0.7061,0.0148,6.46,False,Mechanical,1,test
PUMP_04,2026-05-18 14:00:00,0.6967,69.57,45.26,70.76,5.491,0.7023,0.0136,6.42,False,Mechanical,1,test
PUMP_04,2026-05-18 15:00:00,0.6812,70.89,45.33,72.61,5.444,0.7026,0.013,6.38,False,Mechanical,1,test
PUMP_04,2026-05-18 16:00:00,0.7142,72.95,45.34,73.05,5.416,0.7024,0.0127,6.33,False,Mechanical,1,test
PUMP_04,2026-05-18 17:00:00,0.7343,69.38,44.88,71.42,5.491,0.7056,0.0179,6.29,False,Mechanical,1,test
PUMP_04,2026-05-18 18:00:00,0.6946,71.83,44.63,72.22,5.334,0.7046,0.0184,6.25,False,Mechanical,1,test
PUMP_04,2026-05-18 19:00:00,0.7112,70.34,46.08,71.82,5.418,0.7054,0.0186,6.21,False,Mechanical,1,test
PUMP_04,2026-05-18 20:00:00,0.6932,71.52,45.55,70.98,5.277,0.7048,0.0189,6.17,False,Mechanical,1,test
PUMP_04,2026-05-18 21:00:00,0.7201,73.09,45.82,70.98,5.458,0.7113,0.0156,6.12,False,Mechanical,1,test
PUMP_04,2026-05-18 22:00:00,0.7113,72.31,46.09,72.16,5.455,0.7108,0.0156,6.08,False,Mechanical,1,test
PUMP_04,2026-05-18 23:00:00,0.7232,73.53,44.32,73.04,5.562,0.7089,0.0126,6.04,False,Mechanical,1,test
PUMP_04,2026-05-19 00:00:00,0.7448,74.4,45.63,72.67,5.414,0.7173,0.017,6.0,False,Mechanical,1,test
PUMP_04,2026-05-19 01:00:00,0.739,78.24,46.3,71.99,5.571,0.7219,0.0187,5.96,False,Mechanical,1,test
PUMP_04,2026-05-19 02:00:00,0.7373,74.08,44.93,73.95,5.476,0.7293,0.013,5.92,False,Mechanical,1,test
PUMP_04,2026-05-19 03:00:00,0.7292,73.7,45.04,74.21,5.549,0.7308,0.0122,5.88,False,Mechanical,1,test
PUMP_04,2026-05-19 04:00:00,0.7572,71.9,45.06,70.57,5.565,0.7384,0.0119,5.83,False,Mechanical,1,test
PUMP_04,2026-05-19 05:00:00,0.7332,74.3,44.88,71.01,5.513,0.7401,0.0099,5.79,False,Mechanical,1,test
PUMP_04,2026-05-19 06:00:00,0.7722,75.38,46.18,70.74,5.536,0.7447,0.0166,5.75,False,Mechanical,1,test
PUMP_04,2026-05-19 07:00:00,0.7557,72.11,45.99,73.61,5.473,0.7475,0.0168,5.71,False,Mechanical,1,test
PUMP_04,2026-05-19 08:00:00,0.7396,72.36,45.17,72.24,5.62,0.7478,0.0166,5.67,False,Mechanical,1,test
PUMP_04,2026-05-19 09:00:00,0.7329,72.31,44.86,72.7,5.745,0.7485,0.0158,5.62,False,Mechanical,1,test
PUMP_04,2026-05-19 10:00:00,0.7507,71.37,45.48,73.41,5.418,0.7474,0.0153,5.58,False,Mechanical,1,test
PUMP_04,2026-05-19 11:00:00,0.7499,73.41,46.68,72.72,5.546,0.7502,0.0136,5.54,False,Mechanical,1,test
PUMP_04,2026-05-19 12:00:00,0.7616,71.5,45.37,72.01,5.522,0.7484,0.0105,5.5,False,Mechanical,1,test
PUMP_04,2026-05-19 13:00:00,0.7388,73.45,45.06,71.52,5.587,0.7456,0.0104,5.46,False,Mechanical,1,test
PUMP_04,2026-05-19 14:00:00,0.7657,74.16,46.06,72.6,5.427,0.7499,0.0126,5.42,False,Mechanical,1,test
PUMP_04,2026-05-19 15:00:00,0.7159,74.18,45.45,73.9,5.477,0.7471,0.018,5.38,False,Mechanical,1,test
PUMP_04,2026-05-19 16:00:00,0.7556,73.1,47.22,70.96,5.705,0.7479,0.0183,5.33,False,Mechanical,1,test
PUMP_04,2026-05-19 17:00:00,0.7446,71.6,46.34,72.45,5.689,0.747,0.0183,5.29,False,Mechanical,1,test
PUMP_04,2026-05-19 18:00:00,0.7586,75.83,46.06,70.77,5.449,0.7465,0.0179,5.25,False,Mechanical,1,test
PUMP_04,2026-05-19 19:00:00,0.7777,71.43,46.11,74.24,5.74,0.753,0.0212,5.21,False,Mechanical,1,test
PUMP_04,2026-05-19 20:00:00,0.7763,74.34,46.01,71.19,5.529,0.7548,0.0229,5.17,False,Mechanical,1,test
PUMP_04,2026-05-19 21:00:00,0.7714,76.48,46.11,71.31,5.66,0.764,0.0132,5.12,False,Mechanical,1,test
PUMP_04,2026-05-19 22:00:00,0.7905,74.47,47.9,74.29,5.59,0.7698,0.0161,5.08,False,Mechanical,1,test
PUMP_04,2026-05-19 23:00:00,0.7956,76.33,47.07,72.57,5.625,0.7784,0.0133,5.04,False,Mechanical,1,test
PUMP_04,2026-05-20 00:00:00,0.8028,75.26,46.4,71.21,5.622,0.7857,0.0124,5.0,False,Mechanical,1,test
PUMP_04,2026-05-20 01:00:00,0.7753,72.48,46.7,74.08,5.692,0.7853,0.0128,4.96,False,Mechanical,1,test
PUMP_04,2026-05-20 02:00:00,0.8002,76.62,46.16,73.63,5.581,0.7893,0.0131,4.92,False,Mechanical,1,test
PUMP_04,2026-05-20 03:00:00,0.8047,73.85,47.26,75.88,5.777,0.7948,0.0109,4.88,False,Mechanical,1,test
PUMP_04,2026-05-20 04:00:00,0.797,74.18,44.67,72.13,5.722,0.7959,0.0107,4.83,False,Mechanical,1,test
PUMP_04,2026-05-20 05:00:00,0.8155,75.93,46.37,72.46,5.61,0.7992,0.0133,4.79,False,Mechanical,1,test
PUMP_04,2026-05-20 06:00:00,0.803,73.56,46.11,72.81,5.648,0.7993,0.0133,4.75,False,Mechanical,1,test
PUMP_04,2026-05-20 07:00:00,0.7819,76.48,47.33,74.93,5.66,0.8004,0.011,4.71,False,Mechanical,1,test
PUMP_04,2026-05-20 08:00:00,0.8244,75.78,46.82,71.43,5.623,0.8044,0.0147,4.67,False,Mechanical,1,test
PUMP_04,2026-05-20 09:00:00,0.7967,77.71,45.81,73.42,5.634,0.8031,0.0151,4.62,False,Mechanical,1,test
PUMP_04,2026-05-20 10:00:00,0.7796,77.03,46.83,74.2,5.731,0.8002,0.0179,4.58,False,Mechanical,1,test
PUMP_04,2026-05-20 11:00:00,0.8535,75.09,46.93,75.36,5.719,0.8065,0.0282,4.54,False,Mechanical,1,test
PUMP_04,2026-05-20 12:00:00,0.7889,74.85,47.86,72.95,5.634,0.8042,0.0291,4.5,False,Mechanical,1,test
PUMP_04,2026-05-20 13:00:00,0.8143,74.46,47.18,74.37,5.688,0.8096,0.0271,4.46,False,Mechanical,1,test
PUMP_04,2026-05-20 14:00:00,0.7885,75.27,47.03,73.32,5.607,0.8036,0.0271,4.42,False,Mechanical,1,test
PUMP_04,2026-05-20 15:00:00,0.7981,74.37,47.13,72.65,5.83,0.8038,0.027,4.38,False,Mechanical,1,test
PUMP_04,2026-05-20 16:00:00,0.7945,75.35,45.76,74.05,5.76,0.8063,0.025,4.33,False,Mechanical,1,test
PUMP_04,2026-05-20 17:00:00,0.7912,74.0,46.69,73.9,5.697,0.7959,0.0097,4.29,False,Mechanical,1,test
PUMP_04,2026-05-20 18:00:00,0.821,74.52,46.04,74.89,5.723,0.8013,0.0133,4.25,False,Mechanical,1,test
PUMP_04,2026-05-20 19:00:00,0.8445,78.11,48.47,76.7,5.779,0.8063,0.022,4.21,False,Mechanical,1,test
PUMP_04,2026-05-20 20:00:00,0.8137,74.13,47.02,74.91,5.677,0.8105,0.0203,4.17,False,Mechanical,1,test
PUMP_04,2026-05-20 21:00:00,0.7907,74.09,47.74,74.44,5.724,0.8093,0.0214,4.12,False,Mechanical,1,test
PUMP_04,2026-05-20 22:00:00,0.8059,75.22,46.78,75.15,5.786,0.8112,0.0203,4.08,False,Mechanical,1,test
PUMP_04,2026-05-20 23:00:00,0.8136,78.44,47.2,73.65,5.639,0.8149,0.0178,4.04,False,Mechanical,1,test
PUMP_04,2026-05-21 00:00:00,0.8324,75.07,47.27,75.54,5.785,0.8168,0.0191,4.0,False,Mechanical,1,test
PUMP_04,2026-05-21 01:00:00,0.8294,76.1,47.83,73.85,5.946,0.8143,0.0154,3.96,False,Mechanical,1,test
PUMP_04,2026-05-21 02:00:00,0.872,77.07,47.47,75.09,5.62,0.824,0.0281,3.92,False,Mechanical,1,test
PUMP_04,2026-05-21 03:00:00,0.843,77.52,47.21,74.48,5.83,0.8327,0.0234,3.88,False,Mechanical,1,test
PUMP_04,2026-05-21 04:00:00,0.8603,76.65,46.41,74.48,5.665,0.8418,0.0214,3.83,False,Mechanical,1,test
PUMP_04,2026-05-21 05:00:00,0.8488,77.48,49.02,76.76,5.658,0.8476,0.0164,3.79,False,Mechanical,1,test
PUMP_04,2026-05-21 06:00:00,0.8533,78.43,47.41,73.83,5.742,0.8511,0.0146,3.75,False,Mechanical,1,test
PUMP_04,2026-05-21 07:00:00,0.8504,75.14,47.54,75.54,5.822,0.8546,0.0102,3.71,False,Mechanical,1,test
PUMP_04,2026-05-21 08:00:00,0.8569,76.13,47.46,74.49,5.83,0.8521,0.0061,3.67,False,Mechanical,1,test
PUMP_04,2026-05-21 09:00:00,0.8501,75.98,48.7,76.14,5.781,0.8533,0.0045,3.62,False,Mechanical,1,test
PUMP_04,2026-05-21 10:00:00,0.8582,76.77,47.5,73.53,5.71,0.8529,0.0039,3.58,False,Mechanical,1,test
PUMP_04,2026-05-21 11:00:00,0.8491,79.27,47.65,74.77,5.79,0.853,0.0038,3.54,False,Mechanical,1,test
PUMP_04,2026-05-21 12:00:00,0.8911,78.95,48.11,74.12,5.662,0.8593,0.016,3.5,False,Mechanical,1,test
PUMP_04,2026-05-21 13:00:00,0.8625,77.45,48.76,77.17,5.88,0.8613,0.0154,3.46,False,Mechanical,1,test
PUMP_04,2026-05-21 14:00:00,0.8651,78.87,48.07,76.88,5.787,0.8627,0.0153,3.42,False,Mechanical,1,test
PUMP_04,2026-05-21 15:00:00,0.854,80.93,48.15,74.54,5.912,0.8633,0.0148,3.38,False,Mechanical,1,test
PUMP_04,2026-05-21 16:00:00,0.835,75.97,48.09,74.06,5.752,0.8595,0.0189,3.33,False,Mechanical,1,test
PUMP_04,2026-05-21 17:00:00,0.8381,76.93,47.93,74.96,5.878,0.8576,0.0205,3.29,False,Mechanical,1,test
PUMP_04,2026-05-21 18:00:00,0.8576,77.6,49.36,76.52,5.699,0.852,0.0126,3.25,False,Mechanical,1,test
PUMP_04,2026-05-21 19:00:00,0.8597,78.66,47.81,75.96,5.954,0.8516,0.0122,3.21,False,Mechanical,1,test
PUMP_04,2026-05-21 20:00:00,0.8719,78.95,48.58,75.2,5.887,0.8527,0.0139,3.17,False,Mechanical,1,test
PUMP_04,2026-05-21 21:00:00,0.8726,76.67,48.05,77.09,5.829,0.8558,0.0162,3.12,False,Mechanical,1,test
PUMP_04,2026-05-21 22:00:00,0.867,78.62,48.79,76.2,5.828,0.8612,0.0129,3.08,False,Mechanical,1,test
PUMP_04,2026-05-21 23:00:00,0.9185,79.71,48.44,74.82,5.844,0.8746,0.0224,3.04,False,Mechanical,1,test
PUMP_04,2026-05-22 00:00:00,0.8887,76.7,48.67,73.41,5.874,0.8797,0.0213,3.0,False,Mechanical,1,test
PUMP_04,2026-05-22 01:00:00,0.8817,78.84,48.62,78.43,5.753,0.8834,0.0189,2.96,False,Mechanical,1,test
PUMP_04,2026-05-22 02:00:00,0.8873,77.78,47.95,75.67,5.859,0.886,0.018,2.92,False,Mechanical,1,test
PUMP_04,2026-05-22 03:00:00,0.9081,76.62,48.62,73.22,5.867,0.8919,0.0186,2.88,False,Mechanical,1,test
PUMP_04,2026-05-22 04:00:00,0.8977,80.34,47.61,76.49,5.979,0.897,0.014,2.83,False,Mechanical,1,test
PUMP_04,2026-05-22 05:00:00,0.9186,79.66,48.88,74.18,5.861,0.897,0.0141,2.79,False,Mechanical,1,test
PUMP_04,2026-05-22 06:00:00,0.9056,77.7,48.48,77.78,5.826,0.8998,0.0137,2.75,False,Mechanical,1,test
PUMP_04,2026-05-22 07:00:00,0.903,80.51,48.7,77.76,5.909,0.9034,0.0105,2.71,False,Mechanical,1,test
PUMP_04,2026-05-22 08:00:00,0.8885,82.4,48.89,76.08,5.967,0.9036,0.0101,2.67,False,Mechanical,1,test
PUMP_04,2026-05-22 09:00:00,0.9263,79.47,49.01,75.08,5.933,0.9066,0.0138,2.62,False,Mechanical,1,test
PUMP_04,2026-05-22 10:00:00,0.8946,77.32,47.58,77.05,5.936,0.9061,0.0143,2.58,False,Mechanical,1,test
PUMP_04,2026-05-22 11:00:00,0.922,79.03,48.78,77.98,5.941,0.9067,0.0149,2.54,False,Mechanical,1,test
PUMP_04,2026-05-22 12:00:00,0.9014,76.66,49.21,76.46,5.93,0.906,0.0151,2.5,False,Mechanical,1,test
PUMP_04,2026-05-22 13:00:00,0.923,79.48,50.05,76.18,5.904,0.9093,0.0164,2.46,False,Mechanical,1,test
PUMP_04,2026-05-22 14:00:00,0.9291,79.17,50.7,75.79,5.892,0.9161,0.0144,2.42,False,Mechanical,1,test
PUMP_04,2026-05-22 15:00:00,0.8988,81.01,50.39,76.33,5.963,0.9115,0.0148,2.38,False,Mechanical,1,test
PUMP_04,2026-05-22 16:00:00,0.8981,79.02,48.8,76.62,5.992,0.9121,0.0141,2.33,False,Mechanical,1,test
PUMP_04,2026-05-22 17:00:00,0.9453,81.35,49.62,76.27,5.977,0.916,0.0195,2.29,False,Mechanical,1,test
PUMP_04,2026-05-22 18:00:00,0.9208,78.9,50.01,75.75,5.834,0.9192,0.0182,2.25,False,Mechanical,1,test
PUMP_04,2026-05-22 19:00:00,0.9274,80.01,49.79,78.95,6.058,0.9199,0.0185,2.21,False,Mechanical,1,test
PUMP_04,2026-05-22 20:00:00,0.8995,78.16,49.41,76.74,5.88,0.915,0.0195,2.17,False,Mechanical,1,test
PUMP_04,2026-05-22 21:00:00,0.9084,78.76,49.66,76.45,5.89,0.9166,0.0182,2.12,False,Mechanical,1,test
PUMP_04,2026-05-22 22:00:00,0.9312,81.63,49.78,77.37,5.917,0.9221,0.0164,2.08,False,Mechanical,1,test
PUMP_04,2026-05-22 23:00:00,0.927,82.15,49.23,77.48,5.973,0.919,0.0125,2.04,False,Mechanical,1,test
PUMP_04,2026-05-23 00:00:00,0.9225,79.65,49.81,77.18,6.004,0.9193,0.0126,2.0,False,Mechanical,1,test
PUMP_04,2026-05-23 01:00:00,0.9467,81.5,48.95,75.94,6.097,0.9225,0.0168,1.96,False,Mechanical,1,test
PUMP_04,2026-05-23 02:00:00,0.9215,81.98,51.17,77.35,6.104,0.9262,0.0126,1.92,False,Mechanical,1,test
PUMP_04,2026-05-23 03:00:00,0.9561,79.29,49.58,77.59,5.891,0.9342,0.0141,1.88,False,Mechanical,1,test
PUMP_04,2026-05-23 04:00:00,0.9419,81.66,50.19,77.86,5.893,0.936,0.0143,1.83,False,Mechanical,1,test
PUMP_04,2026-05-23 05:00:00,0.9693,81.09,50.05,77.85,6.128,0.943,0.0188,1.79,False,Mechanical,1,test
PUMP_04,2026-05-23 06:00:00,0.9629,81.69,50.04,77.81,6.034,0.9497,0.0171,1.75,False,Mechanical,1,test
PUMP_04,2026-05-23 07:00:00,0.9712,81.07,50.37,76.36,5.971,0.9538,0.0191,1.71,False,Mechanical,1,test
PUMP_04,2026-05-23 08:00:00,0.9847,78.15,50.73,80.75,6.106,0.9644,0.0146,1.67,False,Mechanical,1,test
PUMP_04,2026-05-23 09:00:00,0.9553,81.68,50.17,78.3,6.156,0.9642,0.0147,1.62,False,Mechanical,1,test
PUMP_04,2026-05-23 10:00:00,0.9509,81.27,50.64,78.72,6.105,0.9657,0.0122,1.58,False,Mechanical,1,test
PUMP_04,2026-05-23 11:00:00,0.9835,81.11,50.49,78.6,6.015,0.9681,0.0142,1.54,False,Mechanical,1,test
PUMP_04,2026-05-23 12:00:00,0.9906,79.24,49.48,77.78,5.911,0.9727,0.0165,1.5,False,Mechanical,1,test
PUMP_04,2026-05-23 13:00:00,0.9841,83.29,50.32,76.78,6.131,0.9748,0.0171,1.46,False,Mechanical,1,test
PUMP_04,2026-05-23 14:00:00,0.9298,81.94,50.22,77.78,6.085,0.9657,0.024,1.42,False,Mechanical,1,test
PUMP_04,2026-05-23 15:00:00,0.9741,78.94,50.76,76.95,6.034,0.9688,0.0236,1.38,False,Mechanical,1,test
PUMP_04,2026-05-23 16:00:00,0.9518,84.1,50.86,76.33,5.982,0.969,0.0235,1.33,False,Mechanical,1,test
PUMP_04,2026-05-23 17:00:00,0.9805,82.79,50.56,80.71,6.131,0.9685,0.0232,1.29,False,Mechanical,1,test
PUMP_04,2026-05-23 18:00:00,0.9653,83.62,50.77,79.24,6.075,0.9643,0.0205,1.25,False,Mechanical,1,test
PUMP_04,2026-05-23 19:00:00,0.9667,81.89,50.68,78.44,6.138,0.9614,0.0182,1.21,False,Mechanical,1,test
PUMP_04,2026-05-23 20:00:00,0.9692,82.4,50.29,78.46,6.204,0.9679,0.0097,1.17,False,Mechanical,1,test
PUMP_04,2026-05-23 21:00:00,0.97,84.11,51.43,79.17,6.082,0.9672,0.0093,1.12,False,Mechanical,1,test
PUMP_04,2026-05-23 22:00:00,0.9642,83.26,51.09,78.34,6.312,0.9693,0.0059,1.08,False,Mechanical,1,test
PUMP_04,2026-05-23 23:00:00,0.9824,82.49,51.93,77.8,6.14,0.9696,0.0066,1.04,False,Mechanical,1,test
PUMP_04,2026-05-24 00:00:00,0.9951,81.83,50.72,80.23,6.215,0.9746,0.0118,1.0,False,Mechanical,1,test
PUMP_04,2026-05-24 01:00:00,1.0205,79.04,50.53,77.55,6.118,0.9836,0.0213,0.96,False,Mechanical,1,test
PUMP_04,2026-05-24 02:00:00,1.0105,84.34,49.66,80.13,6.213,0.9904,0.0224,0.92,False,Mechanical,1,test
PUMP_04,2026-05-24 03:00:00,1.0029,84.48,52.36,78.8,6.1,0.9959,0.0203,0.88,False,Mechanical,1,test
PUMP_04,2026-05-24 04:00:00,1.0057,84.27,51.35,79.13,6.231,1.0028,0.0131,0.83,False,Mechanical,1,test
PUMP_04,2026-05-24 05:00:00,0.9697,84.96,51.55,78.46,6.384,1.0007,0.0174,0.79,False,Mechanical,1,test
PUMP_04,2026-05-24 06:00:00,1.0113,81.95,52.16,77.56,6.104,1.0034,0.0176,0.75,False,Mechanical,1,test
PUMP_04,2026-05-24 07:00:00,1.0212,82.91,51.27,78.11,6.01,1.0036,0.0177,0.71,False,Mechanical,1,test
PUMP_04,2026-05-24 08:00:00,1.0114,82.81,50.8,79.41,6.154,1.0037,0.0178,0.67,False,Mechanical,1,test
PUMP_04,2026-05-24 09:00:00,1.0134,80.67,51.82,78.06,6.232,1.0054,0.0182,0.62,False,Mechanical,1,test
PUMP_04,2026-05-24 10:00:00,0.9844,82.81,51.19,78.13,6.222,1.0019,0.0201,0.58,False,Mechanical,1,test
PUMP_04,2026-05-24 11:00:00,1.0007,84.05,50.28,80.08,6.187,1.0071,0.0129,0.54,False,Mechanical,1,test
PUMP_04,2026-05-24 12:00:00,1.0049,85.46,52.33,79.76,6.313,1.006,0.0127,0.5,False,Mechanical,1,test
PUMP_04,2026-05-24 13:00:00,1.0103,84.76,50.81,77.77,6.197,1.0042,0.0108,0.46,False,Mechanical,1,test
PUMP_04,2026-05-24 14:00:00,0.9755,83.13,51.07,80.81,6.309,0.9982,0.0151,0.42,False,Mechanical,1,test
PUMP_04,2026-05-24 15:00:00,1.0186,85.6,52.03,80.97,6.215,0.9991,0.0162,0.38,False,Mechanical,1,test
PUMP_04,2026-05-24 16:00:00,1.0209,84.72,50.4,79.2,6.179,1.0052,0.0165,0.33,False,Mechanical,1,test
PUMP_04,2026-05-24 17:00:00,1.0298,81.9,51.71,77.51,6.267,1.01,0.019,0.29,False,Mechanical,1,test
PUMP_04,2026-05-24 18:00:00,1.0192,84.76,51.85,77.94,6.277,1.0124,0.0191,0.25,False,Mechanical,1,test
PUMP_04,2026-05-24 19:00:00,1.0407,85.76,52.39,79.01,6.419,1.0174,0.0222,0.21,False,Mechanical,1,test
PUMP_04,2026-05-24 20:00:00,1.0585,85.47,52.16,81.18,6.31,1.0313,0.0158,0.17,False,Mechanical,1,test
PUMP_04,2026-05-24 21:00:00,1.0146,83.0,52.28,79.99,6.304,1.0306,0.0165,0.12,False,Mechanical,1,test
PUMP_04,2026-05-24 22:00:00,1.0215,83.45,52.43,78.4,6.297,1.0307,0.0164,0.08,False,Mechanical,1,test
PUMP_04,2026-05-24 23:00:00,1.05,88.06,52.82,81.68,6.249,1.0341,0.0182,0.04,False,Mechanical,1,test
PUMP_04,2026-05-25 00:00:00,1.0588,83.69,51.71,79.93,6.28,1.0407,0.0189,0.0,False,Mechanical,1,test
