pump_id,timestamp,vibration_rms_g,vibration_peak_freq_hz,temperature_c,acoustic_level_db,current_draw_a,vibration_rms_roll_mean_6h,vibration_rms_roll_std_6h,ph,turbidity_ntu,conductivity_us_cm,flow_lmin,water_aggression_index,RUL_days,right_censored,failure_mode_label,anomaly_label,data_split
PUMP_01,2026-03-01 00:00:00,0.1669,50.31,33.72,59.43,4.076,0.1669,0.0,7.222,3.42,373.2,98.7,13.16,90.0,True,Normal,0,train
PUMP_01,2026-03-01 01:00:00,0.1721,52.37,34.96,59.69,4.034,0.1695,0.0037,7.252,4.44,383.0,97.3,14.77,89.96,True,Normal,0,train
PUMP_01,2026-03-01 02:00:00,0.1816,51.56,34.35,56.42,4.091,0.1735,0.0075,7.218,4.54,383.4,100.9,14.31,89.92,True,Normal,0,train
PUMP_01,2026-03-01 03:00:00,0.159,51.59,33.77,56.6,3.949,0.1699,0.0095,7.155,3.7,388.9,101.9,12.94,89.88,True,Normal,0,train
PUMP_01,2026-03-01 04:00:00,0.1701,49.38,33.61,57.65,3.934,0.1699,0.0082,7.078,3.75,385.0,107.5,11.58,89.83,True,Normal,0,train
PUMP_01,2026-03-01 05:00:00,0.1378,49.85,34.61,58.1,4.091,0.1646,0.015,7.176,4.25,377.0,107.1,13.17,89.79,True,Normal,0,train
PUMP_01,2026-03-01 06:00:00,0.1664,49.54,34.07,57.71,4.01,0.1645,0.015,7.238,3.07,375.0,110.1,13.25,89.75,True,Normal,0,train
PUMP_01,2026-03-01 07:00:00,0.1435,47.74,33.9,57.34,3.984,0.1597,0.0166,7.182,3.26,373.2,128.4,12.41,89.71,True,Normal,0,train
PUMP_01,2026-03-01 08:00:00,0.1577,52.21,34.07,57.63,4.056,0.1557,0.0127,7.24,3.89,387.4,120.4,14.37,89.67,True,Normal,0,train
PUMP_01,2026-03-01 09:00:00,0.2025,51.12,34.2,58.58,4.053,0.163,0.0231,7.207,4.62,376.1,126.8,13.89,89.62,True,Normal,0,train
PUMP_01,2026-03-01 10:00:00,0.1596,49.48,33.97,56.4,3.9,0.1612,0.0228,7.264,3.83,387.4,139.9,14.72,89.58,True,Normal,0,train
PUMP_01,2026-03-01 11:00:00,0.1396,51.96,34.72,60.81,4.111,0.1616,0.0225,7.185,4.04,382.6,148.2,13.4,89.54,True,Normal,0,train
PUMP_01,2026-03-01 12:00:00,0.1561,49.05,34.76,58.03,3.967,0.1598,0.0224,7.223,4.45,381.6,144.9,14.26,89.5,True,Normal,0,train
PUMP_01,2026-03-01 13:00:00,0.1397,47.24,34.32,59.26,4.136,0.1592,0.023,7.225,4.84,378.5,149.0,14.43,89.46,True,Normal,0,train
PUMP_01,2026-03-01 14:00:00,0.1306,51.51,34.82,57.3,3.893,0.1547,0.0259,7.275,3.77,383.3,136.2,14.68,89.42,True,Normal,0,train
PUMP_01,2026-03-01 15:00:00,0.1745,48.08,34.01,58.69,4.025,0.15,0.0162,7.115,3.99,379.9,139.7,12.13,89.38,True,Normal,0,train
PUMP_01,2026-03-01 16:00:00,0.1573,49.71,34.41,58.12,3.985,0.1496,0.016,7.177,4.73,378.2,130.2,13.57,89.33,True,Normal,0,train
PUMP_01,2026-03-01 17:00:00,0.1455,50.31,34.6,59.03,3.842,0.1506,0.0154,7.242,3.39,383.5,135.6,13.9,89.29,True,Normal,0,train
PUMP_01,2026-03-01 18:00:00,0.1341,50.58,34.61,57.76,4.053,0.147,0.0165,7.277,4.41,379.3,120.3,14.99,89.25,True,Normal,0,train
PUMP_01,2026-03-01 19:00:00,0.1357,51.27,34.55,59.86,3.846,0.1463,0.0169,7.212,3.59,376.0,114.9,13.24,89.21,True,Normal,0,train
PUMP_01,2026-03-01 20:00:00,0.1645,50.87,34.38,56.21,3.977,0.1519,0.0162,7.185,4.04,383.0,115.6,13.42,89.17,True,Normal,0,train
PUMP_01,2026-03-01 21:00:00,0.1475,50.82,35.17,59.14,4.088,0.1474,0.0119,7.238,3.9,379.7,111.7,14.02,89.12,True,Normal,0,train
PUMP_01,2026-03-01 22:00:00,0.0988,48.81,33.68,58.14,3.958,0.1377,0.0219,7.243,3.62,382.4,101.7,14.03,89.08,True,Normal,0,train
PUMP_01,2026-03-01 23:00:00,0.1837,50.44,33.91,56.78,3.928,0.144,0.029,7.182,3.61,377.7,100.6,12.84,89.04,True,Normal,0,train
PUMP_01,2026-03-02 00:00:00,0.1527,47.74,33.87,60.34,4.064,0.1472,0.0288,7.217,4.11,374.0,98.0,13.59,89.0,True,Normal,0,train
PUMP_01,2026-03-02 01:00:00,0.1577,52.34,33.78,60.22,3.98,0.1508,0.0284,7.259,4.4,388.7,94.1,15.08,88.96,True,Normal,0,train
PUMP_01,2026-03-02 02:00:00,0.1713,47.9,32.81,55.51,3.968,0.152,0.0292,7.295,3.95,387.7,91.5,15.3,88.92,True,Normal,0,train
PUMP_01,2026-03-02 03:00:00,0.1641,49.48,34.82,58.21,4.102,0.1547,0.0295,7.237,4.03,384.4,100.6,14.3,88.88,True,Normal,0,train
PUMP_01,2026-03-02 04:00:00,0.1699,48.02,33.38,58.85,3.907,0.1666,0.011,7.202,4.23,378.1,104.8,13.61,88.83,True,Normal,0,train
PUMP_01,2026-03-02 05:00:00,0.1533,48.9,34.1,58.53,3.963,0.1615,0.0082,7.197,3.61,378.5,111.1,13.12,88.79,True,Normal,0,train
PUMP_01,2026-03-02 06:00:00,0.1416,50.02,33.15,59.82,4.069,0.1596,0.0112,7.228,4.3,386.9,114.8,14.44,88.75,True,Normal,0,train
PUMP_01,2026-03-02 07:00:00,0.1639,49.21,34.37,59.57,3.901,0.1607,0.0113,7.194,4.33,378.2,115.3,13.56,88.71,True,Normal,0,train
PUMP_01,2026-03-02 08:00:00,0.1801,51.72,33.53,58.32,4.142,0.1621,0.0133,7.209,5.04,376.8,129.2,14.25,88.67,True,Normal,0,train
PUMP_01,2026-03-02 09:00:00,0.1474,50.34,33.32,60.73,3.983,0.1594,0.0145,7.147,3.85,389.4,132.5,12.94,88.62,True,Normal,0,train
PUMP_01,2026-03-02 10:00:00,0.1441,49.31,34.12,59.12,4.07,0.1551,0.0146,7.265,3.82,379.8,135.7,14.4,88.58,True,Normal,0,train
PUMP_01,2026-03-02 11:00:00,0.1709,49.8,33.58,57.58,4.07,0.158,0.0159,7.143,4.31,388.8,140.5,13.17,88.54,True,Normal,0,train
PUMP_01,2026-03-02 12:00:00,0.1431,51.83,33.66,57.34,3.988,0.1582,0.0156,7.178,4.33,373.0,141.4,13.09,88.5,True,Normal,0,train
PUMP_01,2026-03-02 13:00:00,0.1413,51.36,34.1,59.49,3.962,0.1545,0.0167,7.205,3.79,382.6,148.6,13.54,88.46,True,Normal,0,train
PUMP_01,2026-03-02 14:00:00,0.1394,48.29,34.48,57.05,3.997,0.1477,0.0117,7.3,3.84,390.4,138.5,15.41,88.42,True,Normal,0,train
PUMP_01,2026-03-02 15:00:00,0.142,48.98,33.51,57.51,4.057,0.1468,0.0119,7.179,4.22,380.1,137.7,13.32,88.38,True,Normal,0,train
PUMP_01,2026-03-02 16:00:00,0.1177,50.71,33.41,57.71,3.921,0.1424,0.0169,7.167,3.67,378.7,136.4,12.68,88.33,True,Normal,0,train
PUMP_01,2026-03-02 17:00:00,0.1323,50.53,34.01,58.43,3.904,0.136,0.0097,7.172,3.84,374.2,139.0,12.7,88.29,True,Normal,0,train
PUMP_01,2026-03-02 18:00:00,0.1435,48.42,34.32,57.77,4.119,0.136,0.0098,7.283,4.04,385.4,130.7,15.08,88.25,True,Normal,0,train
PUMP_01,2026-03-02 19:00:00,0.1437,51.12,34.88,56.42,3.941,0.1364,0.0101,7.059,4.4,376.1,113.4,11.37,88.21,True,Normal,0,train
PUMP_01,2026-03-02 20:00:00,0.1587,48.66,33.36,59.39,4.028,0.1396,0.0137,7.15,3.76,379.5,118.9,12.51,88.17,True,Normal,0,train
PUMP_01,2026-03-02 21:00:00,0.1705,51.96,33.81,57.51,3.984,0.1444,0.0187,7.337,3.26,373.8,112.9,14.91,88.12,True,Normal,0,train
PUMP_01,2026-03-02 22:00:00,0.1677,50.79,34.71,60.42,3.987,0.1527,0.0152,7.23,3.23,387.8,97.6,13.76,88.08,True,Normal,0,train
PUMP_01,2026-03-02 23:00:00,0.1611,48.3,35.18,58.36,4.114,0.1575,0.0116,7.145,3.5,385.8,88.3,12.5,88.04,True,Normal,0,train
PUMP_01,2026-03-03 00:00:00,0.1478,49.21,33.4,59.52,3.993,0.1582,0.0107,7.198,3.47,379.8,95.6,13.09,88.0,True,Normal,0,train
PUMP_01,2026-03-03 01:00:00,0.1432,49.18,33.56,58.76,3.971,0.1582,0.0108,7.203,3.94,374.2,99.5,13.27,87.96,True,Normal,0,train
PUMP_01,2026-03-03 02:00:00,0.1553,50.24,34.23,59.58,3.978,0.1576,0.0109,7.242,3.52,387.7,102.2,14.16,87.92,True,Normal,0,train
PUMP_01,2026-03-03 03:00:00,0.1659,49.69,33.65,58.68,3.96,0.1568,0.0099,7.292,3.72,378.2,94.9,14.7,87.88,True,Normal,0,train
PUMP_01,2026-03-03 04:00:00,0.171,48.28,33.54,58.28,3.946,0.1574,0.0107,7.219,3.69,374.5,109.3,13.36,87.83,True,Normal,0,train
PUMP_01,2026-03-03 05:00:00,0.169,47.91,34.15,59.31,3.96,0.1587,0.0117,7.173,3.82,371.2,98.6,12.58,87.79,True,Normal,0,train
PUMP_01,2026-03-03 06:00:00,0.1582,50.82,34.93,60.98,4.133,0.1604,0.0104,7.239,4.53,376.8,112.1,14.37,87.75,True,Normal,0,train
PUMP_01,2026-03-03 07:00:00,0.1715,50.43,33.21,57.68,4.057,0.1652,0.0069,7.165,4.26,372.7,118.3,12.82,87.71,True,Normal,0,train
PUMP_01,2026-03-03 08:00:00,0.1776,50.16,34.9,58.95,3.972,0.1689,0.0065,7.148,4.01,376.9,131.1,12.55,87.67,True,Normal,0,train
PUMP_01,2026-03-03 09:00:00,0.1703,50.41,33.66,57.99,4.079,0.1696,0.0063,7.112,3.82,383.7,137.7,12.12,87.62,True,Normal,0,train
PUMP_01,2026-03-03 10:00:00,0.1545,49.07,34.21,58.61,3.873,0.1669,0.0087,7.122,3.83,378.1,141.5,12.05,87.58,True,Normal,0,train
PUMP_01,2026-03-03 11:00:00,0.1401,50.28,34.95,58.05,4.11,0.162,0.0138,7.155,4.13,381.8,136.2,12.95,87.54,True,Normal,0,train
PUMP_01,2026-03-03 12:00:00,0.1371,53.81,34.2,55.41,4.104,0.1585,0.0172,7.141,4.23,376.4,147.6,12.57,87.5,True,Normal,0,train
PUMP_01,2026-03-03 13:00:00,0.1372,51.76,33.82,57.76,4.179,0.1528,0.0178,7.216,3.64,380.3,147.0,13.51,87.46,True,Normal,0,train
PUMP_01,2026-03-03 14:00:00,0.1489,49.57,34.43,59.2,4.081,0.148,0.0129,7.14,4.01,389.6,137.5,12.95,87.42,True,Normal,0,train
PUMP_01,2026-03-03 15:00:00,0.1507,49.21,33.9,57.08,4.035,0.1448,0.0075,7.043,3.19,378.3,133.4,10.34,87.38,True,Normal,0,train
PUMP_01,2026-03-03 16:00:00,0.1201,45.71,34.31,59.11,4.103,0.139,0.011,7.148,4.08,381.9,141.8,12.8,87.33,True,Normal,0,train
PUMP_01,2026-03-03 17:00:00,0.1328,51.6,33.88,58.22,3.95,0.1378,0.0112,7.176,4.3,372.2,131.8,13.01,87.29,True,Normal,0,train
PUMP_01,2026-03-03 18:00:00,0.1436,51.18,34.52,57.77,3.968,0.1389,0.0114,7.17,3.89,387.6,121.3,13.25,87.25,True,Normal,0,train
PUMP_01,2026-03-03 19:00:00,0.1268,49.18,33.16,59.09,3.995,0.1372,0.0125,7.276,4.73,377.6,119.2,15.12,87.21,True,Normal,0,train
PUMP_01,2026-03-03 20:00:00,0.1478,47.85,33.39,58.82,4.11,0.137,0.0123,7.169,3.65,385.3,115.0,12.98,87.17,True,Normal,0,train
PUMP_01,2026-03-03 21:00:00,0.1383,48.27,33.15,58.5,3.932,0.1349,0.0104,7.244,4.09,379.4,107.2,14.24,87.12,True,Normal,0,train
PUMP_01,2026-03-03 22:00:00,0.1341,50.67,33.97,59.22,3.923,0.1372,0.0076,7.199,3.99,383.1,96.1,13.6,87.08,True,Normal,0,train
PUMP_01,2026-03-03 23:00:00,0.1482,49.87,33.08,58.24,4.019,0.1398,0.0084,7.198,3.96,383.4,105.9,13.58,87.04,True,Normal,0,train
PUMP_01,2026-03-04 00:00:00,0.1559,51.04,33.58,56.03,4.057,0.1418,0.0107,7.158,3.95,377.7,99.9,12.71,87.0,True,Normal,0,train
PUMP_01,2026-03-04 01:00:00,0.1399,50.13,33.34,57.55,3.944,0.144,0.008,7.197,4.04,385.5,93.7,13.71,86.96,True,Normal,0,train
PUMP_01,2026-03-04 02:00:00,0.1514,51.45,34.89,55.83,4.054,0.1446,0.0085,7.162,4.34,376.2,94.7,12.97,86.92,True,Normal,0,train
PUMP_01,2026-03-04 03:00:00,0.1641,50.55,33.41,58.79,4.109,0.1489,0.0108,7.209,4.55,383.9,99.8,14.18,86.88,True,Normal,0,train
PUMP_01,2026-03-04 04:00:00,0.1472,51.24,33.23,59.08,4.096,0.1511,0.0083,7.188,4.0,378.0,97.8,13.23,86.83,True,Normal,0,train
PUMP_01,2026-03-04 05:00:00,0.1348,46.87,34.15,59.13,4.028,0.1489,0.0107,7.153,4.33,381.7,108.8,13.05,86.79,True,Normal,0,train
PUMP_01,2026-03-04 06:00:00,0.137,48.15,35.01,58.59,3.993,0.1457,0.011,7.25,3.72,377.7,108.2,14.0,86.75,True,Normal,0,train
PUMP_01,2026-03-04 07:00:00,0.1534,49.45,33.93,59.16,4.139,0.148,0.0109,7.221,4.31,380.2,119.7,14.07,86.71,True,Normal,0,train
PUMP_01,2026-03-04 08:00:00,0.1389,51.62,33.98,56.11,4.001,0.1459,0.0113,7.178,3.7,374.6,121.8,12.7,86.67,True,Normal,0,train
PUMP_01,2026-03-04 09:00:00,0.1519,52.82,34.77,57.87,4.075,0.1439,0.008,7.207,4.44,381.2,128.0,13.97,86.62,True,Normal,0,train
PUMP_01,2026-03-04 10:00:00,0.18,49.75,34.53,56.3,4.157,0.1493,0.0169,7.196,4.88,380.2,144.3,14.06,86.58,True,Normal,0,train
PUMP_01,2026-03-04 11:00:00,0.1319,49.08,34.26,57.57,4.067,0.1488,0.0175,7.157,3.95,377.3,141.9,12.66,86.54,True,Normal,0,train
PUMP_01,2026-03-04 12:00:00,0.1458,47.07,33.65,59.94,3.92,0.1503,0.0166,7.204,3.12,379.7,145.0,12.93,86.5,True,Normal,0,train
PUMP_01,2026-03-04 13:00:00,0.1794,51.3,34.27,59.31,3.901,0.1546,0.0205,7.169,3.78,380.7,137.0,12.88,86.46,True,Normal,0,train
PUMP_01,2026-03-04 14:00:00,0.1511,49.17,33.18,58.79,3.976,0.1567,0.0192,7.153,4.49,376.9,141.8,12.96,86.42,True,Normal,0,train
PUMP_01,2026-03-04 15:00:00,0.1374,54.44,33.63,57.78,4.057,0.1543,0.0208,7.119,4.22,379.4,143.5,12.33,86.38,True,Normal,0,train
PUMP_01,2026-03-04 16:00:00,0.139,48.89,34.86,56.81,4.036,0.1474,0.017,7.182,4.1,375.0,138.5,13.07,86.33,True,Normal,0,train
PUMP_01,2026-03-04 17:00:00,0.1468,53.16,34.78,58.22,4.177,0.1499,0.0153,7.228,4.4,391.7,123.9,14.72,86.29,True,Normal,0,train
PUMP_01,2026-03-04 18:00:00,0.1654,51.12,34.26,59.33,4.035,0.1532,0.0163,7.165,4.19,385.3,127.3,13.3,86.25,True,Normal,0,train
PUMP_01,2026-03-04 19:00:00,0.1324,48.46,32.84,58.49,3.974,0.1454,0.0119,7.326,4.49,381.4,121.5,15.91,86.21,True,Normal,0,train
PUMP_01,2026-03-04 20:00:00,0.13,50.35,33.28,56.1,3.909,0.1418,0.0129,7.244,4.37,385.9,118.7,14.71,86.17,True,Normal,0,train
PUMP_01,2026-03-04 21:00:00,0.1222,51.16,33.59,58.13,4.094,0.1393,0.0153,7.265,4.61,370.1,104.9,14.56,86.12,True,Normal,0,train
PUMP_01,2026-03-04 22:00:00,0.1465,49.66,33.9,55.7,4.0,0.1405,0.0155,7.24,4.14,367.2,93.4,13.7,86.08,True,Normal,0,train
PUMP_01,2026-03-04 23:00:00,0.1263,51.26,33.25,58.97,3.88,0.1371,0.0161,7.293,4.36,378.0,94.4,15.15,86.04,True,Normal,0,train
PUMP_01,2026-03-05 00:00:00,0.143,51.22,33.85,57.17,4.002,0.1334,0.0095,7.161,3.88,373.1,91.5,12.5,86.0,True,Normal,0,train
PUMP_01,2026-03-05 01:00:00,0.139,50.89,35.06,56.53,3.92,0.1345,0.0097,7.072,3.76,378.8,97.9,11.23,85.96,True,Normal,0,train
PUMP_01,2026-03-05 02:00:00,0.1711,49.98,34.24,58.98,3.966,0.1414,0.0174,7.178,4.68,381.0,85.0,13.66,85.92,True,Normal,0,train
PUMP_01,2026-03-05 03:00:00,0.1494,48.24,34.13,58.67,4.0,0.1459,0.0148,7.228,4.09,384.6,96.6,14.2,85.88,True,Normal,0,train
PUMP_01,2026-03-05 04:00:00,0.1646,49.88,33.39,58.28,3.928,0.1489,0.0166,7.208,4.32,374.3,108.0,13.61,85.83,True,Normal,0,train
PUMP_01,2026-03-05 05:00:00,0.1356,50.26,33.02,60.63,3.961,0.1504,0.0144,7.214,4.05,382.0,107.5,13.84,85.79,True,Normal,0,train
PUMP_01,2026-03-05 06:00:00,0.162,47.19,33.26,58.76,3.94,0.1536,0.0145,7.266,3.77,380.1,117.1,14.4,85.75,True,Normal,0,train
PUMP_01,2026-03-05 07:00:00,0.1416,50.25,32.99,57.23,3.943,0.154,0.014,7.219,4.0,381.7,113.4,13.88,85.71,True,Normal,0,train
PUMP_01,2026-03-05 08:00:00,0.1523,49.85,34.05,58.62,3.919,0.1509,0.0113,7.24,4.57,377.4,120.1,14.43,85.67,True,Normal,0,train
PUMP_01,2026-03-05 09:00:00,0.1902,48.06,34.23,57.66,3.961,0.1577,0.0195,7.153,4.22,386.9,138.2,13.19,85.62,True,Normal,0,train
PUMP_01,2026-03-05 10:00:00,0.169,49.5,33.42,59.52,3.928,0.1584,0.0199,7.145,3.32,379.5,138.1,12.12,85.58,True,Normal,0,train
PUMP_01,2026-03-05 11:00:00,0.1507,49.53,34.09,58.34,4.047,0.161,0.0172,7.281,3.91,388.9,142.1,15.1,85.54,True,Normal,0,train
PUMP_01,2026-03-05 12:00:00,0.198,52.9,34.88,58.46,4.016,0.167,0.0229,7.205,4.71,376.0,139.7,13.92,85.5,True,Normal,0,train
PUMP_01,2026-03-05 13:00:00,0.1337,50.33,35.17,56.27,4.096,0.1656,0.0248,7.169,3.91,383.7,145.4,13.1,85.46,True,Normal,0,train
PUMP_01,2026-03-05 14:00:00,0.1625,51.55,34.46,58.07,4.151,0.1674,0.0241,7.123,4.89,379.7,139.6,12.88,85.42,True,Normal,0,train
PUMP_01,2026-03-05 15:00:00,0.1199,49.82,33.9,57.93,4.054,0.1556,0.0276,7.071,8.14,378.4,146.4,14.26,85.38,True,Normal,0,train
PUMP_01,2026-03-05 16:00:00,0.1377,47.19,34.44,56.77,4.036,0.1504,0.0275,7.03,8.98,383.2,148.6,14.4,85.33,True,Normal,0,train
PUMP_01,2026-03-05 17:00:00,0.1201,51.01,34.81,57.73,4.059,0.1453,0.0302,6.937,10.93,378.5,134.4,16.09,85.29,True,Normal,0,train
PUMP_01,2026-03-05 18:00:00,0.1439,49.01,32.8,58.52,4.037,0.1363,0.016,6.864,13.0,366.7,123.9,18.23,85.25,True,Normal,0,train
PUMP_01,2026-03-05 19:00:00,0.1412,49.5,34.89,57.99,4.004,0.1375,0.0161,6.929,13.58,364.7,109.9,17.51,85.21,True,Normal,0,train
PUMP_01,2026-03-05 20:00:00,0.1367,48.42,33.67,56.31,3.998,0.1332,0.0106,6.955,11.32,397.9,106.8,16.89,85.17,True,Normal,0,train
PUMP_01,2026-03-05 21:00:00,0.1593,50.11,33.68,57.67,3.918,0.1398,0.0127,7.091,10.23,410.3,113.7,17.37,85.12,True,Normal,0,train
PUMP_01,2026-03-05 22:00:00,0.1365,51.6,33.79,57.44,4.067,0.1396,0.0127,7.088,8.66,423.1,98.2,16.76,85.08,True,Normal,0,train
PUMP_01,2026-03-05 23:00:00,0.1523,51.4,34.19,58.23,3.997,0.145,0.0091,7.151,6.29,429.6,96.9,16.38,85.04,True,Normal,0,train
PUMP_01,2026-03-06 00:00:00,0.1623,52.38,33.33,58.1,4.116,0.148,0.0115,7.163,4.06,438.9,98.5,15.4,85.0,True,Normal,0,train
PUMP_01,2026-03-06 01:00:00,0.1303,52.59,33.83,57.51,4.073,0.1462,0.0135,7.194,3.93,443.3,100.9,15.99,84.96,True,Normal,0,train
PUMP_01,2026-03-06 02:00:00,0.1438,46.93,34.32,57.46,3.95,0.1474,0.0127,7.218,4.42,433.9,95.1,16.33,84.92,True,Normal,0,train
PUMP_01,2026-03-06 03:00:00,0.1579,48.21,34.13,58.08,4.1,0.1472,0.0125,7.236,3.65,416.2,96.7,15.34,84.88,True,Normal,0,train
PUMP_01,2026-03-06 04:00:00,0.1681,47.29,34.23,59.16,3.795,0.1524,0.0137,7.195,3.35,420.0,102.6,14.64,84.83,True,Normal,0,train
PUMP_01,2026-03-06 05:00:00,0.181,50.95,33.81,58.33,4.154,0.1572,0.018,7.254,4.25,406.9,105.0,15.66,84.79,True,Normal,0,train
PUMP_01,2026-03-06 06:00:00,0.1568,48.96,34.42,59.71,3.893,0.1563,0.0178,7.2,4.25,382.4,111.2,13.78,84.75,True,Normal,0,train
PUMP_01,2026-03-06 07:00:00,0.1549,49.27,34.63,59.36,4.04,0.1604,0.0127,7.24,4.19,379.9,121.6,14.27,84.71,True,Normal,0,train
PUMP_01,2026-03-06 08:00:00,0.1456,49.68,34.6,59.8,4.034,0.1607,0.0123,7.176,4.16,373.5,127.2,12.95,84.67,True,Normal,0,train
PUMP_01,2026-03-06 09:00:00,0.162,50.57,34.26,59.64,4.09,0.1614,0.0122,7.109,3.87,387.7,141.0,12.28,84.62,True,Normal,0,train
PUMP_01,2026-03-06 10:00:00,0.1505,47.77,34.56,59.88,3.974,0.1585,0.0124,7.213,4.31,380.4,139.4,13.95,84.58,True,Normal,0,train
PUMP_01,2026-03-06 11:00:00,0.1485,48.11,34.52,56.62,3.828,0.153,0.006,7.236,3.98,378.6,146.3,14.01,84.54,True,Normal,0,train
PUMP_01,2026-03-06 12:00:00,0.1486,50.0,35.61,58.78,3.974,0.1517,0.0059,7.229,3.81,382.4,139.9,13.92,84.5,True,Normal,0,train
PUMP_01,2026-03-06 13:00:00,0.1557,51.8,34.73,59.46,3.982,0.1518,0.006,7.221,3.88,377.1,147.1,13.63,84.46,True,Normal,0,train
PUMP_01,2026-03-06 14:00:00,0.1365,49.96,33.95,59.68,3.836,0.1503,0.0085,7.183,4.81,380.7,141.3,13.82,84.42,True,Normal,0,train
PUMP_01,2026-03-06 15:00:00,0.1313,48.81,33.45,57.08,4.004,0.1452,0.0093,7.16,3.31,372.8,143.2,12.07,84.38,True,Normal,0,train
PUMP_01,2026-03-06 16:00:00,0.1478,46.78,33.84,58.79,3.914,0.1447,0.009,7.228,4.2,385.4,140.4,14.31,84.33,True,Normal,0,train
PUMP_01,2026-03-06 17:00:00,0.095,51.43,33.8,58.09,4.052,0.1358,0.0219,7.221,3.33,379.5,132.7,13.35,84.29,True,Normal,0,train
PUMP_01,2026-03-06 18:00:00,0.1309,48.9,34.31,60.22,3.98,0.1329,0.021,7.172,3.96,385.8,136.1,13.26,84.25,True,Normal,0,train
PUMP_01,2026-03-06 19:00:00,0.1231,48.28,33.58,56.34,4.157,0.1274,0.0179,7.255,3.83,379.0,125.7,14.22,84.21,True,Normal,0,train
PUMP_01,2026-03-06 20:00:00,0.1594,47.43,34.72,57.08,3.98,0.1312,0.0221,7.156,3.17,379.3,118.2,12.18,84.17,True,Normal,0,train
PUMP_01,2026-03-06 21:00:00,0.1363,47.84,33.17,55.83,4.034,0.1321,0.0222,7.171,4.16,373.9,110.6,12.89,84.12,True,Normal,0,train
PUMP_01,2026-03-06 22:00:00,0.1366,48.56,33.02,58.17,3.983,0.1302,0.0211,7.282,3.85,383.8,109.4,14.86,84.08,True,Normal,0,train
PUMP_01,2026-03-06 23:00:00,0.1467,49.64,33.92,60.72,3.87,0.1388,0.0127,7.243,3.16,375.6,92.6,13.42,84.04,True,Normal,0,train
PUMP_01,2026-03-07 00:00:00,0.1411,48.19,33.49,57.95,3.984,0.1405,0.0121,7.182,4.34,377.6,101.3,13.35,84.0,True,Normal,0,train
PUMP_01,2026-03-07 01:00:00,0.1465,50.28,33.25,58.12,4.06,0.1444,0.0086,7.214,4.57,380.0,91.0,14.13,83.96,True,Normal,0,train
PUMP_01,2026-03-07 02:00:00,0.1565,49.63,33.62,58.66,4.048,0.144,0.0076,7.208,4.6,380.6,93.6,14.07,83.92,True,Normal,0,train
PUMP_01,2026-03-07 03:00:00,0.1507,53.33,33.54,57.86,3.977,0.1464,0.007,7.063,4.14,371.5,100.6,11.05,83.88,True,Normal,0,train
PUMP_01,2026-03-07 04:00:00,0.1522,47.44,34.01,58.44,3.883,0.149,0.0054,7.155,4.02,378.8,107.3,12.74,83.83,True,Normal,0,train
PUMP_01,2026-03-07 05:00:00,0.1445,50.24,33.63,58.47,4.052,0.1486,0.0056,7.197,4.53,384.0,102.9,14.0,83.79,True,Normal,0,train
PUMP_01,2026-03-07 06:00:00,0.1427,50.26,33.68,56.99,4.034,0.1488,0.0052,7.182,4.67,378.1,111.5,13.61,83.75,True,Normal,0,train
PUMP_01,2026-03-07 07:00:00,0.1606,48.45,34.0,57.89,4.067,0.1512,0.0069,7.212,4.45,378.9,120.4,13.97,83.71,True,Normal,0,train
PUMP_01,2026-03-07 08:00:00,0.1633,50.14,34.61,58.89,3.978,0.1523,0.0083,7.256,3.62,380.8,125.7,14.17,83.67,True,Normal,0,train
PUMP_01,2026-03-07 09:00:00,0.1356,51.15,34.88,59.11,3.865,0.1498,0.0108,7.184,4.08,379.4,135.9,13.27,83.62,True,Normal,0,train
PUMP_01,2026-03-07 10:00:00,0.1664,50.14,34.09,59.56,4.043,0.1522,0.0128,7.147,4.18,374.8,151.4,12.56,83.58,True,Normal,0,train
PUMP_01,2026-03-07 11:00:00,0.164,52.08,34.14,58.4,3.999,0.1554,0.0129,7.216,3.28,379.8,143.3,13.25,83.54,True,Normal,0,train
PUMP_01,2026-03-07 12:00:00,0.1646,46.73,33.89,58.43,4.111,0.1591,0.0117,7.184,4.19,385.0,141.2,13.58,83.5,True,Normal,0,train
PUMP_01,2026-03-07 13:00:00,0.1519,48.74,34.29,58.9,4.002,0.1576,0.012,7.192,4.91,374.7,139.8,13.79,83.46,True,Normal,0,train
PUMP_01,2026-03-07 14:00:00,0.1546,52.21,34.23,57.29,3.996,0.1562,0.0117,7.185,4.26,378.1,142.8,13.37,83.42,True,Normal,0,train
PUMP_01,2026-03-07 15:00:00,0.1757,51.37,34.8,57.24,4.033,0.1629,0.0086,7.312,4.59,373.1,137.9,15.42,83.38,True,Normal,0,train
PUMP_01,2026-03-07 16:00:00,0.1368,50.81,32.87,57.85,3.952,0.1579,0.0133,7.088,4.07,384.7,139.5,11.95,83.33,True,Normal,0,train
PUMP_01,2026-03-07 17:00:00,0.1247,51.85,33.86,56.47,3.948,0.1514,0.0184,7.181,3.97,379.5,134.3,13.15,83.29,True,Normal,0,train
PUMP_01,2026-03-07 18:00:00,0.117,47.13,34.2,58.49,3.992,0.1434,0.0216,7.2,4.15,375.7,124.6,13.43,83.25,True,Normal,0,train
PUMP_01,2026-03-07 19:00:00,0.1667,51.19,33.98,59.26,3.926,0.1459,0.0235,7.161,3.67,380.5,127.9,12.67,83.21,True,Normal,0,train
PUMP_01,2026-03-07 20:00:00,0.1679,51.6,33.44,57.15,3.982,0.1481,0.0251,7.245,3.61,374.0,110.6,13.7,83.17,True,Normal,0,train
PUMP_01,2026-03-07 21:00:00,0.1291,49.01,33.22,58.52,4.155,0.1404,0.0218,7.241,4.51,374.8,107.0,14.29,83.12,True,Normal,0,train
PUMP_01,2026-03-07 22:00:00,0.1341,53.94,34.48,57.25,4.083,0.1399,0.0219,7.198,4.55,372.7,104.9,13.54,83.08,True,Normal,0,train
PUMP_01,2026-03-07 23:00:00,0.1426,50.29,33.55,56.78,4.025,0.1429,0.0206,7.186,3.6,374.7,101.9,12.78,83.04,True,Normal,0,train
PUMP_01,2026-03-08 00:00:00,0.1684,46.71,32.95,60.47,4.124,0.1515,0.0183,7.194,4.39,386.8,101.0,13.96,83.0,True,Normal,0,train
PUMP_01,2026-03-08 01:00:00,0.1333,50.57,34.51,56.8,3.934,0.1459,0.0178,7.195,3.97,376.3,96.7,13.24,82.96,True,Normal,0,train
PUMP_01,2026-03-08 02:00:00,0.1255,48.92,34.28,56.46,4.199,0.1388,0.0156,7.196,4.14,382.3,100.1,13.63,82.92,True,Normal,0,train
PUMP_01,2026-03-08 03:00:00,0.1896,51.75,33.93,58.26,3.963,0.1489,0.0248,7.191,4.18,375.8,95.7,13.3,82.88,True,Normal,0,train
PUMP_01,2026-03-08 04:00:00,0.1633,50.82,33.45,58.32,4.16,0.1538,0.0242,7.213,4.4,383.8,106.0,14.14,82.83,True,Normal,0,train
PUMP_01,2026-03-08 05:00:00,0.1665,49.1,33.93,58.8,4.16,0.1578,0.024,7.238,4.03,374.9,111.1,13.91,82.79,True,Normal,0,train
PUMP_01,2026-03-08 06:00:00,0.1569,52.25,34.73,60.4,3.86,0.1558,0.0234,7.138,4.56,380.2,119.6,12.92,82.75,True,Normal,0,train
PUMP_01,2026-03-08 07:00:00,0.1666,51.41,33.03,57.07,4.117,0.1614,0.0208,7.147,4.12,380.3,113.3,12.76,82.71,True,Normal,0,train
PUMP_01,2026-03-08 08:00:00,0.1359,48.76,33.06,57.31,3.977,0.1631,0.0173,7.113,4.25,391.6,122.8,12.76,82.67,True,Normal,0,train
PUMP_01,2026-03-08 09:00:00,0.1445,49.77,33.62,59.93,3.955,0.1556,0.0127,7.243,3.67,383.2,135.8,14.09,82.62,True,Normal,0,train
PUMP_01,2026-03-08 10:00:00,0.1566,50.78,33.98,59.13,4.042,0.1545,0.0122,7.213,4.86,377.0,127.1,14.18,82.58,True,Normal,0,train
PUMP_01,2026-03-08 11:00:00,0.1185,49.45,33.7,58.96,3.919,0.1465,0.0174,7.225,4.19,383.4,143.6,14.18,82.54,True,Normal,0,train
PUMP_01,2026-03-08 12:00:00,0.1455,49.5,34.39,57.29,4.04,0.1446,0.0166,7.129,4.29,390.7,148.4,13.0,82.5,True,Normal,0,train
PUMP_01,2026-03-08 13:00:00,0.1419,50.06,34.65,59.35,3.925,0.1405,0.0127,7.289,3.36,371.9,142.7,14.14,82.46,True,Normal,0,train
PUMP_01,2026-03-08 14:00:00,0.1405,48.4,34.17,58.96,4.014,0.1413,0.0125,7.17,3.67,375.8,142.4,12.61,82.42,True,Normal,0,train
PUMP_01,2026-03-08 15:00:00,0.1347,46.65,34.34,58.23,4.107,0.1396,0.0126,7.208,4.5,378.8,137.4,13.93,82.38,True,Normal,0,train
PUMP_01,2026-03-08 16:00:00,0.1264,50.36,34.16,57.3,4.031,0.1346,0.0103,7.243,4.11,377.9,135.6,14.18,82.33,True,Normal,0,train
PUMP_01,2026-03-08 17:00:00,0.113,47.02,34.01,58.13,3.971,0.1337,0.0121,7.151,3.23,378.3,130.5,12.11,82.29,True,Normal,0,train
PUMP_01,2026-03-08 18:00:00,0.1422,48.51,33.22,59.98,4.043,0.1331,0.0115,7.173,4.42,373.5,123.7,13.08,82.25,True,Normal,0,train
PUMP_01,2026-03-08 19:00:00,0.1358,47.34,33.38,56.69,3.887,0.1321,0.0109,7.209,3.78,387.0,117.0,13.78,82.21,True,Normal,0,train
PUMP_01,2026-03-08 20:00:00,0.1207,47.53,33.19,57.04,3.933,0.1288,0.0108,7.343,4.56,372.9,112.4,15.88,82.17,True,Normal,0,train
PUMP_01,2026-03-08 21:00:00,0.1439,50.64,33.91,57.25,3.966,0.1303,0.0124,7.215,3.96,379.0,106.4,13.67,82.12,True,Normal,0,train
PUMP_01,2026-03-08 22:00:00,0.1406,49.67,34.14,57.51,4.063,0.1327,0.0128,7.28,4.08,385.2,109.8,15.06,82.08,True,Normal,0,train
PUMP_01,2026-03-08 23:00:00,0.1405,49.61,33.13,57.98,4.032,0.1373,0.0086,7.26,4.47,379.8,96.8,14.79,82.04,True,Normal,0,train
PUMP_01,2026-03-09 00:00:00,0.1176,48.03,34.04,59.15,4.043,0.1332,0.0112,7.218,3.64,375.1,97.2,13.34,82.0,True,Normal,0,train
PUMP_01,2026-03-09 01:00:00,0.1628,49.02,33.47,58.55,3.998,0.1377,0.0166,7.151,3.6,373.3,92.7,12.15,81.96,True,Normal,0,train
PUMP_01,2026-03-09 02:00:00,0.1365,50.56,33.36,58.07,3.937,0.1403,0.0145,7.253,3.92,378.9,93.5,14.24,81.92,True,Normal,0,train
PUMP_01,2026-03-09 03:00:00,0.158,49.92,33.62,58.33,4.119,0.1427,0.0162,7.125,4.33,376.2,91.5,12.38,81.88,True,Normal,0,train
PUMP_01,2026-03-09 04:00:00,0.1465,51.23,33.33,58.75,3.944,0.1436,0.0163,7.28,3.47,381.0,96.0,14.45,81.83,True,Normal,0,train
PUMP_01,2026-03-09 05:00:00,0.1538,51.45,34.36,55.98,4.034,0.1459,0.0166,7.21,3.33,373.0,102.7,12.9,81.79,True,Normal,0,train
PUMP_01,2026-03-09 06:00:00,0.1773,49.62,33.9,59.29,3.991,0.1558,0.014,7.067,4.33,384.1,114.3,11.78,81.75,True,Normal,0,train
PUMP_01,2026-03-09 07:00:00,0.1676,47.22,34.49,57.01,4.045,0.1566,0.0146,7.183,3.76,380.6,124.3,13.08,81.71,True,Normal,0,train
PUMP_01,2026-03-09 08:00:00,0.1756,48.87,33.73,57.47,3.952,0.1631,0.0124,7.233,3.84,380.9,119.3,13.95,81.67,True,Normal,0,train
PUMP_01,2026-03-09 09:00:00,0.162,49.85,33.76,58.41,4.084,0.1638,0.0122,7.188,3.26,387.2,130.3,13.09,81.62,True,Normal,0,train
PUMP_01,2026-03-09 10:00:00,0.1609,48.84,35.12,57.91,4.11,0.1662,0.0091,7.236,3.73,377.8,132.2,13.79,81.58,True,Normal,0,train
PUMP_01,2026-03-09 11:00:00,0.1259,48.42,33.03,58.58,4.079,0.1616,0.0187,7.157,4.0,376.4,140.6,12.67,81.54,True,Normal,0,train
PUMP_01,2026-03-09 12:00:00,0.1452,50.1,34.77,58.17,4.013,0.1562,0.0179,7.135,4.37,377.3,148.5,12.6,81.5,True,Normal,0,train
PUMP_01,2026-03-09 13:00:00,0.144,53.65,34.99,57.65,3.965,0.1523,0.0175,7.196,3.69,379.0,143.2,13.19,81.46,True,Normal,0,train
PUMP_01,2026-03-09 14:00:00,0.1634,49.27,34.46,59.83,4.226,0.1502,0.0147,7.202,4.66,379.5,144.0,13.97,81.42,True,Normal,0,train
PUMP_01,2026-03-09 15:00:00,0.1353,50.0,33.8,58.85,3.921,0.1458,0.0145,7.183,3.73,375.8,147.5,12.86,81.38,True,Normal,0,train
PUMP_01,2026-03-09 16:00:00,0.1453,48.03,34.86,58.36,4.07,0.1432,0.0125,7.261,3.73,369.9,139.5,13.87,81.33,True,Normal,0,train
PUMP_01,2026-03-09 17:00:00,0.1437,51.87,33.81,58.83,4.027,0.1462,0.0092,7.148,4.94,377.2,129.5,13.21,81.29,True,Normal,0,train
PUMP_01,2026-03-09 18:00:00,0.1574,51.31,33.58,57.15,3.995,0.1482,0.0103,7.199,4.66,381.8,127.1,14.02,81.25,True,Normal,0,train
PUMP_01,2026-03-09 19:00:00,0.1383,51.21,33.77,60.61,4.015,0.1472,0.011,7.187,4.36,380.7,116.7,13.57,81.21,True,Normal,0,train
PUMP_01,2026-03-09 20:00:00,0.1538,52.04,33.66,56.69,3.959,0.1456,0.0086,7.106,4.51,386.0,115.2,12.6,81.17,True,Normal,0,train
PUMP_01,2026-03-09 21:00:00,0.1174,49.36,33.43,58.14,4.034,0.1427,0.0142,7.118,5.12,389.8,109.6,13.37,81.12,True,Normal,0,train
PUMP_01,2026-03-09 22:00:00,0.1208,49.55,34.67,57.66,4.025,0.1386,0.0166,7.184,5.16,383.8,96.9,14.22,81.08,True,Normal,0,train
PUMP_01,2026-03-09 23:00:00,0.1132,52.56,33.54,57.61,4.214,0.1335,0.0192,7.292,3.93,389.2,99.0,15.3,81.04,True,Normal,0,train
PUMP_01,2026-03-10 00:00:00,0.1618,50.95,33.98,57.45,4.086,0.1342,0.0203,7.229,3.98,388.0,95.4,14.28,81.0,True,Normal,0,train
PUMP_01,2026-03-10 01:00:00,0.1627,46.67,33.13,57.07,4.041,0.1383,0.0235,7.114,4.04,392.7,97.2,12.67,80.96,True,Normal,0,train
PUMP_01,2026-03-10 02:00:00,0.1685,50.68,34.02,59.43,4.046,0.1407,0.0261,7.044,3.61,393.4,99.2,11.29,80.92,True,Normal,0,train
PUMP_01,2026-03-10 03:00:00,0.1469,49.13,33.31,56.55,4.147,0.1457,0.0234,7.237,3.98,388.9,100.3,14.44,80.88,True,Normal,0,train
PUMP_01,2026-03-10 04:00:00,0.1502,51.35,33.29,59.18,3.922,0.1506,0.02,7.195,4.0,387.7,101.1,13.74,80.83,True,Normal,0,train
PUMP_01,2026-03-10 05:00:00,0.1578,50.61,33.93,58.78,3.985,0.158,0.0081,7.257,4.46,380.8,111.2,14.76,80.79,True,Normal,0,train
PUMP_01,2026-03-10 06:00:00,0.1817,47.39,34.63,57.54,3.847,0.1613,0.0127,7.156,4.48,379.8,110.0,13.12,80.75,True,Normal,0,train
PUMP_01,2026-03-10 07:00:00,0.1851,50.4,34.26,58.64,4.045,0.165,0.0161,7.218,3.87,378.3,114.7,13.62,80.71,True,Normal,0,train
PUMP_01,2026-03-10 08:00:00,0.1706,50.32,34.31,57.81,4.068,0.1654,0.0162,7.242,3.91,383.1,113.7,14.25,80.67,True,Normal,0,train
PUMP_01,2026-03-10 09:00:00,0.162,50.55,33.92,56.68,3.92,0.1679,0.0137,7.178,4.27,376.4,132.2,13.18,80.62,True,Normal,0,train
PUMP_01,2026-03-10 10:00:00,0.175,50.86,33.8,56.69,4.115,0.172,0.0108,7.179,3.77,379.0,134.4,12.96,80.58,True,Normal,0,train
PUMP_01,2026-03-10 11:00:00,0.1488,52.24,34.47,58.79,3.942,0.1705,0.0134,7.201,4.24,368.2,143.2,13.19,80.54,True,Normal,0,train
PUMP_01,2026-03-10 12:00:00,0.1441,50.62,33.66,58.72,3.973,0.1643,0.0158,7.227,3.96,388.6,136.3,14.27,80.5,True,Normal,0,train
PUMP_01,2026-03-10 13:00:00,0.1455,50.03,34.5,58.29,4.01,0.1577,0.0134,7.199,3.61,378.9,142.4,13.17,80.46,True,Normal,0,train
PUMP_01,2026-03-10 14:00:00,0.1303,51.72,34.74,57.53,4.128,0.151,0.0155,7.249,3.62,382.3,146.0,14.11,80.42,True,Normal,0,train
PUMP_01,2026-03-10 15:00:00,0.1403,53.36,33.5,57.77,3.931,0.1473,0.015,7.177,4.58,387.3,137.5,13.84,80.38,True,Normal,0,train
PUMP_01,2026-03-10 16:00:00,0.1246,51.37,33.58,57.61,4.023,0.1389,0.0095,7.134,3.94,381.5,139.3,12.46,80.33,True,Normal,0,train
PUMP_01,2026-03-10 17:00:00,0.1557,50.31,33.67,55.9,4.062,0.1401,0.0112,7.299,4.66,387.2,130.3,15.84,80.29,True,Normal,0,train
PUMP_01,2026-03-10 18:00:00,0.1482,50.65,33.12,58.07,4.045,0.1408,0.0116,7.17,3.79,373.8,126.3,12.61,80.25,True,Normal,0,train
PUMP_01,2026-03-10 19:00:00,0.1618,50.38,33.72,58.63,4.048,0.1435,0.0145,7.172,4.12,392.0,122.4,13.63,80.21,True,Normal,0,train
PUMP_01,2026-03-10 20:00:00,0.1169,50.03,34.78,58.08,4.061,0.1413,0.0176,7.197,4.96,385.4,117.3,14.34,80.17,True,Normal,0,train
PUMP_01,2026-03-10 21:00:00,0.1715,53.25,33.37,60.12,3.956,0.1464,0.0215,7.203,3.58,381.0,107.9,13.3,80.12,True,Normal,0,train
PUMP_01,2026-03-10 22:00:00,0.1214,48.88,34.8,56.79,4.135,0.1459,0.0221,7.181,3.24,387.1,99.1,12.96,80.08,True,Normal,0,train
PUMP_01,2026-03-10 23:00:00,0.1294,51.73,33.74,57.21,3.991,0.1415,0.0224,7.199,4.51,374.2,96.5,13.6,80.04,True,Normal,0,train
PUMP_01,2026-03-11 00:00:00,0.1407,49.81,35.27,58.16,3.98,0.1403,0.0222,7.198,3.67,378.6,98.4,13.18,80.0,True,Normal,0,train
PUMP_01,2026-03-11 01:00:00,0.1722,47.78,33.59,58.29,4.108,0.142,0.0245,7.209,3.99,387.2,90.9,13.93,79.96,True,Normal,0,train
PUMP_01,2026-03-11 02:00:00,0.1584,49.72,33.91,55.72,3.95,0.1489,0.0217,7.082,3.77,370.7,95.1,11.06,79.92,True,Normal,0,train
PUMP_01,2026-03-11 03:00:00,0.1534,49.18,33.45,58.72,4.026,0.1459,0.019,7.294,4.11,382.8,96.8,15.2,79.88,True,Normal,0,train
PUMP_01,2026-03-11 04:00:00,0.1468,50.87,33.59,58.3,3.942,0.1502,0.0148,7.193,3.62,382.7,101.9,13.23,79.83,True,Normal,0,train
PUMP_01,2026-03-11 05:00:00,0.139,50.14,34.8,55.46,4.202,0.1518,0.0124,7.229,3.93,389.8,103.5,14.32,79.79,True,Normal,0,train
PUMP_01,2026-03-11 06:00:00,0.177,48.47,34.28,57.86,4.185,0.1578,0.0146,7.131,4.18,372.1,106.1,12.19,79.75,True,Normal,0,train
PUMP_01,2026-03-11 07:00:00,0.1716,52.21,34.62,57.03,3.991,0.1577,0.0145,7.176,3.6,388.0,122.1,13.18,79.71,True,Normal,0,train
PUMP_01,2026-03-11 08:00:00,0.1789,51.64,33.21,57.46,4.042,0.1611,0.0169,7.166,3.72,377.2,130.3,12.65,79.67,True,Normal,0,train
PUMP_01,2026-03-11 09:00:00,0.163,52.38,34.39,56.39,4.0,0.1627,0.0165,7.273,3.86,377.8,125.3,14.49,79.62,True,Normal,0,train
PUMP_01,2026-03-11 10:00:00,0.1154,50.36,33.42,58.5,3.972,0.1575,0.0252,7.171,3.43,373.9,139.2,12.38,79.58,True,Normal,0,train
PUMP_01,2026-03-11 11:00:00,0.1339,49.95,33.2,60.11,4.01,0.1566,0.026,7.238,3.83,374.6,146.0,13.76,79.54,True,Normal,0,train
PUMP_01,2026-03-11 12:00:00,0.157,51.06,34.14,58.32,3.997,0.1533,0.0241,7.167,4.05,382.0,146.5,13.1,79.5,True,Normal,0,train
PUMP_01,2026-03-11 13:00:00,0.1419,49.13,34.14,55.41,3.878,0.1484,0.0226,7.177,3.84,374.4,143.3,12.79,79.46,True,Normal,0,train
PUMP_01,2026-03-11 14:00:00,0.1366,50.2,34.03,58.34,4.021,0.1413,0.0171,7.188,3.89,383.7,140.4,13.38,79.42,True,Normal,0,train
PUMP_01,2026-03-11 15:00:00,0.1264,49.74,34.43,57.77,3.997,0.1352,0.0141,7.264,3.99,376.7,142.0,14.38,79.38,True,Normal,0,train
PUMP_01,2026-03-11 16:00:00,0.1556,47.81,34.52,56.68,4.025,0.1419,0.0122,7.106,3.74,373.9,138.7,11.55,79.33,True,Normal,0,train
PUMP_01,2026-03-11 17:00:00,0.1472,50.19,34.88,58.42,3.994,0.1441,0.0117,7.134,4.28,377.4,132.9,12.53,79.29,True,Normal,0,train
PUMP_01,2026-03-11 18:00:00,0.1475,49.34,33.29,59.06,3.971,0.1425,0.0101,7.103,4.57,381.7,125.7,12.41,79.25,True,Normal,0,train
PUMP_01,2026-03-11 19:00:00,0.1308,49.64,34.9,57.2,4.07,0.1407,0.0112,7.146,3.81,378.6,115.7,12.44,79.21,True,Normal,0,train
PUMP_01,2026-03-11 20:00:00,0.144,50.55,35.13,56.03,4.043,0.1419,0.0111,7.159,4.19,380.2,115.2,12.99,79.17,True,Normal,0,train
PUMP_01,2026-03-11 21:00:00,0.1229,51.91,33.78,55.59,4.112,0.1413,0.0121,7.119,3.9,383.5,109.4,12.29,79.12,True,Normal,0,train
PUMP_01,2026-03-11 22:00:00,0.1431,48.73,33.0,57.2,4.04,0.1392,0.0101,7.163,4.15,385.4,103.1,13.24,79.08,True,Normal,0,train
PUMP_01,2026-03-11 23:00:00,0.1095,49.5,33.17,57.81,3.984,0.133,0.0148,7.099,4.63,378.4,98.8,12.26,79.04,True,Normal,0,train
PUMP_01,2026-03-12 00:00:00,0.1265,48.85,33.72,57.38,4.049,0.1295,0.013,7.149,4.2,374.8,102.6,12.61,79.0,True,Normal,0,train
PUMP_01,2026-03-12 01:00:00,0.1478,48.75,35.21,57.18,3.842,0.1323,0.0151,7.26,3.29,380.4,92.5,13.98,78.96,True,Normal,0,train
PUMP_01,2026-03-12 02:00:00,0.1906,49.11,34.01,58.68,4.168,0.1401,0.0284,7.22,4.18,382.4,101.0,14.05,78.92,True,Normal,0,train
PUMP_01,2026-03-12 03:00:00,0.1301,49.71,33.63,58.56,4.022,0.1413,0.0277,7.209,4.49,372.7,95.4,13.69,78.88,True,Normal,0,train
PUMP_01,2026-03-12 04:00:00,0.14,50.88,33.59,58.24,4.175,0.1408,0.0277,7.15,3.91,375.5,106.8,12.45,78.83,True,Normal,0,train
PUMP_01,2026-03-12 05:00:00,0.1629,50.48,33.21,58.98,3.93,0.1496,0.0239,7.123,4.4,376.4,112.4,12.4,78.79,True,Normal,0,train
PUMP_01,2026-03-12 06:00:00,0.1865,48.41,34.52,57.21,3.911,0.1596,0.0249,7.143,3.72,379.0,112.4,12.35,78.75,True,Normal,0,train
PUMP_01,2026-03-12 07:00:00,0.1627,51.94,33.94,56.69,4.029,0.1621,0.0242,7.198,3.41,376.2,126.6,12.89,78.71,True,Normal,0,train
PUMP_01,2026-03-12 08:00:00,0.1692,51.42,35.26,57.37,4.029,0.1586,0.0204,7.243,4.06,383.5,128.3,14.38,78.67,True,Normal,0,train
PUMP_01,2026-03-12 09:00:00,0.152,48.65,34.38,57.29,4.027,0.1622,0.0157,7.245,3.3,372.0,129.0,13.4,78.62,True,Normal,0,train
PUMP_01,2026-03-12 10:00:00,0.1473,51.84,34.5,55.54,4.015,0.1634,0.0138,7.232,3.9,372.1,136.2,13.61,78.58,True,Normal,0,train
PUMP_01,2026-03-12 11:00:00,0.1538,50.49,33.85,57.35,3.95,0.1619,0.0144,7.163,4.51,378.3,146.2,13.2,78.54,True,Normal,0,train
PUMP_01,2026-03-12 12:00:00,0.1401,49.77,33.35,59.33,3.881,0.1542,0.0105,7.201,3.24,379.1,147.8,12.95,78.5,True,Normal,0,train
PUMP_01,2026-03-12 13:00:00,0.1583,50.54,33.48,58.96,4.023,0.1534,0.0099,7.184,3.49,372.7,140.8,12.58,78.46,True,Normal,0,train
PUMP_01,2026-03-12 14:00:00,0.1209,49.96,33.18,58.63,3.897,0.1454,0.0135,7.19,3.59,377.0,143.6,12.92,78.42,True,Normal,0,train
PUMP_01,2026-03-12 15:00:00,0.1563,50.82,34.55,58.16,3.89,0.1461,0.014,7.302,3.97,378.0,142.5,15.03,78.38,True,Normal,0,train
PUMP_01,2026-03-12 16:00:00,0.1419,50.28,33.77,59.74,3.97,0.1452,0.0141,7.112,3.85,378.0,135.6,11.91,78.33,True,Normal,0,train
PUMP_01,2026-03-12 17:00:00,0.1371,49.49,34.57,56.73,4.034,0.1424,0.0137,7.188,4.56,380.8,141.9,13.74,78.29,True,Normal,0,train
PUMP_01,2026-03-12 18:00:00,0.1154,46.96,34.08,56.84,4.159,0.1383,0.0177,7.261,4.38,376.7,127.4,14.6,78.25,True,Normal,0,train
PUMP_01,2026-03-12 19:00:00,0.1256,50.79,33.82,59.35,4.078,0.1329,0.0152,7.127,4.2,387.4,119.8,12.77,78.21,True,Normal,0,train
PUMP_01,2026-03-12 20:00:00,0.1593,49.44,33.3,58.03,4.115,0.1393,0.0171,7.168,4.06,382.4,118.3,13.13,78.17,True,Normal,0,train
PUMP_01,2026-03-12 21:00:00,0.1398,51.17,34.18,57.19,4.052,0.1365,0.015,7.174,4.16,376.0,106.0,13.02,78.12,True,Normal,0,train
PUMP_01,2026-03-12 22:00:00,0.1492,50.72,33.87,58.66,4.029,0.1377,0.0158,7.189,3.66,380.5,106.4,13.1,78.08,True,Normal,0,train
PUMP_01,2026-03-12 23:00:00,0.1342,49.48,34.54,57.47,4.2,0.1372,0.0159,7.12,4.34,380.6,91.7,12.49,78.04,True,Normal,0,train
PUMP_01,2026-03-13 00:00:00,0.1496,51.53,33.57,56.99,3.894,0.143,0.0122,7.23,3.56,386.1,94.0,13.92,78.0,True,Normal,0,train
PUMP_01,2026-03-13 01:00:00,0.132,50.31,34.37,56.96,3.967,0.144,0.0105,7.233,4.33,377.0,99.2,14.14,77.96,True,Normal,0,train
PUMP_01,2026-03-13 02:00:00,0.1565,50.25,34.98,58.39,3.973,0.1436,0.0097,7.225,4.47,383.8,102.1,14.4,77.92,True,Normal,0,train
PUMP_01,2026-03-13 03:00:00,0.1626,49.79,34.16,58.25,4.071,0.1474,0.0121,7.156,4.08,380.2,95.3,12.87,77.88,True,Normal,0,train
PUMP_01,2026-03-13 04:00:00,0.1635,52.53,34.47,59.82,3.922,0.1497,0.0138,7.204,3.93,387.5,98.8,13.83,77.83,True,Normal,0,train
PUMP_01,2026-03-13 05:00:00,0.1461,48.93,34.34,57.65,4.061,0.1517,0.0119,7.155,4.16,386.5,109.8,13.16,77.79,True,Normal,0,train
PUMP_01,2026-03-13 06:00:00,0.1549,49.52,35.14,57.63,4.046,0.1526,0.0119,7.183,2.86,381.0,111.0,12.47,77.75,True,Normal,0,train
PUMP_01,2026-03-13 07:00:00,0.1677,48.14,34.22,59.73,4.065,0.1586,0.0077,7.308,4.12,378.7,118.9,15.25,77.71,True,Normal,0,train
PUMP_01,2026-03-13 08:00:00,0.1555,51.09,34.42,59.18,4.064,0.1584,0.0078,7.205,3.95,382.5,130.0,13.65,77.67,True,Normal,0,train
PUMP_01,2026-03-13 09:00:00,0.1528,49.13,33.98,58.17,4.123,0.1568,0.0077,7.141,3.98,379.1,130.3,12.5,77.62,True,Normal,0,train
PUMP_01,2026-03-13 10:00:00,0.1836,49.29,33.54,56.13,3.996,0.1601,0.0135,7.209,4.28,388.4,129.8,14.19,77.58,True,Normal,0,train
PUMP_01,2026-03-13 11:00:00,0.1383,49.22,33.28,57.03,4.042,0.1588,0.0153,7.132,3.97,380.4,136.4,12.41,77.54,True,Normal,0,train
PUMP_01,2026-03-13 12:00:00,0.1662,50.09,34.76,56.74,3.941,0.1607,0.0155,7.14,3.54,378.0,144.2,12.14,77.5,True,Normal,0,train
PUMP_01,2026-03-13 13:00:00,0.1301,48.12,33.39,58.04,3.923,0.1544,0.0192,7.148,3.94,377.7,137.5,12.53,77.46,True,Normal,0,train
PUMP_01,2026-03-13 14:00:00,0.1548,46.64,34.45,57.39,4.141,0.1543,0.0192,7.178,4.03,373.9,143.0,12.91,77.42,True,Normal,0,train
PUMP_01,2026-03-13 15:00:00,0.1536,50.69,34.25,59.92,3.935,0.1544,0.0192,7.247,4.05,382.8,136.1,14.4,77.38,True,Normal,0,train
PUMP_01,2026-03-13 16:00:00,0.1337,46.83,34.55,56.11,4.051,0.1461,0.0142,7.229,4.06,375.9,144.2,13.84,77.33,True,Normal,0,train
PUMP_01,2026-03-13 17:00:00,0.1221,51.28,33.69,56.61,4.042,0.1434,0.0172,7.226,4.42,385.5,141.2,14.44,77.29,True,Normal,0,train
PUMP_01,2026-03-13 18:00:00,0.1104,52.34,33.53,58.29,4.094,0.1341,0.0175,7.145,3.57,373.5,122.2,12.05,77.25,True,Normal,0,train
PUMP_01,2026-03-13 19:00:00,0.1311,49.75,34.23,58.63,3.867,0.1343,0.0175,7.173,4.07,380.6,121.0,13.14,77.21,True,Normal,0,train
PUMP_01,2026-03-13 20:00:00,0.1492,51.95,33.82,54.9,4.071,0.1334,0.0162,7.214,4.52,385.8,109.7,14.32,77.17,True,Normal,0,train
PUMP_01,2026-03-13 21:00:00,0.1268,49.96,33.26,55.92,3.995,0.1289,0.0129,7.169,3.31,369.2,106.3,12.06,77.12,True,Normal,0,train
PUMP_01,2026-03-13 22:00:00,0.1465,52.4,35.16,57.68,3.952,0.131,0.0148,7.186,4.07,390.1,109.5,13.75,77.08,True,Normal,0,train
PUMP_01,2026-03-13 23:00:00,0.1253,49.32,33.53,59.63,3.98,0.1316,0.0145,7.222,3.77,377.9,96.5,13.6,77.04,True,Normal,0,train
PUMP_01,2026-03-14 00:00:00,0.1465,46.45,33.4,60.27,4.083,0.1376,0.011,7.183,3.85,380.7,94.7,13.15,77.0,True,Normal,0,train
PUMP_01,2026-03-14 01:00:00,0.1354,49.88,33.85,57.5,4.058,0.1383,0.0106,7.211,3.64,382.9,91.2,13.55,76.96,True,Normal,0,train
PUMP_01,2026-03-14 02:00:00,0.1538,52.56,34.75,57.8,3.99,0.139,0.0117,7.28,3.93,383.6,100.4,14.88,76.92,True,Normal,0,train
PUMP_01,2026-03-14 03:00:00,0.1496,50.8,32.7,57.0,3.909,0.1428,0.0105,7.191,4.74,381.4,85.3,13.94,76.88,True,Normal,0,train
PUMP_01,2026-03-14 04:00:00,0.1408,49.23,34.7,58.76,3.915,0.1419,0.0104,7.259,3.49,385.0,100.6,14.3,76.83,True,Normal,0,train
PUMP_01,2026-03-14 05:00:00,0.1498,50.49,33.45,59.83,4.06,0.146,0.0068,7.228,3.53,382.6,107.3,13.73,76.79,True,Normal,0,train
PUMP_01,2026-03-14 06:00:00,0.146,51.46,34.16,59.51,3.898,0.1459,0.0067,7.127,3.48,388.8,110.9,12.33,76.75,True,Normal,0,train
PUMP_01,2026-03-14 07:00:00,0.14,49.87,33.59,57.97,3.991,0.1467,0.0055,7.145,4.69,382.6,123.5,13.21,76.71,True,Normal,0,train
PUMP_01,2026-03-14 08:00:00,0.1749,53.94,35.2,56.99,4.214,0.1502,0.0128,7.158,3.82,389.8,131.3,13.11,76.67,True,Normal,0,train
PUMP_01,2026-03-14 09:00:00,0.1517,49.22,34.07,58.01,4.037,0.1505,0.0128,7.157,3.99,384.5,126.9,13.0,76.62,True,Normal,0,train
PUMP_01,2026-03-14 10:00:00,0.122,51.5,33.58,59.66,4.059,0.1474,0.0172,7.195,3.84,371.0,146.1,12.94,76.58,True,Normal,0,train
PUMP_01,2026-03-14 11:00:00,0.1432,51.14,33.82,57.52,3.915,0.1463,0.0172,7.231,3.62,393.1,136.0,14.27,76.54,True,Normal,0,train
PUMP_01,2026-03-14 12:00:00,0.1637,48.95,34.05,55.82,3.902,0.1493,0.0186,7.263,3.91,377.1,149.3,14.32,76.5,True,Normal,0,train
PUMP_01,2026-03-14 13:00:00,0.136,49.36,34.11,57.57,4.064,0.1486,0.0191,7.215,4.98,387.5,145.6,14.75,76.46,True,Normal,0,train
PUMP_01,2026-03-14 14:00:00,0.1675,51.53,34.26,57.67,3.977,0.1474,0.0172,7.178,4.56,380.1,142.1,13.54,76.42,True,Normal,0,train
PUMP_01,2026-03-14 15:00:00,0.1301,50.22,34.0,55.81,4.094,0.1438,0.0183,7.096,3.66,385.3,140.0,11.82,76.38,True,Normal,0,train
PUMP_01,2026-03-14 16:00:00,0.1489,50.51,33.17,58.28,4.011,0.1482,0.0149,7.204,4.26,376.6,137.5,13.59,76.33,True,Normal,0,train
PUMP_01,2026-03-14 17:00:00,0.1559,47.55,33.8,58.61,4.285,0.1504,0.015,7.201,3.67,383.1,133.3,13.42,76.29,True,Normal,0,train
PUMP_01,2026-03-14 18:00:00,0.1468,50.98,34.36,60.23,3.962,0.1475,0.0135,7.209,3.29,378.7,122.8,13.1,76.25,True,Normal,0,train
PUMP_01,2026-03-14 19:00:00,0.1197,50.43,33.6,56.4,4.031,0.1448,0.0174,7.305,4.41,387.9,119.1,15.8,76.21,True,Normal,0,train
PUMP_01,2026-03-14 20:00:00,0.1272,49.9,34.4,58.88,3.936,0.1381,0.0144,7.262,4.46,382.2,110.4,14.91,76.17,True,Normal,0,train
PUMP_01,2026-03-14 21:00:00,0.1605,50.54,34.02,59.16,4.091,0.1432,0.0162,7.239,4.42,384.7,102.6,14.62,76.12,True,Normal,0,train
PUMP_01,2026-03-14 22:00:00,0.1329,49.39,33.87,58.62,4.043,0.1405,0.0164,7.152,3.81,369.2,99.1,12.15,76.08,True,Normal,0,train
PUMP_01,2026-03-14 23:00:00,0.162,49.11,34.72,56.79,3.931,0.1415,0.0177,7.174,3.93,379.6,93.7,13.03,76.04,True,Normal,0,train
PUMP_01,2026-03-15 00:00:00,0.1435,49.64,32.96,56.72,3.983,0.141,0.0175,7.195,4.3,382.1,94.2,13.72,76.0,True,Normal,0,train
PUMP_01,2026-03-15 01:00:00,0.1547,49.3,33.59,58.12,4.118,0.1468,0.0146,7.161,4.16,381.1,96.7,13.04,75.96,True,Normal,0,train
PUMP_01,2026-03-15 02:00:00,0.1342,53.27,34.74,58.11,4.108,0.148,0.0129,7.225,3.84,384.8,96.3,13.99,75.92,True,Normal,0,train
PUMP_01,2026-03-15 03:00:00,0.1479,51.37,35.1,57.33,3.895,0.1459,0.0114,7.218,3.35,378.2,106.2,13.26,75.88,True,Normal,0,train
PUMP_01,2026-03-15 04:00:00,0.1455,48.55,35.37,59.55,3.971,0.148,0.0096,7.146,4.05,380.2,93.5,12.67,75.83,True,Normal,0,train
PUMP_01,2026-03-15 05:00:00,0.163,53.05,34.03,57.52,4.154,0.1481,0.0099,7.26,4.43,385.9,109.4,15.01,75.79,True,Normal,0,train
PUMP_01,2026-03-15 06:00:00,0.1614,49.35,34.27,55.73,3.995,0.1511,0.0108,7.205,3.52,368.6,113.6,12.77,75.75,True,Normal,0,train
PUMP_01,2026-03-15 07:00:00,0.1666,50.04,34.49,57.73,4.023,0.1531,0.0126,7.114,4.26,382.9,123.3,12.42,75.71,True,Normal,0,train
PUMP_01,2026-03-15 08:00:00,0.1513,51.35,34.77,58.58,4.09,0.156,0.0088,7.197,4.13,378.3,129.3,13.48,75.67,True,Normal,0,train
PUMP_01,2026-03-15 09:00:00,0.1431,47.05,34.19,58.41,3.901,0.1551,0.0098,7.173,5.72,375.4,131.8,14.09,75.62,True,Normal,0,train
PUMP_01,2026-03-15 10:00:00,0.1577,49.64,34.56,58.4,3.933,0.1572,0.0086,7.167,7.2,381.7,138.4,15.29,75.58,True,Normal,0,train
PUMP_01,2026-03-15 11:00:00,0.1371,49.14,34.28,59.79,3.982,0.1529,0.0112,7.102,6.58,386.1,138.7,13.98,75.54,True,Normal,0,train
PUMP_01,2026-03-15 12:00:00,0.1662,50.31,34.31,56.66,4.104,0.1537,0.0121,7.16,6.21,385.2,146.6,14.62,75.5,True,Normal,0,train
PUMP_01,2026-03-15 13:00:00,0.1457,50.56,33.45,57.49,4.09,0.1502,0.0105,7.128,6.64,379.3,137.5,14.17,75.46,True,Normal,0,train
PUMP_01,2026-03-15 14:00:00,0.1401,49.88,33.8,59.85,4.066,0.1483,0.0113,7.053,7.21,384.4,147.3,13.57,75.42,True,Normal,0,train
PUMP_01,2026-03-15 15:00:00,0.1499,49.81,33.69,55.64,3.997,0.1494,0.011,7.088,5.21,394.5,141.6,13.17,75.38,True,Normal,0,train
PUMP_01,2026-03-15 16:00:00,0.1402,51.6,33.29,57.94,4.098,0.1465,0.0107,7.256,3.72,400.0,135.7,15.04,75.33,True,Normal,0,train
PUMP_01,2026-03-15 17:00:00,0.1155,50.45,33.01,59.47,3.996,0.1429,0.0165,7.26,3.27,396.9,131.6,14.65,75.29,True,Normal,0,train
PUMP_01,2026-03-15 18:00:00,0.1241,50.06,33.75,59.46,4.054,0.1359,0.0133,7.216,4.7,397.2,125.8,14.97,75.25,True,Normal,0,train
PUMP_01,2026-03-15 19:00:00,0.1562,50.22,33.84,58.79,4.081,0.1377,0.0154,7.275,4.33,404.6,125.2,15.95,75.21,True,Normal,0,train
PUMP_01,2026-03-15 20:00:00,0.1426,52.75,34.06,58.82,4.144,0.1381,0.0155,7.253,4.31,400.2,126.5,15.4,75.17,True,Normal,0,train
PUMP_01,2026-03-15 21:00:00,0.1177,50.26,34.33,56.75,4.003,0.1327,0.0161,7.234,4.39,385.0,112.4,14.53,75.12,True,Normal,0,train
PUMP_01,2026-03-15 22:00:00,0.1503,49.23,34.11,59.65,3.979,0.1344,0.0175,7.154,4.23,371.6,100.1,12.58,75.08,True,Normal,0,train
PUMP_01,2026-03-15 23:00:00,0.139,47.14,33.85,56.56,4.112,0.1383,0.0149,7.287,3.9,384.2,100.9,14.99,75.04,True,Normal,0,train
PUMP_01,2026-03-16 00:00:00,0.1369,47.85,33.45,56.63,4.118,0.1404,0.0133,7.227,3.93,377.3,98.5,13.77,75.0,True,Normal,0,train
PUMP_01,2026-03-16 01:00:00,0.1354,49.3,34.53,58.47,3.965,0.137,0.0108,7.181,3.83,381.7,91.3,13.14,74.96,True,Normal,0,train
PUMP_01,2026-03-16 02:00:00,0.17,49.84,33.94,57.41,3.92,0.1415,0.0174,7.167,5.05,386.2,90.8,13.96,74.92,True,Normal,0,train
PUMP_01,2026-03-16 03:00:00,0.1276,49.17,33.74,58.25,4.106,0.1432,0.015,7.213,4.22,373.5,98.1,13.59,74.88,True,Normal,0,train
PUMP_01,2026-03-16 04:00:00,0.1461,50.53,33.89,58.52,3.877,0.1425,0.0147,7.116,3.81,379.8,105.6,12.02,74.83,True,Normal,0,train
PUMP_01,2026-03-16 05:00:00,0.1615,49.15,33.56,60.13,3.873,0.1462,0.0164,7.235,4.19,379.1,101.1,14.15,74.79,True,Normal,0,train
PUMP_01,2026-03-16 06:00:00,0.1837,48.63,33.68,58.52,3.987,0.154,0.0214,7.152,3.6,381.9,110.6,12.53,74.75,True,Normal,0,train
PUMP_01,2026-03-16 07:00:00,0.168,50.92,33.66,57.26,4.008,0.1595,0.0198,7.219,4.6,386.2,122.3,14.48,74.71,True,Normal,0,train
PUMP_01,2026-03-16 08:00:00,0.146,52.05,33.83,58.81,3.915,0.1555,0.0197,7.174,3.74,373.4,126.6,12.62,74.67,True,Normal,0,train
PUMP_01,2026-03-16 09:00:00,0.18,48.34,34.39,57.0,4.018,0.1642,0.0162,7.187,4.2,382.8,138.2,13.55,74.62,True,Normal,0,train
PUMP_01,2026-03-16 10:00:00,0.1347,50.37,34.24,59.1,4.021,0.1623,0.0191,7.162,4.43,385.2,132.0,13.41,74.58,True,Normal,0,train
PUMP_01,2026-03-16 11:00:00,0.1566,47.14,34.93,58.08,3.962,0.1615,0.0193,7.192,4.15,379.1,151.1,13.44,74.54,True,Normal,0,train
PUMP_01,2026-03-16 12:00:00,0.1573,47.79,34.73,58.48,4.163,0.1571,0.0159,7.294,4.04,379.3,138.0,15.01,74.5,True,Normal,0,train
PUMP_01,2026-03-16 13:00:00,0.1342,49.12,35.17,55.86,4.034,0.1515,0.0172,7.269,4.0,382.1,136.9,14.7,74.46,True,Normal,0,train
PUMP_01,2026-03-16 14:00:00,0.1555,51.7,34.34,55.3,4.09,0.153,0.0171,7.218,3.98,381.7,143.9,13.84,74.42,True,Normal,0,train
PUMP_01,2026-03-16 15:00:00,0.1352,48.83,34.33,56.2,3.884,0.1456,0.0119,7.199,3.77,382.9,137.1,13.44,74.38,True,Normal,0,train
PUMP_01,2026-03-16 16:00:00,0.1518,48.78,33.71,60.09,3.883,0.1484,0.0108,7.242,3.82,382.8,137.5,14.17,74.33,True,Normal,0,train
PUMP_01,2026-03-16 17:00:00,0.1127,50.05,34.5,56.62,4.037,0.1411,0.0172,7.256,4.59,375.1,132.2,14.61,74.29,True,Normal,0,train
PUMP_01,2026-03-16 18:00:00,0.145,50.06,33.61,58.88,4.148,0.1391,0.0155,7.159,3.96,385.0,125.7,13.01,74.25,True,Normal,0,train
PUMP_01,2026-03-16 19:00:00,0.1342,48.82,33.12,57.23,3.919,0.1391,0.0155,7.196,3.69,385.8,116.6,13.46,74.21,True,Normal,0,train
PUMP_01,2026-03-16 20:00:00,0.1586,52.98,34.92,57.71,4.011,0.1396,0.0162,7.109,3.79,380.9,115.3,11.94,74.17,True,Normal,0,train
PUMP_01,2026-03-16 21:00:00,0.1423,49.6,33.25,57.95,3.901,0.1408,0.0161,7.256,4.44,372.5,106.2,14.4,74.12,True,Normal,0,train
PUMP_01,2026-03-16 22:00:00,0.1637,50.17,34.26,59.97,3.943,0.1428,0.0183,7.303,4.27,379.4,106.7,15.32,74.08,True,Normal,0,train
PUMP_01,2026-03-16 23:00:00,0.155,49.4,33.47,58.7,4.015,0.1498,0.0111,7.204,4.22,381.0,97.6,13.76,74.04,True,Normal,0,train
PUMP_01,2026-03-17 00:00:00,0.1481,50.66,34.68,58.46,3.961,0.1503,0.0109,7.094,3.9,374.3,92.0,11.49,74.0,True,Normal,0,train
PUMP_01,2026-03-17 01:00:00,0.1644,51.85,34.76,59.56,3.896,0.1553,0.0088,7.23,4.23,378.2,88.2,14.07,73.96,True,Normal,0,train
PUMP_01,2026-03-17 02:00:00,0.1669,52.5,34.32,57.24,3.894,0.1567,0.01,7.155,3.74,373.0,95.2,12.3,73.92,True,Normal,0,train
PUMP_01,2026-03-17 03:00:00,0.1641,48.86,34.75,59.28,3.849,0.1604,0.0073,7.167,3.9,383.0,93.3,13.02,73.88,True,Normal,0,train
PUMP_01,2026-03-17 04:00:00,0.1243,51.65,34.0,59.08,4.038,0.1538,0.0161,7.231,4.39,380.8,96.9,14.31,73.83,True,Normal,0,train
PUMP_01,2026-03-17 05:00:00,0.1449,50.82,35.34,59.07,4.048,0.1521,0.0165,7.213,4.35,371.8,109.6,13.61,73.79,True,Normal,0,train
PUMP_01,2026-03-17 06:00:00,0.1808,51.46,34.45,57.81,4.047,0.1576,0.0199,7.176,3.61,381.8,106.4,12.91,73.75,True,Normal,0,train
PUMP_01,2026-03-17 07:00:00,0.1408,49.86,33.46,57.48,3.927,0.1536,0.0206,7.168,3.66,379.7,125.6,12.73,73.71,True,Normal,0,train
PUMP_01,2026-03-17 08:00:00,0.1719,49.72,34.04,56.96,4.08,0.1545,0.0213,7.206,4.04,382.6,127.1,13.74,73.67,True,Normal,0,train
PUMP_01,2026-03-17 09:00:00,0.1677,51.4,33.91,57.03,4.057,0.1551,0.0217,7.18,4.69,378.0,132.3,13.57,73.62,True,Normal,0,train
PUMP_01,2026-03-17 10:00:00,0.1441,51.43,33.85,56.9,4.001,0.1584,0.0171,7.145,3.23,376.0,133.5,11.91,73.58,True,Normal,0,train
PUMP_01,2026-03-17 11:00:00,0.1227,52.35,33.01,58.44,3.987,0.1547,0.0223,7.183,4.11,376.1,144.7,13.15,73.54,True,Normal,0,train
PUMP_01,2026-03-17 12:00:00,0.1415,50.3,34.23,57.73,3.948,0.1481,0.0185,7.217,3.45,377.3,144.1,13.27,73.5,True,Normal,0,train
PUMP_01,2026-03-17 13:00:00,0.1786,49.84,33.17,58.52,4.015,0.1544,0.0217,7.191,3.75,380.1,142.3,13.18,73.46,True,Normal,0,train
PUMP_01,2026-03-17 14:00:00,0.1321,46.31,32.48,58.59,4.129,0.1478,0.0213,7.129,3.85,380.7,144.9,12.3,73.42,True,Normal,0,train
PUMP_01,2026-03-17 15:00:00,0.131,47.58,33.79,56.73,4.091,0.1417,0.0197,7.249,3.83,379.0,134.9,14.13,73.38,True,Normal,0,train
PUMP_01,2026-03-17 16:00:00,0.1264,49.41,33.55,56.69,3.98,0.1387,0.0205,7.063,3.79,377.9,131.1,11.07,73.33,True,Normal,0,train
PUMP_01,2026-03-17 17:00:00,0.1586,48.35,33.48,57.73,4.043,0.1447,0.0202,7.178,4.0,378.2,128.0,13.07,73.29,True,Normal,0,train
PUMP_01,2026-03-17 18:00:00,0.1364,51.22,32.14,57.07,3.912,0.1438,0.0204,7.169,3.79,392.5,127.9,13.38,73.25,True,Normal,0,train
PUMP_01,2026-03-17 19:00:00,0.131,48.03,33.49,56.94,4.058,0.1359,0.0116,7.207,3.42,376.1,120.0,13.05,73.21,True,Normal,0,train
PUMP_01,2026-03-17 20:00:00,0.1625,49.25,33.9,60.03,3.934,0.141,0.0155,7.228,4.31,377.2,117.7,14.05,73.17,True,Normal,0,train
PUMP_01,2026-03-17 21:00:00,0.1516,49.31,33.62,56.16,4.055,0.1444,0.0152,7.256,4.3,396.5,103.8,15.3,73.12,True,Normal,0,train
PUMP_01,2026-03-17 22:00:00,0.1312,51.81,34.23,60.43,4.238,0.1452,0.0141,7.164,4.34,382.1,104.6,13.25,73.08,True,Normal,0,train
PUMP_01,2026-03-17 23:00:00,0.1291,49.09,34.84,58.35,3.954,0.1403,0.0136,7.229,3.38,373.1,97.9,13.25,73.04,True,Normal,0,train
PUMP_01,2026-03-18 00:00:00,0.1674,50.68,34.31,59.18,4.234,0.1455,0.0173,7.21,4.12,384.2,92.1,13.92,73.0,True,Normal,0,train
PUMP_01,2026-03-18 01:00:00,0.1528,50.29,34.62,59.04,4.039,0.1491,0.0158,7.114,4.27,375.4,96.5,12.13,72.96,True,Normal,0,train
PUMP_01,2026-03-18 02:00:00,0.1318,51.35,34.67,58.74,3.94,0.144,0.0156,7.295,3.59,384.5,95.6,14.92,72.92,True,Normal,0,train
PUMP_01,2026-03-18 03:00:00,0.1303,51.28,33.39,59.99,3.936,0.1404,0.0159,7.128,4.0,378.9,95.8,12.31,72.88,True,Normal,0,train
PUMP_01,2026-03-18 04:00:00,0.1419,49.95,34.26,56.7,4.189,0.1422,0.0153,7.221,3.95,377.8,102.5,13.71,72.83,True,Normal,0,train
PUMP_01,2026-03-18 05:00:00,0.1411,47.46,34.6,57.81,4.039,0.1442,0.014,7.219,4.74,388.0,107.0,14.66,72.79,True,Normal,0,train
PUMP_01,2026-03-18 06:00:00,0.1293,49.65,33.74,56.98,3.955,0.1379,0.0091,7.214,4.77,382.8,112.9,14.38,72.75,True,Normal,0,train
PUMP_01,2026-03-18 07:00:00,0.1432,49.97,33.53,55.96,3.984,0.1363,0.0064,7.175,3.33,384.9,118.3,12.84,72.71,True,Normal,0,train
PUMP_01,2026-03-18 08:00:00,0.1449,50.43,34.32,57.21,4.034,0.1384,0.0068,7.241,5.0,382.2,121.3,14.95,72.67,True,Normal,0,train
PUMP_01,2026-03-18 09:00:00,0.1501,48.89,33.11,60.25,3.999,0.1418,0.0069,7.122,3.63,377.8,132.8,11.9,72.62,True,Normal,0,train
PUMP_01,2026-03-18 10:00:00,0.1804,51.71,33.35,57.79,4.028,0.1482,0.0172,7.197,4.39,383.1,134.5,13.85,72.58,True,Normal,0,train
PUMP_01,2026-03-18 11:00:00,0.1486,50.02,33.6,60.38,4.142,0.1494,0.0169,7.172,4.39,386.0,137.6,13.57,72.54,True,Normal,0,train
PUMP_01,2026-03-18 12:00:00,0.1475,48.62,34.27,60.5,3.91,0.1524,0.0139,7.166,3.6,380.7,143.2,12.71,72.5,True,Normal,0,train
PUMP_01,2026-03-18 13:00:00,0.1551,49.31,34.13,61.59,4.052,0.1544,0.0132,7.221,4.2,389.0,147.9,14.36,72.46,True,Normal,0,train
PUMP_01,2026-03-18 14:00:00,0.1414,52.89,34.62,60.29,3.994,0.1539,0.0137,7.254,3.96,384.3,144.9,14.51,72.42,True,Normal,0,train
PUMP_01,2026-03-18 15:00:00,0.1489,51.0,33.45,60.83,3.96,0.1536,0.0138,7.183,4.22,381.1,139.5,13.42,72.38,True,Normal,0,train
PUMP_01,2026-03-18 16:00:00,0.1455,51.57,33.41,58.39,4.086,0.1478,0.0045,7.239,4.09,381.3,135.4,14.24,72.33,True,Normal,0,train
PUMP_01,2026-03-18 17:00:00,0.1422,48.44,34.31,58.27,3.883,0.1468,0.005,7.202,4.48,380.7,135.0,13.9,72.29,True,Normal,0,train
PUMP_01,2026-03-18 18:00:00,0.1815,48.97,33.52,58.35,3.811,0.1524,0.0151,7.155,4.03,373.7,116.9,12.55,72.25,True,Normal,0,train
PUMP_01,2026-03-18 19:00:00,0.154,48.98,33.64,58.0,4.018,0.1522,0.0151,7.187,3.93,379.5,123.2,13.23,72.21,True,Normal,0,train
PUMP_01,2026-03-18 20:00:00,0.1251,50.28,32.89,58.18,3.989,0.1495,0.0185,7.185,4.44,381.1,106.0,13.61,72.17,True,Normal,0,train
PUMP_01,2026-03-18 21:00:00,0.1485,49.74,34.17,58.9,3.892,0.1495,0.0185,7.165,4.23,377.9,101.8,13.02,72.12,True,Normal,0,train
PUMP_01,2026-03-18 22:00:00,0.1331,49.27,34.92,57.44,3.863,0.1474,0.0197,7.221,4.29,381.7,100.3,14.12,72.08,True,Normal,0,train
PUMP_01,2026-03-18 23:00:00,0.1541,49.45,33.38,56.35,4.154,0.1494,0.0197,7.212,3.73,380.1,107.0,13.51,72.04,True,Normal,0,train
PUMP_01,2026-03-19 00:00:00,0.1294,48.81,34.61,58.44,4.037,0.1407,0.013,7.12,3.58,383.9,102.6,12.1,72.0,True,Normal,0,train
PUMP_01,2026-03-19 01:00:00,0.136,49.73,33.96,57.17,4.002,0.1377,0.0113,7.117,3.77,383.3,97.8,12.16,71.96,True,Normal,0,train
PUMP_01,2026-03-19 02:00:00,0.1602,51.67,32.94,57.29,4.176,0.1436,0.0125,7.221,3.75,380.8,97.3,13.7,71.92,True,Normal,0,train
PUMP_01,2026-03-19 03:00:00,0.172,47.73,33.46,57.83,4.082,0.1475,0.0172,7.159,4.31,373.2,90.9,12.78,71.88,True,Normal,0,train
PUMP_01,2026-03-19 04:00:00,0.1662,50.52,33.43,57.55,4.142,0.153,0.0169,7.215,4.39,389.0,102.9,14.39,71.83,True,Normal,0,train
PUMP_01,2026-03-19 05:00:00,0.1725,52.07,33.81,59.33,3.906,0.156,0.0187,7.239,3.94,379.3,105.3,14.05,71.79,True,Normal,0,train
PUMP_01,2026-03-19 06:00:00,0.1656,49.73,34.25,57.8,3.903,0.1621,0.0136,7.136,4.57,379.6,110.3,12.87,71.75,True,Normal,0,train
PUMP_01,2026-03-19 07:00:00,0.1622,49.21,35.11,59.39,4.049,0.1664,0.005,7.129,4.55,378.3,120.6,12.68,71.71,True,Normal,0,train
PUMP_01,2026-03-19 08:00:00,0.1511,51.39,33.14,58.25,4.033,0.1649,0.0078,7.284,4.1,377.6,124.6,14.81,71.67,True,Normal,0,train
PUMP_01,2026-03-19 09:00:00,0.1693,48.52,33.71,57.89,4.1,0.1645,0.0074,7.218,3.67,387.7,136.0,13.87,71.62,True,Normal,0,train
PUMP_01,2026-03-19 10:00:00,0.1704,49.97,33.46,58.19,3.87,0.1652,0.0078,7.179,4.63,386.9,129.9,13.89,71.58,True,Normal,0,train
PUMP_01,2026-03-19 11:00:00,0.1516,48.44,33.24,56.45,4.056,0.1617,0.0085,7.153,3.98,382.2,142.0,12.83,71.54,True,Normal,0,train
PUMP_01,2026-03-19 12:00:00,0.1482,47.19,34.06,58.41,4.079,0.1588,0.0098,7.174,4.05,379.5,140.6,13.1,71.5,True,Normal,0,train
PUMP_01,2026-03-19 13:00:00,0.1713,49.77,34.0,59.02,4.075,0.1603,0.0111,7.14,3.86,383.1,143.4,12.58,71.46,True,Normal,0,train
PUMP_01,2026-03-19 14:00:00,0.1447,48.1,32.91,59.19,3.967,0.1592,0.0124,7.244,3.64,380.4,145.4,13.97,71.42,True,Normal,0,train
PUMP_01,2026-03-19 15:00:00,0.1441,49.98,34.01,56.38,4.041,0.155,0.0125,7.161,3.41,379.0,137.2,12.43,71.38,True,Normal,0,train
PUMP_01,2026-03-19 16:00:00,0.1486,51.67,33.28,56.18,3.938,0.1514,0.0101,7.255,4.25,381.7,138.3,14.62,71.33,True,Normal,0,train
PUMP_01,2026-03-19 17:00:00,0.1389,52.78,34.01,57.36,3.977,0.1493,0.0113,7.18,3.69,377.8,131.7,12.87,71.29,True,Normal,0,train
PUMP_01,2026-03-19 18:00:00,0.1277,50.14,34.76,59.66,3.917,0.1459,0.0144,7.148,5.22,381.3,123.8,13.57,71.25,True,Normal,0,train
PUMP_01,2026-03-19 19:00:00,0.146,51.53,34.28,58.27,3.939,0.1417,0.0075,7.179,3.57,381.0,118.1,12.9,71.21,True,Normal,0,train
PUMP_01,2026-03-19 20:00:00,0.1408,50.6,34.11,57.07,3.981,0.141,0.0074,7.069,3.5,383.0,112.9,11.17,71.17,True,Normal,0,train
PUMP_01,2026-03-19 21:00:00,0.1706,49.43,33.68,56.26,3.961,0.1454,0.0143,7.194,4.2,376.9,104.4,13.42,71.12,True,Normal,0,train
PUMP_01,2026-03-19 22:00:00,0.1568,47.11,34.04,57.18,3.939,0.1468,0.015,7.191,4.61,383.6,102.4,13.94,71.08,True,Normal,0,train
PUMP_01,2026-03-19 23:00:00,0.1385,52.44,34.34,57.1,3.896,0.1467,0.0151,7.241,4.03,375.5,97.2,13.99,71.04,True,Normal,0,train
PUMP_01,2026-03-20 00:00:00,0.1609,48.43,34.28,59.12,4.157,0.1523,0.0126,7.106,4.23,377.1,93.4,12.03,71.0,True,Normal,0,train
PUMP_01,2026-03-20 01:00:00,0.1572,52.07,33.94,59.22,3.96,0.1541,0.0123,7.258,3.26,377.4,101.4,13.8,70.96,True,Normal,0,train
PUMP_01,2026-03-20 02:00:00,0.1746,50.81,34.13,56.74,4.026,0.1598,0.0127,7.241,3.73,374.6,97.5,13.74,70.92,True,Normal,0,train
PUMP_01,2026-03-20 03:00:00,0.1492,48.54,33.21,58.9,3.859,0.1562,0.012,7.263,3.57,385.1,96.8,14.41,70.88,True,Normal,0,train
PUMP_01,2026-03-20 04:00:00,0.1615,50.47,33.56,58.78,4.109,0.157,0.0122,7.197,3.24,375.2,102.9,12.73,70.83,True,Normal,0,train
PUMP_01,2026-03-20 05:00:00,0.1582,53.2,34.42,56.58,4.013,0.1603,0.0083,7.251,4.05,376.5,103.4,14.2,70.79,True,Normal,0,train
PUMP_01,2026-03-20 06:00:00,0.1609,52.3,34.51,57.9,3.964,0.1603,0.0083,7.126,3.1,386.3,111.8,11.96,70.75,True,Normal,0,train
PUMP_01,2026-03-20 07:00:00,0.1464,49.23,34.06,58.41,3.965,0.1585,0.0101,7.236,3.47,377.1,118.7,13.58,70.71,True,Normal,0,train
PUMP_01,2026-03-20 08:00:00,0.1673,48.93,34.89,58.2,4.07,0.1572,0.0079,7.161,3.79,379.1,121.5,12.69,70.67,True,Normal,0,train
PUMP_01,2026-03-20 09:00:00,0.1633,50.15,34.3,55.95,3.764,0.1596,0.0071,7.117,3.67,374.9,134.0,11.74,70.62,True,Normal,0,train
PUMP_01,2026-03-20 10:00:00,0.1743,49.75,33.86,58.16,3.934,0.1617,0.0094,7.144,4.16,384.2,135.7,12.89,70.58,True,Normal,0,train
PUMP_01,2026-03-20 11:00:00,0.1524,51.8,33.27,58.76,3.99,0.1608,0.0101,7.2,4.12,384.2,140.2,13.77,70.54,True,Normal,0,train
PUMP_01,2026-03-20 12:00:00,0.1438,51.11,34.86,59.9,3.99,0.1579,0.0122,7.159,4.36,383.7,141.9,13.24,70.5,True,Normal,0,train
PUMP_01,2026-03-20 13:00:00,0.1593,47.46,34.46,57.2,4.2,0.1601,0.0109,7.219,4.3,382.7,156.8,14.12,70.46,True,Normal,0,train
PUMP_01,2026-03-20 14:00:00,0.1331,50.69,35.08,57.35,3.973,0.1544,0.0146,7.11,4.46,380.4,141.5,12.39,70.42,True,Normal,0,train
PUMP_01,2026-03-20 15:00:00,0.1592,49.73,35.3,57.75,4.079,0.1537,0.0142,7.094,4.0,377.4,133.4,11.69,70.38,True,Normal,0,train
PUMP_01,2026-03-20 16:00:00,0.1576,50.06,33.23,58.35,4.145,0.1509,0.0105,7.269,4.12,375.9,131.3,14.51,70.33,True,Normal,0,train
PUMP_01,2026-03-20 17:00:00,0.1592,50.37,33.23,58.12,4.054,0.152,0.0111,7.245,4.2,386.4,135.5,14.63,70.29,True,Normal,0,train
PUMP_01,2026-03-20 18:00:00,0.1456,51.8,32.28,58.73,3.946,0.1523,0.0108,7.148,4.06,383.8,131.8,12.86,70.25,True,Normal,0,train
PUMP_01,2026-03-20 19:00:00,0.133,51.47,34.55,56.65,3.897,0.148,0.0126,7.2,3.84,376.5,117.3,13.24,70.21,True,Normal,0,train
PUMP_01,2026-03-20 20:00:00,0.143,48.88,34.39,58.48,4.06,0.1496,0.0108,7.251,3.87,380.2,118.6,14.23,70.17,True,Normal,0,train
PUMP_01,2026-03-20 21:00:00,0.1486,49.91,34.06,57.11,4.132,0.1478,0.0097,7.221,3.67,378.5,110.5,13.54,70.12,True,Normal,0,train
PUMP_01,2026-03-20 22:00:00,0.1366,49.33,33.26,57.83,4.044,0.1443,0.0093,7.207,4.17,374.4,101.6,13.5,70.08,True,Normal,0,train
PUMP_01,2026-03-20 23:00:00,0.1674,47.48,33.95,60.05,4.099,0.1457,0.0121,7.255,3.96,380.9,97.3,14.39,70.04,True,Normal,0,train
PUMP_01,2026-03-21 00:00:00,0.1587,49.84,34.11,56.32,4.207,0.1479,0.0132,7.163,3.73,377.9,96.6,12.64,70.0,True,Normal,0,train
PUMP_01,2026-03-21 01:00:00,0.1392,52.77,34.47,57.66,4.067,0.1489,0.012,7.202,3.74,375.2,98.5,13.14,69.96,True,Normal,0,train
PUMP_01,2026-03-21 02:00:00,0.1832,47.43,34.16,56.47,3.912,0.1556,0.0178,7.199,3.52,372.6,97.4,12.84,69.92,True,Normal,0,train
PUMP_01,2026-03-21 03:00:00,0.1585,49.96,34.4,58.18,4.004,0.1573,0.0175,7.186,4.39,372.2,95.6,13.23,69.88,True,Normal,0,train
PUMP_01,2026-03-21 04:00:00,0.1422,49.92,33.93,59.26,4.11,0.1582,0.0163,7.181,4.03,378.1,101.6,13.13,69.83,True,Normal,0,train
PUMP_01,2026-03-21 05:00:00,0.1472,50.43,34.71,58.2,3.98,0.1548,0.0161,7.204,3.65,379.6,115.4,13.3,69.79,True,Normal,0,train
PUMP_01,2026-03-21 06:00:00,0.1823,48.56,34.38,57.86,4.12,0.1588,0.0197,7.202,4.32,375.6,114.5,13.57,69.75,True,Normal,0,train
PUMP_01,2026-03-21 07:00:00,0.187,47.86,33.29,59.59,3.995,0.1667,0.0199,7.148,3.78,383.3,123.5,12.64,69.71,True,Normal,0,train
PUMP_01,2026-03-21 08:00:00,0.1738,47.93,34.83,58.4,4.027,0.1652,0.0187,7.24,3.44,379.7,128.6,13.73,69.67,True,Normal,0,train
PUMP_01,2026-03-21 09:00:00,0.1769,52.0,34.74,58.98,3.972,0.1682,0.0188,7.151,4.41,382.9,133.6,13.13,69.62,True,Normal,0,train
PUMP_01,2026-03-21 10:00:00,0.1732,48.53,34.28,58.86,4.013,0.1734,0.0139,7.189,3.79,379.1,138.1,13.14,69.58,True,Normal,0,train
PUMP_01,2026-03-21 11:00:00,0.1609,49.25,34.17,54.55,4.017,0.1757,0.009,7.185,3.84,376.1,145.2,12.99,69.54,True,Normal,0,train
PUMP_01,2026-03-21 12:00:00,0.1549,53.16,35.0,57.91,3.871,0.1711,0.0115,7.218,4.02,380.6,147.0,13.82,69.5,True,Normal,0,train
PUMP_01,2026-03-21 13:00:00,0.1555,48.9,33.02,56.71,3.965,0.1659,0.0099,7.083,4.83,373.7,146.1,11.95,69.46,True,Normal,0,train
PUMP_01,2026-03-21 14:00:00,0.156,50.51,34.74,57.0,3.901,0.1629,0.0097,7.217,4.98,382.7,141.4,14.57,69.42,True,Normal,0,train
PUMP_01,2026-03-21 15:00:00,0.1318,51.6,33.71,59.77,3.967,0.1554,0.0135,7.121,5.11,375.3,143.2,12.81,69.38,True,Normal,0,train
PUMP_01,2026-03-21 16:00:00,0.1523,51.52,34.66,57.55,3.936,0.1519,0.0102,7.199,6.38,384.6,137.4,15.35,69.33,True,Normal,0,train
PUMP_01,2026-03-21 17:00:00,0.1622,48.0,34.07,60.27,4.081,0.1521,0.0105,7.114,5.97,378.3,131.3,13.44,69.29,True,Normal,0,train
PUMP_01,2026-03-21 18:00:00,0.1369,48.93,33.25,56.31,4.082,0.1491,0.012,7.136,6.92,385.3,137.2,14.74,69.25,True,Normal,0,train
PUMP_01,2026-03-21 19:00:00,0.1356,50.45,33.7,56.7,4.045,0.1458,0.0126,7.245,5.79,377.1,113.8,15.34,69.21,True,Normal,0,train
PUMP_01,2026-03-21 20:00:00,0.1485,52.89,34.61,58.91,3.899,0.1445,0.0117,7.152,4.3,383.6,117.4,13.09,69.17,True,Normal,0,train
PUMP_01,2026-03-21 21:00:00,0.1332,48.86,33.87,57.59,3.992,0.1448,0.0114,7.245,4.72,393.2,104.0,15.28,69.12,True,Normal,0,train
PUMP_01,2026-03-21 22:00:00,0.1252,49.26,33.63,58.37,3.892,0.1403,0.0131,7.202,4.78,401.3,102.8,14.96,69.08,True,Normal,0,train
PUMP_01,2026-03-21 23:00:00,0.1646,50.63,33.62,57.87,3.988,0.1407,0.0139,7.221,4.63,403.8,108.6,15.27,69.04,True,Normal,0,train
PUMP_01,2026-03-22 00:00:00,0.1432,50.93,34.39,57.83,4.052,0.1417,0.0138,7.203,4.73,395.7,92.0,14.72,69.0,True,Normal,0,train
PUMP_01,2026-03-22 01:00:00,0.1529,51.02,35.05,57.63,4.079,0.1446,0.0141,7.242,3.59,402.0,92.1,14.81,68.96,True,Normal,0,train
PUMP_01,2026-03-22 02:00:00,0.1458,48.73,32.72,58.22,4.038,0.1442,0.014,7.166,4.36,387.1,95.8,13.5,68.92,True,Normal,0,train
PUMP_01,2026-03-22 03:00:00,0.1762,49.2,35.68,58.77,4.101,0.1513,0.0178,7.151,3.71,389.6,95.0,12.91,68.88,True,Normal,0,train
PUMP_01,2026-03-22 04:00:00,0.1715,50.32,34.12,59.94,4.021,0.159,0.0137,7.168,4.09,375.3,105.9,12.86,68.83,True,Normal,0,train
PUMP_01,2026-03-22 05:00:00,0.156,51.89,34.35,57.76,3.981,0.1576,0.0135,7.205,3.49,382.1,105.4,13.31,68.79,True,Normal,0,train
PUMP_01,2026-03-22 06:00:00,0.1423,49.64,33.74,57.53,4.07,0.1574,0.0137,7.189,3.74,368.3,116.1,12.66,68.75,True,Normal,0,train
PUMP_01,2026-03-22 07:00:00,0.1545,49.97,34.0,57.37,4.073,0.1577,0.0136,7.236,3.73,374.4,114.7,13.65,68.71,True,Normal,0,train
PUMP_01,2026-03-22 08:00:00,0.1672,48.46,34.12,59.76,3.958,0.1613,0.0126,7.265,4.36,382.3,119.2,14.89,68.67,True,Normal,0,train
PUMP_01,2026-03-22 09:00:00,0.1599,52.79,33.37,58.83,4.03,0.1586,0.0103,7.151,4.32,373.4,131.6,12.67,68.62,True,Normal,0,train
PUMP_01,2026-03-22 10:00:00,0.1566,50.23,33.52,55.72,3.976,0.1561,0.0081,7.163,4.11,382.1,131.4,13.08,68.58,True,Normal,0,train
PUMP_01,2026-03-22 11:00:00,0.1558,51.62,34.71,55.67,3.839,0.156,0.0081,7.128,3.46,384.5,147.7,12.16,68.54,True,Normal,0,train
PUMP_01,2026-03-22 12:00:00,0.1614,50.04,33.07,57.0,4.035,0.1592,0.0047,7.302,3.88,377.5,138.0,14.93,68.5,True,Normal,0,train
PUMP_01,2026-03-22 13:00:00,0.1468,50.13,34.26,58.28,3.896,0.158,0.0068,7.215,3.7,375.2,140.8,13.33,68.46,True,Normal,0,train
PUMP_01,2026-03-22 14:00:00,0.1518,47.75,33.78,57.96,4.026,0.1554,0.0054,7.224,4.35,377.6,145.8,14.03,68.42,True,Normal,0,train
PUMP_01,2026-03-22 15:00:00,0.1281,46.77,33.42,58.62,3.877,0.1501,0.0118,7.133,4.47,375.2,139.3,12.56,68.38,True,Normal,0,train
PUMP_01,2026-03-22 16:00:00,0.1796,51.88,35.18,57.79,3.942,0.1539,0.017,7.2,4.42,379.5,131.6,13.77,68.33,True,Normal,0,train
PUMP_01,2026-03-22 17:00:00,0.1361,50.12,33.43,59.68,3.965,0.1506,0.0184,7.225,3.7,380.5,140.7,13.72,68.29,True,Normal,0,train
PUMP_01,2026-03-22 18:00:00,0.1431,50.31,33.32,58.93,4.096,0.1476,0.0177,7.187,2.9,378.5,122.5,12.47,68.25,True,Normal,0,train
PUMP_01,2026-03-22 19:00:00,0.1488,48.13,33.89,58.09,3.957,0.1479,0.0177,7.254,3.29,388.4,119.2,14.21,68.21,True,Normal,0,train
PUMP_01,2026-03-22 20:00:00,0.1352,48.65,33.54,59.37,3.914,0.1452,0.0183,7.316,4.57,376.4,112.7,15.6,68.17,True,Normal,0,train
PUMP_01,2026-03-22 21:00:00,0.143,51.59,34.0,56.02,4.029,0.1476,0.0164,7.153,3.84,387.0,110.3,12.92,68.12,True,Normal,0,train
PUMP_01,2026-03-22 22:00:00,0.1449,52.61,34.09,57.9,3.983,0.1418,0.0052,7.149,3.7,374.8,104.2,12.26,68.08,True,Normal,0,train
PUMP_01,2026-03-22 23:00:00,0.1337,49.07,34.14,58.17,4.063,0.1414,0.0058,7.156,4.66,380.4,95.0,13.27,68.04,True,Normal,0,train
PUMP_01,2026-03-23 00:00:00,0.1566,51.01,33.93,58.72,3.919,0.1437,0.0086,7.28,4.51,385.9,94.5,15.39,68.0,True,Normal,0,train
PUMP_01,2026-03-23 01:00:00,0.1278,50.29,33.58,55.94,4.017,0.1402,0.0102,7.252,4.01,385.7,94.1,14.58,67.96,True,Normal,0,train
PUMP_01,2026-03-23 02:00:00,0.1813,49.82,34.39,57.69,4.198,0.1479,0.0191,7.193,3.88,377.9,98.8,13.22,67.92,True,Normal,0,train
PUMP_01,2026-03-23 03:00:00,0.169,52.78,33.93,58.48,3.981,0.1522,0.0207,7.202,3.95,382.8,93.7,13.61,67.88,True,Normal,0,train
PUMP_01,2026-03-23 04:00:00,0.1682,49.32,33.7,58.57,4.015,0.1561,0.0212,7.159,4.09,382.1,110.4,13.0,67.83,True,Normal,0,train
PUMP_01,2026-03-23 05:00:00,0.1336,51.86,34.89,59.42,3.867,0.1561,0.0212,7.245,4.64,377.3,104.5,14.55,67.79,True,Normal,0,train
PUMP_01,2026-03-23 06:00:00,0.1481,50.57,33.93,58.91,3.932,0.1547,0.0215,7.181,4.17,383.1,113.5,13.44,67.75,True,Normal,0,train
PUMP_01,2026-03-23 07:00:00,0.1805,49.97,34.66,57.93,4.037,0.1635,0.0189,7.187,4.29,389.3,115.4,13.88,67.71,True,Normal,0,train
PUMP_01,2026-03-23 08:00:00,0.2209,52.06,34.74,58.81,3.974,0.17,0.03,7.23,4.47,382.4,121.3,14.41,67.67,True,Normal,0,train
PUMP_01,2026-03-23 09:00:00,0.175,50.44,34.77,57.76,4.049,0.171,0.0301,7.191,3.53,382.8,129.0,13.14,67.62,True,Normal,0,train
PUMP_01,2026-03-23 10:00:00,0.1706,49.86,34.41,58.18,4.034,0.1714,0.0301,7.188,4.3,383.4,133.8,13.66,67.58,True,Normal,0,train
PUMP_01,2026-03-23 11:00:00,0.1605,52.07,34.0,58.95,3.895,0.1759,0.0248,7.201,3.88,372.7,140.0,13.12,67.54,True,Normal,0,train
PUMP_01,2026-03-23 12:00:00,0.1373,51.87,33.96,57.95,4.081,0.1741,0.0275,7.24,2.99,382.3,140.2,13.53,67.5,True,Normal,0,train
PUMP_01,2026-03-23 13:00:00,0.1623,51.8,33.85,58.43,3.901,0.1711,0.0277,7.282,3.15,374.9,147.8,14.01,67.46,True,Normal,0,train
PUMP_01,2026-03-23 14:00:00,0.1285,44.17,32.7,59.15,3.939,0.1557,0.0187,7.229,3.59,377.1,141.0,13.56,67.42,True,Normal,0,train
PUMP_01,2026-03-23 15:00:00,0.1248,50.66,34.43,58.85,4.018,0.1473,0.0195,7.24,4.21,390.8,138.1,14.74,67.38,True,Normal,0,train
PUMP_01,2026-03-23 16:00:00,0.1222,50.32,34.15,59.48,4.125,0.1393,0.0179,7.19,4.05,378.7,136.1,13.32,67.33,True,Normal,0,train
PUMP_01,2026-03-23 17:00:00,0.155,49.95,34.5,60.79,3.92,0.1384,0.0167,7.165,4.07,376.3,136.5,12.83,67.29,True,Normal,0,train
PUMP_01,2026-03-23 18:00:00,0.1391,50.91,33.93,58.84,4.012,0.1387,0.0167,7.233,4.78,385.8,127.3,14.81,67.25,True,Normal,0,train
PUMP_01,2026-03-23 19:00:00,0.1419,50.39,34.4,57.45,4.012,0.1352,0.0124,7.209,3.49,375.3,119.6,13.08,67.21,True,Normal,0,train
PUMP_01,2026-03-23 20:00:00,0.1411,51.02,33.17,58.61,4.053,0.1374,0.0121,7.129,3.99,377.8,107.8,12.26,67.17,True,Normal,0,train
PUMP_01,2026-03-23 21:00:00,0.126,49.6,33.3,58.56,4.095,0.1376,0.0119,7.184,4.12,386.2,102.9,13.58,67.12,True,Normal,0,train
PUMP_01,2026-03-23 22:00:00,0.1349,52.25,32.51,58.74,3.968,0.1397,0.0095,7.196,3.71,380.2,97.2,13.24,67.08,True,Normal,0,train
PUMP_01,2026-03-23 23:00:00,0.1381,51.17,33.92,59.79,4.081,0.1368,0.0059,7.174,4.01,372.2,103.6,12.77,67.04,True,Normal,0,train
PUMP_01,2026-03-24 00:00:00,0.1289,50.81,33.54,55.98,4.106,0.1352,0.0065,7.274,3.36,382.7,98.0,14.35,67.0,True,Normal,0,train
PUMP_01,2026-03-24 01:00:00,0.145,50.74,33.46,59.82,4.143,0.1357,0.0072,7.224,4.56,378.0,91.6,14.2,66.96,True,Normal,0,train
PUMP_01,2026-03-24 02:00:00,0.1388,51.74,34.2,60.22,4.04,0.1353,0.007,7.269,3.73,387.7,93.6,14.73,66.92,True,Normal,0,train
PUMP_01,2026-03-24 03:00:00,0.1657,51.53,33.74,58.68,4.013,0.1419,0.0128,7.213,4.81,377.0,95.0,14.15,66.88,True,Normal,0,train
PUMP_01,2026-03-24 04:00:00,0.1686,49.83,33.14,58.71,3.962,0.1475,0.0161,7.204,3.99,385.3,98.8,13.78,66.83,True,Normal,0,train
PUMP_01,2026-03-24 05:00:00,0.1403,51.49,35.53,57.71,3.883,0.1479,0.0158,7.153,4.41,388.9,109.3,13.41,66.79,True,Normal,0,train
PUMP_01,2026-03-24 06:00:00,0.1556,50.26,33.98,58.01,3.978,0.1523,0.0129,7.201,3.98,375.7,112.4,13.32,66.75,True,Normal,0,train
PUMP_01,2026-03-24 07:00:00,0.1875,52.88,33.35,58.84,4.009,0.1594,0.0185,7.201,3.99,379.0,128.3,13.46,66.71,True,Normal,0,train
PUMP_01,2026-03-24 08:00:00,0.1439,51.65,33.6,58.76,3.991,0.1603,0.0175,7.132,3.77,381.9,131.5,12.32,66.67,True,Normal,0,train
PUMP_01,2026-03-24 09:00:00,0.1635,49.06,33.9,58.86,4.048,0.1599,0.0174,7.173,4.05,375.7,137.7,12.92,66.62,True,Normal,0,train
PUMP_01,2026-03-24 10:00:00,0.1566,53.5,33.89,58.75,3.884,0.1579,0.0169,7.184,4.13,381.4,140.4,13.39,66.58,True,Normal,0,train
PUMP_01,2026-03-24 11:00:00,0.169,46.85,34.78,59.08,3.985,0.1627,0.0148,7.221,3.69,378.9,140.0,13.56,66.54,True,Normal,0,train
PUMP_01,2026-03-24 12:00:00,0.1544,50.96,33.95,58.94,4.16,0.1625,0.0149,7.223,3.95,378.8,146.5,13.78,66.5,True,Normal,0,train
PUMP_01,2026-03-24 13:00:00,0.1409,48.96,35.11,56.77,4.08,0.1547,0.0109,7.171,3.76,380.2,143.6,12.87,66.46,True,Normal,0,train
PUMP_01,2026-03-24 14:00:00,0.146,52.82,33.74,59.0,4.049,0.1551,0.0105,7.223,4.92,380.4,150.7,14.53,66.42,True,Normal,0,train
PUMP_01,2026-03-24 15:00:00,0.1441,50.38,34.26,60.23,4.031,0.1518,0.0104,7.191,3.96,380.8,143.3,13.36,66.38,True,Normal,0,train
PUMP_01,2026-03-24 16:00:00,0.14,48.81,34.61,57.97,3.971,0.1491,0.011,7.057,4.62,377.0,138.7,11.51,66.33,True,Normal,0,train
PUMP_01,2026-03-24 17:00:00,0.1206,49.6,34.72,59.8,3.86,0.141,0.0112,7.176,3.92,377.2,133.0,12.94,66.29,True,Normal,0,train
PUMP_01,2026-03-24 18:00:00,0.1586,48.93,34.79,56.9,4.037,0.1417,0.0123,7.254,4.1,379.4,133.4,14.41,66.25,True,Normal,0,train
PUMP_01,2026-03-24 19:00:00,0.1563,49.54,33.84,57.96,3.804,0.1443,0.0136,7.116,3.47,379.8,114.3,11.78,66.21,True,Normal,0,train
PUMP_01,2026-03-24 20:00:00,0.1257,49.51,34.0,57.23,3.974,0.1409,0.0155,7.206,3.82,377.8,120.9,13.37,66.17,True,Normal,0,train
PUMP_01,2026-03-24 21:00:00,0.1384,48.87,32.51,59.66,4.0,0.1399,0.0155,7.279,4.08,381.6,106.8,14.89,66.12,True,Normal,0,train
PUMP_01,2026-03-24 22:00:00,0.1416,50.41,33.88,59.97,3.964,0.1402,0.0155,7.162,4.63,370.9,96.7,12.96,66.08,True,Normal,0,train
PUMP_01,2026-03-24 23:00:00,0.1301,50.59,34.65,57.88,4.174,0.1418,0.0134,7.2,4.09,376.3,95.3,13.41,66.04,True,Normal,0,train
PUMP_01,2026-03-25 00:00:00,0.122,48.51,34.54,59.41,4.146,0.1357,0.0125,7.135,4.55,378.6,89.2,12.79,66.0,True,Normal,0,train
PUMP_01,2026-03-25 01:00:00,0.1425,47.51,33.95,59.98,4.083,0.1334,0.0087,7.281,4.26,375.7,97.6,14.8,65.96,True,Normal,0,train
PUMP_01,2026-03-25 02:00:00,0.1497,50.47,35.02,57.96,3.926,0.1374,0.0099,7.196,4.65,388.1,91.7,14.23,65.92,True,Normal,0,train
PUMP_01,2026-03-25 03:00:00,0.1355,50.8,33.77,58.16,4.154,0.1369,0.0099,7.202,3.98,380.1,99.0,13.52,65.88,True,Normal,0,train
PUMP_01,2026-03-25 04:00:00,0.1613,51.1,33.57,58.88,4.05,0.1402,0.0141,7.268,4.96,380.9,106.9,15.29,65.83,True,Normal,0,train
PUMP_01,2026-03-25 05:00:00,0.1771,50.83,33.72,56.99,3.925,0.148,0.0194,7.233,3.81,377.6,104.8,13.79,65.79,True,Normal,0,train
PUMP_01,2026-03-25 06:00:00,0.1726,52.36,33.33,58.13,4.003,0.1564,0.0167,7.156,3.69,379.9,112.5,12.58,65.75,True,Normal,0,train
PUMP_01,2026-03-25 07:00:00,0.1578,51.5,34.37,60.57,4.077,0.159,0.0152,7.168,3.52,373.9,114.8,12.39,65.71,True,Normal,0,train
PUMP_01,2026-03-25 08:00:00,0.1311,54.02,34.17,57.4,3.952,0.1559,0.0189,7.225,4.93,379.2,124.9,14.51,65.67,True,Normal,0,train
PUMP_01,2026-03-25 09:00:00,0.1678,54.65,34.37,59.02,4.011,0.1613,0.0164,7.169,4.33,375.3,142.8,13.03,65.62,True,Normal,0,train
PUMP_01,2026-03-25 10:00:00,0.1572,47.36,33.75,58.63,4.025,0.1606,0.0165,7.094,3.87,378.6,140.8,11.65,65.58,True,Normal,0,train
PUMP_01,2026-03-25 11:00:00,0.159,46.7,33.97,57.8,3.912,0.1576,0.0144,7.197,4.5,367.2,140.6,13.27,65.54,True,Normal,0,train
PUMP_01,2026-03-25 12:00:00,0.179,49.99,32.69,58.27,3.978,0.1586,0.0159,7.095,5.37,374.4,141.7,12.54,65.5,True,Normal,0,train
PUMP_01,2026-03-25 13:00:00,0.135,50.76,34.23,60.1,3.918,0.1549,0.0186,7.223,6.81,387.3,144.8,16.14,65.46,True,Normal,0,train
PUMP_01,2026-03-25 14:00:00,0.1019,49.89,34.06,58.66,4.069,0.15,0.0277,7.151,5.4,384.2,144.7,13.87,65.42,True,Normal,0,train
PUMP_01,2026-03-25 15:00:00,0.1271,51.06,33.34,58.85,3.927,0.1432,0.0274,7.097,5.92,386.6,140.0,13.47,65.38,True,Normal,0,train
PUMP_01,2026-03-25 16:00:00,0.1486,49.59,33.94,59.92,4.023,0.1418,0.0268,7.107,5.84,386.9,139.8,13.59,65.33,True,Normal,0,train
PUMP_01,2026-03-25 17:00:00,0.1407,48.96,33.85,57.65,3.889,0.1387,0.0254,7.048,5.23,383.4,128.7,12.07,65.29,True,Normal,0,train
PUMP_01,2026-03-25 18:00:00,0.1218,49.19,35.06,56.74,3.909,0.1292,0.0164,7.119,5.35,385.6,122.6,13.37,65.25,True,Normal,0,train
PUMP_01,2026-03-25 19:00:00,0.119,49.7,33.36,60.12,3.905,0.1265,0.0166,7.251,3.89,389.3,121.5,14.62,65.21,True,Normal,0,train
PUMP_01,2026-03-25 20:00:00,0.136,51.27,34.2,58.16,3.977,0.1322,0.0115,7.312,4.3,400.2,108.9,16.33,65.17,True,Normal,0,train
PUMP_01,2026-03-25 21:00:00,0.1242,49.27,33.35,59.07,4.014,0.1317,0.0118,7.236,4.94,394.8,110.4,15.36,65.12,True,Normal,0,train
PUMP_01,2026-03-25 22:00:00,0.1528,49.57,33.67,57.09,4.029,0.1324,0.0131,7.195,3.86,406.9,102.3,14.45,65.08,True,Normal,0,train
PUMP_01,2026-03-25 23:00:00,0.1412,50.86,34.17,58.47,3.858,0.1325,0.0132,7.178,3.83,392.6,91.0,13.56,65.04,True,Normal,0,train
PUMP_01,2026-03-26 00:00:00,0.1406,49.7,33.87,56.68,3.987,0.1356,0.0123,7.152,4.05,396.5,96.3,13.46,65.0,True,Normal,0,train
PUMP_01,2026-03-26 01:00:00,0.1412,51.68,34.0,58.08,3.94,0.1393,0.0093,7.303,4.39,379.2,88.3,15.39,64.96,True,Normal,0,train
PUMP_01,2026-03-26 02:00:00,0.1589,48.62,34.2,57.22,4.043,0.1432,0.012,7.191,3.77,386.7,98.6,13.47,64.92,True,Normal,0,train
PUMP_01,2026-03-26 03:00:00,0.1577,48.3,33.7,56.95,3.979,0.1487,0.0087,7.306,3.75,388.5,97.4,15.37,64.88,True,Normal,0,train
PUMP_01,2026-03-26 04:00:00,0.1617,50.46,34.53,57.64,3.994,0.1502,0.0102,7.27,4.42,374.9,109.7,14.7,64.83,True,Normal,0,train
PUMP_01,2026-03-26 05:00:00,0.1624,50.61,33.82,55.25,3.94,0.1538,0.0101,7.113,4.15,377.6,111.8,12.11,64.79,True,Normal,0,train
PUMP_01,2026-03-26 06:00:00,0.1589,48.7,33.94,56.61,4.138,0.1568,0.0079,7.167,3.18,374.8,109.3,12.18,64.75,True,Normal,0,train
PUMP_01,2026-03-26 07:00:00,0.1442,52.02,34.22,58.94,3.897,0.1573,0.0067,7.167,3.51,373.9,111.9,12.37,64.71,True,Normal,0,train
PUMP_01,2026-03-26 08:00:00,0.1477,52.89,34.14,58.42,3.968,0.1554,0.0076,7.196,4.6,383.3,123.5,14.0,64.67,True,Normal,0,train
PUMP_01,2026-03-26 09:00:00,0.1512,49.06,34.39,56.71,4.009,0.1543,0.0077,7.197,4.16,379.0,127.6,13.52,64.62,True,Normal,0,train
PUMP_01,2026-03-26 10:00:00,0.186,52.23,34.19,58.66,3.98,0.1584,0.0151,7.35,3.7,380.3,145.0,15.69,64.58,True,Normal,0,train
PUMP_01,2026-03-26 11:00:00,0.1324,46.43,34.28,56.95,3.939,0.1534,0.0182,7.146,3.93,382.8,141.6,12.71,64.54,True,Normal,0,train
PUMP_01,2026-03-26 12:00:00,0.1437,51.61,33.8,58.87,3.855,0.1509,0.0183,7.211,4.01,370.7,147.9,13.3,64.5,True,Normal,0,train
PUMP_01,2026-03-26 13:00:00,0.1489,48.71,33.36,57.86,3.945,0.1516,0.0181,7.231,4.29,386.4,143.9,14.47,64.46,True,Normal,0,train
PUMP_01,2026-03-26 14:00:00,0.1405,51.46,33.14,57.61,3.923,0.1504,0.0186,7.2,3.46,378.3,143.4,13.05,64.42,True,Normal,0,train
PUMP_01,2026-03-26 15:00:00,0.159,48.56,33.0,57.89,4.134,0.1518,0.019,7.206,3.66,382.7,141.5,13.46,64.38,True,Normal,0,train
PUMP_01,2026-03-26 16:00:00,0.1367,49.9,35.06,61.07,4.181,0.1435,0.0095,7.148,4.11,383.1,142.1,12.87,64.33,True,Normal,0,train
PUMP_01,2026-03-26 17:00:00,0.1368,48.78,32.67,57.09,3.996,0.1443,0.0086,7.205,3.96,386.9,133.7,13.84,64.29,True,Normal,0,train
PUMP_01,2026-03-26 18:00:00,0.1522,49.68,34.72,58.27,3.888,0.1457,0.0091,7.226,4.23,379.5,122.2,14.05,64.25,True,Normal,0,train
PUMP_01,2026-03-26 19:00:00,0.1675,52.74,33.51,58.94,4.059,0.1488,0.0128,7.216,3.51,369.4,126.5,12.98,64.21,True,Normal,0,train
PUMP_01,2026-03-26 20:00:00,0.1625,49.84,34.71,56.85,3.922,0.1524,0.0131,7.229,4.14,380.3,112.4,14.07,64.17,True,Normal,0,train
PUMP_01,2026-03-26 21:00:00,0.1409,53.17,32.68,56.09,3.956,0.1494,0.0134,7.271,4.44,381.0,105.7,14.98,64.12,True,Normal,0,train
PUMP_01,2026-03-26 22:00:00,0.1443,49.42,33.86,57.28,3.95,0.1507,0.0123,7.247,4.19,374.8,91.0,14.17,64.08,True,Normal,0,train
PUMP_01,2026-03-26 23:00:00,0.1481,52.24,34.87,58.91,3.96,0.1526,0.0105,7.204,4.06,380.7,100.9,13.63,64.04,True,Normal,0,train
PUMP_01,2026-03-27 00:00:00,0.1522,47.56,34.43,57.59,3.972,0.1526,0.0105,7.141,3.96,378.2,96.3,12.46,64.0,True,Normal,0,train
PUMP_01,2026-03-27 01:00:00,0.1399,49.57,33.8,57.72,3.895,0.148,0.0085,7.17,3.67,373.3,95.4,12.51,63.96,True,Normal,0,train
PUMP_01,2026-03-27 02:00:00,0.169,49.2,32.83,59.09,3.944,0.1491,0.0108,7.189,3.97,383.4,94.2,13.44,63.92,True,Normal,0,train
PUMP_01,2026-03-27 03:00:00,0.1602,52.31,33.21,57.03,4.082,0.1523,0.0107,7.213,4.5,377.2,96.0,13.94,63.88,True,Normal,0,train
PUMP_01,2026-03-27 04:00:00,0.158,50.28,34.83,57.89,3.997,0.1546,0.0101,7.176,3.95,378.0,100.8,13.0,63.83,True,Normal,0,train
PUMP_01,2026-03-27 05:00:00,0.1406,46.87,33.79,56.18,4.01,0.1533,0.0115,7.153,3.64,377.7,109.4,12.41,63.79,True,Normal,0,train
PUMP_01,2026-03-27 06:00:00,0.1609,48.03,33.96,58.38,3.821,0.1548,0.0118,7.141,3.8,386.2,116.1,12.67,63.75,True,Normal,0,train
PUMP_01,2026-03-27 07:00:00,0.1313,48.48,34.17,58.28,4.076,0.1533,0.0143,7.117,4.08,379.8,119.1,12.23,63.71,True,Normal,0,train
PUMP_01,2026-03-27 08:00:00,0.1499,51.4,33.22,58.95,3.945,0.1502,0.012,7.188,3.85,380.4,130.3,13.22,63.67,True,Normal,0,train
PUMP_01,2026-03-27 09:00:00,0.1486,51.21,34.24,56.63,4.09,0.1482,0.011,7.127,4.19,377.8,132.2,12.37,63.62,True,Normal,0,train
PUMP_01,2026-03-27 10:00:00,0.1593,49.55,33.75,57.77,4.012,0.1484,0.0112,7.15,4.21,382.3,135.7,12.94,63.58,True,Normal,0,train
PUMP_01,2026-03-27 11:00:00,0.1808,49.18,34.18,56.47,3.955,0.1551,0.0164,7.18,4.36,386.7,142.4,13.71,63.54,True,Normal,0,train
PUMP_01,2026-03-27 12:00:00,0.1586,51.07,33.65,57.7,3.866,0.1548,0.0163,7.133,4.57,383.2,138.7,12.96,63.5,True,Normal,0,train
PUMP_01,2026-03-27 13:00:00,0.1691,48.31,33.06,59.78,4.174,0.161,0.0122,7.219,4.4,383.4,145.9,14.23,63.46,True,Normal,0,train
PUMP_01,2026-03-27 14:00:00,0.1547,50.69,33.74,57.62,4.064,0.1619,0.0114,7.237,3.63,383.0,138.0,13.96,63.42,True,Normal,0,train
PUMP_01,2026-03-27 15:00:00,0.1598,50.56,34.38,56.36,4.069,0.1637,0.0096,7.173,3.64,373.1,137.5,12.52,63.38,True,Normal,0,train
PUMP_01,2026-03-27 16:00:00,0.1692,49.59,34.24,57.18,4.146,0.1654,0.0096,7.178,3.97,375.6,129.6,12.95,63.33,True,Normal,0,train
PUMP_01,2026-03-27 17:00:00,0.1294,50.6,34.02,56.07,4.018,0.1568,0.0146,7.227,3.82,379.0,131.8,13.76,63.29,True,Normal,0,train
PUMP_01,2026-03-27 18:00:00,0.128,50.15,34.54,56.45,4.108,0.1517,0.0187,7.164,3.54,376.4,132.9,12.46,63.25,True,Normal,0,train
PUMP_01,2026-03-27 19:00:00,0.1504,50.75,33.88,58.81,3.962,0.1486,0.0166,7.161,3.82,374.7,119.5,12.53,63.21,True,Normal,0,train
PUMP_01,2026-03-27 20:00:00,0.1413,48.0,34.03,56.26,4.059,0.1464,0.0165,7.26,3.81,370.6,116.1,13.93,63.17,True,Normal,0,train
PUMP_01,2026-03-27 21:00:00,0.1462,50.92,33.71,58.37,3.95,0.1441,0.0152,7.244,3.73,373.3,116.9,13.74,63.12,True,Normal,0,train
PUMP_01,2026-03-27 22:00:00,0.1413,51.54,34.57,58.03,3.96,0.1394,0.009,7.23,3.87,378.7,103.9,13.84,63.08,True,Normal,0,train
PUMP_01,2026-03-27 23:00:00,0.1385,50.48,34.17,57.36,4.008,0.141,0.0076,7.246,4.47,379.7,95.3,14.56,63.04,True,Normal,0,train
PUMP_01,2026-03-28 00:00:00,0.1743,50.9,33.67,58.27,3.899,0.1487,0.0133,7.101,4.08,376.0,93.3,11.81,63.0,True,Normal,0,train
PUMP_01,2026-03-28 01:00:00,0.1361,49.84,33.11,56.87,4.026,0.1463,0.0141,7.268,4.99,380.4,95.0,15.29,62.96,True,Normal,0,train
PUMP_01,2026-03-28 02:00:00,0.1653,51.34,34.66,59.01,3.975,0.1503,0.0157,7.22,4.07,377.8,93.3,13.77,62.92,True,Normal,0,train
PUMP_01,2026-03-28 03:00:00,0.1649,50.1,33.55,57.16,3.841,0.1534,0.0166,7.251,3.88,385.5,96.1,14.45,62.88,True,Normal,0,train
PUMP_01,2026-03-28 04:00:00,0.135,48.28,34.04,57.54,3.963,0.1524,0.0177,7.219,4.0,379.2,106.3,13.78,62.83,True,Normal,0,train
PUMP_01,2026-03-28 05:00:00,0.1472,51.23,35.41,57.39,3.972,0.1538,0.0166,7.202,4.1,383.5,111.6,13.76,62.79,True,Normal,0,train
PUMP_01,2026-03-28 06:00:00,0.1501,47.55,34.48,58.83,4.068,0.1498,0.0133,7.186,4.17,381.0,106.9,13.44,62.75,True,Normal,0,train
PUMP_01,2026-03-28 07:00:00,0.1681,50.42,34.97,58.65,4.023,0.1551,0.0131,7.218,4.83,373.0,116.7,14.08,62.71,True,Normal,0,train
PUMP_01,2026-03-28 08:00:00,0.1532,49.42,33.68,54.85,4.116,0.1531,0.0121,7.184,3.66,379.5,124.6,13.0,62.67,True,Normal,0,train
PUMP_01,2026-03-28 09:00:00,0.1558,49.33,34.64,58.31,4.042,0.1516,0.0109,7.243,4.34,373.8,134.9,14.18,62.62,True,Normal,0,train
PUMP_01,2026-03-28 10:00:00,0.1331,50.26,34.02,55.91,3.956,0.1512,0.0115,7.121,4.08,379.5,142.2,12.27,62.58,True,Normal,0,train
PUMP_01,2026-03-28 11:00:00,0.1875,48.94,34.22,57.59,3.995,0.158,0.0183,7.173,3.37,376.3,152.5,12.47,62.54,True,Normal,0,train
PUMP_01,2026-03-28 12:00:00,0.1511,50.77,35.21,57.87,3.972,0.1581,0.0183,7.302,4.31,381.9,142.3,15.43,62.5,True,Normal,0,train
PUMP_01,2026-03-28 13:00:00,0.1549,50.09,33.83,57.58,4.039,0.1559,0.0176,7.169,4.51,373.3,143.3,13.07,62.46,True,Normal,0,train
PUMP_01,2026-03-28 14:00:00,0.1369,49.07,34.01,58.6,4.005,0.1532,0.0193,7.188,3.66,380.1,146.5,13.07,62.42,True,Normal,0,train
PUMP_01,2026-03-28 15:00:00,0.1331,52.01,33.46,58.86,3.95,0.1494,0.0208,7.156,4.0,382.9,138.9,12.91,62.38,True,Normal,0,train
PUMP_01,2026-03-28 16:00:00,0.17,50.31,34.53,57.07,4.001,0.1556,0.0205,7.217,3.31,384.5,137.1,13.47,62.33,True,Normal,0,train
PUMP_01,2026-03-28 17:00:00,0.1116,50.95,33.66,57.03,4.037,0.1429,0.0203,7.163,3.5,376.2,130.8,12.4,62.29,True,Normal,0,train
PUMP_01,2026-03-28 18:00:00,0.1442,52.12,34.61,57.96,3.919,0.1418,0.0199,7.191,4.42,380.1,116.0,13.65,62.25,True,Normal,0,train
PUMP_01,2026-03-28 19:00:00,0.1222,52.1,33.01,56.15,4.025,0.1363,0.0201,7.242,3.81,380.9,120.5,14.09,62.21,True,Normal,0,train
PUMP_01,2026-03-28 20:00:00,0.1353,50.87,34.33,57.43,3.874,0.1361,0.0201,7.165,3.56,387.7,112.8,12.95,62.17,True,Normal,0,train
PUMP_01,2026-03-28 21:00:00,0.1334,49.55,33.61,59.62,4.088,0.1361,0.0201,7.239,4.09,372.6,112.6,13.89,62.12,True,Normal,0,train
PUMP_01,2026-03-28 22:00:00,0.1302,47.86,34.44,56.19,4.042,0.1295,0.0113,7.241,3.79,375.4,102.3,13.82,62.08,True,Normal,0,train
PUMP_01,2026-03-28 23:00:00,0.1479,50.31,33.99,57.59,4.13,0.1355,0.0094,7.253,3.81,394.0,93.3,14.8,62.04,True,Normal,0,train
PUMP_01,2026-03-29 00:00:00,0.1115,51.64,33.68,57.29,3.911,0.1301,0.0124,7.207,4.3,378.6,94.8,13.76,62.0,True,Normal,0,train
PUMP_01,2026-03-29 01:00:00,0.1479,50.53,33.77,60.41,4.091,0.1344,0.0135,7.362,3.54,370.5,86.6,15.37,61.96,True,Normal,0,train
PUMP_01,2026-03-29 02:00:00,0.1536,44.83,33.49,57.35,4.075,0.1374,0.0156,7.253,3.64,377.1,91.0,13.97,61.92,True,Normal,0,train
PUMP_01,2026-03-29 03:00:00,0.1367,51.31,34.5,57.42,3.985,0.138,0.0155,7.216,4.06,366.2,100.9,13.23,61.88,True,Normal,0,train
PUMP_01,2026-03-29 04:00:00,0.1814,51.4,33.37,56.76,3.97,0.1465,0.0228,7.156,4.39,381.2,101.3,13.12,61.83,True,Normal,0,train
PUMP_01,2026-03-29 05:00:00,0.1507,49.55,33.84,58.01,3.913,0.147,0.0228,7.195,4.5,384.0,111.2,13.94,61.79,True,Normal,0,train
PUMP_01,2026-03-29 06:00:00,0.1564,51.48,34.21,58.32,3.892,0.1544,0.0149,7.271,3.73,375.4,105.7,14.26,61.75,True,Normal,0,train
PUMP_01,2026-03-29 07:00:00,0.1508,50.94,34.97,56.94,3.94,0.1549,0.0146,7.285,4.37,377.6,119.0,15.03,61.71,True,Normal,0,train
PUMP_01,2026-03-29 08:00:00,0.1574,48.97,33.99,59.19,3.9,0.1556,0.0147,7.274,3.69,384.6,124.6,14.66,61.67,True,Normal,0,train
PUMP_01,2026-03-29 09:00:00,0.1767,51.91,33.85,58.33,4.128,0.1622,0.0134,7.239,4.73,371.2,136.3,14.27,61.62,True,Normal,0,train
PUMP_01,2026-03-29 10:00:00,0.1921,48.1,34.16,59.02,3.88,0.164,0.0168,7.137,3.55,373.4,140.4,11.9,61.58,True,Normal,0,train
PUMP_01,2026-03-29 11:00:00,0.1638,49.91,32.76,57.61,4.012,0.1662,0.0155,7.224,4.53,378.9,144.2,14.21,61.54,True,Normal,0,train
PUMP_01,2026-03-29 12:00:00,0.1663,49.76,33.28,58.29,4.035,0.1678,0.0147,7.138,3.74,376.2,150.3,12.17,61.5,True,Normal,0,train
PUMP_01,2026-03-29 13:00:00,0.1732,48.76,33.77,57.74,4.029,0.1716,0.0122,7.126,4.81,378.5,143.5,12.81,61.46,True,Normal,0,train
PUMP_01,2026-03-29 14:00:00,0.1487,50.46,33.57,59.75,4.036,0.1701,0.0145,7.212,4.24,373.7,149.5,13.59,61.42,True,Normal,0,train
PUMP_01,2026-03-29 15:00:00,0.1665,51.97,33.04,58.14,4.076,0.1684,0.0142,7.226,3.59,381.1,137.5,13.68,61.38,True,Normal,0,train
PUMP_01,2026-03-29 16:00:00,0.1532,51.87,34.51,58.01,3.964,0.162,0.0092,7.245,3.79,379.3,133.4,14.05,61.33,True,Normal,0,train
PUMP_01,2026-03-29 17:00:00,0.1425,51.09,34.16,57.45,4.007,0.1584,0.012,7.225,4.31,382.7,135.5,14.23,61.29,True,Normal,0,train
PUMP_01,2026-03-29 18:00:00,0.1453,47.46,34.08,57.38,3.977,0.1549,0.0123,7.227,4.42,381.0,120.5,14.26,61.25,True,Normal,0,train
PUMP_01,2026-03-29 19:00:00,0.113,48.0,33.58,58.29,4.104,0.1449,0.0177,7.151,3.97,381.0,122.3,12.74,61.21,True,Normal,0,train
PUMP_01,2026-03-29 20:00:00,0.1457,50.25,34.05,58.98,4.168,0.1444,0.0177,7.195,4.02,372.8,113.9,13.13,61.17,True,Normal,0,train
PUMP_01,2026-03-29 21:00:00,0.1198,49.95,34.31,57.18,3.904,0.1366,0.0162,7.125,4.3,382.5,111.8,12.61,61.12,True,Normal,0,train
PUMP_01,2026-03-29 22:00:00,0.1206,49.25,33.84,58.15,3.838,0.1312,0.0149,7.1,4.05,378.3,102.1,11.87,61.08,True,Normal,0,train
PUMP_01,2026-03-29 23:00:00,0.1503,52.86,34.27,58.22,4.046,0.1324,0.0164,7.237,3.48,379.2,98.6,13.7,61.04,True,Normal,0,train
PUMP_01,2026-03-30 00:00:00,0.1333,50.16,33.52,58.43,4.086,0.1304,0.0152,7.162,3.67,385.2,97.9,12.89,61.0,True,Normal,0,train
PUMP_01,2026-03-30 01:00:00,0.1525,50.81,34.06,55.95,4.157,0.137,0.0146,7.244,4.09,376.4,92.3,14.11,60.96,True,Normal,0,train
PUMP_01,2026-03-30 02:00:00,0.1571,51.48,34.69,56.89,4.059,0.1389,0.0166,7.255,4.49,386.8,93.0,15.01,60.92,True,Normal,0,train
PUMP_01,2026-03-30 03:00:00,0.1598,50.08,34.74,56.36,4.112,0.1456,0.0154,7.169,4.65,387.2,100.2,13.76,60.88,True,Normal,0,train
PUMP_01,2026-03-30 04:00:00,0.1451,53.89,34.8,58.04,4.133,0.1497,0.0095,7.23,4.31,383.8,102.2,14.35,60.83,True,Normal,0,train
PUMP_01,2026-03-30 05:00:00,0.1731,48.59,34.17,56.92,4.117,0.1535,0.0135,7.167,4.11,375.1,105.9,12.85,60.79,True,Normal,0,train
PUMP_01,2026-03-30 06:00:00,0.1587,49.09,34.02,57.4,4.07,0.1577,0.0093,7.108,4.3,369.1,113.2,11.78,60.75,True,Normal,0,train
PUMP_01,2026-03-30 07:00:00,0.1663,48.59,33.73,56.57,3.897,0.16,0.0094,7.206,3.73,385.4,126.4,13.64,60.71,True,Normal,0,train
PUMP_01,2026-03-30 08:00:00,0.1407,52.34,32.92,57.52,3.999,0.1573,0.0124,7.176,3.94,380.6,124.7,13.1,60.67,True,Normal,0,train
PUMP_01,2026-03-30 09:00:00,0.1544,51.2,33.19,56.65,4.024,0.1564,0.0123,7.178,3.67,376.3,130.6,12.76,60.62,True,Normal,0,train
PUMP_01,2026-03-30 10:00:00,0.1715,49.18,33.9,58.91,3.992,0.1608,0.0122,7.299,3.5,385.9,130.8,14.98,60.58,True,Normal,0,train
PUMP_01,2026-03-30 11:00:00,0.1671,48.7,33.94,58.58,3.997,0.1598,0.0112,7.124,4.13,375.7,141.5,12.19,60.54,True,Normal,0,train
PUMP_01,2026-03-30 12:00:00,0.138,52.08,34.85,58.18,4.125,0.1563,0.0143,7.219,4.07,377.9,146.8,13.77,60.5,True,Normal,0,train
PUMP_01,2026-03-30 13:00:00,0.1392,50.54,34.79,57.64,3.939,0.1518,0.0148,7.15,4.28,382.6,148.3,13.01,60.46,True,Normal,0,train
PUMP_01,2026-03-30 14:00:00,0.1302,52.12,33.59,55.55,4.064,0.1501,0.0169,7.245,4.22,374.4,144.6,14.15,60.42,True,Normal,0,train
PUMP_01,2026-03-30 15:00:00,0.1331,49.91,34.49,57.45,4.025,0.1465,0.018,7.215,4.1,379.5,145.5,13.78,60.38,True,Normal,0,train
PUMP_01,2026-03-30 16:00:00,0.1204,50.77,33.71,57.09,3.931,0.138,0.0158,7.219,4.22,385.4,140.6,14.19,60.33,True,Normal,0,train
PUMP_01,2026-03-30 17:00:00,0.1383,50.45,34.41,58.3,3.914,0.1332,0.0072,7.153,3.98,381.1,137.0,12.78,60.29,True,Normal,0,train
PUMP_01,2026-03-30 18:00:00,0.1495,49.06,34.48,58.74,3.864,0.1351,0.0098,7.162,4.17,386.2,130.4,13.26,60.25,True,Normal,0,train
PUMP_01,2026-03-30 19:00:00,0.1286,49.78,34.75,58.39,4.039,0.1334,0.0099,7.246,3.71,385.7,126.3,14.27,60.21,True,Normal,0,train
PUMP_01,2026-03-30 20:00:00,0.14,48.22,33.7,59.52,3.995,0.135,0.01,7.289,4.15,380.0,112.9,15.02,60.17,True,Normal,0,train
PUMP_01,2026-03-30 21:00:00,0.1396,50.74,34.61,57.32,3.934,0.1361,0.0101,7.224,4.27,368.3,102.2,13.58,60.12,True,Normal,0,train
PUMP_01,2026-03-30 22:00:00,0.1608,51.14,32.88,57.27,3.85,0.1428,0.011,7.155,3.73,374.5,105.0,12.36,60.08,True,Normal,0,train
PUMP_01,2026-03-30 23:00:00,0.1382,51.49,34.78,59.25,4.035,0.1428,0.011,7.217,4.02,383.8,101.5,13.94,60.04,True,Normal,0,train
PUMP_01,2026-03-31 00:00:00,0.1414,51.0,33.98,58.2,3.986,0.1414,0.0105,7.321,3.75,372.2,102.1,14.94,60.0,True,Normal,0,train
PUMP_01,2026-03-31 01:00:00,0.1399,49.81,34.0,57.7,3.943,0.1433,0.0086,7.205,3.79,378.4,100.1,13.37,59.96,True,Normal,0,train
PUMP_01,2026-03-31 02:00:00,0.1379,52.33,32.78,60.22,3.923,0.143,0.0088,7.273,3.55,381.7,103.6,14.43,59.92,True,Normal,0,train
PUMP_01,2026-03-31 03:00:00,0.165,51.34,33.77,58.69,3.981,0.1472,0.0123,7.163,4.51,387.3,100.8,13.57,59.88,True,Normal,0,train
PUMP_01,2026-03-31 04:00:00,0.1566,52.08,34.81,57.77,4.038,0.1465,0.0115,7.198,4.43,377.1,103.2,13.64,59.83,True,Normal,0,train
PUMP_01,2026-03-31 05:00:00,0.1605,52.18,33.74,57.18,3.974,0.1502,0.0118,7.231,4.21,376.8,102.0,14.01,59.79,True,Normal,0,train
PUMP_01,2026-03-31 06:00:00,0.1791,49.81,34.43,59.59,3.905,0.1565,0.0156,7.22,4.79,379.7,114.8,14.36,59.75,True,Normal,0,train
PUMP_01,2026-03-31 07:00:00,0.1796,50.58,34.02,58.25,3.995,0.1631,0.0156,7.162,3.92,381.8,117.8,12.91,59.71,True,Normal,0,train
PUMP_01,2026-03-31 08:00:00,0.134,51.16,34.64,58.03,4.084,0.1625,0.0169,7.16,5.21,379.2,127.3,13.67,59.67,True,Normal,0,train
PUMP_01,2026-03-31 09:00:00,0.1668,48.28,34.11,58.81,4.003,0.1628,0.017,7.249,3.91,385.2,132.7,14.45,59.62,True,Normal,0,train
PUMP_01,2026-03-31 10:00:00,0.1584,48.31,33.44,59.06,4.005,0.1631,0.0168,7.26,4.1,376.0,139.6,14.36,59.58,True,Normal,0,train
PUMP_01,2026-03-31 11:00:00,0.1457,48.05,34.03,58.66,3.974,0.1606,0.0183,7.276,3.84,380.6,141.3,14.62,59.54,True,Normal,0,train
PUMP_01,2026-03-31 12:00:00,0.1549,49.84,34.96,59.06,3.929,0.1566,0.0159,7.29,4.15,382.2,147.9,15.14,59.5,True,Normal,0,train
PUMP_01,2026-03-31 13:00:00,0.1215,49.5,34.3,58.54,3.926,0.1469,0.0168,7.207,4.33,378.0,134.1,13.76,59.46,True,Normal,0,train
PUMP_01,2026-03-31 14:00:00,0.1669,47.85,33.93,58.67,3.867,0.1524,0.0171,7.184,3.95,384.2,144.9,13.39,59.42,True,Normal,0,train
PUMP_01,2026-03-31 15:00:00,0.1507,50.22,35.35,57.12,4.094,0.1497,0.0156,7.268,4.71,380.7,146.5,15.11,59.38,True,Normal,0,train
PUMP_01,2026-03-31 16:00:00,0.1284,49.86,34.7,60.17,4.037,0.1447,0.017,7.236,4.1,383.9,145.2,14.3,59.33,True,Normal,0,train
PUMP_01,2026-03-31 17:00:00,0.1316,51.77,34.49,56.52,4.007,0.1423,0.0177,7.151,4.11,381.0,135.4,12.83,59.29,True,Normal,0,train
PUMP_01,2026-03-31 18:00:00,0.1145,53.02,34.19,58.37,4.024,0.1356,0.0196,7.148,3.64,381.9,133.2,12.5,59.25,True,Normal,0,train
PUMP_01,2026-03-31 19:00:00,0.1356,50.68,34.44,56.4,4.027,0.138,0.0184,7.225,4.17,376.8,120.7,13.88,59.21,True,Normal,0,train
PUMP_01,2026-03-31 20:00:00,0.1341,48.96,34.46,57.88,3.941,0.1325,0.0117,7.191,3.95,376.8,113.5,13.19,59.17,True,Normal,0,train
PUMP_01,2026-03-31 21:00:00,0.1231,50.97,32.69,57.31,3.974,0.1279,0.0079,7.199,3.76,386.1,109.6,13.56,59.12,True,Normal,0,train
PUMP_01,2026-03-31 22:00:00,0.1567,50.01,34.24,58.16,3.962,0.1326,0.0142,7.254,3.69,383.2,102.3,14.27,59.08,True,Normal,0,train
PUMP_01,2026-03-31 23:00:00,0.1666,49.64,33.9,58.41,4.201,0.1384,0.0198,7.238,5.07,374.9,95.2,14.64,59.04,True,Normal,0,train
PUMP_01,2026-04-01 00:00:00,0.1496,48.71,33.7,56.85,4.082,0.1443,0.0162,7.266,3.89,380.9,93.8,14.53,59.0,True,Normal,0,train
PUMP_01,2026-04-01 01:00:00,0.148,49.3,33.88,57.96,4.013,0.1463,0.0156,7.103,3.42,368.1,90.6,11.05,58.96,True,Normal,0,train
PUMP_01,2026-04-01 02:00:00,0.1615,49.73,33.07,59.67,4.109,0.1509,0.0153,7.213,3.72,377.1,98.0,13.39,58.92,True,Normal,0,train
PUMP_01,2026-04-01 03:00:00,0.1568,51.21,32.92,56.43,4.099,0.1565,0.007,7.235,3.98,384.8,98.4,14.24,58.88,True,Normal,0,train
PUMP_01,2026-04-01 04:00:00,0.1424,50.77,34.75,56.98,3.89,0.1542,0.0091,7.124,4.22,379.4,100.9,12.41,58.83,True,Normal,0,train
PUMP_01,2026-04-01 05:00:00,0.1499,52.74,34.28,59.03,3.982,0.1514,0.0068,7.167,4.22,380.6,105.2,13.16,58.79,True,Normal,0,train
PUMP_01,2026-04-01 06:00:00,0.1556,51.01,32.55,58.09,3.999,0.1524,0.0069,7.158,4.27,364.9,115.5,12.39,58.75,True,Normal,0,train
PUMP_01,2026-04-01 07:00:00,0.1634,50.64,33.65,58.18,4.049,0.1549,0.0078,7.201,3.74,378.0,123.1,13.26,58.71,True,Normal,0,train
PUMP_01,2026-04-01 08:00:00,0.1588,49.54,34.53,59.23,3.982,0.1545,0.0074,7.275,4.35,381.7,121.9,15.02,58.67,True,Normal,0,train
PUMP_01,2026-04-01 09:00:00,0.1602,48.44,33.83,57.05,3.992,0.155,0.0077,7.293,3.95,382.3,127.3,15.04,58.62,True,Normal,0,train
PUMP_01,2026-04-01 10:00:00,0.1321,49.15,34.75,57.38,3.963,0.1533,0.0114,7.147,4.2,384.8,141.5,12.98,58.58,True,Normal,0,train
PUMP_01,2026-04-01 11:00:00,0.1626,48.95,34.63,57.23,4.084,0.1554,0.0118,7.209,4.25,378.9,136.2,13.77,58.54,True,Normal,0,train
PUMP_01,2026-04-01 12:00:00,0.1501,46.16,33.19,57.58,3.885,0.1545,0.012,7.205,4.34,379.2,146.3,13.78,58.5,True,Normal,0,train
PUMP_01,2026-04-01 13:00:00,0.1857,48.49,33.91,59.61,3.966,0.1582,0.0175,7.196,5.24,373.3,151.5,14.03,58.46,True,Normal,0,train
PUMP_01,2026-04-01 14:00:00,0.1392,52.4,33.73,55.96,3.853,0.155,0.0191,7.203,4.88,380.5,150.6,14.18,58.42,True,Normal,0,train
PUMP_01,2026-04-01 15:00:00,0.1478,50.55,33.17,56.57,3.918,0.1529,0.0191,7.2,4.91,375.8,144.6,13.97,58.38,True,Normal,0,train
PUMP_01,2026-04-01 16:00:00,0.1838,49.44,33.13,56.36,4.025,0.1615,0.0195,7.274,4.39,374.0,140.5,14.7,58.33,True,Normal,0,train
PUMP_01,2026-04-01 17:00:00,0.1433,50.6,33.52,59.68,4.027,0.1583,0.0208,7.25,4.51,379.0,141.5,14.61,58.29,True,Normal,0,train
PUMP_01,2026-04-01 18:00:00,0.139,47.07,33.62,57.26,3.975,0.1565,0.0222,7.147,3.3,393.4,117.1,12.72,58.25,True,Normal,0,train
PUMP_01,2026-04-01 19:00:00,0.1255,50.42,34.17,57.61,4.09,0.1464,0.0198,7.24,4.35,384.5,118.1,14.56,58.21,True,Normal,0,train
PUMP_01,2026-04-01 20:00:00,0.1643,51.92,34.63,56.06,4.108,0.1506,0.0206,7.245,4.07,385.4,116.9,14.49,58.17,True,Normal,0,train
PUMP_01,2026-04-01 21:00:00,0.1255,49.82,34.31,57.69,3.994,0.1469,0.023,7.216,4.25,381.1,106.2,13.98,58.12,True,Normal,0,train
PUMP_01,2026-04-01 22:00:00,0.1514,47.34,34.45,59.04,4.02,0.1415,0.0151,7.257,4.15,373.7,107.3,14.25,58.08,True,Normal,0,train
PUMP_01,2026-04-01 23:00:00,0.1403,49.38,33.84,58.3,3.964,0.141,0.0151,7.209,3.61,386.1,98.2,13.63,58.04,True,Normal,0,train
PUMP_01,2026-04-02 00:00:00,0.1472,51.92,34.36,57.87,4.05,0.1424,0.0152,7.21,3.4,369.1,96.4,12.79,58.0,True,Normal,0,train
PUMP_01,2026-04-02 01:00:00,0.1312,50.39,33.91,56.12,3.904,0.1433,0.0141,7.206,3.72,377.2,93.9,13.28,57.96,True,Normal,0,train
PUMP_01,2026-04-02 02:00:00,0.1751,47.87,33.74,57.61,4.144,0.1451,0.0176,7.099,4.23,379.7,93.8,12.03,57.92,True,Normal,0,train
PUMP_01,2026-04-02 03:00:00,0.1529,53.55,35.14,58.18,4.091,0.1497,0.0148,7.196,4.28,381.2,96.2,13.68,57.88,True,Normal,0,train
PUMP_01,2026-04-02 04:00:00,0.1404,48.12,32.6,56.81,3.904,0.1478,0.0152,7.167,3.45,376.4,103.4,12.43,57.83,True,Normal,0,train
PUMP_01,2026-04-02 05:00:00,0.1784,49.64,32.88,58.79,3.937,0.1542,0.0189,7.141,3.61,370.8,104.4,11.89,57.79,True,Normal,0,train
PUMP_01,2026-04-02 06:00:00,0.1524,48.44,34.23,59.06,4.034,0.1551,0.0187,7.272,3.71,376.0,117.3,14.28,57.75,True,Normal,0,train
PUMP_01,2026-04-02 07:00:00,0.1647,48.45,33.84,57.37,3.973,0.1607,0.0147,7.225,3.86,376.3,122.6,13.65,57.71,True,Normal,0,train
PUMP_01,2026-04-02 08:00:00,0.1713,49.32,33.14,58.87,4.044,0.16,0.014,7.199,3.46,376.1,130.9,12.93,57.67,True,Normal,0,train
PUMP_01,2026-04-02 09:00:00,0.1642,50.95,33.37,57.87,3.971,0.1619,0.0136,7.172,3.43,384.9,128.0,12.85,57.62,True,Normal,0,train
PUMP_01,2026-04-02 10:00:00,0.1221,51.94,33.45,59.38,4.122,0.1589,0.02,7.215,3.67,373.9,130.9,13.25,57.58,True,Normal,0,train
PUMP_01,2026-04-02 11:00:00,0.163,49.42,34.54,60.44,4.001,0.1563,0.0178,7.25,4.03,381.5,141.6,14.38,57.54,True,Normal,0,train
PUMP_01,2026-04-02 12:00:00,0.1485,48.48,34.73,56.69,4.194,0.1556,0.0181,7.159,3.53,380.8,155.7,12.54,57.5,True,Normal,0,train
PUMP_01,2026-04-02 13:00:00,0.1425,50.72,34.98,58.92,4.048,0.1519,0.0181,7.2,3.95,384.8,150.1,13.66,57.46,True,Normal,0,train
PUMP_01,2026-04-02 14:00:00,0.1434,50.76,33.05,59.57,3.892,0.1473,0.0155,7.243,4.42,379.3,141.9,14.46,57.42,True,Normal,0,train
PUMP_01,2026-04-02 15:00:00,0.1188,50.36,33.18,56.84,4.167,0.1397,0.0167,7.103,3.48,384.0,143.3,11.75,57.38,True,Normal,0,train
PUMP_01,2026-04-02 16:00:00,0.1442,50.41,33.14,57.31,4.088,0.1434,0.0143,7.197,3.92,379.1,140.6,13.36,57.33,True,Normal,0,train
PUMP_01,2026-04-02 17:00:00,0.1199,49.83,34.77,57.3,4.03,0.1362,0.0132,7.179,4.41,382.2,127.0,13.53,57.29,True,Normal,0,train
PUMP_01,2026-04-02 18:00:00,0.1357,50.15,34.25,57.84,4.052,0.1341,0.0118,7.193,3.83,372.5,131.9,12.96,57.25,True,Normal,0,train
PUMP_01,2026-04-02 19:00:00,0.1427,49.73,34.05,57.57,3.905,0.1341,0.0118,7.175,3.77,366.8,119.3,12.39,57.21,True,Normal,0,train
PUMP_01,2026-04-02 20:00:00,0.1575,51.61,34.14,57.76,3.856,0.1365,0.015,7.207,4.47,381.9,113.2,14.01,57.17,True,Normal,0,train
PUMP_01,2026-04-02 21:00:00,0.1306,53.34,33.97,59.01,3.997,0.1384,0.0129,7.296,3.88,382.2,107.6,15.04,57.12,True,Normal,0,train
PUMP_01,2026-04-02 22:00:00,0.1668,50.27,33.33,55.73,4.11,0.1422,0.0174,7.184,4.44,382.4,106.9,13.65,57.08,True,Normal,0,train
PUMP_01,2026-04-02 23:00:00,0.1616,49.99,34.31,56.83,4.032,0.1492,0.0149,7.215,4.17,377.4,95.3,13.74,57.04,True,Normal,0,train
PUMP_01,2026-04-03 00:00:00,0.1436,50.38,33.89,58.8,4.137,0.1505,0.0137,7.3,3.86,387.4,89.0,15.31,57.0,True,Normal,0,train
PUMP_01,2026-04-03 01:00:00,0.136,49.01,33.28,58.66,4.106,0.1494,0.0147,7.172,4.19,377.7,96.3,13.1,56.96,True,Normal,0,train
PUMP_01,2026-04-03 02:00:00,0.1333,51.15,34.34,56.73,4.002,0.1453,0.0153,7.291,4.13,382.1,87.7,15.13,56.92,True,Normal,0,train
PUMP_01,2026-04-03 03:00:00,0.1611,50.66,33.74,58.67,4.095,0.1504,0.0145,7.2,4.41,383.0,97.1,13.91,56.88,True,Normal,0,train
PUMP_01,2026-04-03 04:00:00,0.1476,49.37,34.14,59.59,4.122,0.1472,0.0121,7.289,3.78,388.6,107.1,15.13,56.83,True,Normal,0,train
PUMP_01,2026-04-03 05:00:00,0.1776,51.35,33.93,57.94,3.994,0.1499,0.0168,7.238,4.02,378.4,109.8,14.05,56.79,True,Normal,0,train
PUMP_01,2026-04-03 06:00:00,0.1498,50.03,34.53,56.79,3.983,0.1509,0.0165,7.212,4.08,376.7,117.7,13.62,56.75,True,Normal,0,train
PUMP_01,2026-04-03 07:00:00,0.1461,48.54,34.13,59.05,4.011,0.1526,0.0151,7.192,4.46,372.5,122.5,13.38,56.71,True,Normal,0,train
PUMP_01,2026-04-03 08:00:00,0.1622,50.53,33.47,60.07,3.807,0.1574,0.0121,7.162,3.82,387.8,136.1,13.09,56.67,True,Normal,0,train
PUMP_01,2026-04-03 09:00:00,0.1468,50.36,34.19,56.94,4.022,0.155,0.0126,7.196,4.69,382.1,130.1,14.0,56.62,True,Normal,0,train
PUMP_01,2026-04-03 10:00:00,0.1551,51.44,34.21,58.05,4.058,0.1563,0.0121,7.237,4.47,382.3,139.3,14.51,56.58,True,Normal,0,train
PUMP_01,2026-04-03 11:00:00,0.1674,51.25,34.31,59.31,4.012,0.1546,0.0087,7.191,3.75,395.6,139.9,13.84,56.54,True,Normal,0,train
PUMP_01,2026-04-03 12:00:00,0.1518,49.84,34.62,58.14,4.028,0.1549,0.0085,7.179,4.66,382.3,148.0,13.73,56.5,True,Normal,0,train
PUMP_01,2026-04-03 13:00:00,0.1492,49.29,33.63,55.9,3.997,0.1554,0.0079,7.185,5.0,374.8,144.8,13.73,56.46,True,Normal,0,train
PUMP_01,2026-04-03 14:00:00,0.1481,50.0,34.4,58.53,3.84,0.1531,0.0076,7.248,4.45,380.6,151.0,14.61,56.42,True,Normal,0,train
PUMP_01,2026-04-03 15:00:00,0.1175,50.54,32.97,56.83,4.133,0.1482,0.0166,7.261,4.57,377.1,139.5,14.76,56.38,True,Normal,0,train
PUMP_01,2026-04-03 16:00:00,0.1472,50.73,33.93,56.48,3.971,0.1469,0.0162,7.167,4.03,380.0,143.3,12.99,56.33,True,Normal,0,train
PUMP_01,2026-04-03 17:00:00,0.1427,50.45,33.84,55.93,3.951,0.1427,0.0127,7.167,3.34,380.0,134.9,12.5,56.29,True,Normal,0,train
PUMP_01,2026-04-03 18:00:00,0.1534,49.86,34.87,59.43,4.109,0.143,0.013,7.219,3.26,378.3,126.3,13.22,56.25,True,Normal,0,train
PUMP_01,2026-04-03 19:00:00,0.1494,51.5,33.91,57.0,4.078,0.143,0.013,7.276,4.1,373.8,122.2,14.53,56.21,True,Normal,0,train
PUMP_01,2026-04-03 20:00:00,0.1383,48.99,34.36,58.4,4.022,0.1414,0.0128,7.257,3.76,388.3,114.6,14.6,56.17,True,Normal,0,train
PUMP_01,2026-04-03 21:00:00,0.1584,53.72,32.94,58.69,4.062,0.1482,0.0072,7.137,3.63,381.5,108.9,12.3,56.12,True,Normal,0,train
PUMP_01,2026-04-03 22:00:00,0.1406,51.14,33.79,58.19,3.908,0.1471,0.0079,7.187,3.97,378.9,101.5,13.22,56.08,True,Normal,0,train
PUMP_01,2026-04-03 23:00:00,0.1511,48.31,33.49,58.36,3.994,0.1485,0.0077,7.153,4.25,383.8,95.5,13.09,56.04,True,Normal,0,train
PUMP_01,2026-04-04 00:00:00,0.1453,50.28,35.49,58.46,4.104,0.1472,0.0074,7.187,3.42,382.4,94.5,12.98,56.0,True,Normal,0,train
PUMP_01,2026-04-04 01:00:00,0.1595,51.16,33.6,58.17,3.946,0.1489,0.009,7.28,3.82,381.4,88.3,14.72,55.96,True,Normal,0,train
PUMP_01,2026-04-04 02:00:00,0.1494,49.48,34.04,57.09,3.92,0.1507,0.0073,7.129,4.6,383.4,99.2,12.93,55.92,True,Normal,0,train
PUMP_01,2026-04-04 03:00:00,0.1818,47.76,34.08,56.98,4.006,0.1546,0.0147,7.119,3.57,380.7,93.4,11.93,55.88,True,Normal,0,train
PUMP_01,2026-04-04 04:00:00,0.1889,48.44,33.05,57.87,4.008,0.1627,0.0183,7.159,4.35,383.4,101.5,13.22,55.83,True,Normal,0,train
PUMP_01,2026-04-04 05:00:00,0.1728,50.81,33.68,57.85,4.052,0.1663,0.0177,7.214,3.81,383.8,110.1,13.75,55.79,True,Normal,0,train
PUMP_01,2026-04-04 06:00:00,0.1831,47.37,34.24,58.52,3.89,0.1726,0.0153,7.231,4.22,380.8,116.9,14.18,55.75,True,Normal,0,train
PUMP_01,2026-04-04 07:00:00,0.1366,47.83,34.05,59.32,3.796,0.1688,0.021,7.222,4.44,378.9,112.9,14.11,55.71,True,Normal,0,train
PUMP_01,2026-04-04 08:00:00,0.1373,50.81,32.62,58.41,4.074,0.1668,0.0237,7.259,4.3,387.7,126.1,14.97,55.67,True,Normal,0,train
PUMP_01,2026-04-04 09:00:00,0.1522,49.67,33.66,57.03,3.913,0.1618,0.023,7.112,4.36,377.6,134.3,12.24,55.62,True,Normal,0,train
PUMP_01,2026-04-04 10:00:00,0.1556,48.96,34.61,55.38,3.951,0.1563,0.0187,7.259,3.54,382.0,137.9,14.21,55.58,True,Normal,0,train
PUMP_01,2026-04-04 11:00:00,0.1496,49.26,34.35,57.08,3.825,0.1524,0.017,7.184,4.45,382.1,147.0,13.65,55.54,True,Normal,0,train
PUMP_01,2026-04-04 12:00:00,0.1254,47.79,34.73,56.39,4.082,0.1428,0.0116,7.237,3.66,377.0,140.9,13.72,55.5,True,Normal,0,train
PUMP_01,2026-04-04 13:00:00,0.1647,50.73,33.41,57.12,4.028,0.1475,0.014,7.134,4.1,376.0,136.8,12.35,55.46,True,Normal,0,train
PUMP_01,2026-04-04 14:00:00,0.1773,48.79,34.77,58.29,4.025,0.1541,0.0173,7.2,4.1,378.2,147.4,13.5,55.42,True,Normal,0,train
PUMP_01,2026-04-04 15:00:00,0.1621,49.2,33.97,58.1,4.024,0.1558,0.0176,7.212,4.19,377.5,139.5,13.72,55.38,True,Normal,0,train
PUMP_01,2026-04-04 16:00:00,0.1576,50.52,34.96,60.23,3.835,0.1561,0.0176,7.258,4.13,372.7,130.6,14.22,55.33,True,Normal,0,train
PUMP_01,2026-04-04 17:00:00,0.1437,49.62,34.0,58.58,3.921,0.1551,0.0182,7.121,3.66,376.7,131.9,11.86,55.29,True,Normal,0,train
PUMP_01,2026-04-04 18:00:00,0.1274,48.94,32.77,60.29,3.964,0.1555,0.0175,7.137,5.71,381.3,131.4,13.75,55.25,True,Normal,0,train
PUMP_01,2026-04-04 19:00:00,0.1414,47.02,34.51,58.86,3.94,0.1516,0.0177,7.035,8.22,386.3,114.9,14.08,55.21,True,Normal,0,train
PUMP_01,2026-04-04 20:00:00,0.1729,50.55,33.73,59.3,3.978,0.1509,0.0164,7.059,9.9,382.8,122.9,15.49,55.17,True,Normal,0,train
PUMP_01,2026-04-04 21:00:00,0.1376,50.12,33.77,57.57,4.02,0.1468,0.0161,7.072,10.29,367.0,104.1,15.32,55.12,True,Normal,0,train
PUMP_01,2026-04-04 22:00:00,0.1382,49.22,33.13,56.71,4.081,0.1435,0.0154,7.098,9.81,383.2,102.7,16.07,55.08,True,Normal,0,train
PUMP_01,2026-04-04 23:00:00,0.164,48.44,34.97,57.46,3.882,0.1469,0.0176,7.007,9.26,377.2,93.5,13.98,55.04,True,Normal,0,train
PUMP_01,2026-04-05 00:00:00,0.1676,50.02,33.69,57.99,3.999,0.1536,0.0162,7.144,7.96,398.3,96.0,16.14,55.0,True,Normal,0,train
PUMP_01,2026-04-05 01:00:00,0.1399,50.72,34.95,57.25,4.057,0.1534,0.0165,7.212,5.8,407.6,94.5,16.11,54.96,True,Normal,0,train
PUMP_01,2026-04-05 02:00:00,0.1511,50.15,33.74,56.8,3.926,0.1497,0.0134,7.118,4.14,420.7,89.9,13.98,54.92,True,Normal,0,train
PUMP_01,2026-04-05 03:00:00,0.1495,52.46,33.44,58.5,3.985,0.1517,0.0121,7.231,3.74,421.1,109.7,15.52,54.88,True,Normal,0,train
PUMP_01,2026-04-05 04:00:00,0.1597,51.06,34.79,56.79,4.037,0.1553,0.0103,7.248,4.66,421.5,100.3,16.46,54.83,True,Normal,0,train
PUMP_01,2026-04-05 05:00:00,0.1762,49.84,33.96,56.16,4.001,0.1573,0.0132,7.187,3.65,428.3,105.5,15.06,54.79,True,Normal,0,train
PUMP_01,2026-04-05 06:00:00,0.1479,51.11,33.96,56.65,4.054,0.154,0.0126,7.139,3.87,405.5,117.4,13.5,54.75,True,Normal,0,train
PUMP_01,2026-04-05 07:00:00,0.176,50.07,33.23,57.72,4.008,0.1601,0.0131,7.247,4.04,399.4,127.3,15.09,54.71,True,Normal,0,train
PUMP_01,2026-04-05 08:00:00,0.1602,50.07,33.73,56.81,3.975,0.1616,0.0123,7.14,3.56,384.7,131.0,12.43,54.67,True,Normal,0,train
PUMP_01,2026-04-05 09:00:00,0.192,51.94,34.26,57.73,3.906,0.1687,0.0157,7.191,4.13,383.3,127.7,13.59,54.62,True,Normal,0,train
PUMP_01,2026-04-05 10:00:00,0.1598,48.65,33.22,58.72,4.02,0.1687,0.0157,7.198,4.64,371.1,138.5,13.55,54.58,True,Normal,0,train
PUMP_01,2026-04-05 11:00:00,0.1511,50.03,33.68,58.69,4.008,0.1645,0.0166,7.236,3.8,385.6,134.1,14.17,54.54,True,Normal,0,train
PUMP_01,2026-04-05 12:00:00,0.1586,51.78,33.75,57.21,3.921,0.1663,0.015,7.169,4.16,377.7,147.8,13.01,54.5,True,Normal,0,train
PUMP_01,2026-04-05 13:00:00,0.1424,50.46,34.04,56.44,4.047,0.1607,0.0168,7.166,2.9,383.6,138.5,12.33,54.46,True,Normal,0,train
PUMP_01,2026-04-05 14:00:00,0.1181,49.45,34.89,57.31,4.101,0.1537,0.0242,7.205,3.98,375.1,140.9,13.37,54.42,True,Normal,0,train
PUMP_01,2026-04-05 15:00:00,0.1393,47.44,33.82,58.79,3.947,0.1449,0.0155,7.25,3.87,374.1,141.6,13.97,54.38,True,Normal,0,train
PUMP_01,2026-04-05 16:00:00,0.1375,46.59,33.59,59.07,3.942,0.1412,0.0138,7.314,3.67,389.9,139.5,15.51,54.33,True,Normal,0,train
PUMP_01,2026-04-05 17:00:00,0.1165,53.11,35.65,58.42,3.939,0.1354,0.0159,7.125,4.43,375.2,131.5,12.4,54.29,True,Normal,0,train
PUMP_01,2026-04-05 18:00:00,0.1389,50.46,33.74,59.44,3.866,0.1321,0.0116,7.216,3.87,385.7,132.5,13.9,54.25,True,Normal,0,train
PUMP_01,2026-04-05 19:00:00,0.1093,49.12,33.89,60.08,4.16,0.1266,0.0135,7.146,3.93,380.6,122.9,12.61,54.21,True,Normal,0,train
PUMP_01,2026-04-05 20:00:00,0.1361,50.52,33.79,57.42,3.964,0.1296,0.0132,7.251,3.85,377.9,116.1,14.12,54.17,True,Normal,0,train
PUMP_01,2026-04-05 21:00:00,0.1466,48.58,33.83,59.78,3.931,0.1308,0.0145,7.153,3.23,379.8,102.6,12.2,54.12,True,Normal,0,train
PUMP_01,2026-04-05 22:00:00,0.1465,49.5,34.05,57.69,3.91,0.1323,0.0158,7.166,3.55,373.5,109.1,12.37,54.08,True,Normal,0,train
PUMP_01,2026-04-05 23:00:00,0.1412,48.59,34.55,59.22,3.969,0.1364,0.0139,7.171,4.38,379.9,95.1,13.29,54.04,True,Normal,0,train
PUMP_01,2026-04-06 00:00:00,0.1487,47.88,34.24,58.85,3.944,0.1381,0.0148,7.196,3.16,374.6,102.8,12.62,54.0,True,Normal,0,train
PUMP_01,2026-04-06 01:00:00,0.1408,46.84,34.65,55.63,4.115,0.1433,0.0047,7.216,3.69,378.0,103.1,13.46,53.96,True,Normal,0,train
PUMP_01,2026-04-06 02:00:00,0.1552,47.6,34.63,56.84,3.9,0.1465,0.0053,7.224,3.84,384.6,97.9,13.97,53.92,True,Normal,0,train
PUMP_01,2026-04-06 03:00:00,0.1579,51.53,34.13,56.53,3.877,0.1484,0.0071,7.2,4.7,381.3,102.5,14.04,53.88,True,Normal,0,train
PUMP_01,2026-04-06 04:00:00,0.1452,48.52,34.23,55.86,4.044,0.1482,0.0072,7.134,4.31,372.6,90.0,12.34,53.83,True,Normal,0,train
PUMP_01,2026-04-06 05:00:00,0.1637,50.8,34.67,59.06,3.991,0.1519,0.0085,7.236,3.78,384.3,106.7,14.1,53.79,True,Normal,0,train
PUMP_01,2026-04-06 06:00:00,0.1639,51.43,33.33,60.48,3.982,0.1544,0.0096,7.197,4.52,380.0,117.9,13.82,53.75,True,Normal,0,train
PUMP_01,2026-04-06 07:00:00,0.1572,50.02,35.5,57.69,4.045,0.1572,0.0069,7.258,3.7,377.3,123.7,14.11,53.71,True,Normal,0,train
PUMP_01,2026-04-06 08:00:00,0.195,49.55,33.69,59.02,4.011,0.1638,0.0167,7.165,4.4,383.7,121.6,13.37,53.67,True,Normal,0,train
PUMP_01,2026-04-06 09:00:00,0.155,50.2,33.79,59.78,3.996,0.1633,0.017,7.12,3.46,379.2,131.3,11.8,53.62,True,Normal,0,train
PUMP_01,2026-04-06 10:00:00,0.1508,49.38,33.27,58.25,3.888,0.1643,0.0159,7.198,4.43,374.2,127.5,13.53,53.58,True,Normal,0,train
PUMP_01,2026-04-06 11:00:00,0.1463,51.81,33.29,57.97,3.867,0.1614,0.0175,7.265,3.84,389.2,143.3,14.81,53.54,True,Normal,0,train
PUMP_01,2026-04-06 12:00:00,0.1354,52.81,34.58,57.71,3.944,0.1566,0.0203,7.208,3.59,379.9,136.6,13.34,53.5,True,Normal,0,train
PUMP_01,2026-04-06 13:00:00,0.1577,52.17,35.36,58.65,3.913,0.1567,0.0203,7.19,3.91,379.6,149.5,13.26,53.46,True,Normal,0,train
PUMP_01,2026-04-06 14:00:00,0.1347,46.77,33.66,59.05,4.022,0.1466,0.0098,7.156,4.11,378.0,148.9,12.8,53.42,True,Normal,0,train
PUMP_01,2026-04-06 15:00:00,0.1344,49.34,34.21,58.55,3.856,0.1432,0.0099,7.288,3.8,385.9,139.8,15.01,53.38,True,Normal,0,train
PUMP_01,2026-04-06 16:00:00,0.1333,50.01,34.13,58.51,3.964,0.1403,0.0098,7.149,4.22,377.4,139.8,12.72,53.33,True,Normal,0,train
PUMP_01,2026-04-06 17:00:00,0.1256,50.69,34.6,57.94,3.986,0.1368,0.0108,7.164,3.77,372.3,131.6,12.43,53.29,True,Normal,0,train
PUMP_01,2026-04-06 18:00:00,0.1137,47.41,35.33,56.09,3.997,0.1332,0.0144,7.229,4.25,376.6,127.4,13.99,53.25,True,Normal,0,train
PUMP_01,2026-04-06 19:00:00,0.1334,47.38,34.91,59.08,4.032,0.1292,0.0083,7.107,4.18,386.6,115.4,12.42,53.21,True,Normal,0,train
PUMP_01,2026-04-06 20:00:00,0.1544,51.96,33.86,56.46,3.974,0.1325,0.0133,7.264,3.98,384.2,116.0,14.68,53.17,True,Normal,0,train
PUMP_01,2026-04-06 21:00:00,0.1459,49.16,34.32,58.74,3.947,0.1344,0.0144,7.231,3.82,378.7,100.9,13.82,53.12,True,Normal,0,train
PUMP_01,2026-04-06 22:00:00,0.1684,47.77,34.38,58.91,4.1,0.1402,0.02,7.245,4.06,386.9,95.0,14.55,53.08,True,Normal,0,train
PUMP_01,2026-04-06 23:00:00,0.1587,48.34,33.99,56.63,3.974,0.1458,0.0197,7.228,4.22,383.7,97.9,14.26,53.04,True,Normal,0,train
PUMP_01,2026-04-07 00:00:00,0.1579,50.59,33.34,57.27,4.114,0.1531,0.0121,7.192,4.82,378.7,95.0,13.89,53.0,True,Normal,0,train
PUMP_01,2026-04-07 01:00:00,0.1808,48.77,33.52,60.55,3.974,0.161,0.0121,7.147,4.38,379.2,96.1,12.88,52.96,True,Normal,0,train
PUMP_01,2026-04-07 02:00:00,0.1535,50.36,34.69,57.9,3.999,0.1609,0.0122,7.193,4.39,381.6,93.3,13.73,52.92,True,Normal,0,train
PUMP_01,2026-04-07 03:00:00,0.158,48.53,34.75,56.54,3.989,0.1629,0.0101,7.151,5.24,375.8,105.9,13.41,52.88,True,Normal,0,train
PUMP_01,2026-04-07 04:00:00,0.1585,47.38,33.88,58.96,4.018,0.1612,0.0098,7.224,4.21,380.0,103.0,14.03,52.83,True,Normal,0,train
PUMP_01,2026-04-07 05:00:00,0.1828,52.14,34.16,57.07,3.966,0.1652,0.013,7.24,4.19,381.5,108.4,14.35,52.79,True,Normal,0,train
PUMP_01,2026-04-07 06:00:00,0.16,50.6,34.72,55.7,4.008,0.1656,0.0128,7.274,4.28,371.6,114.3,14.53,52.75,True,Normal,0,train
PUMP_01,2026-04-07 07:00:00,0.1499,49.5,32.98,58.62,4.122,0.1604,0.0116,7.219,3.6,379.1,124.0,13.48,52.71,True,Normal,0,train
PUMP_01,2026-04-07 08:00:00,0.1675,49.22,33.73,56.9,4.084,0.1628,0.0113,7.246,3.82,378.5,128.8,14.05,52.67,True,Normal,0,train
PUMP_01,2026-04-07 09:00:00,0.1448,52.2,35.21,58.39,4.084,0.1606,0.0135,7.185,3.8,385.1,134.3,13.33,52.62,True,Normal,0,train
PUMP_01,2026-04-07 10:00:00,0.163,50.89,34.18,57.02,3.893,0.1613,0.0135,7.176,4.26,370.8,140.6,12.91,52.58,True,Normal,0,train
PUMP_01,2026-04-07 11:00:00,0.1588,51.72,33.32,58.85,3.906,0.1573,0.0085,7.224,3.93,378.1,134.4,13.75,52.54,True,Normal,0,train
PUMP_01,2026-04-07 12:00:00,0.1472,49.12,34.07,58.22,4.017,0.1552,0.0092,7.181,4.06,377.6,137.0,13.13,52.5,True,Normal,0,train
PUMP_01,2026-04-07 13:00:00,0.1559,50.08,34.61,54.89,4.062,0.1562,0.0089,7.213,4.43,384.8,144.7,14.22,52.46,True,Normal,0,train
PUMP_01,2026-04-07 14:00:00,0.1227,50.6,32.47,58.46,3.958,0.1487,0.0145,7.147,4.35,379.8,143.4,12.88,52.42,True,Normal,0,train
PUMP_01,2026-04-07 15:00:00,0.1454,49.17,34.11,57.65,3.944,0.1488,0.0145,7.156,3.94,389.0,144.0,13.12,52.38,True,Normal,0,train
PUMP_01,2026-04-07 16:00:00,0.1344,49.86,33.78,59.7,4.112,0.1441,0.0136,7.232,3.73,383.3,137.8,13.96,52.33,True,Normal,0,train
PUMP_01,2026-04-07 17:00:00,0.1833,49.12,33.01,58.47,4.055,0.1482,0.0207,7.244,4.45,377.9,134.8,14.44,52.29,True,Normal,0,train
PUMP_01,2026-04-07 18:00:00,0.1423,50.6,34.05,58.91,4.085,0.1473,0.0208,7.151,4.31,381.2,121.5,12.98,52.25,True,Normal,0,train
PUMP_01,2026-04-07 19:00:00,0.1314,48.02,33.92,57.15,3.965,0.1432,0.0212,7.234,3.36,378.2,120.0,13.51,52.21,True,Normal,0,train
PUMP_01,2026-04-07 20:00:00,0.1207,50.86,33.99,57.05,3.958,0.1429,0.0216,7.173,3.87,384.3,108.2,13.17,52.17,True,Normal,0,train
PUMP_01,2026-04-07 21:00:00,0.1625,50.47,33.79,57.97,4.076,0.1458,0.0231,7.201,4.07,373.3,109.0,13.28,52.12,True,Normal,0,train
PUMP_01,2026-04-07 22:00:00,0.1397,49.7,33.39,57.57,3.979,0.1466,0.0227,7.271,4.31,375.9,94.8,14.68,52.08,True,Normal,0,train
PUMP_01,2026-04-07 23:00:00,0.1355,50.67,33.13,59.61,3.951,0.1387,0.0139,7.24,4.36,382.3,99.7,14.5,52.04,True,Normal,0,train
PUMP_01,2026-04-08 00:00:00,0.155,49.45,33.59,57.82,3.927,0.1408,0.0155,7.24,4.11,386.1,90.0,14.47,52.0,True,Normal,0,train
PUMP_01,2026-04-08 01:00:00,0.1623,48.99,34.52,56.53,3.959,0.146,0.0168,7.295,4.23,369.0,93.5,14.73,51.96,True,Normal,0,train
PUMP_01,2026-04-08 02:00:00,0.1645,50.82,34.14,57.01,4.07,0.1532,0.0126,7.157,4.29,386.9,99.4,13.31,51.92,True,Normal,0,train
PUMP_01,2026-04-08 03:00:00,0.1574,50.88,33.96,59.16,3.879,0.1524,0.012,7.13,4.47,379.3,99.3,12.67,51.88,True,Normal,0,train
PUMP_01,2026-04-08 04:00:00,0.161,49.24,33.38,57.8,4.05,0.156,0.0106,7.143,4.64,370.6,95.7,12.64,51.83,True,Normal,0,train
PUMP_01,2026-04-08 05:00:00,0.1631,49.11,33.78,57.74,3.943,0.1606,0.0036,7.166,4.75,365.0,104.8,12.86,51.79,True,Normal,0,train
PUMP_01,2026-04-08 06:00:00,0.165,49.73,34.44,59.27,3.983,0.1622,0.0028,7.061,4.73,372.4,107.5,11.47,51.75,True,Normal,0,train
PUMP_01,2026-04-08 07:00:00,0.166,49.17,34.3,56.9,3.988,0.1628,0.0032,7.168,3.99,379.9,113.2,12.98,51.71,True,Normal,0,train
PUMP_01,2026-04-08 08:00:00,0.1751,52.29,33.71,55.32,3.982,0.1646,0.006,7.159,4.32,381.6,126.9,13.13,51.67,True,Normal,0,train
PUMP_01,2026-04-08 09:00:00,0.1579,50.47,32.43,56.98,3.977,0.1647,0.0059,7.239,4.02,388.5,134.7,14.5,51.62,True,Normal,0,train
PUMP_01,2026-04-08 10:00:00,0.1427,50.02,33.6,58.29,3.964,0.1616,0.0108,7.218,3.89,382.5,139.4,13.81,51.58,True,Normal,0,train
PUMP_01,2026-04-08 11:00:00,0.1504,48.6,33.71,57.7,3.954,0.1595,0.0117,7.17,3.9,379.8,144.1,12.94,51.54,True,Normal,0,train
PUMP_01,2026-04-08 12:00:00,0.1613,51.11,33.46,56.13,4.106,0.1589,0.0114,7.229,4.2,383.2,144.1,14.24,51.5,True,Normal,0,train
PUMP_01,2026-04-08 13:00:00,0.1206,49.08,33.75,59.22,4.002,0.1513,0.0186,7.236,3.57,385.5,143.9,14.0,51.46,True,Normal,0,train
PUMP_01,2026-04-08 14:00:00,0.1183,49.02,34.49,58.2,3.99,0.1419,0.0185,7.162,3.35,384.5,139.9,12.62,51.42,True,Normal,0,train
PUMP_01,2026-04-08 15:00:00,0.1567,51.16,33.98,58.47,3.948,0.1417,0.0183,7.175,3.86,376.1,139.9,12.84,51.38,True,Normal,0,train
PUMP_01,2026-04-08 16:00:00,0.1641,50.58,34.59,58.5,3.967,0.1452,0.0205,7.089,4.31,384.5,132.4,12.12,51.33,True,Normal,0,train
PUMP_01,2026-04-08 17:00:00,0.1214,46.24,33.09,56.44,3.949,0.1404,0.0224,7.145,4.68,376.9,129.1,12.97,51.29,True,Normal,0,train
PUMP_01,2026-04-08 18:00:00,0.1415,49.76,33.82,58.36,4.061,0.1371,0.02,7.163,4.31,375.7,126.8,12.94,51.25,True,Normal,0,train
PUMP_01,2026-04-08 19:00:00,0.1343,50.19,32.84,59.09,3.94,0.1394,0.0185,7.204,3.41,377.3,119.5,13.04,51.21,True,Normal,0,train
PUMP_01,2026-04-08 20:00:00,0.1374,49.49,33.74,59.37,3.82,0.1426,0.0155,7.153,3.91,385.4,125.8,12.9,51.17,True,Normal,0,train
PUMP_01,2026-04-08 21:00:00,0.1475,50.24,33.37,58.87,4.005,0.141,0.0143,7.174,4.1,379.3,102.1,13.13,51.12,True,Normal,0,train
PUMP_01,2026-04-08 22:00:00,0.1256,47.29,34.77,58.62,3.978,0.1346,0.0098,7.139,4.07,376.5,101.8,12.42,51.08,True,Normal,0,train
PUMP_01,2026-04-08 23:00:00,0.1308,45.75,34.25,55.92,3.953,0.1362,0.0078,7.209,4.22,384.6,92.7,13.98,51.04,True,Normal,0,train
PUMP_01,2026-04-09 00:00:00,0.1455,48.54,34.61,57.98,4.073,0.1368,0.0085,7.221,3.63,390.7,94.3,14.03,51.0,True,Normal,0,train
PUMP_01,2026-04-09 01:00:00,0.1504,50.42,33.74,56.85,3.781,0.1395,0.0099,7.22,4.03,381.0,93.6,13.88,50.96,True,Normal,0,train
PUMP_01,2026-04-09 02:00:00,0.1381,45.16,33.39,59.54,4.126,0.1396,0.0099,7.201,4.17,386.2,99.2,13.88,50.92,True,Normal,0,train
PUMP_01,2026-04-09 03:00:00,0.1689,48.73,33.37,59.36,4.084,0.1432,0.0155,7.123,4.33,385.2,96.6,12.71,50.88,True,Normal,0,train
PUMP_01,2026-04-09 04:00:00,0.1524,47.12,34.16,56.86,3.95,0.1477,0.0131,7.169,3.68,377.0,101.6,12.65,50.83,True,Normal,0,train
PUMP_01,2026-04-09 05:00:00,0.1533,49.64,35.09,57.94,3.964,0.1514,0.0102,7.18,3.86,380.1,105.8,13.08,50.79,True,Normal,0,train
PUMP_01,2026-04-09 06:00:00,0.1642,52.94,34.25,58.3,4.04,0.1546,0.0109,7.18,2.92,373.6,107.9,12.15,50.75,True,Normal,0,train
PUMP_01,2026-04-09 07:00:00,0.1577,49.67,33.78,59.08,4.042,0.1558,0.0107,7.204,3.75,379.0,117.4,13.34,50.71,True,Normal,0,train
PUMP_01,2026-04-09 08:00:00,0.1712,49.84,33.89,55.99,3.949,0.1613,0.008,7.271,3.79,376.9,124.9,14.36,50.67,True,Normal,0,train
PUMP_01,2026-04-09 09:00:00,0.1431,51.26,33.98,55.35,3.871,0.157,0.0098,7.241,3.59,378.0,132.8,13.78,50.62,True,Normal,0,train
PUMP_01,2026-04-09 10:00:00,0.134,50.03,35.22,58.05,4.169,0.1539,0.0137,7.151,4.07,376.3,139.9,12.6,50.58,True,Normal,0,train
PUMP_01,2026-04-09 11:00:00,0.1479,49.68,34.74,54.96,4.076,0.153,0.0139,7.234,3.98,378.6,140.7,13.97,50.54,True,Normal,0,train
PUMP_01,2026-04-09 12:00:00,0.1509,51.39,34.16,58.19,4.013,0.1508,0.0128,7.232,3.1,382.7,143.1,13.49,50.5,True,Normal,0,train
PUMP_01,2026-04-09 13:00:00,0.1288,50.71,34.07,58.71,4.014,0.146,0.0149,7.16,4.09,379.4,138.1,12.89,50.46,True,Normal,0,train
PUMP_01,2026-04-09 14:00:00,0.1242,50.43,34.18,59.48,4.05,0.1382,0.0108,7.242,3.63,370.7,146.3,13.53,50.42,True,Normal,0,train
PUMP_01,2026-04-09 15:00:00,0.1457,49.79,34.3,57.25,4.059,0.1386,0.0111,7.192,4.19,376.3,138.9,13.35,50.38,True,Normal,0,train
PUMP_01,2026-04-09 16:00:00,0.13,49.48,33.75,58.19,3.833,0.1379,0.0115,7.13,3.49,372.4,140.7,11.7,50.33,True,Normal,0,train
PUMP_01,2026-04-09 17:00:00,0.1186,51.38,33.49,58.78,3.972,0.133,0.0126,7.223,4.01,381.2,137.8,13.92,50.29,True,Normal,0,train
PUMP_01,2026-04-09 18:00:00,0.1545,49.5,34.62,56.59,3.964,0.1336,0.0137,7.129,6.75,382.5,125.7,14.39,50.25,True,Normal,0,train
PUMP_01,2026-04-09 19:00:00,0.1309,51.85,34.01,59.1,3.987,0.134,0.0135,7.02,10.01,381.3,115.9,14.89,50.21,True,Normal,0,train
PUMP_01,2026-04-09 20:00:00,0.1586,48.43,34.57,58.33,4.062,0.1397,0.0157,7.03,9.94,376.1,113.5,14.77,50.17,True,Normal,0,train
PUMP_01,2026-04-09 21:00:00,0.1434,52.15,34.99,57.27,3.857,0.1393,0.0155,6.996,9.79,381.2,108.9,14.47,50.12,True,Normal,0,train
PUMP_01,2026-04-09 22:00:00,0.1494,50.71,34.31,58.17,3.892,0.1426,0.0152,7.062,9.28,377.6,101.1,14.89,50.08,True,Normal,0,train
PUMP_01,2026-04-09 23:00:00,0.1442,48.55,34.22,57.83,3.945,0.1468,0.0098,7.03,9.3,374.3,96.1,14.24,50.04,True,Normal,0,train
PUMP_01,2026-04-10 00:00:00,0.1102,50.76,35.92,58.94,4.012,0.1394,0.0169,7.122,6.79,404.2,98.1,15.21,50.0,True,Normal,0,train
PUMP_01,2026-04-10 01:00:00,0.1355,49.02,34.12,57.57,4.067,0.1402,0.0166,7.218,4.0,426.2,97.0,15.71,49.96,True,Normal,0,train
PUMP_01,2026-04-10 02:00:00,0.1531,50.05,33.35,58.27,4.131,0.1393,0.0155,7.142,3.76,426.8,94.5,14.36,49.92,True,Normal,0,train
PUMP_01,2026-04-10 03:00:00,0.1625,49.27,33.83,57.25,3.977,0.1425,0.0182,7.155,4.25,419.0,91.7,14.59,49.88,True,Normal,0,train
PUMP_01,2026-04-10 04:00:00,0.1318,49.8,34.93,56.87,4.066,0.1395,0.0183,7.09,3.89,428.0,104.1,13.65,49.83,True,Normal,0,train
PUMP_01,2026-04-10 05:00:00,0.1589,51.41,33.22,58.21,4.057,0.142,0.0199,7.228,3.61,419.6,104.4,15.33,49.79,True,Normal,0,train
PUMP_01,2026-04-10 06:00:00,0.1432,50.78,33.55,56.92,4.043,0.1475,0.0126,7.139,3.89,404.9,114.4,13.49,49.75,True,Normal,0,train
PUMP_01,2026-04-10 07:00:00,0.1632,48.31,34.66,58.96,3.998,0.1521,0.0124,7.207,4.09,377.4,120.6,13.56,49.71,True,Normal,0,train
PUMP_01,2026-04-10 08:00:00,0.1584,48.4,33.84,58.71,3.968,0.153,0.0127,7.219,4.13,378.9,118.9,13.84,49.67,True,Normal,0,train
PUMP_01,2026-04-10 09:00:00,0.1682,50.41,33.93,57.08,3.915,0.154,0.0137,7.23,4.75,367.9,132.8,14.0,49.62,True,Normal,0,train
PUMP_01,2026-04-10 10:00:00,0.171,50.51,34.64,58.26,3.909,0.1605,0.0098,7.14,3.73,378.5,139.7,12.29,49.58,True,Normal,0,train
PUMP_01,2026-04-10 11:00:00,0.1595,48.99,33.57,57.08,4.028,0.1606,0.0098,7.197,3.97,380.5,144.2,13.45,49.54,True,Normal,0,train
PUMP_01,2026-04-10 12:00:00,0.1629,52.39,33.12,56.07,3.996,0.1639,0.0049,7.284,4.17,377.9,144.6,14.87,49.5,True,Normal,0,train
PUMP_01,2026-04-10 13:00:00,0.1422,51.22,33.17,57.28,3.967,0.1604,0.0102,7.286,3.99,388.8,137.1,15.23,49.46,True,Normal,0,train
PUMP_01,2026-04-10 14:00:00,0.1873,49.06,34.35,57.94,4.053,0.1652,0.0148,7.249,3.8,374.2,149.3,13.91,49.42,True,Normal,0,train
PUMP_01,2026-04-10 15:00:00,0.1246,48.92,34.16,58.63,3.984,0.1579,0.022,7.217,3.38,377.2,143.3,13.22,49.38,True,Normal,0,train
PUMP_01,2026-04-10 16:00:00,0.1334,49.66,33.58,58.18,3.927,0.1516,0.0229,7.15,3.8,375.5,132.9,12.36,49.33,True,Normal,0,train
PUMP_01,2026-04-10 17:00:00,0.1539,49.5,33.3,59.09,3.979,0.1507,0.0226,7.236,3.57,377.2,129.3,13.66,49.29,True,Normal,0,train
PUMP_01,2026-04-10 18:00:00,0.1513,51.88,33.84,56.82,4.066,0.1488,0.0218,7.192,3.31,385.2,127.4,13.11,49.25,True,Normal,0,train
PUMP_01,2026-04-10 19:00:00,0.1477,51.48,34.67,57.55,3.918,0.1497,0.0216,7.228,3.68,387.4,122.7,14.03,49.21,True,Normal,0,train
PUMP_01,2026-04-10 20:00:00,0.1515,50.05,33.5,59.97,4.017,0.1437,0.0119,7.168,3.58,376.5,111.6,12.55,49.17,True,Normal,0,train
PUMP_01,2026-04-10 21:00:00,0.1117,51.02,33.6,55.68,3.996,0.1416,0.0164,7.191,4.23,376.4,110.8,13.37,49.12,True,Normal,0,train
PUMP_01,2026-04-10 22:00:00,0.1688,51.23,33.29,57.46,3.939,0.1475,0.019,7.208,4.24,374.2,95.2,13.56,49.08,True,Normal,0,train
PUMP_01,2026-04-10 23:00:00,0.1444,50.09,33.78,56.71,3.977,0.1459,0.0188,7.212,3.64,386.5,94.2,13.72,49.04,True,Normal,0,train
PUMP_01,2026-04-11 00:00:00,0.1687,50.6,34.2,57.77,3.874,0.1488,0.021,7.225,3.9,385.6,87.6,14.06,49.0,True,Normal,0,train
PUMP_01,2026-04-11 01:00:00,0.1221,50.89,35.27,57.48,4.009,0.1445,0.0237,7.171,3.26,379.5,91.4,12.49,48.96,True,Normal,0,train
PUMP_01,2026-04-11 02:00:00,0.1588,50.73,34.13,58.72,3.891,0.1458,0.0243,7.133,3.8,373.0,101.9,12.0,48.92,True,Normal,0,train
PUMP_01,2026-04-11 03:00:00,0.1486,48.83,33.97,58.31,4.086,0.1519,0.0177,7.281,4.16,373.5,106.6,14.64,48.88,True,Normal,0,train
PUMP_01,2026-04-11 04:00:00,0.1672,48.98,34.52,56.43,3.993,0.1516,0.0174,7.324,4.33,380.9,103.3,15.76,48.83,True,Normal,0,train
PUMP_01,2026-04-11 05:00:00,0.1644,49.57,34.42,57.29,3.954,0.155,0.0177,7.222,3.71,382.7,104.9,13.77,48.79,True,Normal,0,train
PUMP_01,2026-04-11 06:00:00,0.1655,48.94,33.65,58.0,4.093,0.1544,0.0172,7.134,4.42,369.7,112.6,12.3,48.75,True,Normal,0,train
PUMP_01,2026-04-11 07:00:00,0.1438,47.79,35.38,58.89,3.917,0.158,0.0097,7.161,3.39,378.4,121.9,12.39,48.71,True,Normal,0,train
PUMP_01,2026-04-11 08:00:00,0.1578,51.01,33.99,60.92,3.94,0.1579,0.0097,7.225,3.5,388.1,120.2,13.9,48.67,True,Normal,0,train
PUMP_01,2026-04-11 09:00:00,0.1544,50.52,34.14,58.84,3.854,0.1589,0.0089,7.267,4.28,378.9,130.2,14.73,48.62,True,Normal,0,train
PUMP_01,2026-04-11 10:00:00,0.1624,47.99,34.33,56.79,4.105,0.158,0.0081,7.139,4.67,387.4,143.4,13.31,48.58,True,Normal,0,train
PUMP_01,2026-04-11 11:00:00,0.1674,49.64,34.21,57.89,4.15,0.1586,0.0087,7.194,4.2,383.2,137.5,13.67,48.54,True,Normal,0,train
PUMP_01,2026-04-11 12:00:00,0.1523,49.72,34.92,58.22,3.866,0.1564,0.0082,7.181,5.0,374.6,141.2,13.67,48.5,True,Normal,0,train
PUMP_01,2026-04-11 13:00:00,0.1283,50.27,33.65,57.38,3.935,0.1538,0.0136,7.183,5.21,378.5,145.1,14.02,48.46,True,Normal,0,train
PUMP_01,2026-04-11 14:00:00,0.1466,48.38,34.47,58.56,4.006,0.1519,0.0137,7.087,6.54,379.4,145.3,13.44,48.42,True,Normal,0,train
PUMP_01,2026-04-11 15:00:00,0.1821,47.97,34.1,55.27,3.959,0.1565,0.0185,7.026,7.4,375.2,139.2,12.9,48.38,True,Normal,0,train
PUMP_01,2026-04-11 16:00:00,0.166,50.78,34.59,58.66,3.997,0.1571,0.0188,7.135,7.2,375.2,138.0,14.51,48.33,True,Normal,0,train
PUMP_01,2026-04-11 17:00:00,0.0957,47.7,33.87,57.43,3.991,0.1452,0.0303,7.161,6.9,387.5,134.9,15.22,48.29,True,Normal,0,train
PUMP_01,2026-04-11 18:00:00,0.141,49.65,33.79,57.87,4.033,0.1433,0.0301,7.129,6.36,382.3,134.3,14.12,48.25,True,Normal,0,train
PUMP_01,2026-04-11 19:00:00,0.1543,49.51,34.44,59.76,3.923,0.1476,0.0294,7.184,5.3,400.3,119.5,15.01,48.21,True,Normal,0,train
PUMP_01,2026-04-11 20:00:00,0.1386,49.82,34.21,56.49,4.015,0.1463,0.0296,7.176,4.38,401.7,113.4,14.29,48.17,True,Normal,0,train
PUMP_01,2026-04-11 21:00:00,0.136,50.38,33.51,58.33,3.911,0.1386,0.0239,7.158,4.05,403.8,113.6,13.85,48.12,True,Normal,0,train
PUMP_01,2026-04-11 22:00:00,0.141,52.4,34.81,58.95,3.967,0.1344,0.02,7.251,4.49,406.7,100.1,15.78,48.08,True,Normal,0,train
PUMP_01,2026-04-11 23:00:00,0.1557,47.6,34.44,58.2,3.861,0.1444,0.0084,7.219,4.0,400.9,93.1,14.68,48.04,True,Normal,0,train
PUMP_01,2026-04-12 00:00:00,0.1328,51.31,33.96,56.06,3.968,0.1431,0.0096,7.225,3.95,399.5,96.9,14.67,48.0,True,Normal,0,train
PUMP_01,2026-04-12 01:00:00,0.1704,46.23,33.72,59.62,3.954,0.1458,0.0144,7.275,4.43,378.7,99.3,14.95,47.96,True,Normal,0,train
PUMP_01,2026-04-12 02:00:00,0.1542,52.09,34.22,57.75,4.075,0.1484,0.0143,7.147,3.61,382.2,97.3,12.47,47.92,True,Normal,0,train
PUMP_01,2026-04-12 03:00:00,0.143,46.94,34.4,57.37,3.995,0.1495,0.0133,7.172,5.13,367.7,98.0,13.33,47.88,True,Normal,0,train
PUMP_01,2026-04-12 04:00:00,0.1755,53.65,33.04,57.63,4.01,0.1553,0.0161,7.208,4.15,378.9,96.5,13.68,47.83,True,Normal,0,train
PUMP_01,2026-04-12 05:00:00,0.1365,49.42,34.23,57.54,3.998,0.1521,0.0178,7.172,4.15,384.3,107.3,13.33,47.79,True,Normal,0,train
PUMP_01,2026-04-12 06:00:00,0.1517,51.94,34.39,56.57,3.83,0.1552,0.0152,7.239,4.21,383.1,118.5,14.4,47.75,True,Normal,0,train
PUMP_01,2026-04-12 07:00:00,0.1511,51.63,32.59,58.2,3.84,0.152,0.0133,7.191,4.75,373.5,115.1,13.61,47.71,True,Normal,0,train
PUMP_01,2026-04-12 08:00:00,0.1908,49.35,34.12,57.28,3.975,0.1581,0.0208,7.15,4.32,374.2,125.5,12.68,47.67,True,Normal,0,train
PUMP_01,2026-04-12 09:00:00,0.1468,49.46,34.42,58.81,4.022,0.1587,0.0203,7.203,3.36,376.6,131.0,12.96,47.62,True,Normal,0,train
PUMP_01,2026-04-12 10:00:00,0.1227,48.74,34.35,58.62,3.981,0.1499,0.0228,7.209,4.56,380.9,134.9,14.07,47.58,True,Normal,0,train
PUMP_01,2026-04-12 11:00:00,0.1439,51.18,34.48,59.95,3.931,0.1512,0.0222,7.247,3.86,369.8,142.6,13.73,47.54,True,Normal,0,train
PUMP_01,2026-04-12 12:00:00,0.1568,49.36,33.8,57.75,3.981,0.152,0.0223,7.22,4.04,379.9,145.9,13.84,47.5,True,Normal,0,train
PUMP_01,2026-04-12 13:00:00,0.1592,48.77,33.38,57.04,3.974,0.1534,0.0225,7.223,3.49,381.6,146.7,13.58,47.46,True,Normal,0,train
PUMP_01,2026-04-12 14:00:00,0.1791,50.81,32.92,56.24,4.062,0.1514,0.0188,7.216,4.21,378.6,140.2,13.84,47.42,True,Normal,0,train
PUMP_01,2026-04-12 15:00:00,0.164,48.65,34.66,60.63,4.058,0.1543,0.0192,7.191,3.74,382.6,135.1,13.28,47.38,True,Normal,0,train
PUMP_01,2026-04-12 16:00:00,0.1442,49.51,34.42,58.79,3.956,0.1579,0.0132,7.164,4.04,381.1,138.7,13.0,47.33,True,Normal,0,train
PUMP_01,2026-04-12 17:00:00,0.127,50.16,34.7,57.17,3.996,0.155,0.0178,7.214,3.89,377.3,130.5,13.54,47.29,True,Normal,0,train
PUMP_01,2026-04-12 18:00:00,0.1644,49.04,33.56,60.03,4.022,0.1563,0.0182,7.183,4.77,370.3,133.8,13.37,47.25,True,Normal,0,train
PUMP_01,2026-04-12 19:00:00,0.1348,49.26,34.48,59.63,4.034,0.1522,0.0201,7.284,4.79,380.7,127.5,15.43,47.21,True,Normal,0,train
PUMP_01,2026-04-12 20:00:00,0.1315,52.3,33.1,56.38,4.132,0.1443,0.0164,7.267,4.02,375.2,121.5,14.39,47.17,True,Normal,0,train
PUMP_01,2026-04-12 21:00:00,0.1367,49.69,33.48,57.1,3.998,0.1398,0.0134,7.232,4.03,377.1,103.7,13.9,47.12,True,Normal,0,train
PUMP_01,2026-04-12 22:00:00,0.1262,49.46,34.08,57.84,4.093,0.1368,0.0142,7.219,3.85,382.4,104.6,13.8,47.08,True,Normal,0,train
PUMP_01,2026-04-12 23:00:00,0.1404,49.74,34.4,56.72,3.907,0.139,0.0133,7.196,4.44,387.1,101.8,14.03,47.04,True,Normal,0,train
PUMP_01,2026-04-13 00:00:00,0.1465,50.68,35.01,57.88,3.949,0.136,0.007,7.137,3.87,379.8,98.9,12.39,47.0,True,Normal,0,train
PUMP_01,2026-04-13 01:00:00,0.1635,48.45,33.86,58.85,3.829,0.1408,0.0131,7.189,3.83,382.8,93.6,13.32,46.96,True,Normal,0,train
PUMP_01,2026-04-13 02:00:00,0.1492,50.64,33.48,56.35,4.012,0.1438,0.0126,7.205,4.39,372.8,101.0,13.55,46.92,True,Normal,0,train
PUMP_01,2026-04-13 03:00:00,0.1381,50.38,33.45,58.35,4.052,0.144,0.0125,7.211,3.78,381.2,98.4,13.58,46.88,True,Normal,0,train
PUMP_01,2026-04-13 04:00:00,0.1346,47.32,33.59,59.4,3.796,0.1454,0.0104,7.223,3.98,379.7,102.8,13.85,46.83,True,Normal,0,train
PUMP_01,2026-04-13 05:00:00,0.1628,52.69,35.33,58.48,4.015,0.1491,0.0121,7.246,3.37,386.1,101.3,14.05,46.79,True,Normal,0,train
PUMP_01,2026-04-13 06:00:00,0.1611,52.19,34.45,57.91,4.048,0.1516,0.0129,7.165,4.28,377.3,116.1,13.03,46.75,True,Normal,0,train
PUMP_01,2026-04-13 07:00:00,0.1513,48.8,34.67,57.2,4.044,0.1495,0.0115,7.166,4.78,378.8,119.0,13.45,46.71,True,Normal,0,train
PUMP_01,2026-04-13 08:00:00,0.1516,48.32,33.86,59.0,3.904,0.1499,0.0116,7.273,4.29,385.3,128.3,15.08,46.67,True,Normal,0,train
PUMP_01,2026-04-13 09:00:00,0.1629,50.34,34.0,56.59,4.062,0.154,0.0109,7.239,4.58,379.5,133.4,14.51,46.62,True,Normal,0,train
PUMP_01,2026-04-13 10:00:00,0.1759,47.86,34.42,58.29,4.001,0.1609,0.0091,7.18,3.66,374.5,138.4,12.72,46.58,True,Normal,0,train
PUMP_01,2026-04-13 11:00:00,0.1409,52.05,33.7,58.03,4.047,0.1573,0.0121,7.195,4.09,392.8,141.5,14.01,46.54,True,Normal,0,train
PUMP_01,2026-04-13 12:00:00,0.1513,49.3,33.83,59.35,3.99,0.1556,0.0121,7.195,3.62,374.6,147.3,12.93,46.5,True,Normal,0,train
PUMP_01,2026-04-13 13:00:00,0.1618,52.43,33.6,57.3,4.03,0.1574,0.0121,7.202,3.91,379.7,144.2,13.45,46.46,True,Normal,0,train
PUMP_01,2026-04-13 14:00:00,0.1334,48.76,33.73,57.4,4.089,0.1544,0.0156,7.224,4.31,381.7,138.3,14.17,46.42,True,Normal,0,train
PUMP_01,2026-04-13 15:00:00,0.1427,49.83,34.03,56.51,3.984,0.151,0.0156,7.327,4.04,381.3,143.9,15.61,46.38,True,Normal,0,train
PUMP_01,2026-04-13 16:00:00,0.1408,51.9,33.51,58.52,4.023,0.1452,0.01,7.209,3.43,379.1,134.4,13.22,46.33,True,Normal,0,train
PUMP_01,2026-04-13 17:00:00,0.1207,49.52,34.17,57.49,4.1,0.1418,0.0142,7.233,3.47,379.1,127.2,13.62,46.29,True,Normal,0,train
PUMP_01,2026-04-13 18:00:00,0.1425,50.41,34.17,56.97,3.989,0.1403,0.0135,7.116,3.45,378.8,122.4,11.72,46.25,True,Normal,0,train
PUMP_01,2026-04-13 19:00:00,0.1408,51.64,33.89,57.08,3.91,0.1368,0.0086,7.176,4.2,374.4,121.1,13.02,46.21,True,Normal,0,train
PUMP_01,2026-04-13 20:00:00,0.1497,49.17,33.5,58.64,4.054,0.1395,0.0098,7.261,4.83,390.8,113.1,15.51,46.17,True,Normal,0,train
PUMP_01,2026-04-13 21:00:00,0.1251,48.11,34.06,56.68,4.115,0.1366,0.0112,7.22,4.54,378.9,99.0,14.16,46.12,True,Normal,0,train
PUMP_01,2026-04-13 22:00:00,0.1451,47.81,33.7,56.78,4.103,0.1373,0.0116,6.981,3.24,383.0,100.8,10.2,46.08,True,Normal,0,train
PUMP_01,2026-04-13 23:00:00,0.1681,50.88,34.03,59.08,4.057,0.1452,0.014,7.234,4.57,378.3,103.0,14.37,46.04,True,Normal,0,train
PUMP_01,2026-04-14 00:00:00,0.1812,50.58,34.66,57.8,3.812,0.1517,0.0201,7.296,4.37,378.2,94.0,15.22,46.0,True,Normal,0,train
PUMP_01,2026-04-14 01:00:00,0.1718,51.59,33.25,59.15,3.949,0.1568,0.0207,7.1,3.38,377.7,94.3,11.38,45.96,True,Normal,0,train
PUMP_01,2026-04-14 02:00:00,0.1373,49.59,35.3,57.57,3.953,0.1548,0.0221,7.276,3.88,372.3,100.0,14.31,45.92,True,Normal,0,train
PUMP_01,2026-04-14 03:00:00,0.1638,47.85,33.96,58.0,4.004,0.1612,0.0167,7.061,4.44,379.2,101.5,11.56,45.88,True,Normal,0,train
PUMP_01,2026-04-14 04:00:00,0.1514,46.47,34.25,58.19,4.135,0.1623,0.0157,7.247,4.22,378.0,106.4,14.32,45.83,True,Normal,0,train
PUMP_01,2026-04-14 05:00:00,0.1639,54.3,33.55,59.66,3.914,0.1616,0.0154,7.145,5.39,385.9,96.4,13.84,45.79,True,Normal,0,train
PUMP_01,2026-04-14 06:00:00,0.1484,50.79,34.69,59.57,4.179,0.1561,0.0127,6.996,7.29,374.0,120.5,12.42,45.75,True,Normal,0,train
PUMP_01,2026-04-14 07:00:00,0.134,50.21,33.92,59.38,3.969,0.1498,0.0127,7.093,7.66,377.1,122.5,14.23,45.71,True,Normal,0,train
PUMP_01,2026-04-14 08:00:00,0.1535,50.42,33.76,57.25,3.939,0.1525,0.0111,7.097,9.55,375.5,136.3,15.54,45.67,True,Normal,0,train
PUMP_01,2026-04-14 09:00:00,0.1679,47.85,33.65,56.82,4.068,0.1532,0.012,7.017,11.5,387.2,129.4,16.12,45.62,True,Normal,0,train
PUMP_01,2026-04-14 10:00:00,0.1593,48.81,33.84,58.91,4.074,0.1545,0.0122,7.028,11.05,375.7,130.6,15.5,45.58,True,Normal,0,train
PUMP_01,2026-04-14 11:00:00,0.1586,52.61,34.25,59.65,4.052,0.1536,0.0116,7.033,8.93,396.5,141.7,14.96,45.54,True,Normal,0,train
PUMP_01,2026-04-14 12:00:00,0.1532,50.99,34.1,59.4,3.938,0.1544,0.0113,6.993,8.36,406.6,143.0,14.57,45.5,True,Normal,0,train
PUMP_01,2026-04-14 13:00:00,0.1535,48.85,33.98,58.02,4.04,0.1577,0.0057,7.162,6.92,411.5,147.6,16.25,45.46,True,Normal,0,train
PUMP_01,2026-04-14 14:00:00,0.1529,48.16,33.57,58.87,3.917,0.1576,0.0058,7.247,5.93,413.4,148.4,17.0,45.42,True,Normal,0,train
PUMP_01,2026-04-14 15:00:00,0.1388,49.23,33.54,58.89,3.936,0.1527,0.0074,7.256,4.35,423.5,141.3,16.46,45.38,True,Normal,0,train
PUMP_01,2026-04-14 16:00:00,0.1426,49.53,33.72,58.18,3.992,0.1499,0.0076,7.101,4.43,434.6,136.7,14.49,45.33,True,Normal,0,train
PUMP_01,2026-04-14 17:00:00,0.1665,53.07,34.28,58.23,3.934,0.1512,0.0097,7.124,4.29,410.3,134.6,13.76,45.29,True,Normal,0,train
PUMP_01,2026-04-14 18:00:00,0.1421,49.72,34.4,58.12,4.084,0.1494,0.0103,7.158,4.11,410.5,125.4,14.17,45.25,True,Normal,0,train
PUMP_01,2026-04-14 19:00:00,0.141,48.22,34.48,57.05,3.954,0.1473,0.0106,7.12,4.04,398.6,118.6,13.03,45.21,True,Normal,0,train
PUMP_01,2026-04-14 20:00:00,0.1429,49.91,34.0,57.18,3.982,0.1456,0.0103,7.202,3.91,391.9,117.7,13.97,45.17,True,Normal,0,train
PUMP_01,2026-04-14 21:00:00,0.1397,50.4,34.23,57.16,3.93,0.1458,0.0102,7.22,3.52,382.4,112.5,13.57,45.12,True,Normal,0,train
PUMP_01,2026-04-14 22:00:00,0.1385,48.08,33.9,56.08,4.083,0.1451,0.0106,7.128,3.62,375.3,106.7,11.89,45.08,True,Normal,0,train
PUMP_01,2026-04-14 23:00:00,0.1505,50.6,32.95,58.17,3.947,0.1424,0.0043,7.239,3.89,375.1,97.7,13.84,45.04,True,Normal,0,train
PUMP_01,2026-04-15 00:00:00,0.1424,51.81,33.87,57.95,4.091,0.1425,0.0042,7.23,4.1,383.6,87.3,14.2,45.0,True,Normal,0,train
PUMP_01,2026-04-15 01:00:00,0.1504,50.21,33.77,58.91,4.085,0.1441,0.0052,7.173,4.58,376.9,94.4,13.33,44.96,True,Normal,0,train
PUMP_01,2026-04-15 02:00:00,0.1431,48.8,33.38,59.51,3.964,0.1441,0.0052,7.191,3.98,366.2,92.8,12.78,44.92,True,Normal,0,train
PUMP_01,2026-04-15 03:00:00,0.1587,49.21,33.66,59.59,4.002,0.1473,0.0073,7.103,4.4,383.2,97.8,12.36,44.88,True,Normal,0,train
PUMP_01,2026-04-15 04:00:00,0.1674,47.51,34.08,59.7,3.962,0.1521,0.0096,7.183,4.43,374.8,99.6,13.32,44.83,True,Normal,0,train
PUMP_01,2026-04-15 05:00:00,0.1565,49.8,33.32,57.09,4.044,0.1531,0.0097,7.2,3.91,382.3,107.4,13.54,44.79,True,Normal,0,train
PUMP_01,2026-04-15 06:00:00,0.1299,50.47,33.57,56.28,3.984,0.151,0.0132,7.208,4.24,387.0,109.4,14.09,44.75,True,Normal,0,train
PUMP_01,2026-04-15 07:00:00,0.1685,48.66,34.93,59.12,3.967,0.154,0.015,7.219,3.9,380.1,114.9,13.74,44.71,True,Normal,0,train
PUMP_01,2026-04-15 08:00:00,0.1605,52.91,33.04,59.66,4.004,0.1569,0.0141,7.212,4.53,385.0,131.4,14.27,44.67,True,Normal,0,train
PUMP_01,2026-04-15 09:00:00,0.1422,51.19,33.89,59.87,3.873,0.1542,0.0152,7.187,4.25,380.8,128.6,13.5,44.62,True,Normal,0,train
PUMP_01,2026-04-15 10:00:00,0.1666,47.31,33.3,58.58,3.994,0.154,0.0151,7.214,3.52,387.9,137.7,13.73,44.58,True,Normal,0,train
PUMP_01,2026-04-15 11:00:00,0.1316,47.34,33.55,55.6,4.052,0.1499,0.0175,7.25,4.06,374.7,145.5,14.13,44.54,True,Normal,0,train
PUMP_01,2026-04-15 12:00:00,0.1657,48.52,33.88,58.44,4.011,0.1559,0.0153,7.195,4.66,380.0,147.8,13.88,44.5,True,Normal,0,train
PUMP_01,2026-04-15 13:00:00,0.1466,52.36,33.41,58.67,4.076,0.1522,0.0142,7.216,3.93,383.4,148.2,13.84,44.46,True,Normal,0,train
PUMP_01,2026-04-15 14:00:00,0.111,51.34,34.34,59.5,3.97,0.144,0.0211,7.191,4.18,379.0,145.4,13.44,44.42,True,Normal,0,train
PUMP_01,2026-04-15 15:00:00,0.1456,52.44,34.81,59.72,3.963,0.1445,0.0211,7.168,4.22,385.8,144.5,13.38,44.38,True,Normal,0,train
PUMP_01,2026-04-15 16:00:00,0.1352,50.02,34.51,59.09,3.911,0.1393,0.0183,7.226,3.59,377.8,143.2,13.54,44.33,True,Normal,0,train
PUMP_01,2026-04-15 17:00:00,0.132,49.69,34.61,57.3,3.968,0.1394,0.0182,7.172,4.2,390.3,134.2,13.63,44.29,True,Normal,0,train
PUMP_01,2026-04-15 18:00:00,0.1289,48.13,33.17,56.77,4.157,0.1332,0.013,7.219,3.44,390.6,119.1,13.86,44.25,True,Normal,0,train
PUMP_01,2026-04-15 19:00:00,0.1384,50.52,33.85,58.64,4.022,0.1318,0.0117,7.201,3.75,381.4,117.9,13.41,44.21,True,Normal,0,train
PUMP_01,2026-04-15 20:00:00,0.1341,49.71,34.28,57.05,3.953,0.1357,0.0058,7.185,4.43,382.8,116.3,13.67,44.17,True,Normal,0,train
PUMP_01,2026-04-15 21:00:00,0.1151,49.65,34.52,59.77,3.92,0.1306,0.0082,7.184,4.14,386.0,105.0,13.59,44.12,True,Normal,0,train
PUMP_01,2026-04-15 22:00:00,0.1641,52.43,35.05,55.95,3.872,0.1354,0.0161,7.175,3.88,374.1,108.8,12.76,44.08,True,Normal,0,train
PUMP_01,2026-04-15 23:00:00,0.1437,49.81,34.64,58.68,3.934,0.1374,0.0163,7.118,4.18,373.4,98.1,12.04,44.04,True,Normal,0,train
PUMP_01,2026-04-16 00:00:00,0.139,52.0,34.54,58.38,4.061,0.1391,0.0158,7.219,3.98,386.3,96.2,14.05,44.0,True,Normal,0,train
PUMP_01,2026-04-16 01:00:00,0.1357,47.62,35.58,57.75,3.966,0.1386,0.0159,7.212,4.01,381.4,99.5,13.75,43.96,True,Normal,0,train
PUMP_01,2026-04-16 02:00:00,0.1666,54.03,34.06,56.89,3.923,0.144,0.0192,7.242,4.26,378.9,95.1,14.32,43.92,True,Normal,0,train
PUMP_01,2026-04-16 03:00:00,0.1376,49.44,33.83,55.53,3.932,0.1478,0.0139,7.173,3.71,380.1,99.1,12.87,43.88,True,Normal,0,train
PUMP_01,2026-04-16 04:00:00,0.1607,51.06,34.11,57.36,4.052,0.1472,0.0131,7.295,4.02,368.1,105.9,14.53,43.83,True,Normal,0,train
PUMP_01,2026-04-16 05:00:00,0.1509,51.3,33.45,57.38,3.993,0.1484,0.0131,7.181,3.88,379.0,101.6,13.07,43.79,True,Normal,0,train
PUMP_01,2026-04-16 06:00:00,0.1521,49.25,34.04,59.33,3.95,0.1506,0.0123,7.156,3.37,376.2,112.4,12.2,43.75,True,Normal,0,train
PUMP_01,2026-04-16 07:00:00,0.1431,51.23,32.96,57.06,3.975,0.1518,0.0107,7.15,3.63,384.6,123.3,12.64,43.71,True,Normal,0,train
PUMP_01,2026-04-16 08:00:00,0.1494,51.31,33.68,58.54,4.176,0.149,0.0079,7.113,4.63,385.0,126.7,12.76,43.67,True,Normal,0,train
PUMP_01,2026-04-16 09:00:00,0.1572,48.93,33.93,56.45,4.098,0.1522,0.0062,7.277,4.15,382.9,138.4,14.95,43.62,True,Normal,0,train
PUMP_01,2026-04-16 10:00:00,0.1585,48.95,34.57,58.58,4.117,0.1519,0.0056,7.269,3.47,382.0,131.4,14.31,43.58,True,Normal,0,train
PUMP_01,2026-04-16 11:00:00,0.1408,50.07,34.67,55.31,3.86,0.1502,0.0072,7.23,3.38,372.5,134.9,13.24,43.54,True,Normal,0,train
PUMP_01,2026-04-16 12:00:00,0.1486,49.83,33.42,60.51,3.988,0.1496,0.0072,7.155,3.96,383.0,147.2,12.87,43.5,True,Normal,0,train
PUMP_01,2026-04-16 13:00:00,0.1607,52.09,35.25,57.83,3.948,0.1525,0.0076,7.291,4.62,383.1,148.5,15.52,43.46,True,Normal,0,train
PUMP_01,2026-04-16 14:00:00,0.1201,51.05,34.09,54.65,4.044,0.1476,0.0154,7.182,3.93,386.2,143.4,13.43,43.42,True,Normal,0,train
PUMP_01,2026-04-16 15:00:00,0.1428,49.89,34.14,57.14,4.085,0.1453,0.0147,7.187,4.52,390.6,143.3,14.09,43.38,True,Normal,0,train
PUMP_01,2026-04-16 16:00:00,0.1271,50.91,33.03,56.95,4.026,0.14,0.0147,7.258,4.63,371.5,140.7,14.52,43.33,True,Normal,0,train
PUMP_01,2026-04-16 17:00:00,0.1246,46.93,33.63,57.21,3.93,0.1373,0.0159,7.209,5.02,378.1,129.2,14.28,43.29,True,Normal,0,train
PUMP_01,2026-04-16 18:00:00,0.1439,49.08,34.63,57.56,3.947,0.1365,0.0154,7.269,4.91,376.3,123.6,15.08,43.25,True,Normal,0,train
PUMP_01,2026-04-16 19:00:00,0.1322,50.43,34.1,57.2,4.05,0.1318,0.0098,7.157,6.33,380.9,120.8,14.47,43.21,True,Normal,0,train
PUMP_01,2026-04-16 20:00:00,0.1231,51.67,34.06,57.02,4.058,0.1323,0.0091,7.124,5.82,380.1,117.1,13.57,43.17,True,Normal,0,train
PUMP_01,2026-04-16 21:00:00,0.1628,50.3,34.14,56.61,4.011,0.1356,0.0153,7.114,6.3,378.8,102.8,13.68,43.12,True,Normal,0,train
PUMP_01,2026-04-16 22:00:00,0.1588,52.19,33.13,58.99,4.01,0.1409,0.0171,7.066,5.13,388.7,101.5,12.51,43.08,True,Normal,0,train
PUMP_01,2026-04-16 23:00:00,0.1184,51.3,33.94,59.44,4.004,0.1399,0.0184,7.154,5.19,380.5,97.4,13.62,43.04,True,Normal,0,train
PUMP_01,2026-04-17 00:00:00,0.1279,49.27,34.84,57.69,4.022,0.1372,0.0189,7.243,4.65,385.1,97.5,14.85,43.0,True,Normal,0,train
PUMP_01,2026-04-17 01:00:00,0.1615,49.79,34.65,57.98,4.057,0.1421,0.021,7.23,3.94,388.8,95.0,14.3,42.96,True,Normal,0,train
PUMP_01,2026-04-17 02:00:00,0.1507,50.61,33.92,56.65,4.05,0.1467,0.0189,7.201,4.16,392.2,93.7,14.14,42.92,True,Normal,0,train
PUMP_01,2026-04-17 03:00:00,0.1796,49.33,34.94,58.09,4.002,0.1495,0.0227,7.15,3.89,387.8,103.3,12.96,42.88,True,Normal,0,train
PUMP_01,2026-04-17 04:00:00,0.1679,52.3,33.24,58.28,3.996,0.151,0.0237,7.211,3.74,390.2,100.2,13.92,42.83,True,Normal,0,train
PUMP_01,2026-04-17 05:00:00,0.1642,48.34,33.42,57.74,3.993,0.1586,0.0177,7.251,4.64,387.2,106.3,15.06,42.79,True,Normal,0,train
PUMP_01,2026-04-17 06:00:00,0.1447,50.47,35.12,58.48,3.938,0.1614,0.0124,7.222,4.42,379.7,107.2,14.12,42.75,True,Normal,0,train
PUMP_01,2026-04-17 07:00:00,0.167,51.1,34.35,58.37,3.937,0.1624,0.0127,7.208,3.7,384.4,117.1,13.6,42.71,True,Normal,0,train
PUMP_01,2026-04-17 08:00:00,0.1395,49.53,33.83,56.74,4.044,0.1605,0.0153,7.16,4.23,379.7,128.5,13.01,42.67,True,Normal,0,train
PUMP_01,2026-04-17 09:00:00,0.1766,49.19,33.97,59.43,3.943,0.16,0.0146,7.243,3.7,385.3,133.8,14.21,42.62,True,Normal,0,train
PUMP_01,2026-04-17 10:00:00,0.1613,49.89,33.52,57.75,4.065,0.1589,0.0141,7.043,3.53,379.0,140.1,10.62,42.58,True,Normal,0,train
PUMP_01,2026-04-17 11:00:00,0.1402,51.22,34.17,60.01,3.996,0.1549,0.0156,7.219,4.41,379.9,143.9,14.09,42.54,True,Normal,0,train
PUMP_01,2026-04-17 12:00:00,0.1621,49.25,34.12,58.5,4.066,0.1578,0.0149,7.329,3.32,377.2,152.5,14.96,42.5,True,Normal,0,train
PUMP_01,2026-04-17 13:00:00,0.181,48.4,34.01,60.37,4.051,0.1601,0.0175,7.125,4.37,380.0,142.0,12.55,42.46,True,Normal,0,train
PUMP_01,2026-04-17 14:00:00,0.1417,51.73,33.3,59.41,4.067,0.1605,0.017,7.188,3.9,383.6,137.7,13.38,42.42,True,Normal,0,train
PUMP_01,2026-04-17 15:00:00,0.1512,50.6,34.16,58.27,3.962,0.1562,0.0153,7.2,3.92,377.9,137.4,13.35,42.38,True,Normal,0,train
PUMP_01,2026-04-17 16:00:00,0.1349,51.51,33.68,57.13,4.033,0.1519,0.0172,7.177,4.16,382.6,134.9,13.35,42.33,True,Normal,0,train
PUMP_01,2026-04-17 17:00:00,0.1416,51.14,33.41,57.16,4.059,0.1521,0.017,7.252,4.23,375.9,128.6,14.32,42.29,True,Normal,0,train
PUMP_01,2026-04-17 18:00:00,0.1174,53.27,34.76,58.64,3.876,0.1446,0.0211,7.224,3.67,383.8,126.8,13.8,42.25,True,Normal,0,train
PUMP_01,2026-04-17 19:00:00,0.1403,51.67,35.3,58.17,4.136,0.1378,0.0113,7.208,4.29,377.1,125.0,13.7,42.21,True,Normal,0,train
PUMP_01,2026-04-17 20:00:00,0.142,48.91,35.17,57.29,4.181,0.1379,0.0113,7.24,4.05,384.3,119.7,14.35,42.17,True,Normal,0,train
PUMP_01,2026-04-17 21:00:00,0.1699,50.71,34.39,59.0,4.076,0.141,0.0169,7.201,3.5,380.3,109.5,13.17,42.12,True,Normal,0,train
PUMP_01,2026-04-17 22:00:00,0.1181,49.16,33.84,58.05,4.064,0.1382,0.0193,7.359,3.93,387.6,110.9,16.31,42.08,True,Normal,0,train
PUMP_01,2026-04-17 23:00:00,0.1432,49.32,33.96,59.01,4.047,0.1385,0.0194,7.208,4.55,374.2,96.9,13.77,42.04,True,Normal,0,train
PUMP_01,2026-04-18 00:00:00,0.1693,47.88,34.24,56.83,3.974,0.1471,0.0197,7.21,4.67,372.6,89.3,13.82,42.0,True,Normal,0,train
PUMP_01,2026-04-18 01:00:00,0.149,49.57,33.75,59.2,3.991,0.1486,0.0194,7.114,4.29,376.9,99.2,12.2,41.96,True,Normal,0,train
PUMP_01,2026-04-18 02:00:00,0.1524,50.82,34.79,58.6,4.077,0.1503,0.0192,7.173,3.52,373.1,88.5,12.44,41.92,True,Normal,0,train
PUMP_01,2026-04-18 03:00:00,0.1446,49.9,32.78,59.44,3.922,0.1461,0.0166,7.257,4.2,373.1,95.3,14.27,41.88,True,Normal,0,train
PUMP_01,2026-04-18 04:00:00,0.1447,48.35,33.82,59.17,3.915,0.1505,0.0098,7.133,4.34,383.1,104.4,12.8,41.83,True,Normal,0,train
PUMP_01,2026-04-18 05:00:00,0.1323,47.72,34.48,57.9,3.968,0.1487,0.0122,7.092,4.29,380.0,107.1,11.98,41.79,True,Normal,0,train
PUMP_01,2026-04-18 06:00:00,0.1506,53.17,33.49,57.8,4.053,0.1456,0.0072,7.202,4.31,377.6,112.8,13.65,41.75,True,Normal,0,train
PUMP_01,2026-04-18 07:00:00,0.1448,50.49,33.86,60.14,3.931,0.1449,0.007,7.269,4.15,378.1,115.3,14.62,41.71,True,Normal,0,train
PUMP_01,2026-04-18 08:00:00,0.1604,48.76,34.36,57.65,3.982,0.1462,0.0092,7.202,3.97,377.0,126.4,13.39,41.67,True,Normal,0,train
PUMP_01,2026-04-18 09:00:00,0.1453,50.69,34.91,58.9,3.991,0.1464,0.0092,7.183,3.76,388.3,136.5,13.4,41.62,True,Normal,0,train
PUMP_01,2026-04-18 10:00:00,0.1478,53.28,33.22,57.54,3.919,0.1469,0.0091,7.107,3.24,376.3,137.8,11.33,41.58,True,Normal,0,train
PUMP_01,2026-04-18 11:00:00,0.1458,50.93,33.18,55.77,3.805,0.1491,0.0059,7.223,4.14,373.4,138.3,13.68,41.54,True,Normal,0,train
PUMP_01,2026-04-18 12:00:00,0.1493,45.82,33.43,56.53,3.918,0.1489,0.0059,7.233,4.07,384.0,139.2,14.25,41.5,True,Normal,0,train
PUMP_01,2026-04-18 13:00:00,0.1395,53.98,33.08,58.49,4.021,0.148,0.0069,7.111,4.22,378.9,141.8,12.19,41.46,True,Normal,0,train
PUMP_01,2026-04-18 14:00:00,0.1291,47.23,33.12,58.84,4.039,0.1428,0.0075,7.257,3.46,390.2,145.7,14.46,41.42,True,Normal,0,train
PUMP_01,2026-04-18 15:00:00,0.1442,49.69,33.42,58.49,4.04,0.1426,0.0074,7.238,4.26,377.4,143.0,14.18,41.38,True,Normal,0,train
PUMP_01,2026-04-18 16:00:00,0.1574,48.3,34.74,59.38,4.049,0.1442,0.0095,7.257,4.82,384.2,134.5,15.16,41.33,True,Normal,0,train
PUMP_01,2026-04-18 17:00:00,0.1423,48.89,33.81,58.47,3.95,0.1436,0.0095,7.229,4.03,385.4,123.7,14.21,41.29,True,Normal,0,train
PUMP_01,2026-04-18 18:00:00,0.1309,50.43,34.02,57.07,3.933,0.1406,0.0103,7.233,3.98,377.4,128.2,13.9,41.25,True,Normal,0,train
PUMP_01,2026-04-18 19:00:00,0.1385,46.89,33.43,58.71,4.03,0.1404,0.0103,7.226,4.12,376.3,116.4,13.85,41.21,True,Normal,0,train
PUMP_01,2026-04-18 20:00:00,0.1106,49.86,34.38,58.2,3.983,0.1373,0.0157,7.243,4.81,383.7,116.3,14.92,41.17,True,Normal,0,train
PUMP_01,2026-04-18 21:00:00,0.1408,51.72,35.13,57.31,4.073,0.1368,0.0155,7.109,3.59,382.9,104.5,11.88,41.12,True,Normal,0,train
PUMP_01,2026-04-18 22:00:00,0.139,48.74,33.47,58.57,4.031,0.1337,0.012,7.125,4.08,372.9,98.4,12.06,41.08,True,Normal,0,train
PUMP_01,2026-04-18 23:00:00,0.1334,47.91,35.03,58.1,4.103,0.1322,0.0112,7.163,3.68,374.4,99.0,12.45,41.04,True,Normal,0,train
PUMP_01,2026-04-19 00:00:00,0.1387,49.79,34.22,57.27,3.963,0.1335,0.0115,7.194,3.78,367.3,105.3,12.71,41.0,True,Normal,0,train
PUMP_01,2026-04-19 01:00:00,0.1464,49.49,34.01,57.79,4.085,0.1348,0.0126,7.219,3.98,383.0,98.0,13.92,40.96,True,Normal,0,train
PUMP_01,2026-04-19 02:00:00,0.1699,49.11,34.24,59.7,4.163,0.1447,0.013,7.216,4.54,378.7,96.4,14.08,40.92,True,Normal,0,train
PUMP_01,2026-04-19 03:00:00,0.1735,48.22,34.23,59.66,4.004,0.1501,0.0172,7.256,4.72,379.2,99.8,14.86,40.88,True,Normal,0,train
PUMP_01,2026-04-19 04:00:00,0.1447,50.78,35.11,58.23,4.04,0.1511,0.0166,7.257,4.18,371.5,95.3,14.19,40.83,True,Normal,0,train
PUMP_01,2026-04-19 05:00:00,0.1519,50.89,34.31,58.07,3.926,0.1542,0.0143,7.156,3.85,374.5,103.0,12.47,40.79,True,Normal,0,train
PUMP_01,2026-04-19 06:00:00,0.1526,48.4,34.32,56.28,4.072,0.1565,0.0122,7.212,5.0,377.6,103.5,14.29,40.75,True,Normal,0,train
PUMP_01,2026-04-19 07:00:00,0.1718,48.61,33.75,60.06,4.09,0.1607,0.0124,7.158,3.83,376.6,126.9,12.56,40.71,True,Normal,0,train
PUMP_01,2026-04-19 08:00:00,0.1608,50.2,34.5,59.24,3.96,0.1592,0.0116,7.191,3.77,380.6,132.6,13.21,40.67,True,Normal,0,train
PUMP_01,2026-04-19 09:00:00,0.1585,48.55,33.43,58.9,4.047,0.1567,0.0093,7.216,3.29,382.9,134.1,13.38,40.62,True,Normal,0,train
PUMP_01,2026-04-19 10:00:00,0.163,50.27,34.07,55.27,4.022,0.1598,0.0074,7.03,4.56,391.3,138.2,11.64,40.58,True,Normal,0,train
PUMP_01,2026-04-19 11:00:00,0.1436,52.2,35.73,58.05,4.031,0.1584,0.0096,7.321,4.39,379.9,135.4,15.7,40.54,True,Normal,0,train
PUMP_01,2026-04-19 12:00:00,0.1705,49.91,32.5,57.85,4.065,0.1614,0.0102,7.228,4.97,385.6,143.3,14.86,40.5,True,Normal,0,train
PUMP_01,2026-04-19 13:00:00,0.1474,48.18,34.14,58.82,4.042,0.1573,0.0101,7.17,3.44,375.9,152.2,12.46,40.46,True,Normal,0,train
PUMP_01,2026-04-19 14:00:00,0.1322,50.59,34.16,57.46,3.989,0.1525,0.0141,7.296,4.58,371.6,144.7,15.1,40.42,True,Normal,0,train
PUMP_01,2026-04-19 15:00:00,0.1395,49.73,33.86,57.72,4.067,0.1494,0.0146,7.183,4.03,378.2,139.4,13.17,40.38,True,Normal,0,train
PUMP_01,2026-04-19 16:00:00,0.1598,49.77,33.88,58.74,4.089,0.1488,0.014,7.207,4.32,372.0,130.6,13.5,40.33,True,Normal,0,train
PUMP_01,2026-04-19 17:00:00,0.134,50.71,34.05,57.07,3.956,0.1472,0.0152,7.176,3.34,380.1,138.0,12.65,40.29,True,Normal,0,train
PUMP_01,2026-04-19 18:00:00,0.1542,51.04,33.85,57.31,4.0,0.1445,0.0112,7.283,4.59,376.1,126.2,15.07,40.25,True,Normal,0,train
PUMP_01,2026-04-19 19:00:00,0.131,50.05,34.13,58.23,3.859,0.1418,0.0123,7.195,4.31,370.2,113.0,13.23,40.21,True,Normal,0,train
PUMP_01,2026-04-19 20:00:00,0.1299,49.91,33.71,59.61,4.047,0.1414,0.0127,7.207,3.98,388.7,109.8,13.97,40.17,True,Normal,0,train
PUMP_01,2026-04-19 21:00:00,0.1528,53.1,35.21,58.97,4.098,0.1436,0.0134,7.26,4.26,377.3,102.4,14.53,40.12,True,Normal,0,train
PUMP_01,2026-04-19 22:00:00,0.1319,51.8,33.85,59.29,3.979,0.139,0.0113,7.229,3.69,371.8,101.8,13.41,40.08,True,Normal,0,train
PUMP_01,2026-04-19 23:00:00,0.1597,51.25,34.34,58.08,4.011,0.1433,0.0137,7.197,3.77,384.5,99.2,13.48,40.04,True,Normal,0,train
PUMP_01,2026-04-20 00:00:00,0.1553,50.2,33.6,59.79,3.982,0.1434,0.0139,7.256,3.81,376.4,93.8,14.11,40.0,True,Normal,0,train
PUMP_01,2026-04-20 01:00:00,0.1395,48.49,34.56,55.91,3.969,0.1448,0.0127,7.327,3.26,385.5,98.1,15.24,39.96,True,Normal,0,train
PUMP_01,2026-04-20 02:00:00,0.1539,51.69,34.44,60.43,4.019,0.1488,0.0107,7.216,4.34,376.3,96.2,13.84,39.92,True,Normal,0,train
PUMP_01,2026-04-20 03:00:00,0.1488,50.22,34.25,60.58,3.937,0.1482,0.0106,7.206,4.48,377.3,102.6,13.81,39.88,True,Normal,0,train
PUMP_01,2026-04-20 04:00:00,0.1639,49.13,33.38,58.55,3.981,0.1535,0.0086,7.209,3.72,381.7,100.9,13.51,39.83,True,Normal,0,train
PUMP_01,2026-04-20 05:00:00,0.188,49.64,33.55,59.0,3.928,0.1582,0.0166,7.266,4.14,383.0,119.7,14.77,39.79,True,Normal,0,train
PUMP_01,2026-04-20 06:00:00,0.1544,48.55,35.01,57.95,4.047,0.1581,0.0167,7.17,3.89,383.8,111.3,13.11,39.75,True,Normal,0,train
PUMP_01,2026-04-20 07:00:00,0.1677,51.59,33.54,57.75,4.019,0.1628,0.0142,7.186,4.13,379.6,116.4,13.35,39.71,True,Normal,0,train
PUMP_01,2026-04-20 08:00:00,0.159,51.02,34.38,57.27,3.966,0.1636,0.0137,7.123,3.75,382.6,122.4,12.2,39.67,True,Normal,0,train
PUMP_01,2026-04-20 09:00:00,0.1574,50.27,33.43,57.94,4.003,0.1651,0.0122,7.141,3.65,383.7,131.7,12.46,39.62,True,Normal,0,train
PUMP_01,2026-04-20 10:00:00,0.1525,49.94,34.61,58.67,3.982,0.1632,0.0133,7.174,4.42,381.0,130.8,13.42,39.58,True,Normal,0,train
PUMP_01,2026-04-20 11:00:00,0.1397,48.98,33.59,58.5,4.092,0.1551,0.0092,7.197,3.97,379.3,142.8,13.41,39.54,True,Normal,0,train
PUMP_01,2026-04-20 12:00:00,0.155,46.8,33.42,60.38,3.965,0.1552,0.0092,7.288,4.81,372.8,136.5,15.18,39.5,True,Normal,0,train
PUMP_01,2026-04-20 13:00:00,0.1431,47.88,33.57,58.12,4.051,0.1511,0.0079,7.227,4.02,383.0,145.6,14.07,39.46,True,Normal,0,train
PUMP_01,2026-04-20 14:00:00,0.1314,48.89,33.67,56.21,3.944,0.1465,0.0101,7.154,3.63,380.2,138.7,12.52,39.42,True,Normal,0,train
PUMP_01,2026-04-20 15:00:00,0.1581,48.66,34.24,59.97,4.065,0.1466,0.0103,7.164,4.49,377.9,140.1,13.17,39.38,True,Normal,0,train
PUMP_01,2026-04-20 16:00:00,0.1428,50.43,34.04,56.53,4.083,0.145,0.0099,7.269,4.25,386.4,140.1,15.04,39.33,True,Normal,0,train
PUMP_01,2026-04-20 17:00:00,0.1369,51.22,33.34,57.33,4.087,0.1445,0.0103,7.256,4.29,372.9,141.7,14.31,39.29,True,Normal,0,train
PUMP_01,2026-04-20 18:00:00,0.1601,49.81,33.98,58.33,4.118,0.1454,0.0115,7.201,4.48,388.2,122.2,14.2,39.25,True,Normal,0,train
PUMP_01,2026-04-20 19:00:00,0.1128,52.11,33.31,58.5,4.023,0.1404,0.0177,7.178,3.74,379.9,119.4,12.96,39.21,True,Normal,0,train
PUMP_01,2026-04-20 20:00:00,0.1604,48.83,34.39,56.27,4.099,0.1452,0.0187,7.256,3.95,381.6,110.6,14.43,39.17,True,Normal,0,train
PUMP_01,2026-04-20 21:00:00,0.1297,49.8,34.5,57.1,4.13,0.1404,0.0183,7.15,3.93,378.0,104.0,12.58,39.12,True,Normal,0,train
PUMP_01,2026-04-20 22:00:00,0.1482,49.92,33.99,56.22,3.91,0.1414,0.0186,7.22,3.48,371.7,99.5,13.1,39.08,True,Normal,0,train
PUMP_01,2026-04-20 23:00:00,0.1386,51.64,34.16,58.75,3.952,0.1416,0.0185,7.314,3.89,379.3,101.6,15.22,39.04,True,Normal,0,train
PUMP_01,2026-04-21 00:00:00,0.1362,50.16,35.05,59.42,3.88,0.1376,0.0162,7.21,4.53,381.7,93.9,14.11,39.0,True,Normal,0,train
PUMP_01,2026-04-21 01:00:00,0.1723,50.2,33.91,56.53,4.085,0.1476,0.0162,7.161,4.09,383.4,104.0,13.09,38.96,True,Normal,0,train
PUMP_01,2026-04-21 02:00:00,0.1828,47.52,33.43,59.19,3.879,0.1513,0.0214,7.221,3.46,379.0,97.5,13.41,38.92,True,Normal,0,train
PUMP_01,2026-04-21 03:00:00,0.1538,48.65,34.35,59.12,3.858,0.1553,0.0187,7.176,3.38,369.0,94.3,12.23,38.88,True,Normal,0,train
PUMP_01,2026-04-21 04:00:00,0.1637,51.64,33.32,57.21,3.912,0.1579,0.0186,7.13,4.67,372.3,100.9,12.53,38.83,True,Normal,0,train
PUMP_01,2026-04-21 05:00:00,0.1605,46.89,33.87,55.62,3.861,0.1616,0.016,7.235,3.96,390.3,104.3,14.46,38.79,True,Normal,0,train
PUMP_01,2026-04-21 06:00:00,0.186,52.01,33.64,56.71,4.022,0.1698,0.0128,7.256,3.74,374.5,116.7,13.99,38.75,True,Normal,0,train
PUMP_01,2026-04-21 07:00:00,0.128,50.75,33.58,57.29,3.913,0.1625,0.0211,7.184,3.89,387.1,113.4,13.47,38.71,True,Normal,0,train
PUMP_01,2026-04-21 08:00:00,0.1643,48.88,33.85,59.85,3.865,0.1594,0.0188,7.181,3.41,375.3,121.1,12.59,38.67,True,Normal,0,train
PUMP_01,2026-04-21 09:00:00,0.1462,48.75,34.54,57.86,3.997,0.1581,0.0195,7.152,4.57,379.1,130.1,13.09,38.62,True,Normal,0,train
PUMP_01,2026-04-21 10:00:00,0.1197,52.84,34.66,56.79,4.001,0.1508,0.0246,7.193,3.84,383.1,140.4,13.4,38.58,True,Normal,0,train
PUMP_01,2026-04-21 11:00:00,0.1472,52.12,34.56,58.18,3.85,0.1486,0.0241,7.172,4.55,375.9,146.6,13.26,38.54,True,Normal,0,train
PUMP_01,2026-04-21 12:00:00,0.1777,49.82,34.2,56.45,3.943,0.1472,0.0217,7.149,4.02,388.0,149.7,13.04,38.5,True,Normal,0,train
PUMP_01,2026-04-21 13:00:00,0.1376,50.2,33.85,58.62,3.994,0.1488,0.0203,7.295,4.57,380.4,147.1,15.43,38.46,True,Normal,0,train
PUMP_01,2026-04-21 14:00:00,0.1569,49.03,32.59,56.83,3.971,0.1475,0.0194,7.223,4.1,382.3,143.8,14.04,38.42,True,Normal,0,train
PUMP_01,2026-04-21 15:00:00,0.1609,50.2,34.22,57.0,3.974,0.15,0.0201,7.191,5.67,378.7,144.8,14.46,38.38,True,Normal,0,train
PUMP_01,2026-04-21 16:00:00,0.1411,48.99,32.63,58.45,4.094,0.1536,0.0148,7.172,6.8,383.3,133.1,15.16,38.33,True,Normal,0,train
PUMP_01,2026-04-21 17:00:00,0.1421,49.88,32.85,60.1,4.172,0.1527,0.0154,7.167,6.77,387.9,125.1,15.23,38.29,True,Normal,0,train
PUMP_01,2026-04-21 18:00:00,0.1143,52.72,33.9,60.64,3.975,0.1422,0.0165,7.107,6.66,379.3,128.2,13.85,38.25,True,Normal,0,train
PUMP_01,2026-04-21 19:00:00,0.1296,49.86,34.16,56.75,3.894,0.1408,0.0173,7.142,6.42,388.6,116.0,14.62,38.21,True,Normal,0,train
PUMP_01,2026-04-21 20:00:00,0.1549,48.43,33.73,57.28,3.981,0.1405,0.0169,7.115,7.28,376.9,113.3,14.3,38.17,True,Normal,0,train
PUMP_01,2026-04-21 21:00:00,0.1438,47.95,34.92,58.62,4.016,0.1376,0.014,7.188,4.82,393.3,108.0,14.44,38.12,True,Normal,0,train
PUMP_01,2026-04-21 22:00:00,0.1505,50.19,34.28,59.4,3.996,0.1392,0.0149,7.217,4.0,400.4,103.3,14.63,38.08,True,Normal,0,train
PUMP_01,2026-04-21 23:00:00,0.1494,48.86,33.85,55.4,4.049,0.1404,0.0155,7.181,4.01,392.6,102.1,13.72,38.04,True,Normal,0,train
PUMP_01,2026-04-22 00:00:00,0.1829,50.37,34.83,58.1,4.177,0.1519,0.0176,7.134,4.16,399.0,99.2,13.34,38.0,True,Normal,0,train
PUMP_01,2026-04-22 01:00:00,0.1461,47.57,34.94,57.42,3.863,0.1546,0.0144,7.207,3.83,398.0,95.8,14.25,37.96,True,Normal,0,train
PUMP_01,2026-04-22 02:00:00,0.1791,51.04,34.31,55.69,3.959,0.1586,0.0175,7.19,4.13,393.7,94.1,14.0,37.92,True,Normal,0,train
PUMP_01,2026-04-22 03:00:00,0.1591,48.41,33.53,56.4,4.123,0.1612,0.016,7.103,4.01,390.2,98.8,12.39,37.88,True,Normal,0,train
PUMP_01,2026-04-22 04:00:00,0.1841,50.07,33.67,57.32,3.958,0.1668,0.0173,7.221,3.51,380.7,99.9,13.53,37.83,True,Normal,0,train
PUMP_01,2026-04-22 05:00:00,0.1413,49.49,33.13,58.07,4.063,0.1654,0.0192,7.242,4.24,379.6,106.7,14.32,37.79,True,Normal,0,train
PUMP_01,2026-04-22 06:00:00,0.1628,52.58,33.97,59.21,4.05,0.1621,0.0172,7.318,3.85,379.7,124.0,15.27,37.75,True,Normal,0,train
PUMP_01,2026-04-22 07:00:00,0.1538,50.26,33.37,58.43,4.099,0.1634,0.016,7.172,3.6,379.5,120.7,12.75,37.71,True,Normal,0,train
PUMP_01,2026-04-22 08:00:00,0.1608,52.92,33.8,59.14,4.153,0.1603,0.014,7.165,4.34,378.2,128.3,13.1,37.67,True,Normal,0,train
PUMP_01,2026-04-22 09:00:00,0.1754,50.84,34.16,58.03,4.027,0.163,0.0152,7.138,4.41,381.3,129.7,12.85,37.62,True,Normal,0,train
PUMP_01,2026-04-22 10:00:00,0.1607,52.14,32.81,57.15,3.86,0.1591,0.0112,7.206,4.35,377.8,141.8,13.76,37.58,True,Normal,0,train
PUMP_01,2026-04-22 11:00:00,0.1709,49.69,33.24,57.78,3.944,0.1641,0.0078,7.209,4.28,394.9,144.7,14.46,37.54,True,Normal,0,train
PUMP_01,2026-04-22 12:00:00,0.1399,50.52,33.7,58.83,4.175,0.1602,0.0126,7.159,3.23,375.0,147.2,12.1,37.5,True,Normal,0,train
PUMP_01,2026-04-22 13:00:00,0.1351,51.83,33.97,59.24,3.887,0.1571,0.0163,7.191,3.46,379.1,145.9,12.94,37.46,True,Normal,0,train
PUMP_01,2026-04-22 14:00:00,0.1452,51.36,33.7,57.82,4.04,0.1545,0.0169,7.101,4.79,379.5,148.3,12.45,37.42,True,Normal,0,train
PUMP_01,2026-04-22 15:00:00,0.1423,50.8,33.84,56.89,3.799,0.149,0.0138,7.246,3.58,391.7,146.7,14.44,37.38,True,Normal,0,train
PUMP_01,2026-04-22 16:00:00,0.1386,49.51,33.58,58.4,3.892,0.1453,0.013,7.161,4.24,374.4,138.8,12.82,37.33,True,Normal,0,train
PUMP_01,2026-04-22 17:00:00,0.126,49.76,33.13,58.57,4.071,0.1378,0.0067,7.198,3.73,382.5,132.0,13.39,37.29,True,Normal,0,train
PUMP_01,2026-04-22 18:00:00,0.158,51.71,33.68,59.48,4.003,0.1409,0.0107,7.129,4.03,381.2,130.0,12.43,37.25,True,Normal,0,train
PUMP_01,2026-04-22 19:00:00,0.1349,52.02,33.87,57.19,3.97,0.1408,0.0107,7.171,3.75,381.7,116.4,12.93,37.21,True,Normal,0,train
PUMP_01,2026-04-22 20:00:00,0.1627,49.11,33.81,57.2,3.935,0.1438,0.014,7.186,4.22,386.2,110.7,13.69,37.17,True,Normal,0,train
PUMP_01,2026-04-22 21:00:00,0.1431,48.88,34.07,58.91,3.84,0.1439,0.014,7.199,4.05,386.1,107.3,13.78,37.12,True,Normal,0,train
PUMP_01,2026-04-22 22:00:00,0.1547,48.64,34.25,57.51,4.055,0.1466,0.0143,7.224,3.82,377.7,95.4,13.66,37.08,True,Normal,0,train
PUMP_01,2026-04-22 23:00:00,0.1558,51.24,34.41,57.46,3.977,0.1515,0.0104,7.272,3.58,381.0,101.7,14.4,37.04,True,Normal,0,train
PUMP_01,2026-04-23 00:00:00,0.1376,48.61,33.62,59.5,3.878,0.1481,0.0112,7.237,4.11,370.7,92.0,13.77,37.0,True,Normal,0,train
PUMP_01,2026-04-23 01:00:00,0.1581,51.23,33.05,56.35,4.002,0.152,0.0096,7.248,3.51,380.5,93.1,13.95,36.96,True,Normal,0,train
PUMP_01,2026-04-23 02:00:00,0.1839,50.82,34.76,60.47,4.046,0.1555,0.0161,7.272,4.17,376.0,95.0,14.61,36.92,True,Normal,0,train
PUMP_01,2026-04-23 03:00:00,0.1608,49.18,34.23,57.26,3.984,0.1585,0.0149,7.228,5.05,379.1,98.5,14.65,36.88,True,Normal,0,train
PUMP_01,2026-04-23 04:00:00,0.1722,52.35,33.43,59.04,4.009,0.1614,0.0157,7.198,4.54,371.6,100.9,13.5,36.83,True,Normal,0,train
PUMP_01,2026-04-23 05:00:00,0.1701,47.81,34.17,57.87,4.003,0.1638,0.0158,7.25,4.29,382.0,107.2,14.59,36.79,True,Normal,0,train
PUMP_01,2026-04-23 06:00:00,0.1646,52.49,34.64,58.33,3.943,0.1683,0.0093,7.254,3.97,371.5,113.3,13.98,36.75,True,Normal,0,train
PUMP_01,2026-04-23 07:00:00,0.1625,50.48,35.04,57.68,4.004,0.169,0.0085,7.232,3.22,380.7,118.2,13.51,36.71,True,Normal,0,train
PUMP_01,2026-04-23 08:00:00,0.1669,46.89,34.15,59.03,4.059,0.1662,0.0044,7.127,3.47,373.9,123.4,11.71,36.67,True,Normal,0,train
PUMP_01,2026-04-23 09:00:00,0.1685,52.39,34.64,57.58,4.083,0.1675,0.0036,7.158,4.51,375.8,136.8,13.01,36.62,True,Normal,0,train
PUMP_01,2026-04-23 10:00:00,0.1347,51.46,33.27,57.31,4.063,0.1612,0.0133,7.186,3.68,385.8,129.3,13.3,36.58,True,Normal,0,train
PUMP_01,2026-04-23 11:00:00,0.1563,49.36,33.98,60.18,3.946,0.1589,0.0126,7.239,3.72,382.9,140.8,14.05,36.54,True,Normal,0,train
PUMP_01,2026-04-23 12:00:00,0.1472,48.55,33.8,58.04,4.051,0.156,0.013,7.199,3.93,385.7,142.3,13.68,36.5,True,Normal,0,train
PUMP_01,2026-04-23 13:00:00,0.1415,47.65,34.21,57.19,4.037,0.1525,0.0137,7.257,3.58,387.8,146.7,14.44,36.46,True,Normal,0,train
PUMP_01,2026-04-23 14:00:00,0.1644,53.62,34.97,56.21,3.943,0.1521,0.0132,7.266,3.51,376.1,138.3,14.05,36.42,True,Normal,0,train
PUMP_01,2026-04-23 15:00:00,0.1319,48.61,34.15,60.24,3.963,0.146,0.0126,7.26,3.98,387.5,139.7,14.76,36.38,True,Normal,0,train
PUMP_01,2026-04-23 16:00:00,0.1204,48.1,33.44,57.34,4.054,0.1436,0.016,7.26,3.64,372.7,137.3,13.91,36.33,True,Normal,0,train
PUMP_01,2026-04-23 17:00:00,0.1523,50.4,33.24,60.47,4.11,0.143,0.0155,7.148,3.7,383.7,136.8,12.62,36.29,True,Normal,0,train
PUMP_01,2026-04-23 18:00:00,0.1187,47.54,34.99,58.48,3.855,0.1382,0.0181,7.224,3.69,377.5,127.8,13.56,36.25,True,Normal,0,train
PUMP_01,2026-04-23 19:00:00,0.1114,48.53,34.31,58.17,4.131,0.1332,0.0209,7.17,4.21,375.3,115.3,12.97,36.21,True,Normal,0,train
PUMP_01,2026-04-23 20:00:00,0.155,51.49,34.27,58.2,4.093,0.1316,0.0183,7.118,3.91,383.1,111.6,12.24,36.17,True,Normal,0,train
PUMP_01,2026-04-23 21:00:00,0.1453,50.7,33.79,60.66,4.016,0.1338,0.0191,7.186,3.93,384.7,111.0,13.42,36.12,True,Normal,0,train
PUMP_01,2026-04-23 22:00:00,0.1521,49.42,34.16,55.37,3.981,0.1391,0.0191,7.266,4.24,384.6,97.5,14.92,36.08,True,Normal,0,train
PUMP_01,2026-04-23 23:00:00,0.1408,50.03,33.41,58.26,4.031,0.1372,0.018,7.223,3.94,381.1,98.0,13.87,36.04,True,Normal,0,train
PUMP_01,2026-04-24 00:00:00,0.1292,49.34,34.23,57.68,3.949,0.139,0.0163,7.301,3.89,380.7,95.8,15.06,36.0,True,Normal,0,train
PUMP_01,2026-04-24 01:00:00,0.1348,49.91,33.3,57.74,3.986,0.1429,0.0099,7.209,4.19,382.6,93.5,13.88,35.96,True,Normal,0,train
PUMP_01,2026-04-24 02:00:00,0.1509,48.86,33.78,58.18,3.882,0.1422,0.009,7.322,4.27,381.5,106.6,15.71,35.92,True,Normal,0,train
PUMP_01,2026-04-24 03:00:00,0.138,49.13,33.61,57.68,3.861,0.141,0.009,7.209,3.94,382.7,96.7,13.71,35.88,True,Normal,0,train
PUMP_01,2026-04-24 04:00:00,0.1633,49.08,32.05,58.23,4.187,0.1428,0.0123,7.201,4.03,381.0,104.1,13.58,35.83,True,Normal,0,train
PUMP_01,2026-04-24 05:00:00,0.1527,48.91,33.79,57.97,4.005,0.1448,0.0129,7.136,3.69,384.2,104.4,12.43,35.79,True,Normal,0,train
PUMP_01,2026-04-24 06:00:00,0.1628,51.57,33.46,56.42,4.016,0.1504,0.012,7.256,3.66,371.9,115.6,13.81,35.75,True,Normal,0,train
PUMP_01,2026-04-24 07:00:00,0.162,51.16,33.87,58.46,3.998,0.155,0.0099,7.175,4.31,379.3,123.5,13.29,35.71,True,Normal,0,train
PUMP_01,2026-04-24 08:00:00,0.1645,48.6,34.0,58.86,3.934,0.1572,0.0103,6.984,10.61,373.1,124.1,14.9,35.67,True,Normal,0,train
PUMP_01,2026-04-24 09:00:00,0.1646,48.21,35.06,57.35,3.975,0.1616,0.0045,6.87,17.98,381.4,132.3,22.22,35.62,True,Normal,0,train
PUMP_01,2026-04-24 10:00:00,0.1498,49.76,34.18,60.24,4.007,0.1594,0.0065,6.595,27.31,388.2,134.1,33.44,35.58,True,Normal,0,train
PUMP_01,2026-04-24 11:00:00,0.1553,53.23,34.2,59.6,3.984,0.1598,0.006,6.279,38.24,377.6,137.1,45.7,35.54,True,Normal,0,train
PUMP_01,2026-04-24 12:00:00,0.1535,48.46,34.3,59.01,3.94,0.1583,0.0063,6.204,38.5,380.6,148.3,47.21,35.5,True,Normal,0,train
PUMP_01,2026-04-24 13:00:00,0.111,49.76,34.52,59.0,4.038,0.1498,0.0199,6.22,38.59,383.8,142.8,47.16,35.46,True,Normal,0,train
PUMP_01,2026-04-24 14:00:00,0.1547,50.13,34.27,58.04,4.015,0.1482,0.0188,6.403,32.15,415.6,134.5,41.04,35.42,True,Normal,0,train
PUMP_01,2026-04-24 15:00:00,0.1452,49.84,34.17,59.37,4.031,0.1449,0.017,6.656,24.39,475.9,148.7,34.08,35.38,True,Normal,0,train
PUMP_01,2026-04-24 16:00:00,0.1498,49.31,34.43,59.88,4.056,0.1449,0.017,6.963,15.58,547.5,134.5,25.98,35.33,True,Normal,0,train
PUMP_01,2026-04-24 17:00:00,0.121,51.73,32.54,58.97,3.986,0.1392,0.0185,7.218,4.09,609.9,131.5,23.44,35.29,True,Normal,0,train
PUMP_01,2026-04-24 18:00:00,0.1353,50.68,35.25,57.32,3.986,0.1362,0.0172,7.299,4.25,619.5,133.0,25.24,35.25,True,Normal,0,train
PUMP_01,2026-04-24 19:00:00,0.124,51.27,34.95,57.95,4.119,0.1383,0.0139,7.245,4.11,629.9,119.4,24.71,35.21,True,Normal,0,train
PUMP_01,2026-04-24 20:00:00,0.1525,50.88,34.13,58.69,3.924,0.138,0.0134,7.188,4.1,583.5,112.9,21.86,35.17,True,Normal,0,train
PUMP_01,2026-04-24 21:00:00,0.1219,51.34,33.15,59.01,3.85,0.1341,0.0142,7.241,3.71,527.8,102.6,20.11,35.12,True,Normal,0,train
PUMP_01,2026-04-24 22:00:00,0.1311,52.38,34.73,57.91,4.044,0.131,0.0119,7.285,4.28,463.1,95.8,18.53,35.08,True,Normal,0,train
PUMP_01,2026-04-24 23:00:00,0.1554,52.0,33.58,57.32,3.95,0.1367,0.0142,7.3,5.14,381.1,97.7,15.94,35.04,True,Normal,0,train
PUMP_01,2026-04-25 00:00:00,0.1406,53.49,34.32,59.9,3.914,0.1376,0.0143,7.259,3.85,382.8,97.3,14.46,35.0,True,Normal,0,train
PUMP_01,2026-04-25 01:00:00,0.1387,51.83,33.23,56.71,4.071,0.14,0.0127,7.201,4.03,378.4,96.2,13.47,34.96,True,Normal,0,train
PUMP_01,2026-04-25 02:00:00,0.1686,49.0,35.34,56.87,3.988,0.1427,0.0169,7.189,3.82,380.6,93.9,13.23,34.92,True,Normal,0,train
PUMP_01,2026-04-25 03:00:00,0.1713,51.27,33.13,56.41,3.899,0.151,0.0167,7.229,3.8,376.8,98.4,13.69,34.88,True,Normal,0,train
PUMP_01,2026-04-25 04:00:00,0.1695,51.07,34.04,56.87,4.155,0.1574,0.0148,7.284,4.62,386.3,95.0,15.53,34.83,True,Normal,0,train
PUMP_01,2026-04-25 05:00:00,0.1724,52.88,32.73,59.5,3.871,0.1602,0.016,7.222,3.73,387.6,109.3,13.98,34.79,True,Normal,0,train
PUMP_01,2026-04-25 06:00:00,0.1565,48.55,33.98,59.54,3.993,0.1628,0.0131,7.223,3.81,386.9,114.2,14.02,34.75,True,Normal,0,train
PUMP_01,2026-04-25 07:00:00,0.1566,50.84,33.74,57.91,3.849,0.1658,0.0073,7.203,3.37,378.0,127.9,13.01,34.71,True,Normal,0,train
PUMP_01,2026-04-25 08:00:00,0.1489,48.98,34.68,58.6,4.022,0.1625,0.0098,7.184,3.7,375.2,126.5,12.83,34.67,True,Normal,0,train
PUMP_01,2026-04-25 09:00:00,0.1596,50.77,33.74,57.99,3.949,0.1606,0.0088,7.192,3.32,386.4,128.7,13.16,34.62,True,Normal,0,train
PUMP_01,2026-04-25 10:00:00,0.1471,49.68,34.68,56.57,4.066,0.1568,0.009,7.207,4.25,382.7,137.5,13.9,34.58,True,Normal,0,train
PUMP_01,2026-04-25 11:00:00,0.1461,50.72,33.39,60.66,3.999,0.1525,0.0058,7.286,5.12,381.6,140.3,15.73,34.54,True,Normal,0,train
PUMP_01,2026-04-25 12:00:00,0.159,47.88,33.83,59.65,4.108,0.1529,0.0062,7.188,3.85,376.8,145.9,13.07,34.5,True,Normal,0,train
PUMP_01,2026-04-25 13:00:00,0.1652,51.19,33.84,58.43,3.966,0.1543,0.008,7.203,3.33,382.1,145.1,13.16,34.46,True,Normal,0,train
PUMP_01,2026-04-25 14:00:00,0.151,50.31,34.3,56.97,3.872,0.1547,0.0077,7.157,4.36,374.6,139.1,12.83,34.42,True,Normal,0,train
PUMP_01,2026-04-25 15:00:00,0.1698,50.23,34.22,57.73,4.019,0.1564,0.0099,7.236,3.71,383.2,135.1,14.0,34.38,True,Normal,0,train
PUMP_01,2026-04-25 16:00:00,0.1308,52.93,34.43,57.17,3.98,0.1536,0.0142,7.268,4.52,386.9,138.7,15.24,34.33,True,Normal,0,train
PUMP_01,2026-04-25 17:00:00,0.1128,49.43,34.16,58.12,3.854,0.1481,0.0221,7.281,3.89,388.2,138.0,15.06,34.29,True,Normal,0,train
PUMP_01,2026-04-25 18:00:00,0.1507,50.51,34.4,58.37,3.916,0.1467,0.0215,7.21,3.75,383.5,126.8,13.63,34.25,True,Normal,0,train
PUMP_01,2026-04-25 19:00:00,0.1288,50.15,33.46,57.59,3.941,0.1406,0.0204,7.229,3.93,373.1,123.3,13.62,34.21,True,Normal,0,train
PUMP_01,2026-04-25 20:00:00,0.1372,50.3,34.23,56.25,4.124,0.1384,0.0197,7.192,4.3,381.0,117.6,13.63,34.17,True,Normal,0,train
PUMP_01,2026-04-25 21:00:00,0.1164,53.33,34.96,60.56,4.057,0.1294,0.0139,7.226,3.91,390.7,108.6,14.3,34.12,True,Normal,0,train
PUMP_01,2026-04-25 22:00:00,0.1315,50.1,32.99,58.29,3.972,0.1296,0.0139,7.216,3.8,375.7,99.1,13.43,34.08,True,Normal,0,train
PUMP_01,2026-04-25 23:00:00,0.1249,49.15,34.29,58.55,4.038,0.1316,0.0117,7.203,3.92,379.7,99.1,13.48,34.04,True,Normal,0,train
PUMP_01,2026-04-26 00:00:00,0.1435,52.81,34.41,57.49,3.837,0.1304,0.0095,7.207,3.49,387.1,100.7,13.55,34.0,True,Normal,0,train
PUMP_01,2026-04-26 01:00:00,0.1467,49.54,34.88,56.13,3.955,0.1334,0.0115,7.223,4.16,383.1,97.1,14.1,33.96,True,Normal,0,train
PUMP_01,2026-04-26 02:00:00,0.1563,47.59,34.44,57.9,4.032,0.1366,0.0149,7.185,3.29,392.4,98.8,13.28,33.92,True,Normal,0,train
PUMP_01,2026-04-26 03:00:00,0.1757,48.89,34.06,57.61,4.013,0.1464,0.0182,7.188,3.82,376.3,96.5,13.03,33.88,True,Normal,0,train
PUMP_01,2026-04-26 04:00:00,0.1688,48.13,34.26,58.85,3.957,0.1526,0.0184,7.285,4.3,375.1,101.5,14.87,33.83,True,Normal,0,train
PUMP_01,2026-04-26 05:00:00,0.1353,47.3,33.56,59.09,3.997,0.1544,0.0155,7.336,4.12,386.1,107.0,16.01,33.79,True,Normal,0,train
PUMP_01,2026-04-26 06:00:00,0.1691,49.46,33.77,58.92,4.027,0.1586,0.0155,7.14,4.24,374.0,113.3,12.45,33.75,True,Normal,0,train
PUMP_01,2026-04-26 07:00:00,0.1613,49.89,33.2,59.19,3.999,0.1611,0.0143,7.137,3.97,379.0,124.7,12.43,33.71,True,Normal,0,train
PUMP_01,2026-04-26 08:00:00,0.1572,51.77,34.89,60.16,4.069,0.1612,0.0143,7.152,4.47,379.7,117.1,13.05,33.67,True,Normal,0,train
PUMP_01,2026-04-26 09:00:00,0.1567,50.94,34.27,58.47,4.025,0.1581,0.0124,7.195,4.37,385.2,132.6,13.89,33.62,True,Normal,0,train
PUMP_01,2026-04-26 10:00:00,0.1581,50.88,33.45,59.32,4.041,0.1563,0.0113,7.245,4.18,383.1,137.4,14.47,33.58,True,Normal,0,train
PUMP_01,2026-04-26 11:00:00,0.1422,48.66,34.16,58.59,4.137,0.1574,0.0088,7.23,4.37,382.3,136.2,14.33,33.54,True,Normal,0,train
PUMP_01,2026-04-26 12:00:00,0.1473,51.33,34.7,55.72,4.066,0.1538,0.0074,7.209,4.3,378.0,146.8,13.76,33.5,True,Normal,0,train
PUMP_01,2026-04-26 13:00:00,0.1652,52.09,34.6,57.81,4.139,0.1544,0.0083,7.226,3.82,386.1,142.1,14.05,33.46,True,Normal,0,train
PUMP_01,2026-04-26 14:00:00,0.1344,50.59,33.44,56.96,3.946,0.1506,0.0114,7.165,3.46,400.1,142.7,13.41,33.42,True,Normal,0,train
PUMP_01,2026-04-26 15:00:00,0.1275,50.63,32.12,58.28,3.873,0.1458,0.0142,7.188,4.17,383.5,149.0,13.57,33.38,True,Normal,0,train
PUMP_01,2026-04-26 16:00:00,0.1404,48.1,34.24,57.05,3.989,0.1428,0.0129,7.199,4.22,380.5,141.7,13.66,33.33,True,Normal,0,train
PUMP_01,2026-04-26 17:00:00,0.1234,51.58,33.47,58.73,3.982,0.1397,0.0152,7.121,4.44,373.5,134.8,12.27,33.29,True,Normal,0,train
PUMP_01,2026-04-26 18:00:00,0.1142,52.67,34.37,59.18,4.117,0.1342,0.0177,7.142,3.63,376.8,128.0,12.18,33.25,True,Normal,0,train
PUMP_01,2026-04-26 19:00:00,0.1352,50.48,34.57,59.44,3.91,0.1292,0.0095,7.144,3.64,378.9,119.3,12.3,33.21,True,Normal,0,train
PUMP_01,2026-04-26 20:00:00,0.1631,49.11,34.67,59.94,3.994,0.134,0.0169,7.238,4.18,377.3,121.5,14.13,33.17,True,Normal,0,train
PUMP_01,2026-04-26 21:00:00,0.1423,49.76,35.05,55.99,4.032,0.1364,0.0169,7.212,3.97,379.9,110.7,13.67,33.12,True,Normal,0,train
PUMP_01,2026-04-26 22:00:00,0.1477,49.37,34.74,56.56,4.008,0.1376,0.0175,7.231,3.25,388.9,99.3,13.83,33.08,True,Normal,0,train
PUMP_01,2026-04-26 23:00:00,0.1155,49.46,35.05,61.51,3.986,0.1363,0.019,7.108,4.15,386.2,92.7,12.39,33.04,True,Normal,0,train
PUMP_01,2026-04-27 00:00:00,0.1566,50.97,34.83,59.21,4.029,0.1434,0.0169,7.126,3.26,379.2,98.1,11.76,33.0,True,Normal,0,train
PUMP_01,2026-04-27 01:00:00,0.154,50.42,34.88,58.27,4.086,0.1465,0.0168,7.233,3.62,374.0,94.8,13.51,32.96,True,Normal,0,train
PUMP_01,2026-04-27 02:00:00,0.145,51.51,33.98,58.04,4.123,0.1435,0.0147,7.061,4.54,386.7,90.1,11.93,32.92,True,Normal,0,train
PUMP_01,2026-04-27 03:00:00,0.1598,50.56,33.23,57.93,4.003,0.1464,0.0161,7.261,4.73,379.8,100.1,14.98,32.88,True,Normal,0,train
PUMP_01,2026-04-27 04:00:00,0.1612,48.7,35.49,55.68,3.935,0.1487,0.0172,7.109,3.51,371.4,101.2,11.34,32.83,True,Normal,0,train
PUMP_01,2026-04-27 05:00:00,0.1438,49.25,34.04,57.07,4.123,0.1534,0.0074,7.242,3.87,383.6,109.6,14.23,32.79,True,Normal,0,train
PUMP_01,2026-04-27 06:00:00,0.165,49.16,34.74,57.87,3.914,0.1548,0.0088,7.156,4.02,385.1,115.3,13.01,32.75,True,Normal,0,train
PUMP_01,2026-04-27 07:00:00,0.1776,49.72,33.67,57.14,4.143,0.1587,0.0128,7.252,4.71,367.9,117.6,14.33,32.71,True,Normal,0,train
PUMP_01,2026-04-27 08:00:00,0.1552,52.69,34.58,57.3,4.108,0.1604,0.0111,7.36,3.8,375.9,129.0,15.76,32.67,True,Normal,0,train
PUMP_01,2026-04-27 09:00:00,0.1441,52.93,32.53,61.07,4.119,0.1578,0.013,7.086,3.81,379.4,130.5,11.52,32.62,True,Normal,0,train
PUMP_01,2026-04-27 10:00:00,0.1523,51.25,33.75,57.7,4.055,0.1563,0.0131,7.235,4.62,383.7,135.9,14.64,32.58,True,Normal,0,train
PUMP_01,2026-04-27 11:00:00,0.1654,50.18,33.94,58.33,3.831,0.1599,0.0118,7.11,3.85,377.4,139.5,11.84,32.54,True,Normal,0,train
PUMP_01,2026-04-27 12:00:00,0.1316,47.96,34.28,58.29,3.917,0.1544,0.0161,7.221,4.29,375.8,148.7,13.87,32.5,True,Normal,0,train
PUMP_01,2026-04-27 13:00:00,0.1561,50.33,34.64,58.71,4.025,0.1508,0.0116,7.19,3.41,383.6,143.9,13.07,32.46,True,Normal,0,train
PUMP_01,2026-04-27 14:00:00,0.1348,48.81,33.34,57.43,3.946,0.1474,0.013,7.206,3.93,377.7,149.6,13.46,32.42,True,Normal,0,train
PUMP_01,2026-04-27 15:00:00,0.1466,52.45,34.4,59.5,3.975,0.1478,0.0129,7.154,3.34,382.7,148.8,12.42,32.38,True,Normal,0,train
PUMP_01,2026-04-27 16:00:00,0.1329,47.59,34.74,58.53,4.049,0.1446,0.0139,7.239,3.58,374.4,134.7,13.6,32.33,True,Normal,0,train
PUMP_01,2026-04-27 17:00:00,0.1318,50.58,35.41,56.46,3.986,0.139,0.0101,7.128,4.34,373.2,120.8,12.29,32.29,True,Normal,0,train
PUMP_01,2026-04-27 18:00:00,0.1628,48.69,34.42,57.87,3.902,0.1442,0.0131,7.262,3.98,383.8,130.6,14.64,32.25,True,Normal,0,train
PUMP_01,2026-04-27 19:00:00,0.1192,49.99,33.72,57.79,4.071,0.138,0.0149,7.18,3.87,381.3,118.6,13.14,32.21,True,Normal,0,train
PUMP_01,2026-04-27 20:00:00,0.1486,51.0,33.24,57.74,4.041,0.1403,0.0154,7.13,3.7,384.6,110.1,12.36,32.17,True,Normal,0,train
PUMP_01,2026-04-27 21:00:00,0.1689,51.53,35.1,58.61,3.98,0.144,0.0194,7.28,3.91,377.3,105.1,14.6,32.12,True,Normal,0,train
PUMP_01,2026-04-27 22:00:00,0.1553,49.91,34.44,58.76,4.057,0.1478,0.019,7.197,4.12,376.0,100.7,13.36,32.08,True,Normal,0,train
PUMP_01,2026-04-27 23:00:00,0.1274,51.14,33.99,58.62,4.008,0.147,0.0198,7.295,4.39,386.8,103.5,15.58,32.04,True,Normal,0,train
PUMP_01,2026-04-28 00:00:00,0.1308,49.01,33.03,58.41,4.107,0.1417,0.019,7.261,2.95,372.4,96.5,13.42,32.0,True,Normal,0,train
PUMP_01,2026-04-28 01:00:00,0.1413,50.37,33.44,58.1,4.012,0.1454,0.0156,7.16,3.67,386.3,100.1,12.89,31.96,True,Normal,0,train
PUMP_01,2026-04-28 02:00:00,0.1574,51.5,34.38,55.42,4.106,0.1468,0.0163,7.196,4.06,386.6,97.8,13.75,31.92,True,Normal,0,train
PUMP_01,2026-04-28 03:00:00,0.1605,50.5,34.21,58.93,3.85,0.1454,0.0143,7.206,3.96,384.3,97.1,13.75,31.88,True,Normal,0,train
PUMP_01,2026-04-28 04:00:00,0.1396,49.21,32.83,58.59,4.037,0.1428,0.0136,7.276,4.16,376.6,100.8,14.69,31.83,True,Normal,0,train
PUMP_01,2026-04-28 05:00:00,0.1466,49.58,34.38,56.82,3.968,0.146,0.0113,7.222,4.11,375.9,109.7,13.75,31.79,True,Normal,0,train
PUMP_01,2026-04-28 06:00:00,0.1478,51.52,33.06,58.34,3.931,0.1489,0.0085,7.209,3.88,378.9,116.8,13.51,31.75,True,Normal,0,train
PUMP_01,2026-04-28 07:00:00,0.1569,48.36,34.81,58.78,4.093,0.1515,0.0081,7.19,3.79,373.5,124.0,12.92,31.71,True,Normal,0,train
PUMP_01,2026-04-28 08:00:00,0.1884,48.58,34.13,59.41,4.071,0.1566,0.0173,7.197,3.9,375.2,125.4,13.19,31.67,True,Normal,0,train
PUMP_01,2026-04-28 09:00:00,0.1431,50.9,33.72,58.61,3.839,0.1537,0.0179,7.265,4.46,383.2,133.2,15.0,31.62,True,Normal,0,train
PUMP_01,2026-04-28 10:00:00,0.1403,49.34,34.59,58.39,4.057,0.1539,0.0178,7.173,4.64,383.2,140.0,13.66,31.58,True,Normal,0,train
PUMP_01,2026-04-28 11:00:00,0.1356,47.82,34.21,59.14,4.048,0.152,0.0192,7.122,6.01,374.8,140.1,13.44,31.54,True,Normal,0,train
PUMP_01,2026-04-28 12:00:00,0.1595,52.03,34.79,57.63,3.942,0.154,0.0193,7.07,7.62,383.4,139.6,14.1,31.5,True,Normal,0,train
PUMP_01,2026-04-28 13:00:00,0.1468,48.35,34.05,58.49,3.933,0.1523,0.0195,7.037,9.37,382.3,141.8,14.74,31.46,True,Normal,0,train
PUMP_01,2026-04-28 14:00:00,0.1316,49.7,34.08,57.25,3.873,0.1428,0.0098,6.994,8.63,387.5,143.2,13.95,31.42,True,Normal,0,train
PUMP_01,2026-04-28 15:00:00,0.1375,49.07,33.83,59.33,3.973,0.1419,0.01,7.027,9.13,382.8,144.3,14.44,31.38,True,Normal,0,train
PUMP_01,2026-04-28 16:00:00,0.1295,49.55,34.16,56.07,3.986,0.1401,0.0113,7.166,8.3,392.0,142.7,16.47,31.33,True,Normal,0,train
PUMP_01,2026-04-28 17:00:00,0.1448,48.67,35.02,58.98,4.064,0.1416,0.0111,7.112,6.69,396.9,127.1,14.68,31.29,True,Normal,0,train
PUMP_01,2026-04-28 18:00:00,0.1803,51.07,33.7,58.02,4.022,0.1451,0.0186,7.201,5.12,410.2,124.1,15.56,31.25,True,Normal,0,train
PUMP_01,2026-04-28 19:00:00,0.1486,50.17,34.39,59.16,3.915,0.1454,0.0186,7.076,3.87,407.5,118.6,12.57,31.21,True,Normal,0,train
PUMP_01,2026-04-28 20:00:00,0.1399,51.48,33.47,57.06,4.019,0.1468,0.0177,7.228,3.9,413.3,116.7,15.27,31.17,True,Normal,0,train
PUMP_01,2026-04-28 21:00:00,0.133,49.09,32.76,58.11,3.98,0.146,0.0182,7.192,4.34,413.7,105.4,15.01,31.12,True,Normal,0,train
PUMP_01,2026-04-28 22:00:00,0.1248,53.2,34.12,58.07,3.925,0.1452,0.0192,7.176,4.09,406.0,100.6,14.26,31.08,True,Normal,0,train
PUMP_01,2026-04-28 23:00:00,0.1584,47.14,34.22,58.52,3.873,0.1475,0.0199,7.209,4.09,401.6,92.7,14.61,31.04,True,Normal,0,train
PUMP_01,2026-04-29 00:00:00,0.1602,47.62,33.93,56.74,4.05,0.1442,0.0141,7.175,3.55,391.7,97.8,13.28,31.0,True,Normal,0,train
PUMP_01,2026-04-29 01:00:00,0.1456,52.63,33.1,58.76,4.036,0.1436,0.014,7.094,3.61,382.0,94.4,11.61,30.96,True,Normal,0,train
PUMP_01,2026-04-29 02:00:00,0.1732,50.71,34.18,55.78,4.045,0.1492,0.0182,7.246,4.86,379.1,93.2,14.8,30.92,True,Normal,0,train
PUMP_01,2026-04-29 03:00:00,0.1574,50.51,34.16,57.2,3.942,0.1533,0.0165,7.212,3.93,376.3,97.3,13.49,30.88,True,Normal,0,train
PUMP_01,2026-04-29 04:00:00,0.1703,50.65,33.47,56.12,4.014,0.1608,0.0099,7.184,3.69,385.5,106.8,13.26,30.83,True,Normal,0,train
PUMP_01,2026-04-29 05:00:00,0.1641,50.86,33.19,58.99,3.89,0.1618,0.0099,7.152,4.57,381.7,103.5,13.2,30.79,True,Normal,0,train
PUMP_01,2026-04-29 06:00:00,0.1573,50.45,33.85,58.48,3.921,0.1613,0.0101,6.842,14.08,374.9,110.2,19.67,30.75,True,Normal,0,train
PUMP_01,2026-04-29 07:00:00,0.1453,48.55,34.39,58.55,4.003,0.1613,0.0102,6.598,25.68,379.0,125.0,31.86,30.71,True,Normal,0,train
PUMP_01,2026-04-29 08:00:00,0.1565,51.23,34.25,59.77,4.021,0.1585,0.0084,6.668,25.39,371.3,126.8,30.22,30.67,True,Normal,0,train
PUMP_01,2026-04-29 09:00:00,0.1697,50.99,33.47,57.62,3.87,0.1605,0.0095,6.597,25.32,380.2,135.2,31.67,30.62,True,Normal,0,train
PUMP_01,2026-04-29 10:00:00,0.1474,52.14,34.08,58.73,3.915,0.1567,0.0094,6.518,25.38,379.0,139.3,32.93,30.58,True,Normal,0,train
PUMP_01,2026-04-29 11:00:00,0.1592,52.65,34.53,58.08,3.971,0.1559,0.0088,6.599,24.89,377.1,141.5,31.23,30.54,True,Normal,0,train
PUMP_01,2026-04-29 12:00:00,0.1338,50.5,33.3,57.9,4.077,0.152,0.0125,6.869,15.44,459.1,142.8,23.7,30.5,True,Normal,0,train
PUMP_01,2026-04-29 13:00:00,0.1591,48.16,34.04,59.57,3.935,0.1543,0.0123,7.243,4.12,527.4,148.3,20.42,30.46,True,Normal,0,train
PUMP_01,2026-04-29 14:00:00,0.1497,52.66,34.8,60.5,4.011,0.1531,0.0124,7.23,4.74,536.7,148.8,21.03,30.42,True,Normal,0,train
PUMP_01,2026-04-29 15:00:00,0.1249,48.47,33.24,57.48,4.02,0.1457,0.0138,7.051,4.03,544.1,146.0,17.97,30.38,True,Normal,0,train
PUMP_01,2026-04-29 16:00:00,0.138,50.51,34.69,59.0,3.98,0.1441,0.0141,7.227,3.07,538.6,132.9,19.89,30.33,True,Normal,0,train
PUMP_01,2026-04-29 17:00:00,0.1543,49.61,34.97,58.38,4.021,0.1433,0.0132,7.15,3.96,533.0,137.7,19.05,30.29,True,Normal,0,train
PUMP_01,2026-04-29 18:00:00,0.1211,49.35,33.87,58.4,3.892,0.1412,0.0158,7.129,5.1,456.3,125.0,16.31,30.25,True,Normal,0,train
PUMP_01,2026-04-29 19:00:00,0.1243,51.15,33.79,58.3,3.948,0.1354,0.0142,7.191,4.35,373.2,117.0,13.31,30.21,True,Normal,0,train
PUMP_01,2026-04-29 20:00:00,0.1403,50.37,34.62,57.6,4.115,0.1338,0.0127,7.221,3.68,377.9,112.9,13.52,30.17,True,Normal,0,train
PUMP_01,2026-04-29 21:00:00,0.1749,50.77,33.89,53.7,4.12,0.1422,0.02,7.118,4.24,376.6,110.8,12.21,30.12,True,Normal,0,train
PUMP_01,2026-04-29 22:00:00,0.1349,48.78,32.59,59.84,4.067,0.1416,0.0202,7.235,3.7,376.4,104.5,13.71,30.08,True,Normal,0,train
PUMP_01,2026-04-29 23:00:00,0.1548,49.74,33.94,57.17,4.088,0.1417,0.0202,7.238,3.46,378.4,97.3,13.66,30.04,True,Normal,0,train
PUMP_01,2026-04-30 00:00:00,0.1539,48.85,34.28,57.71,3.854,0.1472,0.0179,7.202,3.86,379.5,99.2,13.42,30.0,True,Normal,0,train
PUMP_01,2026-04-30 01:00:00,0.1437,49.7,34.44,57.74,3.924,0.1504,0.0143,7.157,4.04,382.4,95.6,12.93,29.96,True,Normal,0,train
PUMP_01,2026-04-30 02:00:00,0.1574,49.82,33.47,57.06,3.975,0.1533,0.0135,7.151,3.25,373.8,93.6,11.93,29.92,True,Normal,0,train
PUMP_01,2026-04-30 03:00:00,0.1504,52.77,33.84,58.29,4.193,0.1492,0.0084,7.251,3.54,376.6,95.5,13.86,29.88,True,Normal,0,train
PUMP_01,2026-04-30 04:00:00,0.1533,49.61,34.59,57.95,3.975,0.1522,0.0048,7.124,4.0,379.2,104.0,12.26,29.83,True,Normal,0,train
PUMP_01,2026-04-30 05:00:00,0.1347,46.81,33.96,57.14,4.06,0.1489,0.0083,7.253,3.84,379.0,107.2,14.2,29.79,True,Normal,0,train
PUMP_01,2026-04-30 06:00:00,0.1596,52.09,33.08,58.18,4.03,0.1498,0.0093,7.192,4.16,389.2,108.0,13.86,29.75,True,Normal,0,train
PUMP_01,2026-04-30 07:00:00,0.1731,50.67,34.74,57.96,4.028,0.1548,0.0126,7.195,3.51,381.2,123.4,13.13,29.71,True,Normal,0,train
PUMP_01,2026-04-30 08:00:00,0.1595,49.8,33.87,59.11,3.998,0.1551,0.0127,7.115,4.29,371.9,124.5,12.0,29.67,True,Normal,0,train
PUMP_01,2026-04-30 09:00:00,0.1734,49.34,34.65,56.39,3.904,0.1589,0.0144,7.193,3.53,382.1,138.9,13.14,29.62,True,Normal,0,train
PUMP_01,2026-04-30 10:00:00,0.1637,48.58,33.16,57.03,3.784,0.1607,0.0142,7.231,4.66,382.7,132.1,14.56,29.58,True,Normal,0,train
PUMP_01,2026-04-30 11:00:00,0.1517,52.91,33.93,58.87,4.103,0.1635,0.0085,7.133,3.31,379.4,140.9,11.92,29.54,True,Normal,0,train
PUMP_01,2026-04-30 12:00:00,0.1406,50.08,34.31,57.23,3.951,0.1603,0.0127,7.225,3.56,373.9,141.3,13.34,29.5,True,Normal,0,train
PUMP_01,2026-04-30 13:00:00,0.1401,47.39,33.95,56.92,3.851,0.1548,0.0132,7.204,4.17,388.8,141.1,14.05,29.46,True,Normal,0,train
PUMP_01,2026-04-30 14:00:00,0.1229,50.49,33.29,57.29,4.035,0.1487,0.0182,7.168,4.67,374.7,142.2,13.23,29.42,True,Normal,0,train
PUMP_01,2026-04-30 15:00:00,0.1389,51.81,32.57,57.88,4.034,0.143,0.0137,7.243,4.13,383.3,148.7,14.41,29.38,True,Normal,0,train
PUMP_01,2026-04-30 16:00:00,0.1435,50.23,34.91,57.88,4.061,0.1396,0.0094,7.09,4.23,381.0,138.3,11.94,29.33,True,Normal,0,train
PUMP_01,2026-04-30 17:00:00,0.1661,48.65,34.15,57.75,4.089,0.142,0.0139,7.217,4.01,383.0,129.3,13.91,29.29,True,Normal,0,train
PUMP_01,2026-04-30 18:00:00,0.1479,48.51,34.7,56.77,3.926,0.1432,0.014,7.281,3.59,388.5,119.2,14.86,29.25,True,Normal,0,train
PUMP_01,2026-04-30 19:00:00,0.1274,48.62,34.56,58.93,3.93,0.1411,0.0155,7.272,3.8,382.8,113.1,14.63,29.21,True,Normal,0,train
PUMP_01,2026-04-30 20:00:00,0.1197,52.28,34.36,59.59,3.975,0.1406,0.0163,7.219,3.52,377.2,111.4,13.36,29.17,True,Normal,0,train
PUMP_01,2026-04-30 21:00:00,0.1398,49.89,33.81,55.71,4.066,0.1407,0.0163,7.185,3.49,385.5,105.0,13.13,29.12,True,Normal,0,train
PUMP_01,2026-04-30 22:00:00,0.1572,47.48,34.29,56.14,3.832,0.143,0.0176,7.168,4.16,376.8,101.4,12.97,29.08,True,Normal,0,train
PUMP_01,2026-04-30 23:00:00,0.1441,50.58,34.86,59.2,4.01,0.1394,0.0137,7.185,3.55,380.8,89.3,12.98,29.04,True,Normal,0,train
PUMP_01,2026-05-01 00:00:00,0.1581,50.21,34.05,59.88,4.075,0.141,0.0155,7.227,4.13,373.5,95.5,13.76,29.0,True,Normal,0,train
PUMP_01,2026-05-01 01:00:00,0.1499,49.33,35.14,55.44,4.071,0.1448,0.0142,7.16,3.48,374.8,99.1,12.27,28.96,True,Normal,0,train
PUMP_01,2026-05-01 02:00:00,0.1658,48.47,33.1,58.98,4.057,0.1525,0.0097,7.238,4.12,380.3,102.3,14.2,28.92,True,Normal,0,train
PUMP_01,2026-05-01 03:00:00,0.1331,48.4,33.04,59.97,4.085,0.1514,0.0116,7.307,3.8,381.8,90.8,15.15,28.88,True,Normal,0,train
PUMP_01,2026-05-01 04:00:00,0.1827,51.63,34.59,56.97,3.78,0.1556,0.0174,7.197,4.56,371.5,99.1,13.49,28.83,True,Normal,0,train
PUMP_01,2026-05-01 05:00:00,0.143,50.37,33.51,59.9,4.129,0.1554,0.0176,7.133,4.13,382.5,104.1,12.62,28.79,True,Normal,0,train
PUMP_01,2026-05-01 06:00:00,0.1719,50.72,35.23,57.79,4.026,0.1577,0.0188,7.133,4.49,375.9,114.1,12.6,28.75,True,Normal,0,train
PUMP_01,2026-05-01 07:00:00,0.1556,50.37,34.8,58.38,4.107,0.1587,0.0185,7.239,3.7,386.4,115.1,14.18,28.71,True,Normal,0,train
PUMP_01,2026-05-01 08:00:00,0.1569,50.49,34.95,57.14,3.906,0.1572,0.0182,7.197,4.02,378.2,133.2,13.39,28.67,True,Normal,0,train
PUMP_01,2026-05-01 09:00:00,0.1535,49.3,34.53,59.2,3.86,0.1606,0.0142,7.244,3.61,374.4,132.7,13.69,28.62,True,Normal,0,train
PUMP_01,2026-05-01 10:00:00,0.1588,49.69,33.45,59.0,4.143,0.1566,0.0093,7.173,3.83,380.4,137.2,12.97,28.58,True,Normal,0,train
PUMP_01,2026-05-01 11:00:00,0.1595,51.75,33.0,60.07,3.926,0.1594,0.0065,7.242,3.9,375.4,148.0,13.9,28.54,True,Normal,0,train
PUMP_01,2026-05-01 12:00:00,0.1659,52.12,34.9,59.73,3.975,0.1584,0.0043,7.192,3.71,386.3,144.1,13.43,28.5,True,Normal,0,train
PUMP_01,2026-05-01 13:00:00,0.1685,48.17,33.1,57.99,4.042,0.1605,0.0056,7.163,3.51,380.0,146.6,12.57,28.46,True,Normal,0,train
PUMP_01,2026-05-01 14:00:00,0.15,49.69,34.95,61.73,4.062,0.1594,0.0071,7.18,3.43,379.2,141.1,12.75,28.42,True,Normal,0,train
PUMP_01,2026-05-01 15:00:00,0.1686,51.26,34.4,59.62,4.086,0.1619,0.0072,7.14,3.06,383.0,136.2,12.01,28.38,True,Normal,0,train
PUMP_01,2026-05-01 16:00:00,0.1427,52.82,33.95,58.65,4.018,0.1592,0.0107,7.299,3.58,375.0,135.2,14.59,28.33,True,Normal,0,train
PUMP_01,2026-05-01 17:00:00,0.1565,52.67,34.27,56.8,3.916,0.1587,0.0108,7.195,4.25,373.6,141.2,13.33,28.29,True,Normal,0,train
PUMP_01,2026-05-01 18:00:00,0.1464,48.81,34.28,56.16,4.057,0.1554,0.0111,7.232,3.36,382.0,129.0,13.65,28.25,True,Normal,0,train
PUMP_01,2026-05-01 19:00:00,0.1321,51.91,33.88,56.27,4.058,0.1494,0.0124,7.173,3.45,374.5,121.1,12.46,28.21,True,Normal,0,train
PUMP_01,2026-05-01 20:00:00,0.1441,50.09,34.86,56.88,3.855,0.1484,0.0126,7.147,4.72,374.5,109.6,12.93,28.17,True,Normal,0,train
PUMP_01,2026-05-01 21:00:00,0.1505,51.57,34.83,59.65,4.113,0.1454,0.0082,7.188,3.75,384.2,111.1,13.31,28.12,True,Normal,0,train
PUMP_01,2026-05-01 22:00:00,0.1445,51.18,34.09,58.58,3.801,0.1457,0.0081,7.255,4.13,382.6,96.9,14.58,28.08,True,Normal,0,train
PUMP_01,2026-05-01 23:00:00,0.1536,48.1,33.64,57.26,4.083,0.1452,0.0074,7.174,4.26,373.7,92.1,13.0,28.04,True,Normal,0,train
PUMP_01,2026-05-02 00:00:00,0.163,50.82,34.78,57.84,3.949,0.148,0.0104,7.156,4.27,376.9,93.6,12.86,28.0,True,Normal,0,train
PUMP_01,2026-05-02 01:00:00,0.1522,51.51,32.79,57.69,4.056,0.1513,0.007,7.208,3.39,375.5,102.8,13.01,27.96,True,Normal,0,train
PUMP_01,2026-05-02 02:00:00,0.1108,49.97,34.27,58.96,4.041,0.1458,0.0181,7.225,3.91,388.9,103.4,14.2,27.92,True,Normal,0,train
PUMP_01,2026-05-02 03:00:00,0.1822,49.63,34.44,56.95,3.997,0.151,0.0236,7.282,3.35,384.5,96.5,14.55,27.88,True,Normal,0,train
PUMP_01,2026-05-02 04:00:00,0.1542,47.64,33.5,58.42,4.036,0.1527,0.0234,7.218,4.98,377.9,99.6,14.38,27.83,True,Normal,0,train
PUMP_01,2026-05-02 05:00:00,0.1473,51.03,34.58,58.36,3.993,0.1516,0.0235,7.232,3.36,382.9,100.9,13.69,27.79,True,Normal,0,train
PUMP_01,2026-05-02 06:00:00,0.1431,50.31,33.98,56.98,4.057,0.1483,0.023,7.236,3.58,373.2,113.8,13.5,27.75,True,Normal,0,train
PUMP_01,2026-05-02 07:00:00,0.1546,48.62,33.67,59.91,4.175,0.1487,0.0231,7.142,3.58,376.6,120.6,12.15,27.71,True,Normal,0,train
PUMP_01,2026-05-02 08:00:00,0.1502,49.51,34.58,57.65,3.893,0.1553,0.0139,7.152,3.4,380.5,129.6,12.33,27.67,True,Normal,0,train
PUMP_01,2026-05-02 09:00:00,0.146,50.23,33.35,56.81,3.745,0.1492,0.0046,7.146,4.54,382.3,136.1,13.11,27.62,True,Normal,0,train
PUMP_01,2026-05-02 10:00:00,0.1448,49.16,34.52,59.02,3.967,0.1477,0.0042,7.133,4.97,379.5,136.9,13.09,27.58,True,Normal,0,train
PUMP_01,2026-05-02 11:00:00,0.1605,50.0,32.81,58.07,3.961,0.1499,0.0067,7.24,3.81,381.2,143.9,14.05,27.54,True,Normal,0,train
PUMP_01,2026-05-02 12:00:00,0.1805,47.38,34.17,58.49,3.97,0.1561,0.0133,7.215,3.47,380.4,141.3,13.38,27.5,True,Normal,0,train
PUMP_01,2026-05-02 13:00:00,0.1597,52.02,34.03,56.58,3.926,0.157,0.0133,7.204,3.11,379.2,147.1,12.9,27.46,True,Normal,0,train
PUMP_01,2026-05-02 14:00:00,0.1618,50.02,33.68,58.97,4.07,0.1589,0.013,7.07,3.9,378.5,142.1,11.3,27.42,True,Normal,0,train
PUMP_01,2026-05-02 15:00:00,0.1373,48.35,34.23,60.61,3.889,0.1574,0.015,7.303,3.87,377.9,143.5,14.97,27.38,True,Normal,0,train
PUMP_01,2026-05-02 16:00:00,0.1429,46.31,33.95,56.48,4.036,0.1571,0.0154,7.155,3.74,381.2,139.2,12.65,27.33,True,Normal,0,train
PUMP_01,2026-05-02 17:00:00,0.1467,51.54,34.63,58.43,4.051,0.1548,0.0158,7.303,4.09,382.1,132.8,15.29,27.29,True,Normal,0,train
PUMP_01,2026-05-02 18:00:00,0.1301,50.84,34.34,57.06,4.025,0.1464,0.0124,7.128,4.16,381.0,129.6,12.49,27.25,True,Normal,0,train
PUMP_01,2026-05-02 19:00:00,0.134,50.32,34.27,61.23,4.039,0.1421,0.0113,7.105,6.05,374.1,113.7,13.16,27.21,True,Normal,0,train
PUMP_01,2026-05-02 20:00:00,0.1542,51.3,34.18,59.49,4.076,0.1409,0.0089,6.975,7.91,375.0,109.3,13.23,27.17,True,Normal,0,train
PUMP_01,2026-05-02 21:00:00,0.1593,51.29,33.72,58.34,4.004,0.1445,0.0113,6.976,12.02,382.0,106.4,16.37,27.12,True,Normal,0,train
PUMP_01,2026-05-02 22:00:00,0.146,50.29,33.82,56.53,3.972,0.145,0.0113,6.903,12.72,387.4,96.5,18.26,27.08,True,Normal,0,train
PUMP_01,2026-05-02 23:00:00,0.1295,49.62,34.15,56.82,4.039,0.1422,0.0129,6.905,12.46,380.8,96.7,17.78,27.04,True,Normal,0,train
PUMP_01,2026-05-03 00:00:00,0.1456,49.37,33.9,58.9,4.048,0.1448,0.0114,6.89,12.81,377.9,94.4,18.15,27.0,True,Normal,0,val
PUMP_01,2026-05-03 01:00:00,0.131,50.63,34.67,56.37,4.071,0.1443,0.012,7.052,10.86,394.8,100.2,16.55,26.96,True,Normal,0,val
PUMP_01,2026-05-03 02:00:00,0.1561,52.1,34.06,56.4,3.863,0.1446,0.0124,7.109,7.86,403.1,96.4,15.71,26.92,True,Normal,0,val
PUMP_01,2026-05-03 03:00:00,0.1609,49.85,34.23,58.01,3.985,0.1448,0.0128,7.291,3.43,447.0,102.5,17.34,26.88,True,Normal,0,val
PUMP_01,2026-05-03 04:00:00,0.1546,52.21,33.16,58.16,3.915,0.1463,0.0134,7.166,3.7,441.3,103.5,15.3,26.83,True,Normal,0,val
PUMP_01,2026-05-03 05:00:00,0.1633,50.56,34.57,58.46,4.045,0.1519,0.0119,7.211,3.58,437.1,105.4,15.76,26.79,True,Normal,0,val
PUMP_01,2026-05-03 06:00:00,0.1663,50.57,33.65,57.47,4.058,0.1554,0.0127,7.136,4.3,439.6,114.1,15.16,26.75,True,Normal,0,val
PUMP_01,2026-05-03 07:00:00,0.1635,53.61,33.37,59.1,3.978,0.1608,0.0046,7.183,4.14,424.1,122.9,15.17,26.71,True,Normal,0,val
PUMP_01,2026-05-03 08:00:00,0.1406,52.48,34.99,56.97,3.942,0.1582,0.0095,7.174,4.44,418.2,131.2,14.98,26.67,True,Normal,0,val
PUMP_01,2026-05-03 09:00:00,0.1533,52.52,34.42,58.75,4.048,0.1569,0.0096,7.223,4.16,379.0,132.0,13.94,26.62,True,Normal,0,val
PUMP_01,2026-05-03 10:00:00,0.1611,48.8,34.59,58.26,3.989,0.158,0.0096,7.251,4.08,380.8,131.1,14.4,26.58,True,Normal,0,val
PUMP_01,2026-05-03 11:00:00,0.1763,53.29,34.27,58.72,4.114,0.1602,0.0122,7.25,4.48,382.9,134.8,14.75,26.54,True,Normal,0,val
PUMP_01,2026-05-03 12:00:00,0.1459,49.88,33.94,59.42,4.142,0.1568,0.0129,7.158,4.19,376.3,142.8,12.8,26.5,True,Normal,0,val
PUMP_01,2026-05-03 13:00:00,0.1557,49.66,33.83,57.45,4.08,0.1555,0.0125,7.25,4.03,381.0,135.6,14.36,26.46,True,Normal,0,val
PUMP_01,2026-05-03 14:00:00,0.1582,46.76,34.47,57.21,4.019,0.1584,0.0102,7.198,4.59,381.4,151.3,13.94,26.42,True,Normal,0,val
PUMP_01,2026-05-03 15:00:00,0.14,50.49,34.68,55.97,4.146,0.1562,0.0127,7.184,4.05,372.2,144.0,12.95,26.38,True,Normal,0,val
PUMP_01,2026-05-03 16:00:00,0.1586,48.37,33.96,55.58,4.019,0.1558,0.0125,7.165,3.88,381.3,135.1,12.9,26.33,True,Normal,0,val
PUMP_01,2026-05-03 17:00:00,0.1584,50.61,35.24,57.79,3.962,0.1528,0.0079,7.172,3.66,379.8,128.1,12.81,26.29,True,Normal,0,val
PUMP_01,2026-05-03 18:00:00,0.1607,48.26,33.88,57.87,3.946,0.1553,0.0076,7.287,4.28,380.6,130.6,15.12,26.25,True,Normal,0,val
PUMP_01,2026-05-03 19:00:00,0.1472,52.7,33.16,56.7,3.944,0.1539,0.0083,7.215,4.49,380.2,115.5,14.1,26.21,True,Normal,0,val
PUMP_01,2026-05-03 20:00:00,0.1767,50.83,32.97,56.95,3.999,0.1569,0.0126,7.209,3.98,381.3,109.5,13.68,26.17,True,Normal,0,val
PUMP_01,2026-05-03 21:00:00,0.1337,53.42,32.99,59.83,4.037,0.1559,0.0144,7.187,4.52,386.7,104.4,13.94,26.12,True,Normal,0,val
PUMP_01,2026-05-03 22:00:00,0.1769,48.47,33.75,59.05,3.887,0.1589,0.0168,7.322,3.21,374.1,102.8,14.66,26.08,True,Normal,0,val
PUMP_01,2026-05-03 23:00:00,0.1589,52.32,33.86,56.49,3.964,0.159,0.0168,7.265,3.98,378.3,100.8,14.46,26.04,True,Normal,0,val
PUMP_01,2026-05-04 00:00:00,0.1701,47.3,34.41,57.47,4.017,0.1606,0.0174,7.164,3.98,383.3,100.6,13.05,26.0,True,Normal,0,val
PUMP_01,2026-05-04 01:00:00,0.1478,50.31,33.98,58.49,4.051,0.1607,0.0174,7.186,3.71,382.4,99.2,13.18,25.96,True,Normal,0,val
PUMP_01,2026-05-04 02:00:00,0.1677,49.05,34.51,57.25,3.998,0.1592,0.016,7.189,4.95,382.3,95.9,14.09,25.92,True,Normal,0,val
PUMP_01,2026-05-04 03:00:00,0.1785,49.33,34.03,57.03,4.02,0.1666,0.0116,7.207,3.97,393.8,102.4,14.17,25.88,True,Normal,0,val
PUMP_01,2026-05-04 04:00:00,0.1423,49.23,34.01,57.59,3.901,0.1609,0.0139,7.165,3.84,383.1,99.6,12.95,25.83,True,Normal,0,val
PUMP_01,2026-05-04 05:00:00,0.1572,48.63,33.65,59.31,3.927,0.1606,0.0139,7.222,4.01,385.7,100.2,14.09,25.79,True,Normal,0,val
PUMP_01,2026-05-04 06:00:00,0.1279,48.11,34.85,59.42,3.995,0.1536,0.0182,7.273,3.2,378.5,110.8,14.04,25.75,True,Normal,0,val
PUMP_01,2026-05-04 07:00:00,0.157,49.34,33.08,57.12,4.041,0.1551,0.018,7.134,3.7,375.0,116.8,12.03,25.71,True,Normal,0,val
PUMP_01,2026-05-04 08:00:00,0.1464,50.17,34.18,58.55,4.019,0.1516,0.0171,7.144,4.39,378.4,123.9,12.81,25.67,True,Normal,0,val
PUMP_01,2026-05-04 09:00:00,0.1538,51.75,33.89,57.99,3.932,0.1474,0.0113,7.176,3.75,383.6,128.7,13.09,25.62,True,Normal,0,val
PUMP_01,2026-05-04 10:00:00,0.1989,50.44,34.47,56.79,3.981,0.1569,0.0233,7.178,3.67,382.0,135.8,13.0,25.58,True,Normal,0,val
PUMP_01,2026-05-04 11:00:00,0.1784,51.75,33.99,57.64,4.121,0.1604,0.025,7.3,4.52,382.0,144.1,15.55,25.54,True,Normal,0,val
PUMP_01,2026-05-04 12:00:00,0.1284,47.78,34.01,56.48,4.044,0.1605,0.0248,7.25,4.54,378.9,151.0,14.63,25.5,True,Normal,0,val
PUMP_01,2026-05-04 13:00:00,0.1557,49.35,33.84,59.4,3.987,0.1603,0.0249,7.247,4.21,378.1,138.1,14.32,25.46,True,Normal,0,val
PUMP_01,2026-05-04 14:00:00,0.157,51.07,34.84,59.86,3.918,0.162,0.024,7.187,3.82,379.1,139.0,13.12,25.42,True,Normal,0,val
PUMP_01,2026-05-04 15:00:00,0.1379,50.51,34.0,57.51,3.943,0.1594,0.0259,7.186,3.9,383.6,138.5,13.35,25.38,True,Normal,0,val
PUMP_01,2026-05-04 16:00:00,0.144,48.71,35.18,57.22,4.001,0.1502,0.0175,7.127,3.68,384.2,140.7,12.29,25.33,True,Normal,0,val
PUMP_01,2026-05-04 17:00:00,0.1445,51.4,34.16,59.27,4.022,0.1446,0.0108,7.239,3.6,375.0,131.7,13.64,25.29,True,Normal,0,val
PUMP_01,2026-05-04 18:00:00,0.1198,49.2,34.01,59.46,4.045,0.1431,0.0136,7.225,3.58,383.8,123.6,13.76,25.25,True,Normal,0,val
PUMP_01,2026-05-04 19:00:00,0.1249,48.83,33.91,56.66,4.031,0.138,0.0137,7.264,3.75,376.7,122.9,14.22,25.21,True,Normal,0,val
PUMP_01,2026-05-04 20:00:00,0.1439,50.73,34.34,57.82,3.97,0.1358,0.0108,7.189,3.59,382.3,117.4,13.14,25.17,True,Normal,0,val
PUMP_01,2026-05-04 21:00:00,0.1444,50.01,33.65,57.93,3.959,0.1369,0.0114,7.193,3.37,379.0,107.4,12.91,25.12,True,Normal,0,val
PUMP_01,2026-05-04 22:00:00,0.1344,49.22,34.09,57.08,4.164,0.1353,0.0109,7.209,4.09,387.8,99.1,14.02,25.08,True,Normal,0,val
PUMP_01,2026-05-04 23:00:00,0.1355,49.16,34.0,58.46,3.955,0.1338,0.0099,7.245,4.09,377.9,99.4,14.19,25.04,True,Normal,0,val
PUMP_01,2026-05-05 00:00:00,0.1487,48.4,34.2,57.16,3.897,0.1386,0.0087,7.126,4.68,380.9,94.9,12.84,25.0,True,Normal,0,val
PUMP_01,2026-05-05 01:00:00,0.1659,49.41,34.21,57.35,3.869,0.1455,0.0114,7.237,3.73,383.0,94.0,14.03,24.96,True,Normal,0,val
PUMP_01,2026-05-05 02:00:00,0.1539,51.65,34.24,57.88,3.972,0.1471,0.0119,7.199,4.12,375.6,93.8,13.38,24.92,True,Normal,0,val
PUMP_01,2026-05-05 03:00:00,0.1814,50.37,34.06,56.21,4.075,0.1533,0.0181,7.147,4.13,379.6,102.0,12.73,24.88,True,Normal,0,val
PUMP_01,2026-05-05 04:00:00,0.1482,51.44,34.94,55.53,3.954,0.1556,0.016,7.096,3.9,378.7,103.3,11.71,24.83,True,Normal,0,val
PUMP_01,2026-05-05 05:00:00,0.1626,50.77,34.25,59.1,4.118,0.1601,0.0127,7.193,4.3,377.4,111.6,13.49,24.79,True,Normal,0,val
PUMP_01,2026-05-05 06:00:00,0.1547,49.08,35.56,57.11,3.999,0.1611,0.0118,7.272,4.31,377.8,118.9,14.78,24.75,True,Normal,0,val
PUMP_01,2026-05-05 07:00:00,0.1685,47.53,34.03,60.56,4.089,0.1616,0.0121,7.284,4.13,385.6,121.8,15.16,24.71,True,Normal,0,val
PUMP_01,2026-05-05 08:00:00,0.1469,48.61,34.58,60.37,3.939,0.1604,0.0132,7.218,3.9,377.0,124.4,13.59,24.67,True,Normal,0,val
PUMP_01,2026-05-05 09:00:00,0.186,48.99,33.56,57.39,3.941,0.1611,0.0147,7.298,3.86,382.8,136.7,15.09,24.62,True,Normal,0,val
PUMP_01,2026-05-05 10:00:00,0.1296,48.88,34.84,60.81,4.007,0.158,0.0193,7.198,3.45,381.6,139.5,13.15,24.58,True,Normal,0,val
PUMP_01,2026-05-05 11:00:00,0.1783,51.47,33.58,59.13,4.039,0.1607,0.021,7.248,3.68,373.0,152.1,13.75,24.54,True,Normal,0,val
PUMP_01,2026-05-05 12:00:00,0.1513,51.46,34.27,57.23,3.986,0.1601,0.0212,7.155,4.53,382.6,145.4,13.26,24.5,True,Normal,0,val
PUMP_01,2026-05-05 13:00:00,0.1557,53.32,33.84,54.9,4.023,0.158,0.0209,7.129,5.13,372.9,147.8,12.86,24.46,True,Normal,0,val
PUMP_01,2026-05-05 14:00:00,0.165,48.85,34.27,58.83,4.047,0.161,0.0202,7.102,6.41,383.1,145.3,13.75,24.42,True,Normal,0,val
PUMP_01,2026-05-05 15:00:00,0.1558,52.4,33.86,58.04,3.886,0.156,0.0161,7.033,6.71,377.5,141.3,12.62,24.38,True,Normal,0,val
PUMP_01,2026-05-05 16:00:00,0.1304,52.39,33.53,58.52,3.973,0.1561,0.0158,7.201,5.87,380.0,136.6,14.82,24.33,True,Normal,0,val
PUMP_01,2026-05-05 17:00:00,0.1493,49.65,33.84,57.73,3.959,0.1512,0.0116,7.104,6.34,373.5,133.7,13.34,24.29,True,Normal,0,val
PUMP_01,2026-05-05 18:00:00,0.168,50.71,34.92,56.63,3.962,0.154,0.0134,7.118,5.04,386.1,128.6,13.18,24.25,True,Normal,0,val
PUMP_01,2026-05-05 19:00:00,0.127,51.86,34.28,57.49,4.033,0.1492,0.0173,7.122,4.53,395.9,124.6,13.29,24.21,True,Normal,0,val
PUMP_01,2026-05-05 20:00:00,0.1731,49.91,33.23,58.85,3.96,0.1506,0.019,7.19,3.72,391.9,114.8,13.64,24.17,True,Normal,0,val
PUMP_01,2026-05-05 21:00:00,0.1487,49.8,34.66,57.57,3.84,0.1494,0.0188,7.288,4.24,392.9,105.6,15.62,24.12,True,Normal,0,val
PUMP_01,2026-05-05 22:00:00,0.1385,49.06,33.47,57.57,3.981,0.1508,0.0174,7.305,3.73,398.2,101.0,15.74,24.08,True,Normal,0,val
PUMP_01,2026-05-05 23:00:00,0.134,46.46,34.45,56.18,3.915,0.1482,0.0187,7.117,4.4,398.3,93.1,13.22,24.04,True,Normal,0,val
PUMP_01,2026-05-06 00:00:00,0.1467,50.11,34.33,58.11,4.04,0.1447,0.0161,7.182,3.9,378.2,102.5,13.07,24.0,True,Normal,0,val
PUMP_01,2026-05-06 01:00:00,0.1233,48.94,34.37,56.67,4.064,0.144,0.0169,7.148,3.74,394.7,92.8,13.1,23.96,True,Normal,0,val
PUMP_01,2026-05-06 02:00:00,0.1488,48.39,35.11,59.1,3.826,0.14,0.0102,7.249,3.5,382.6,99.7,14.05,23.92,True,Normal,0,val
PUMP_01,2026-05-06 03:00:00,0.1531,50.63,33.5,57.12,3.938,0.1407,0.011,7.214,4.1,383.5,99.5,13.95,23.88,True,Normal,0,val
PUMP_01,2026-05-06 04:00:00,0.1425,47.82,34.37,57.65,4.028,0.1414,0.011,7.168,4.36,379.3,103.5,13.21,23.83,True,Normal,0,val
PUMP_01,2026-05-06 05:00:00,0.1709,51.21,34.76,60.6,3.887,0.1475,0.0154,7.199,4.28,370.7,107.0,13.29,23.79,True,Normal,0,val
PUMP_01,2026-05-06 06:00:00,0.1567,50.73,33.61,57.63,4.063,0.1492,0.0159,7.163,5.36,383.4,110.4,14.0,23.75,True,Normal,0,val
PUMP_01,2026-05-06 07:00:00,0.1501,49.4,33.55,57.47,4.084,0.1537,0.0097,7.256,5.45,377.2,116.1,15.29,23.71,True,Normal,0,val
PUMP_01,2026-05-06 08:00:00,0.1538,49.91,33.83,58.7,3.987,0.1545,0.0094,7.194,5.05,382.7,133.4,14.25,23.67,True,Normal,0,val
PUMP_01,2026-05-06 09:00:00,0.1624,48.21,34.19,55.86,3.938,0.1561,0.0099,7.2,5.04,378.9,133.0,14.19,23.62,True,Normal,0,val
PUMP_01,2026-05-06 10:00:00,0.1561,51.13,33.15,59.5,3.815,0.1583,0.0074,7.033,5.36,381.2,142.2,11.83,23.58,True,Normal,0,val
PUMP_01,2026-05-06 11:00:00,0.1421,50.28,34.33,59.19,4.065,0.1535,0.0069,7.168,4.66,377.4,147.2,13.34,23.54,True,Normal,0,val
PUMP_01,2026-05-06 12:00:00,0.1519,50.39,33.15,58.63,4.16,0.1527,0.0067,7.284,5.17,387.7,142.5,15.98,23.5,True,Normal,0,val
PUMP_01,2026-05-06 13:00:00,0.1467,50.75,34.78,53.95,4.144,0.1522,0.0071,7.258,4.44,380.3,146.7,14.75,23.46,True,Normal,0,val
PUMP_01,2026-05-06 14:00:00,0.1279,49.04,34.31,57.69,3.984,0.1478,0.0121,7.108,4.1,399.6,144.3,12.91,23.42,True,Normal,0,val
PUMP_01,2026-05-06 15:00:00,0.1386,47.72,35.15,56.47,3.913,0.1439,0.0101,7.184,4.27,399.6,137.0,14.26,23.38,True,Normal,0,val
PUMP_01,2026-05-06 16:00:00,0.15,51.44,34.4,59.35,4.067,0.1429,0.0088,7.14,4.69,396.5,136.9,13.71,23.33,True,Normal,0,val
PUMP_01,2026-05-06 17:00:00,0.1489,51.03,33.82,59.26,3.99,0.144,0.0091,7.286,4.07,393.5,134.9,15.48,23.29,True,Normal,0,val
PUMP_01,2026-05-06 18:00:00,0.1366,49.2,33.52,58.47,4.038,0.1414,0.0086,7.212,3.95,384.6,124.5,13.86,23.25,True,Normal,0,val
PUMP_01,2026-05-06 19:00:00,0.1505,50.61,34.14,56.56,4.024,0.1421,0.0092,7.162,4.6,387.9,118.7,13.64,23.21,True,Normal,0,val
PUMP_01,2026-05-06 20:00:00,0.1266,51.89,33.98,59.79,4.007,0.1419,0.0096,7.202,4.39,379.5,112.8,13.78,23.17,True,Normal,0,val
PUMP_01,2026-05-06 21:00:00,0.1287,51.71,34.71,57.69,4.082,0.1402,0.011,7.07,3.87,372.2,115.9,11.0,23.12,True,Normal,0,val
PUMP_01,2026-05-06 22:00:00,0.1412,49.15,33.44,60.17,4.085,0.1388,0.01,7.146,4.0,387.5,95.0,12.95,23.08,True,Normal,0,val
PUMP_01,2026-05-06 23:00:00,0.1699,47.77,35.21,58.32,3.958,0.1422,0.0161,7.202,4.08,385.6,100.4,13.82,23.04,True,Normal,0,val
PUMP_01,2026-05-07 00:00:00,0.1524,48.02,34.76,58.61,3.926,0.1449,0.0163,7.242,4.14,379.8,94.8,14.27,23.0,True,Normal,0,val
PUMP_01,2026-05-07 01:00:00,0.1485,49.53,33.88,57.45,3.8,0.1445,0.0162,7.103,3.46,373.9,92.4,11.31,22.96,True,Normal,0,val
PUMP_01,2026-05-07 02:00:00,0.1782,52.19,35.08,59.69,3.972,0.1532,0.0183,7.181,3.38,377.1,94.7,12.64,22.92,True,Normal,0,val
PUMP_01,2026-05-07 03:00:00,0.1528,48.91,33.53,58.73,3.913,0.1572,0.014,7.25,3.65,370.9,101.0,13.68,22.88,True,Normal,0,val
PUMP_01,2026-05-07 04:00:00,0.1922,49.11,34.12,59.73,4.034,0.1657,0.0174,7.127,3.61,384.7,105.2,12.27,22.83,True,Normal,0,val
PUMP_01,2026-05-07 05:00:00,0.152,49.07,33.23,58.21,3.973,0.1627,0.0181,7.211,3.74,372.0,108.2,13.17,22.79,True,Normal,0,val
PUMP_01,2026-05-07 06:00:00,0.1448,49.2,35.11,57.94,3.982,0.1614,0.0192,7.203,4.25,381.4,117.9,13.79,22.75,True,Normal,0,val
PUMP_01,2026-05-07 07:00:00,0.1572,49.98,33.01,58.71,4.065,0.1629,0.0183,7.286,3.93,375.8,125.1,14.65,22.71,True,Normal,0,val
PUMP_01,2026-05-07 08:00:00,0.1549,48.08,33.14,59.73,4.032,0.159,0.0168,7.188,4.08,372.9,129.7,13.07,22.67,True,Normal,0,val
PUMP_01,2026-05-07 09:00:00,0.145,51.63,33.62,59.22,3.991,0.1577,0.0177,7.191,3.51,381.2,130.3,13.07,22.62,True,Normal,0,val
PUMP_01,2026-05-07 10:00:00,0.194,49.78,34.79,58.17,4.135,0.158,0.0184,7.243,3.82,378.3,139.7,13.99,22.58,True,Normal,0,val
PUMP_01,2026-05-07 11:00:00,0.1574,53.72,34.57,55.77,4.059,0.1589,0.0181,7.134,4.23,384.2,143.6,12.78,22.54,True,Normal,0,val
PUMP_01,2026-05-07 12:00:00,0.157,48.24,34.07,58.97,3.967,0.1609,0.0169,7.189,4.24,373.7,140.9,13.23,22.5,True,Normal,0,val
PUMP_01,2026-05-07 13:00:00,0.1405,52.38,34.61,56.27,3.97,0.1581,0.0189,7.177,3.71,376.2,138.7,12.77,22.46,True,Normal,0,val
PUMP_01,2026-05-07 14:00:00,0.1363,52.09,33.93,58.04,4.063,0.155,0.0209,7.193,4.06,368.1,136.1,12.94,22.42,True,Normal,0,val
PUMP_01,2026-05-07 15:00:00,0.1583,49.38,34.25,57.86,4.016,0.1572,0.0204,7.242,4.88,369.1,141.9,14.34,22.38,True,Normal,0,val
PUMP_01,2026-05-07 16:00:00,0.1162,49.41,34.99,56.3,3.91,0.1443,0.0167,7.228,3.99,389.0,138.9,14.31,22.33,True,Normal,0,val
PUMP_01,2026-05-07 17:00:00,0.1232,48.62,33.85,58.45,4.072,0.1386,0.0172,7.163,3.72,390.4,127.8,13.14,22.29,True,Normal,0,val
PUMP_01,2026-05-07 18:00:00,0.1363,48.64,33.54,60.59,4.101,0.1351,0.0146,7.207,3.93,380.5,130.7,13.58,22.25,True,Normal,0,val
PUMP_01,2026-05-07 19:00:00,0.1606,50.0,34.28,57.62,4.095,0.1385,0.018,7.275,4.04,375.9,120.6,14.55,22.21,True,Normal,0,val
PUMP_01,2026-05-07 20:00:00,0.1357,50.03,34.44,58.92,4.123,0.1384,0.018,7.158,3.94,378.5,118.9,12.73,22.17,True,Normal,0,val
PUMP_01,2026-05-07 21:00:00,0.1492,47.6,34.07,60.83,4.166,0.1369,0.0163,7.207,3.99,384.4,109.0,13.79,22.12,True,Normal,0,val
PUMP_01,2026-05-07 22:00:00,0.1454,53.44,34.6,59.04,4.138,0.1417,0.0129,7.19,3.42,377.4,98.1,12.83,22.08,True,Normal,0,val
PUMP_01,2026-05-07 23:00:00,0.1669,49.61,33.88,57.23,4.027,0.149,0.0127,7.197,3.61,381.2,100.2,13.23,22.04,True,Normal,0,val
PUMP_01,2026-05-08 00:00:00,0.1262,50.1,34.08,58.28,3.983,0.1473,0.0152,7.118,3.94,379.9,98.5,12.15,22.0,True,Normal,0,val
PUMP_01,2026-05-08 01:00:00,0.1636,49.06,34.22,58.58,3.854,0.1478,0.0157,7.271,3.93,377.2,92.8,14.46,21.96,True,Normal,0,val
PUMP_01,2026-05-08 02:00:00,0.152,49.6,34.17,59.72,4.001,0.1506,0.0146,7.161,3.77,377.4,90.1,12.61,21.92,True,Normal,0,val
PUMP_01,2026-05-08 03:00:00,0.1709,49.46,34.97,59.46,4.042,0.1542,0.0167,7.251,3.93,381.5,98.8,14.33,21.88,True,Normal,0,val
PUMP_01,2026-05-08 04:00:00,0.1464,50.0,34.22,54.68,4.003,0.1543,0.0166,7.169,4.02,375.1,98.3,12.82,21.83,True,Normal,0,val
PUMP_01,2026-05-08 05:00:00,0.16,49.98,33.82,56.97,3.849,0.1532,0.0158,7.169,4.36,382.3,112.0,13.34,21.79,True,Normal,0,val
PUMP_01,2026-05-08 06:00:00,0.1585,51.21,34.32,57.92,3.977,0.1586,0.0086,7.261,3.96,377.6,111.9,14.34,21.75,True,Normal,0,val
PUMP_01,2026-05-08 07:00:00,0.1446,50.34,34.61,56.78,4.052,0.1554,0.0098,7.25,4.16,380.6,126.9,14.43,21.71,True,Normal,0,val
PUMP_01,2026-05-08 08:00:00,0.1395,51.06,34.46,53.56,3.918,0.1533,0.0118,7.21,3.78,386.9,118.0,13.8,21.67,True,Normal,0,val
PUMP_01,2026-05-08 09:00:00,0.1484,49.99,34.43,57.13,4.013,0.1496,0.0081,7.238,4.23,379.2,133.0,14.23,21.62,True,Normal,0,val
PUMP_01,2026-05-08 10:00:00,0.1569,50.35,33.1,58.0,4.035,0.1513,0.0084,7.186,4.15,384.6,143.4,13.57,21.58,True,Normal,0,val
PUMP_01,2026-05-08 11:00:00,0.1412,49.64,32.5,57.37,4.089,0.1482,0.008,7.2,4.35,371.0,138.1,13.36,21.54,True,Normal,0,val
PUMP_01,2026-05-08 12:00:00,0.145,51.5,34.77,56.8,4.137,0.1459,0.0062,7.167,4.29,377.6,143.5,13.07,21.5,True,Normal,0,val
PUMP_01,2026-05-08 13:00:00,0.1191,50.48,34.26,58.05,3.97,0.1417,0.0127,7.245,4.24,380.1,143.4,14.39,21.46,True,Normal,0,val
PUMP_01,2026-05-08 14:00:00,0.1394,49.76,33.99,58.41,4.015,0.1417,0.0127,7.165,3.96,389.6,141.4,13.32,21.42,True,Normal,0,val
PUMP_01,2026-05-08 15:00:00,0.1583,49.72,34.42,57.44,4.017,0.1433,0.0143,7.274,4.1,370.2,142.6,14.35,21.38,True,Normal,0,val
PUMP_01,2026-05-08 16:00:00,0.1519,49.84,35.16,59.65,4.052,0.1425,0.0134,7.184,4.43,379.5,132.5,13.53,21.33,True,Normal,0,val
PUMP_01,2026-05-08 17:00:00,0.139,50.05,34.85,58.07,4.043,0.1421,0.0135,7.201,3.74,387.3,132.1,13.64,21.29,True,Normal,0,val
PUMP_01,2026-05-08 18:00:00,0.1437,49.92,34.58,56.95,4.114,0.1419,0.0135,7.238,3.75,376.1,128.5,13.77,21.25,True,Normal,0,val
PUMP_01,2026-05-08 19:00:00,0.1279,49.16,33.47,56.65,3.813,0.1434,0.0107,7.201,4.07,378.9,119.1,13.53,21.21,True,Normal,0,val
PUMP_01,2026-05-08 20:00:00,0.1657,51.15,33.55,57.74,4.033,0.1478,0.0137,7.185,4.17,381.7,109.5,13.45,21.17,True,Normal,0,val
PUMP_01,2026-05-08 21:00:00,0.1739,51.24,32.57,59.34,4.039,0.1503,0.0171,7.198,3.67,380.9,111.6,13.28,21.12,True,Normal,0,val
PUMP_01,2026-05-08 22:00:00,0.1475,52.68,34.38,57.01,3.981,0.1496,0.0172,7.245,3.97,387.8,105.2,14.52,21.08,True,Normal,0,val
PUMP_01,2026-05-08 23:00:00,0.1863,49.09,34.67,58.72,3.819,0.1575,0.0216,7.167,3.96,382.2,94.2,13.04,21.04,True,Normal,0,val
PUMP_01,2026-05-09 00:00:00,0.1398,51.0,34.71,58.11,3.995,0.1568,0.0221,7.194,3.11,386.6,90.7,13.06,21.0,True,Normal,0,val
PUMP_01,2026-05-09 01:00:00,0.1338,47.14,34.41,60.39,3.943,0.1578,0.0207,7.201,3.91,378.2,91.2,13.37,20.96,True,Normal,0,val
PUMP_01,2026-05-09 02:00:00,0.1444,51.24,33.91,58.47,4.134,0.1543,0.0209,7.243,3.94,376.3,98.0,13.99,20.92,True,Normal,0,val
PUMP_01,2026-05-09 03:00:00,0.1538,47.82,33.66,57.16,4.03,0.1509,0.0186,7.195,3.94,378.9,99.5,13.33,20.88,True,Normal,0,val
PUMP_01,2026-05-09 04:00:00,0.1933,48.52,33.5,58.88,3.936,0.1586,0.0252,7.29,4.57,374.2,105.5,15.1,20.83,True,Normal,0,val
PUMP_01,2026-05-09 05:00:00,0.1554,50.5,33.9,58.92,3.836,0.1534,0.0212,7.192,3.51,382.4,106.2,13.14,20.79,True,Normal,0,val
PUMP_01,2026-05-09 06:00:00,0.1471,49.07,33.41,57.52,4.047,0.1546,0.0205,7.092,7.04,378.1,109.8,13.82,20.75,True,Normal,0,val
PUMP_01,2026-05-09 07:00:00,0.1462,48.86,35.05,56.6,4.056,0.1567,0.0185,7.013,9.19,376.6,123.7,14.01,20.71,True,Normal,0,val
PUMP_01,2026-05-09 08:00:00,0.1758,49.27,33.22,58.64,3.983,0.1619,0.0187,6.85,13.74,382.5,124.3,19.61,20.67,True,Normal,0,val
PUMP_01,2026-05-09 09:00:00,0.172,51.09,33.88,58.08,4.048,0.165,0.0186,6.788,16.44,374.3,133.2,22.16,20.62,True,Normal,0,val
PUMP_01,2026-05-09 10:00:00,0.1477,48.6,32.84,56.18,3.972,0.1574,0.0133,6.768,18.0,383.9,131.5,23.98,20.58,True,Normal,0,val
PUMP_01,2026-05-09 11:00:00,0.1245,49.92,34.18,58.31,4.085,0.1522,0.019,6.851,18.65,377.6,139.4,22.84,20.54,True,Normal,0,val
PUMP_01,2026-05-09 12:00:00,0.1331,49.43,34.0,57.24,4.079,0.1499,0.0205,6.889,15.18,409.9,148.2,21.15,20.5,True,Normal,0,val
PUMP_01,2026-05-09 13:00:00,0.1732,51.23,33.79,56.18,3.869,0.1544,0.0224,6.948,12.0,422.5,142.1,18.51,20.46,True,Normal,0,val
PUMP_01,2026-05-09 14:00:00,0.1553,51.27,33.44,57.58,3.888,0.151,0.0199,7.139,8.13,454.1,147.4,18.5,20.42,True,Normal,0,val
PUMP_01,2026-05-09 15:00:00,0.1439,47.25,34.0,59.54,4.163,0.1463,0.0171,7.232,6.01,470.9,132.3,19.21,20.38,True,Normal,0,val
PUMP_01,2026-05-09 16:00:00,0.1694,51.57,33.67,59.45,4.075,0.1499,0.0196,7.263,3.99,485.2,135.4,18.88,20.33,True,Normal,0,val
PUMP_01,2026-05-09 17:00:00,0.1697,49.08,33.92,59.14,3.899,0.1574,0.0163,7.157,3.67,482.0,131.8,16.84,20.29,True,Normal,0,val
PUMP_01,2026-05-09 18:00:00,0.1395,50.35,35.17,58.32,3.874,0.1585,0.0145,7.175,3.31,449.1,133.4,15.5,20.25,True,Normal,0,val
PUMP_01,2026-05-09 19:00:00,0.1401,48.59,34.1,58.71,4.017,0.153,0.014,7.291,3.82,442.0,115.3,17.41,20.21,True,Normal,0,val
PUMP_01,2026-05-09 20:00:00,0.1326,50.56,34.32,58.12,3.909,0.1492,0.0162,7.212,4.3,410.1,116.2,15.16,20.17,True,Normal,0,val
PUMP_01,2026-05-09 21:00:00,0.1387,53.83,33.72,56.67,3.975,0.1483,0.0167,7.187,4.91,395.4,111.7,14.56,20.12,True,Normal,0,val
PUMP_01,2026-05-09 22:00:00,0.1227,50.19,33.53,56.91,3.996,0.1406,0.0157,7.236,4.02,383.5,99.4,14.24,20.08,True,Normal,0,val
PUMP_01,2026-05-09 23:00:00,0.1251,49.31,33.99,57.27,3.993,0.1331,0.0077,7.25,3.69,376.1,96.9,13.93,20.04,True,Normal,0,val
PUMP_01,2026-05-10 00:00:00,0.1242,49.65,35.5,59.68,4.09,0.1306,0.0077,7.171,3.53,375.4,96.4,12.52,20.0,True,Normal,0,val
PUMP_01,2026-05-10 01:00:00,0.1689,47.8,33.83,59.29,4.147,0.1354,0.0175,7.207,4.36,383.3,89.1,14.0,19.96,True,Normal,0,val
PUMP_01,2026-05-10 02:00:00,0.1316,52.17,34.22,56.7,3.962,0.1352,0.0176,7.238,3.57,378.5,94.0,13.75,19.92,True,Normal,0,val
PUMP_01,2026-05-10 03:00:00,0.1863,50.47,33.5,58.06,3.91,0.1431,0.0274,7.128,4.71,384.7,103.5,13.04,19.88,True,Normal,0,val
PUMP_01,2026-05-10 04:00:00,0.1477,48.43,32.35,57.52,4.031,0.1473,0.0255,7.184,4.92,379.1,104.4,13.85,19.83,True,Normal,0,val
PUMP_01,2026-05-10 05:00:00,0.1857,48.48,33.53,57.81,4.131,0.1574,0.0269,7.124,4.88,385.1,106.9,13.11,19.79,True,Normal,0,val
PUMP_01,2026-05-10 06:00:00,0.1545,50.02,35.43,57.36,3.968,0.1624,0.0218,7.126,4.8,382.1,114.0,12.95,19.75,True,Normal,0,val
PUMP_01,2026-05-10 07:00:00,0.1362,51.4,34.36,59.69,4.068,0.157,0.0239,7.151,4.97,382.5,122.3,13.49,19.71,True,Normal,0,val
PUMP_01,2026-05-10 08:00:00,0.1779,48.27,34.98,57.98,3.933,0.1647,0.0214,7.206,4.68,380.1,129.6,14.08,19.67,True,Normal,0,val
PUMP_01,2026-05-10 09:00:00,0.1781,51.67,33.79,58.26,4.002,0.1634,0.0199,7.173,4.08,384.7,130.3,13.31,19.62,True,Normal,0,val
PUMP_01,2026-05-10 10:00:00,0.1414,49.86,32.59,58.27,3.907,0.1623,0.0211,7.159,5.03,390.2,143.8,14.0,19.58,True,Normal,0,val
PUMP_01,2026-05-10 11:00:00,0.1476,48.6,33.33,56.77,4.001,0.156,0.0181,7.197,4.04,384.8,146.9,13.68,19.54,True,Normal,0,val
PUMP_01,2026-05-10 12:00:00,0.1364,49.3,34.24,58.13,3.991,0.1529,0.0199,7.143,4.31,389.0,146.9,13.17,19.5,True,Normal,0,val
PUMP_01,2026-05-10 13:00:00,0.1456,52.62,34.14,59.27,4.049,0.1545,0.0186,7.221,3.03,385.5,141.6,13.4,19.46,True,Normal,0,val
PUMP_01,2026-05-10 14:00:00,0.1466,47.92,33.99,59.77,4.142,0.1493,0.0147,7.257,4.51,385.0,140.1,14.97,19.42,True,Normal,0,val
PUMP_01,2026-05-10 15:00:00,0.1377,48.9,33.68,56.62,3.969,0.1425,0.0048,7.196,4.59,391.4,140.3,14.32,19.38,True,Normal,0,val
PUMP_01,2026-05-10 16:00:00,0.1141,51.43,34.56,56.18,3.84,0.138,0.0126,7.19,4.01,388.1,137.9,13.68,19.33,True,Normal,0,val
PUMP_01,2026-05-10 17:00:00,0.1316,50.32,33.7,58.07,3.984,0.1353,0.0119,7.219,4.22,381.7,125.4,14.03,19.29,True,Normal,0,val
PUMP_01,2026-05-10 18:00:00,0.1506,48.81,34.18,59.33,4.024,0.1377,0.0134,7.099,4.22,381.1,128.4,12.08,19.25,True,Normal,0,val
PUMP_01,2026-05-10 19:00:00,0.1372,51.45,34.12,58.43,4.016,0.1363,0.0129,7.227,3.74,376.5,125.1,13.6,19.21,True,Normal,0,val
PUMP_01,2026-05-10 20:00:00,0.1364,51.52,33.78,58.82,3.987,0.1346,0.0119,7.355,4.22,379.1,115.8,16.1,19.17,True,Normal,0,val
PUMP_01,2026-05-10 21:00:00,0.129,50.5,33.47,56.37,4.119,0.1332,0.0119,7.194,3.68,381.5,104.8,13.24,19.12,True,Normal,0,val
PUMP_01,2026-05-10 22:00:00,0.1358,49.08,33.74,57.31,4.011,0.1368,0.0075,7.194,3.76,384.3,99.1,13.41,19.08,True,Normal,0,val
PUMP_01,2026-05-10 23:00:00,0.1685,49.31,35.12,55.36,3.992,0.1429,0.0144,7.237,4.45,383.7,99.5,14.57,19.04,True,Normal,0,val
PUMP_01,2026-05-11 00:00:00,0.1329,50.43,34.67,57.83,3.938,0.14,0.0143,7.282,4.39,374.5,95.2,14.86,19.0,True,Normal,0,val
PUMP_01,2026-05-11 01:00:00,0.1634,48.03,34.61,55.4,3.86,0.1443,0.017,7.249,3.72,384.9,96.8,14.29,18.96,True,Normal,0,val
PUMP_01,2026-05-11 02:00:00,0.1557,51.99,33.53,59.6,4.026,0.1475,0.017,7.092,3.71,379.6,98.3,11.55,18.92,True,Normal,0,val
PUMP_01,2026-05-11 03:00:00,0.1607,52.55,33.14,59.87,4.02,0.1528,0.0149,7.228,3.74,375.1,102.7,13.56,18.88,True,Normal,0,val
PUMP_01,2026-05-11 04:00:00,0.1477,49.65,34.66,58.17,3.915,0.1548,0.0129,7.329,4.29,386.7,97.8,16.04,18.83,True,Normal,0,val
PUMP_01,2026-05-11 05:00:00,0.1544,50.53,34.54,56.18,3.996,0.1525,0.011,7.231,3.6,387.3,108.4,14.02,18.79,True,Normal,0,val
PUMP_01,2026-05-11 06:00:00,0.1599,51.78,34.08,58.45,3.988,0.157,0.0056,7.142,4.14,381.3,112.1,12.73,18.75,True,Normal,0,val
PUMP_01,2026-05-11 07:00:00,0.1518,52.93,33.78,60.23,3.95,0.155,0.0049,7.214,4.3,383.5,119.6,14.08,18.71,True,Normal,0,val
PUMP_01,2026-05-11 08:00:00,0.1636,52.34,33.12,58.57,3.937,0.1564,0.0061,7.136,3.96,383.8,129.9,12.61,18.67,True,Normal,0,val
PUMP_01,2026-05-11 09:00:00,0.1639,47.4,34.52,59.42,4.032,0.1569,0.0066,7.262,4.4,387.0,136.4,15.06,18.62,True,Normal,0,val
PUMP_01,2026-05-11 10:00:00,0.1876,49.53,34.71,57.42,3.982,0.1635,0.0128,7.152,3.88,383.6,143.3,12.8,18.58,True,Normal,0,val
PUMP_01,2026-05-11 11:00:00,0.1568,50.75,33.59,56.95,3.953,0.1639,0.0124,7.204,3.91,373.4,143.4,13.22,18.54,True,Normal,0,val
PUMP_01,2026-05-11 12:00:00,0.1213,49.26,33.54,57.91,3.931,0.1575,0.0216,7.157,3.61,390.0,143.7,12.96,18.5,True,Normal,0,val
PUMP_01,2026-05-11 13:00:00,0.1649,52.67,34.74,55.69,3.99,0.1597,0.0215,7.173,4.41,385.3,144.0,13.57,18.46,True,Normal,0,val
PUMP_01,2026-05-11 14:00:00,0.1419,52.44,33.61,60.72,4.074,0.1561,0.0226,7.274,3.69,377.5,137.2,14.37,18.42,True,Normal,0,val
PUMP_01,2026-05-11 15:00:00,0.1731,48.78,35.07,58.17,4.017,0.1576,0.0235,7.205,4.14,374.9,147.0,13.47,18.38,True,Normal,0,val
PUMP_01,2026-05-11 16:00:00,0.1634,49.76,33.93,59.04,3.981,0.1536,0.0189,7.172,3.97,382.5,136.4,13.14,18.33,True,Normal,0,val
PUMP_01,2026-05-11 17:00:00,0.1328,48.88,33.77,57.45,4.025,0.1496,0.0206,7.143,3.58,378.6,134.5,12.23,18.29,True,Normal,0,val
PUMP_01,2026-05-11 18:00:00,0.1508,49.71,34.03,56.15,4.109,0.1545,0.0153,7.106,3.76,381.6,129.2,11.9,18.25,True,Normal,0,val
PUMP_01,2026-05-11 19:00:00,0.1314,49.66,33.77,59.71,4.039,0.1489,0.0168,7.137,4.55,383.7,115.0,13.04,18.21,True,Normal,0,val
PUMP_01,2026-05-11 20:00:00,0.1414,51.43,34.68,56.65,4.021,0.1488,0.0169,7.206,4.08,377.2,109.8,13.53,18.17,True,Normal,0,val
PUMP_01,2026-05-11 21:00:00,0.1531,48.67,34.53,58.42,4.051,0.1455,0.0125,7.249,3.6,374.4,113.7,13.77,18.12,True,Normal,0,val
PUMP_01,2026-05-11 22:00:00,0.1617,46.07,34.65,58.53,3.987,0.1452,0.012,7.172,4.12,381.9,103.5,13.22,18.08,True,Normal,0,val
PUMP_01,2026-05-11 23:00:00,0.1608,47.59,34.11,58.09,4.015,0.1499,0.0117,7.279,3.94,377.3,96.0,14.6,18.04,True,Normal,0,val
PUMP_01,2026-05-12 00:00:00,0.1511,48.46,33.73,57.06,3.961,0.1499,0.0117,7.164,5.38,380.7,95.3,13.92,18.0,True,Normal,0,val
PUMP_01,2026-05-12 01:00:00,0.1898,49.02,33.99,57.82,3.876,0.1596,0.0165,7.188,4.11,373.3,99.3,13.11,17.96,True,Normal,0,val
PUMP_01,2026-05-12 02:00:00,0.1495,50.28,33.74,56.86,4.027,0.161,0.015,7.146,3.85,378.7,99.6,12.48,17.92,True,Normal,0,val
PUMP_01,2026-05-12 03:00:00,0.133,48.38,34.88,58.97,4.028,0.1576,0.0189,7.25,4.57,383.6,92.5,14.84,17.88,True,Normal,0,val
PUMP_01,2026-05-12 04:00:00,0.1374,48.18,34.6,58.69,3.977,0.1536,0.0204,7.305,3.26,383.0,108.9,14.79,17.83,True,Normal,0,val
PUMP_01,2026-05-12 05:00:00,0.1818,48.61,33.95,57.97,4.083,0.1571,0.0234,7.112,4.04,376.1,111.4,11.95,17.79,True,Normal,0,val
PUMP_01,2026-05-12 06:00:00,0.1589,48.33,33.44,57.32,3.942,0.1584,0.0232,7.183,4.8,374.2,112.9,13.54,17.75,True,Normal,0,val
PUMP_01,2026-05-12 07:00:00,0.162,49.17,34.92,60.53,3.858,0.1538,0.0179,7.263,3.95,380.1,115.2,14.48,17.71,True,Normal,0,val
PUMP_01,2026-05-12 08:00:00,0.1505,49.1,34.08,56.44,3.944,0.1539,0.0178,7.128,3.31,382.8,130.7,11.97,17.67,True,Normal,0,val
PUMP_01,2026-05-12 09:00:00,0.1503,51.03,33.92,56.15,3.877,0.1568,0.0149,7.228,3.84,382.0,134.4,13.93,17.62,True,Normal,0,val
PUMP_01,2026-05-12 10:00:00,0.1432,48.52,34.93,57.9,4.027,0.1578,0.0135,7.261,4.58,377.4,131.8,14.78,17.58,True,Normal,0,val
PUMP_01,2026-05-12 11:00:00,0.1597,49.46,33.69,57.69,3.94,0.1541,0.0073,7.204,4.15,381.5,140.7,13.73,17.54,True,Normal,0,val
PUMP_01,2026-05-12 12:00:00,0.1485,49.18,33.81,59.32,4.079,0.1524,0.0071,7.228,3.66,387.5,156.7,14.02,17.5,True,Normal,0,val
PUMP_01,2026-05-12 13:00:00,0.1539,51.21,33.86,58.78,4.077,0.151,0.0055,7.288,3.73,381.0,145.1,14.76,17.46,True,Normal,0,val
PUMP_01,2026-05-12 14:00:00,0.1501,49.77,33.21,58.04,3.926,0.151,0.0055,7.297,3.78,371.8,141.2,14.56,17.42,True,Normal,0,val
PUMP_01,2026-05-12 15:00:00,0.1365,51.58,34.19,58.6,3.935,0.1487,0.0081,7.197,4.14,381.0,137.6,13.59,17.38,True,Normal,0,val
PUMP_01,2026-05-12 16:00:00,0.1195,48.27,33.54,58.58,4.043,0.1447,0.0145,7.173,4.54,390.2,144.8,13.87,17.33,True,Normal,0,val
PUMP_01,2026-05-12 17:00:00,0.1172,49.93,33.66,60.52,4.078,0.1376,0.016,7.154,4.42,373.6,135.9,12.79,17.29,True,Normal,0,val
PUMP_01,2026-05-12 18:00:00,0.1854,49.14,33.58,58.3,3.839,0.1438,0.0254,7.249,4.18,380.1,132.1,14.42,17.25,True,Normal,0,val
PUMP_01,2026-05-12 19:00:00,0.1625,48.16,33.65,57.18,4.023,0.1452,0.0263,7.131,3.47,378.9,121.0,11.98,17.21,True,Normal,0,val
PUMP_01,2026-05-12 20:00:00,0.1614,49.9,33.5,58.24,3.824,0.1471,0.0271,7.187,3.47,380.5,118.5,12.95,17.17,True,Normal,0,val
PUMP_01,2026-05-12 21:00:00,0.1328,52.6,34.15,54.86,3.956,0.1465,0.0274,7.205,4.21,381.0,104.1,13.77,17.12,True,Normal,0,val
PUMP_01,2026-05-12 22:00:00,0.1451,48.72,33.91,57.96,4.087,0.1507,0.0242,7.175,3.46,385.7,103.0,12.96,17.08,True,Normal,0,val
PUMP_01,2026-05-12 23:00:00,0.1352,49.81,34.03,59.31,4.241,0.1537,0.02,7.214,3.91,380.4,99.5,13.68,17.04,True,Normal,0,val
PUMP_01,2026-05-13 00:00:00,0.1303,48.03,35.41,58.72,3.981,0.1445,0.0144,7.328,4.12,386.4,101.4,15.9,17.0,True,Normal,0,val
PUMP_01,2026-05-13 01:00:00,0.1438,47.81,33.91,58.36,3.9,0.1414,0.0114,7.194,3.54,379.4,96.3,13.06,16.96,True,Normal,0,val
PUMP_01,2026-05-13 02:00:00,0.1749,48.82,34.36,58.78,3.959,0.1437,0.0164,7.178,3.59,378.2,93.3,12.79,16.92,True,Normal,0,val
PUMP_01,2026-05-13 03:00:00,0.1697,49.33,34.43,59.32,4.005,0.1498,0.0183,7.25,3.98,376.7,98.6,14.15,16.88,True,Normal,0,val
PUMP_01,2026-05-13 04:00:00,0.1441,49.39,33.96,59.71,3.946,0.1497,0.0184,7.211,4.25,370.9,95.6,13.46,16.83,True,Normal,0,val
PUMP_01,2026-05-13 05:00:00,0.1549,49.66,34.16,58.54,3.926,0.153,0.017,7.271,4.48,381.4,98.2,15.02,16.79,True,Normal,0,val
PUMP_01,2026-05-13 06:00:00,0.1712,47.53,34.01,57.62,3.966,0.1598,0.014,7.207,4.29,390.3,116.9,14.24,16.75,True,Normal,0,val
PUMP_01,2026-05-13 07:00:00,0.1511,49.06,34.12,55.22,4.032,0.161,0.0126,7.186,4.08,382.3,118.5,13.43,16.71,True,Normal,0,val
PUMP_01,2026-05-13 08:00:00,0.1599,50.75,33.65,59.17,3.986,0.1585,0.0106,7.109,3.75,383.4,125.4,12.02,16.67,True,Normal,0,val
PUMP_01,2026-05-13 09:00:00,0.1631,47.96,33.7,58.62,3.929,0.1574,0.0095,7.118,3.6,378.1,135.8,11.83,16.62,True,Normal,0,val
PUMP_01,2026-05-13 10:00:00,0.1609,49.47,34.01,58.18,3.946,0.1602,0.0069,7.108,3.8,379.1,143.3,11.85,16.58,True,Normal,0,val
PUMP_01,2026-05-13 11:00:00,0.1564,50.44,32.82,57.17,3.967,0.1604,0.0067,7.219,4.16,385.3,143.8,14.14,16.54,True,Normal,0,val
PUMP_01,2026-05-13 12:00:00,0.1402,48.83,34.9,59.16,3.92,0.1553,0.0085,7.132,4.13,390.4,151.9,12.94,16.5,True,Normal,0,val
PUMP_01,2026-05-13 13:00:00,0.1391,50.51,35.3,57.69,3.943,0.1533,0.0108,7.263,3.16,387.8,147.0,14.24,16.46,True,Normal,0,val
PUMP_01,2026-05-13 14:00:00,0.128,47.72,34.1,57.96,4.051,0.148,0.0142,7.202,3.69,384.4,145.4,13.49,16.42,True,Normal,0,val
PUMP_01,2026-05-13 15:00:00,0.1195,51.33,34.4,57.93,3.982,0.1407,0.0159,7.188,4.48,380.4,142.6,13.66,16.38,True,Normal,0,val
PUMP_01,2026-05-13 16:00:00,0.1396,50.55,34.65,58.54,3.86,0.1371,0.0125,7.158,4.03,381.1,132.5,12.89,16.33,True,Normal,0,val
PUMP_01,2026-05-13 17:00:00,0.1526,50.08,33.21,56.62,4.082,0.1365,0.0114,7.231,3.43,376.2,136.3,13.44,16.29,True,Normal,0,val
PUMP_01,2026-05-13 18:00:00,0.1193,51.69,34.56,58.68,4.033,0.133,0.0131,7.16,4.94,372.8,116.7,13.21,16.25,True,Normal,0,val
PUMP_01,2026-05-13 19:00:00,0.1444,49.51,33.74,57.13,3.889,0.1339,0.0138,7.151,3.99,374.4,117.7,12.47,16.21,True,Normal,0,val
PUMP_01,2026-05-13 20:00:00,0.1531,49.07,35.37,57.18,3.971,0.1381,0.0153,7.259,4.15,380.2,113.6,14.57,16.17,True,Normal,0,val
PUMP_01,2026-05-13 21:00:00,0.1154,52.06,33.89,59.06,3.937,0.1374,0.0164,7.218,4.16,378.5,104.3,13.83,16.12,True,Normal,0,val
PUMP_01,2026-05-13 22:00:00,0.1409,52.76,34.54,56.81,4.054,0.1376,0.0164,7.188,3.85,372.7,100.5,12.9,16.08,True,Normal,0,val
PUMP_01,2026-05-13 23:00:00,0.1721,48.96,33.89,59.06,3.97,0.1409,0.0212,7.232,3.71,379.8,105.7,13.8,16.04,True,Normal,0,val
PUMP_01,2026-05-14 00:00:00,0.1583,49.83,35.32,58.12,3.994,0.1474,0.0192,7.2,4.85,378.4,100.3,14.03,16.0,True,Normal,0,val
PUMP_01,2026-05-14 01:00:00,0.1245,51.57,33.69,56.02,3.985,0.144,0.0214,7.219,4.4,374.1,92.3,13.84,15.96,True,Normal,0,val
PUMP_01,2026-05-14 02:00:00,0.1649,49.88,34.7,59.64,3.882,0.146,0.0229,7.159,4.33,378.1,94.0,13.0,15.92,True,Normal,0,val
PUMP_01,2026-05-14 03:00:00,0.1459,50.89,34.38,58.37,4.112,0.1511,0.0174,7.304,4.23,378.4,93.2,15.25,15.88,True,Normal,0,val
PUMP_01,2026-05-14 04:00:00,0.169,51.17,34.24,58.47,4.053,0.1558,0.0179,7.171,3.6,376.9,105.1,12.63,15.83,True,Normal,0,val
PUMP_01,2026-05-14 05:00:00,0.1493,49.16,34.14,59.21,3.94,0.152,0.0161,7.278,4.51,384.6,106.5,15.3,15.79,True,Normal,0,val
PUMP_01,2026-05-14 06:00:00,0.1592,50.63,33.6,59.8,4.015,0.1521,0.0162,7.191,3.66,370.5,105.7,12.72,15.75,True,Normal,0,val
PUMP_01,2026-05-14 07:00:00,0.1516,49.99,32.45,58.24,4.078,0.1566,0.0092,7.24,4.11,370.1,120.4,13.81,15.71,True,Normal,0,val
PUMP_01,2026-05-14 08:00:00,0.1587,48.17,34.64,58.74,4.004,0.1556,0.0084,7.237,3.34,380.0,128.2,13.63,15.67,True,Normal,0,val
PUMP_01,2026-05-14 09:00:00,0.1486,48.52,33.71,58.45,4.125,0.1561,0.0078,7.257,3.18,380.5,136.4,13.87,15.62,True,Normal,0,val
PUMP_01,2026-05-14 10:00:00,0.1516,49.02,34.7,57.59,4.233,0.1532,0.0046,7.158,4.13,382.0,137.4,13.0,15.58,True,Normal,0,val
PUMP_01,2026-05-14 11:00:00,0.135,51.39,34.21,56.1,3.99,0.1508,0.0088,7.254,3.68,377.3,140.2,14.02,15.54,True,Normal,0,val
PUMP_01,2026-05-14 12:00:00,0.1574,51.44,34.72,58.26,3.953,0.1505,0.0085,7.292,3.2,375.4,152.1,14.23,15.5,True,Normal,0,val
PUMP_01,2026-05-14 13:00:00,0.15,51.12,34.48,59.65,3.921,0.1502,0.0085,7.187,4.22,380.0,145.0,13.44,15.46,True,Normal,0,val
PUMP_01,2026-05-14 14:00:00,0.1208,50.66,32.52,58.7,3.823,0.1439,0.0135,7.202,4.85,377.8,147.0,14.03,15.42,True,Normal,0,val
PUMP_01,2026-05-14 15:00:00,0.1578,50.62,34.37,56.72,4.1,0.1454,0.0146,7.174,4.56,387.8,139.5,13.79,15.38,True,Normal,0,val
PUMP_01,2026-05-14 16:00:00,0.1387,50.42,33.79,59.32,3.972,0.1433,0.0145,7.183,3.9,378.4,140.4,13.08,15.33,True,Normal,0,val
PUMP_01,2026-05-14 17:00:00,0.1428,50.61,34.7,57.63,4.07,0.1446,0.0139,7.286,4.0,379.7,126.7,14.86,15.29,True,Normal,0,val
PUMP_01,2026-05-14 18:00:00,0.1515,50.71,34.35,55.49,4.086,0.1436,0.013,7.15,4.36,392.4,124.6,13.46,15.25,True,Normal,0,val
PUMP_01,2026-05-14 19:00:00,0.1453,47.89,34.36,59.22,3.914,0.1428,0.0127,7.153,4.45,379.0,115.2,13.02,15.21,True,Normal,0,val
PUMP_01,2026-05-14 20:00:00,0.1588,48.81,33.84,56.87,3.926,0.1492,0.0082,7.281,3.86,382.8,111.1,14.81,15.17,True,Normal,0,val
PUMP_01,2026-05-14 21:00:00,0.1385,48.46,33.45,60.14,4.14,0.1459,0.0079,7.231,4.01,383.2,112.5,14.14,15.12,True,Normal,0,val
PUMP_01,2026-05-14 22:00:00,0.1605,51.66,33.74,59.38,3.994,0.1496,0.0089,7.306,4.12,383.7,99.9,15.43,15.08,True,Normal,0,val
PUMP_01,2026-05-14 23:00:00,0.1493,52.48,32.92,57.73,3.947,0.1506,0.0083,7.177,4.22,381.4,101.2,13.36,15.04,True,Normal,0,val
PUMP_01,2026-05-15 00:00:00,0.1576,46.75,33.65,58.55,3.916,0.1517,0.0088,7.206,3.95,381.0,101.9,13.6,15.0,True,Normal,0,val
PUMP_01,2026-05-15 01:00:00,0.1586,52.35,33.12,60.91,3.989,0.1539,0.0085,7.167,3.95,380.5,94.9,12.96,14.96,True,Normal,0,val
PUMP_01,2026-05-15 02:00:00,0.1736,50.13,33.14,59.2,4.121,0.1564,0.0117,7.207,4.55,377.1,99.8,13.88,14.92,True,Normal,0,val
PUMP_01,2026-05-15 03:00:00,0.1679,51.52,34.07,58.29,4.055,0.1612,0.0085,7.111,4.48,381.6,100.5,12.49,14.88,True,Normal,0,val
PUMP_01,2026-05-15 04:00:00,0.152,50.76,34.32,61.47,4.015,0.1598,0.0093,7.234,4.19,390.1,102.8,14.6,14.83,True,Normal,0,val
PUMP_01,2026-05-15 05:00:00,0.15,52.16,33.98,58.14,4.127,0.1599,0.0092,7.216,4.69,386.1,110.5,14.49,14.79,True,Normal,0,val
PUMP_01,2026-05-15 06:00:00,0.1593,50.31,33.7,58.7,4.112,0.1602,0.0091,7.197,3.85,381.5,120.9,13.41,14.75,True,Normal,0,val
PUMP_01,2026-05-15 07:00:00,0.1483,47.95,33.43,56.88,4.027,0.1585,0.0103,7.18,4.65,384.3,117.5,13.82,14.71,True,Normal,0,val
PUMP_01,2026-05-15 08:00:00,0.1429,49.84,33.81,55.99,4.222,0.1534,0.0089,7.155,4.22,375.7,122.6,12.76,14.67,True,Normal,0,val
PUMP_01,2026-05-15 09:00:00,0.1252,50.77,33.51,57.65,3.98,0.1463,0.0116,7.236,5.31,378.7,128.4,14.94,14.62,True,Normal,0,val
PUMP_01,2026-05-15 10:00:00,0.1318,49.68,33.96,58.05,4.088,0.1429,0.0125,7.141,3.52,384.7,141.7,12.43,14.58,True,Normal,0,val
PUMP_01,2026-05-15 11:00:00,0.1824,50.99,33.09,58.4,3.969,0.1483,0.0206,7.226,3.72,387.4,146.2,14.03,14.54,True,Normal,0,val
PUMP_01,2026-05-15 12:00:00,0.1402,49.9,34.42,56.3,4.072,0.1451,0.02,7.304,4.17,376.1,142.0,15.12,14.5,True,Normal,0,val
PUMP_01,2026-05-15 13:00:00,0.176,49.11,33.66,58.79,3.98,0.1498,0.0237,7.274,4.16,377.6,136.5,14.7,14.46,True,Normal,0,val
PUMP_01,2026-05-15 14:00:00,0.151,48.37,34.23,57.0,4.037,0.1511,0.0235,7.125,4.78,390.9,141.4,13.3,14.42,True,Normal,0,val
PUMP_01,2026-05-15 15:00:00,0.1422,49.41,34.53,58.73,4.191,0.1539,0.0206,7.173,3.73,380.5,143.8,12.9,14.38,True,Normal,0,val
PUMP_01,2026-05-15 16:00:00,0.1188,50.31,34.2,59.12,4.076,0.1518,0.0238,7.221,4.36,389.1,137.4,14.47,14.33,True,Normal,0,val
PUMP_01,2026-05-15 17:00:00,0.1404,47.06,34.48,57.53,4.038,0.1448,0.0186,7.196,4.46,381.0,133.2,13.81,14.29,True,Normal,0,val
PUMP_01,2026-05-15 18:00:00,0.1684,48.83,32.76,56.84,3.938,0.1495,0.0207,7.13,4.28,381.2,124.4,12.63,14.25,True,Normal,0,val
PUMP_01,2026-05-15 19:00:00,0.1637,47.0,33.7,59.85,4.015,0.1474,0.018,7.219,3.62,378.5,124.1,13.48,14.21,True,Normal,0,val
PUMP_01,2026-05-15 20:00:00,0.1455,49.07,34.66,59.05,3.919,0.1465,0.0179,7.199,4.56,384.7,114.9,14.08,14.17,True,Normal,0,val
PUMP_01,2026-05-15 21:00:00,0.1257,51.8,34.31,58.18,4.071,0.1438,0.0198,7.296,4.49,386.8,109.8,15.66,14.12,True,Normal,0,val
PUMP_01,2026-05-15 22:00:00,0.1306,48.22,35.11,59.76,4.069,0.1457,0.0173,7.187,4.24,374.8,103.0,13.25,14.08,True,Normal,0,val
PUMP_01,2026-05-15 23:00:00,0.1346,51.05,35.02,58.1,3.986,0.1448,0.0178,7.258,4.08,378.2,100.4,14.42,14.04,True,Normal,0,val
PUMP_01,2026-05-16 00:00:00,0.1692,54.27,34.18,57.26,4.133,0.1449,0.018,7.137,4.09,384.6,97.7,12.74,14.0,True,Normal,0,val
PUMP_01,2026-05-16 01:00:00,0.1771,52.18,33.85,56.8,4.122,0.1471,0.0213,7.149,3.97,379.4,91.3,12.63,13.96,True,Normal,0,val
PUMP_01,2026-05-16 02:00:00,0.1579,50.2,33.42,57.87,4.012,0.1492,0.0218,7.236,4.26,377.5,97.3,14.15,13.92,True,Normal,0,val
PUMP_01,2026-05-16 03:00:00,0.1525,51.29,33.71,58.93,4.045,0.1536,0.0185,7.254,4.01,385.0,101.5,14.59,13.88,True,Normal,0,val
PUMP_01,2026-05-16 04:00:00,0.1819,47.95,33.76,59.67,3.953,0.1622,0.0175,7.152,3.66,385.5,106.9,12.73,13.83,True,Normal,0,val
PUMP_01,2026-05-16 05:00:00,0.145,47.64,33.64,58.03,3.978,0.1639,0.0145,7.201,3.58,377.8,109.2,13.13,13.79,True,Normal,0,val
PUMP_01,2026-05-16 06:00:00,0.1608,50.04,33.45,59.46,3.914,0.1625,0.0143,7.131,3.7,381.1,109.7,12.23,13.75,True,Normal,0,val
PUMP_01,2026-05-16 07:00:00,0.1666,50.6,34.24,57.74,3.962,0.1608,0.0127,7.191,4.09,374.0,116.8,13.17,13.71,True,Normal,0,val
PUMP_01,2026-05-16 08:00:00,0.1457,51.64,35.02,57.06,3.992,0.1588,0.0141,7.242,3.99,375.5,124.7,13.98,13.67,True,Normal,0,val
PUMP_01,2026-05-16 09:00:00,0.1475,49.15,34.56,56.43,3.867,0.1579,0.0147,7.178,4.09,380.6,133.3,13.24,13.62,True,Normal,0,val
PUMP_01,2026-05-16 10:00:00,0.1443,50.29,33.81,57.39,4.046,0.1516,0.0096,7.188,4.2,380.2,137.2,13.45,13.58,True,Normal,0,val
PUMP_01,2026-05-16 11:00:00,0.1738,50.24,34.61,56.48,4.082,0.1564,0.0124,7.144,3.75,375.2,137.2,12.22,13.54,True,Normal,0,val
PUMP_01,2026-05-16 12:00:00,0.1787,49.8,34.21,60.41,3.999,0.1594,0.0154,7.168,4.59,376.4,139.6,13.24,13.5,True,Normal,0,test
PUMP_01,2026-05-16 13:00:00,0.1491,49.89,33.98,58.53,3.784,0.1565,0.0154,7.288,3.89,374.7,136.6,14.61,13.46,True,Normal,0,test
PUMP_01,2026-05-16 14:00:00,0.141,48.72,33.94,57.89,3.98,0.1557,0.0162,7.204,3.83,382.3,131.7,13.53,13.42,True,Normal,0,test
PUMP_01,2026-05-16 15:00:00,0.1339,50.42,33.88,60.07,3.889,0.1535,0.0184,7.15,4.19,370.2,141.1,12.42,13.38,True,Normal,0,test
PUMP_01,2026-05-16 16:00:00,0.1414,50.29,34.39,56.44,3.951,0.153,0.0187,7.184,3.27,374.9,147.0,12.52,13.33,True,Normal,0,test
PUMP_01,2026-05-16 17:00:00,0.1321,49.34,34.08,57.84,4.116,0.146,0.0171,7.12,3.68,370.7,139.7,11.61,13.29,True,Normal,0,test
PUMP_01,2026-05-16 18:00:00,0.1385,51.0,33.56,60.4,3.805,0.1393,0.0061,7.149,4.39,382.1,122.6,13.05,13.25,True,Normal,0,test
PUMP_01,2026-05-16 19:00:00,0.1465,51.54,33.53,57.83,3.935,0.1389,0.0053,7.268,3.31,371.0,120.6,13.73,13.21,True,Normal,0,test
PUMP_01,2026-05-16 20:00:00,0.1353,51.02,34.18,60.94,4.066,0.138,0.0053,7.193,4.45,380.2,107.7,13.71,13.17,True,Normal,0,test
PUMP_01,2026-05-16 21:00:00,0.1401,48.44,34.26,58.94,3.944,0.139,0.005,7.295,4.6,388.2,102.3,15.78,13.12,True,Normal,0,test
PUMP_01,2026-05-16 22:00:00,0.1422,50.15,33.81,59.57,3.938,0.1391,0.0051,7.195,3.85,388.4,97.5,13.67,13.08,True,Normal,0,test
PUMP_01,2026-05-16 23:00:00,0.1426,48.63,33.32,59.6,4.163,0.1409,0.0038,7.198,4.12,371.0,97.4,13.18,13.04,True,Normal,0,test
PUMP_01,2026-05-17 00:00:00,0.1434,50.14,34.75,58.0,4.03,0.1417,0.0038,7.192,5.86,381.5,95.1,14.73,13.0,True,Normal,0,test
PUMP_01,2026-05-17 01:00:00,0.164,48.64,34.62,57.41,4.075,0.1446,0.0099,6.959,7.59,375.1,96.0,13.27,12.96,True,Normal,0,test
PUMP_01,2026-05-17 02:00:00,0.1284,51.92,32.81,57.86,4.04,0.1434,0.0115,7.045,10.12,374.0,98.5,15.06,12.92,True,Normal,0,test
PUMP_01,2026-05-17 03:00:00,0.1807,51.17,34.8,56.82,4.013,0.1502,0.0188,6.972,11.62,379.4,97.0,16.06,12.88,True,Normal,0,test
PUMP_01,2026-05-17 04:00:00,0.1607,51.73,33.87,57.92,4.101,0.1533,0.0187,6.962,14.74,386.1,102.5,18.69,12.83,True,Normal,0,test
PUMP_01,2026-05-17 05:00:00,0.1688,51.58,34.11,57.99,4.152,0.1577,0.0188,6.936,14.62,383.0,103.1,18.88,12.79,True,Normal,0,test
PUMP_01,2026-05-17 06:00:00,0.1709,49.59,34.68,60.03,3.865,0.1622,0.0179,6.871,13.66,386.5,108.2,19.4,12.75,True,Normal,0,test
PUMP_01,2026-05-17 07:00:00,0.149,49.36,34.99,58.71,3.997,0.1598,0.0187,7.058,11.62,410.5,114.0,17.83,12.71,True,Normal,0,test
PUMP_01,2026-05-17 08:00:00,0.1449,52.61,34.6,60.84,3.997,0.1625,0.0137,7.039,9.09,410.0,129.1,15.74,12.67,True,Normal,0,test
PUMP_01,2026-05-17 09:00:00,0.1416,49.75,34.14,55.41,3.966,0.156,0.0125,7.068,6.54,432.6,131.1,15.35,12.62,True,Normal,0,test
PUMP_01,2026-05-17 10:00:00,0.1513,47.97,33.17,56.54,4.078,0.1544,0.0124,7.21,3.57,454.0,130.2,16.44,12.58,True,Normal,0,test
PUMP_01,2026-05-17 11:00:00,0.1631,51.51,32.78,57.57,4.021,0.1535,0.0113,7.19,4.16,458.5,141.4,16.72,12.54,True,Normal,0,test
PUMP_01,2026-05-17 12:00:00,0.1412,50.22,34.53,59.79,4.154,0.1485,0.0082,7.277,4.74,447.0,139.2,18.04,12.5,True,Normal,0,test
PUMP_01,2026-05-17 13:00:00,0.1565,52.26,34.81,57.87,4.088,0.1498,0.0088,7.217,4.16,430.4,151.6,15.98,12.46,True,Normal,0,test
PUMP_01,2026-05-17 14:00:00,0.1095,50.36,33.51,56.24,4.109,0.1439,0.0189,7.21,3.85,416.0,141.8,15.06,12.42,True,Normal,0,test
PUMP_01,2026-05-17 15:00:00,0.1371,49.97,33.84,57.71,3.904,0.1431,0.0191,7.245,4.31,401.9,144.4,15.35,12.38,True,Normal,0,test
PUMP_01,2026-05-17 16:00:00,0.1588,52.29,33.67,56.56,3.936,0.1444,0.0199,7.255,3.9,382.7,142.0,14.42,12.33,True,Normal,0,test
PUMP_01,2026-05-17 17:00:00,0.1378,47.69,33.65,56.33,3.942,0.1402,0.0177,7.239,3.85,380.7,128.7,14.05,12.29,True,Normal,0,test
PUMP_01,2026-05-17 18:00:00,0.1276,49.12,34.64,60.4,4.106,0.1379,0.0184,7.271,3.62,378.6,126.8,14.31,12.25,True,Normal,0,test
PUMP_01,2026-05-17 19:00:00,0.1305,48.67,34.13,57.58,3.923,0.1336,0.0161,7.23,4.56,382.0,122.2,14.47,12.21,True,Normal,0,test
PUMP_01,2026-05-17 20:00:00,0.0959,46.71,33.86,58.21,3.925,0.1313,0.0205,7.208,2.98,384.1,114.0,13.1,12.17,True,Normal,0,test
PUMP_01,2026-05-17 21:00:00,0.1278,51.31,35.59,57.89,3.91,0.1297,0.0203,7.262,4.32,377.2,108.9,14.6,12.12,True,Normal,0,test
PUMP_01,2026-05-17 22:00:00,0.1609,49.16,33.14,57.7,4.22,0.1301,0.0209,7.195,3.81,379.7,97.0,13.29,12.08,True,Normal,0,test
PUMP_01,2026-05-17 23:00:00,0.1387,51.36,34.33,56.99,3.989,0.1302,0.021,7.202,3.84,385.8,100.6,13.65,12.04,True,Normal,0,test
PUMP_01,2026-05-18 00:00:00,0.143,50.58,33.37,57.63,4.042,0.1328,0.0215,7.286,4.68,374.5,93.9,15.12,12.0,True,Normal,0,test
PUMP_01,2026-05-18 01:00:00,0.1176,50.91,33.91,58.4,3.909,0.1306,0.0224,7.281,3.71,389.0,96.4,14.97,11.96,True,Normal,0,test
PUMP_01,2026-05-18 02:00:00,0.1305,49.32,34.09,59.7,4.077,0.1364,0.0149,7.2,3.73,373.3,99.5,13.02,11.92,True,Normal,0,test
PUMP_01,2026-05-18 03:00:00,0.1749,48.85,34.51,59.14,3.858,0.1443,0.0207,7.177,3.95,378.3,101.0,13.03,11.88,True,Normal,0,test
PUMP_01,2026-05-18 04:00:00,0.1679,50.13,33.84,56.54,3.922,0.1454,0.022,7.273,4.17,375.2,103.7,14.59,11.83,True,Normal,0,test
PUMP_01,2026-05-18 05:00:00,0.1402,51.38,33.78,59.19,3.941,0.1457,0.0219,7.24,3.82,390.9,110.1,14.47,11.79,True,Normal,0,test
PUMP_01,2026-05-18 06:00:00,0.1505,49.92,33.83,58.57,4.018,0.1469,0.022,7.216,3.37,377.5,116.3,13.21,11.75,True,Normal,0,test
PUMP_01,2026-05-18 07:00:00,0.1592,48.95,33.35,57.25,3.937,0.1539,0.0168,7.184,3.65,377.5,126.0,12.9,11.71,True,Normal,0,test
PUMP_01,2026-05-18 08:00:00,0.1407,48.2,34.38,58.22,4.122,0.1556,0.0143,7.217,4.51,378.1,126.3,14.05,11.67,True,Normal,0,test
PUMP_01,2026-05-18 09:00:00,0.127,50.31,34.17,58.69,4.04,0.1476,0.0147,7.199,4.03,380.5,133.2,13.52,11.62,True,Normal,0,test
PUMP_01,2026-05-18 10:00:00,0.1526,49.17,34.26,58.06,3.945,0.145,0.0114,7.167,4.18,378.4,141.4,13.03,11.58,True,Normal,0,test
PUMP_01,2026-05-18 11:00:00,0.1612,49.89,33.96,58.58,4.08,0.1485,0.0128,7.206,3.9,379.3,139.7,13.5,11.54,True,Normal,0,test
PUMP_01,2026-05-18 12:00:00,0.1589,49.64,33.88,56.96,3.969,0.1499,0.0135,7.213,3.74,362.4,138.8,12.79,11.5,True,Normal,0,test
PUMP_01,2026-05-18 13:00:00,0.1605,49.33,34.71,60.39,3.953,0.1502,0.0137,7.181,4.67,380.3,147.0,13.68,11.46,True,Normal,0,test
PUMP_01,2026-05-18 14:00:00,0.1217,50.44,34.61,55.68,4.072,0.147,0.0179,7.245,3.92,380.1,143.3,14.17,11.42,True,Normal,0,test
PUMP_01,2026-05-18 15:00:00,0.1438,50.83,34.85,58.69,3.804,0.1498,0.0152,7.264,3.82,385.2,136.8,14.62,11.38,True,Normal,0,test
PUMP_01,2026-05-18 16:00:00,0.1373,52.95,34.22,58.44,4.059,0.1472,0.0159,7.248,4.44,386.5,139.7,14.86,11.33,True,Normal,0,test
PUMP_01,2026-05-18 17:00:00,0.139,51.14,34.81,58.77,3.943,0.1435,0.0146,7.186,3.71,379.1,138.2,13.04,11.29,True,Normal,0,test
PUMP_01,2026-05-18 18:00:00,0.1368,52.39,33.75,57.15,3.943,0.1398,0.0126,7.238,3.76,384.1,120.0,14.11,11.25,True,Normal,0,test
PUMP_01,2026-05-18 19:00:00,0.1304,48.77,33.88,59.4,4.157,0.1348,0.0077,7.204,4.0,374.5,124.1,13.34,11.21,True,Normal,0,test
PUMP_01,2026-05-18 20:00:00,0.0961,47.6,34.72,57.87,3.958,0.1306,0.0174,7.138,4.0,383.8,103.4,12.67,11.17,True,Normal,0,test
PUMP_01,2026-05-18 21:00:00,0.1604,49.98,34.51,56.58,4.076,0.1333,0.0209,7.234,4.1,377.1,105.9,13.99,11.12,True,Normal,0,test
PUMP_01,2026-05-18 22:00:00,0.1499,51.29,33.83,56.69,4.022,0.1354,0.022,7.207,4.84,374.1,109.7,13.96,11.08,True,Normal,0,test
PUMP_01,2026-05-18 23:00:00,0.1251,51.05,33.37,58.15,4.031,0.1331,0.0223,7.33,4.13,379.1,97.0,15.63,11.04,True,Normal,0,test
PUMP_01,2026-05-19 00:00:00,0.1571,51.82,33.88,56.08,3.98,0.1365,0.0244,7.273,3.05,387.0,96.2,14.29,11.0,True,Normal,0,test
PUMP_01,2026-05-19 01:00:00,0.1459,46.2,33.59,60.16,3.976,0.1391,0.0244,7.236,4.13,380.9,98.1,14.2,10.96,True,Normal,0,test
PUMP_01,2026-05-19 02:00:00,0.1487,51.88,35.03,59.26,4.122,0.1478,0.0124,7.212,4.02,387.5,89.0,14.02,10.92,True,Normal,0,test
PUMP_01,2026-05-19 03:00:00,0.1455,50.5,34.46,60.19,4.074,0.1454,0.0108,7.208,4.02,376.3,98.6,13.49,10.88,True,Normal,0,test
PUMP_01,2026-05-19 04:00:00,0.1667,47.68,33.54,60.07,3.96,0.1482,0.0139,7.15,4.1,385.2,102.6,12.98,10.83,True,Normal,0,test
PUMP_01,2026-05-19 05:00:00,0.1477,51.09,33.37,57.58,3.916,0.1519,0.0084,7.113,3.99,376.7,114.9,11.96,10.79,True,Normal,0,test
PUMP_01,2026-05-19 06:00:00,0.1435,50.25,33.53,56.96,3.953,0.1497,0.0085,7.156,3.98,381.1,108.6,12.83,10.75,True,Normal,0,test
PUMP_01,2026-05-19 07:00:00,0.1766,50.57,33.66,54.79,4.079,0.1548,0.0136,7.198,4.25,381.1,118.5,13.68,10.71,True,Normal,0,test
PUMP_01,2026-05-19 08:00:00,0.156,51.5,33.9,57.51,4.094,0.156,0.0132,7.095,3.78,383.3,122.8,11.8,10.67,True,Normal,0,test
PUMP_01,2026-05-19 09:00:00,0.1549,50.65,34.67,60.12,4.044,0.1576,0.0123,7.173,3.62,381.3,128.4,12.85,10.62,True,Normal,0,test
PUMP_01,2026-05-19 10:00:00,0.1654,47.79,33.42,57.01,3.871,0.1574,0.0121,7.188,5.21,376.3,142.2,13.99,10.58,True,Normal,0,test
PUMP_01,2026-05-19 11:00:00,0.1426,49.79,35.37,57.75,4.06,0.1565,0.013,7.189,3.71,384.4,141.8,13.31,10.54,True,Normal,0,test
PUMP_01,2026-05-19 12:00:00,0.143,47.57,33.43,57.33,4.104,0.1564,0.0131,7.167,4.04,388.7,141.9,13.36,10.5,True,Normal,0,test
PUMP_01,2026-05-19 13:00:00,0.152,50.97,33.15,58.45,4.014,0.1523,0.0086,7.183,3.4,377.1,142.9,12.69,10.46,True,Normal,0,test
PUMP_01,2026-05-19 14:00:00,0.1219,52.1,35.01,59.54,4.158,0.1466,0.0148,7.286,4.05,370.8,141.9,14.53,10.42,True,Normal,0,test
PUMP_01,2026-05-19 15:00:00,0.1462,48.14,34.79,56.15,3.894,0.1452,0.0142,7.233,3.63,382.5,139.8,13.87,10.38,True,Normal,0,test
PUMP_01,2026-05-19 16:00:00,0.13,48.99,33.89,56.38,4.055,0.1393,0.0112,7.172,3.82,378.3,132.6,12.86,10.33,True,Normal,0,test
PUMP_01,2026-05-19 17:00:00,0.1532,48.68,34.23,59.78,3.918,0.141,0.0125,7.197,4.42,379.3,131.5,13.71,10.29,True,Normal,0,test
PUMP_01,2026-05-19 18:00:00,0.1482,49.32,34.24,58.88,4.085,0.1419,0.0129,7.199,4.19,382.8,125.0,13.73,10.25,True,Normal,0,test
PUMP_01,2026-05-19 19:00:00,0.1466,50.62,34.08,57.69,4.049,0.141,0.0122,7.162,4.23,377.7,117.0,12.95,10.21,True,Normal,0,test
PUMP_01,2026-05-19 20:00:00,0.1172,49.34,33.22,60.05,4.144,0.1402,0.0137,7.162,3.29,378.7,114.1,12.33,10.17,True,Normal,0,test
PUMP_01,2026-05-19 21:00:00,0.1414,50.98,32.51,56.36,4.04,0.1394,0.0135,7.251,4.73,379.5,108.5,14.8,10.12,True,Normal,0,test
PUMP_01,2026-05-19 22:00:00,0.1273,51.6,33.49,59.12,3.968,0.139,0.0139,7.179,3.52,387.3,100.1,13.14,10.08,True,Normal,0,test
PUMP_01,2026-05-19 23:00:00,0.1469,51.65,35.09,57.92,3.961,0.1379,0.0128,7.145,4.61,380.2,97.8,13.06,10.04,True,Normal,0,test
PUMP_01,2026-05-20 00:00:00,0.1153,48.32,35.11,58.73,3.98,0.1324,0.0144,7.198,4.41,373.8,104.5,13.49,10.0,True,Normal,0,test
PUMP_01,2026-05-20 01:00:00,0.1295,52.08,33.84,55.14,3.959,0.1296,0.0127,7.206,4.23,374.0,103.5,13.51,9.96,True,Normal,0,test
PUMP_01,2026-05-20 02:00:00,0.1728,52.2,33.43,57.69,4.108,0.1389,0.02,7.101,3.66,380.7,91.6,11.71,9.92,True,Normal,0,test
PUMP_01,2026-05-20 03:00:00,0.1626,52.33,34.17,58.88,4.102,0.1424,0.0223,7.198,4.06,374.4,94.7,13.27,9.88,True,Normal,0,test
PUMP_01,2026-05-20 04:00:00,0.1534,49.76,34.26,57.92,3.88,0.1468,0.0213,7.243,3.81,372.2,98.1,13.74,9.83,True,Normal,0,test
PUMP_01,2026-05-20 05:00:00,0.146,48.87,34.36,59.51,4.003,0.1466,0.0213,7.223,4.01,383.2,111.7,14.0,9.79,True,Normal,0,test
PUMP_01,2026-05-20 06:00:00,0.1437,48.52,32.48,59.47,4.005,0.1513,0.0152,7.311,3.9,383.4,111.9,15.36,9.75,True,Normal,0,test
PUMP_01,2026-05-20 07:00:00,0.1627,48.35,35.89,56.85,3.937,0.1569,0.0112,7.263,3.18,378.2,121.0,13.85,9.71,True,Normal,0,test
PUMP_01,2026-05-20 08:00:00,0.1535,50.02,34.68,58.99,4.035,0.1536,0.008,7.272,4.45,381.5,134.5,15.03,9.67,True,Normal,0,test
PUMP_01,2026-05-20 09:00:00,0.1803,51.27,33.88,56.81,4.117,0.1566,0.0134,7.213,8.41,380.9,132.5,16.84,9.62,True,Normal,0,test
PUMP_01,2026-05-20 10:00:00,0.1522,51.96,33.57,58.06,4.071,0.1564,0.0135,6.986,12.62,383.0,140.5,16.68,9.58,True,Normal,0,test
PUMP_01,2026-05-20 11:00:00,0.1535,49.27,34.59,58.79,4.108,0.1576,0.0126,6.956,12.59,383.0,143.7,17.14,9.54,True,Normal,0,test
PUMP_01,2026-05-20 12:00:00,0.1292,49.94,34.3,57.0,3.943,0.1552,0.0166,6.997,12.96,367.0,141.8,16.08,9.5,True,Normal,0,test
PUMP_01,2026-05-20 13:00:00,0.142,49.84,34.06,58.94,4.003,0.1518,0.0169,6.92,12.45,378.8,149.2,17.44,9.46,True,Normal,0,test
PUMP_01,2026-05-20 14:00:00,0.1477,49.05,34.28,57.39,3.939,0.1508,0.0169,6.954,11.91,382.6,140.7,16.69,9.42,True,Normal,0,test
PUMP_01,2026-05-20 15:00:00,0.1373,51.1,33.93,57.3,4.019,0.1436,0.0094,7.043,8.53,409.7,147.0,15.39,9.38,True,Normal,0,test
PUMP_01,2026-05-20 16:00:00,0.1341,50.54,34.24,58.85,4.026,0.1406,0.009,7.22,4.21,443.1,135.3,16.59,9.33,True,Normal,0,test
PUMP_01,2026-05-20 17:00:00,0.1452,50.21,34.44,57.0,4.077,0.1393,0.007,7.167,3.92,446.7,130.6,15.7,9.29,True,Normal,0,test
PUMP_01,2026-05-20 18:00:00,0.1627,50.54,34.21,56.94,4.105,0.1448,0.0101,7.166,3.54,443.3,122.1,15.27,9.25,True,Normal,0,test
PUMP_01,2026-05-20 19:00:00,0.1425,50.92,34.17,59.25,4.055,0.1449,0.01,7.221,4.04,450.5,116.3,16.79,9.21,True,Normal,0,test
PUMP_01,2026-05-20 20:00:00,0.1585,50.91,34.84,58.13,3.931,0.1467,0.0115,7.193,3.41,448.6,111.8,15.84,9.17,True,Normal,0,test
PUMP_01,2026-05-20 21:00:00,0.1523,48.74,33.04,56.26,3.892,0.1492,0.0107,7.104,3.59,410.6,97.8,12.94,9.12,True,Normal,0,test
PUMP_01,2026-05-20 22:00:00,0.1613,51.34,33.52,59.03,4.042,0.1538,0.0085,7.127,3.7,379.0,101.4,12.08,9.08,True,Normal,0,test
PUMP_01,2026-05-20 23:00:00,0.1383,50.38,34.02,57.51,4.12,0.1526,0.0102,7.143,4.34,365.7,96.3,12.22,9.04,True,Normal,0,test
PUMP_01,2026-05-21 00:00:00,0.1469,49.35,33.56,56.32,3.998,0.15,0.009,7.156,3.85,378.4,99.0,12.62,9.0,True,Normal,0,test
PUMP_01,2026-05-21 01:00:00,0.1495,50.35,33.76,54.99,3.878,0.1511,0.0083,7.221,3.82,373.2,96.7,13.42,8.96,True,Normal,0,test
PUMP_01,2026-05-21 02:00:00,0.1632,50.52,34.77,59.08,4.167,0.1519,0.0093,7.211,4.78,381.1,93.0,14.27,8.92,True,Normal,0,test
PUMP_01,2026-05-21 03:00:00,0.169,51.62,33.91,56.97,4.039,0.1547,0.0116,7.253,4.14,380.8,96.5,14.48,8.88,True,Normal,0,test
PUMP_01,2026-05-21 04:00:00,0.1605,48.43,32.9,56.51,4.014,0.1546,0.0116,7.238,4.14,383.5,101.4,14.34,8.83,True,Normal,0,test
PUMP_01,2026-05-21 05:00:00,0.1728,51.99,33.75,58.77,3.907,0.1603,0.0104,7.254,3.85,387.0,113.4,14.54,8.79,True,Normal,0,test
PUMP_01,2026-05-21 06:00:00,0.1516,50.03,34.03,58.97,4.001,0.1611,0.0093,7.23,3.76,379.9,110.2,13.81,8.75,True,Normal,0,test
PUMP_01,2026-05-21 07:00:00,0.1729,49.24,34.02,57.06,4.055,0.165,0.0083,7.21,3.13,391.4,117.1,13.53,8.71,True,Normal,0,test
PUMP_01,2026-05-21 08:00:00,0.1739,49.19,34.33,59.1,4.04,0.1668,0.0089,7.255,4.39,381.2,122.0,14.7,8.67,True,Normal,0,test
PUMP_01,2026-05-21 09:00:00,0.1672,48.5,34.28,60.47,3.946,0.1665,0.0089,7.246,4.18,373.4,126.6,14.09,8.62,True,Normal,0,test
PUMP_01,2026-05-21 10:00:00,0.157,47.39,33.92,59.62,3.995,0.1659,0.0094,7.219,3.93,377.2,138.9,13.63,8.58,True,Normal,0,test
PUMP_01,2026-05-21 11:00:00,0.1633,51.02,33.28,59.43,3.951,0.1643,0.0088,7.264,3.95,378.1,142.5,14.4,8.54,True,Normal,0,test
PUMP_01,2026-05-21 12:00:00,0.1366,52.97,33.74,58.38,4.133,0.1618,0.0138,7.083,4.29,383.0,149.3,11.95,8.5,True,Normal,0,test
PUMP_01,2026-05-21 13:00:00,0.1504,47.57,33.63,57.47,4.072,0.1581,0.0133,7.185,3.38,375.3,149.2,12.63,8.46,True,Normal,0,test
PUMP_01,2026-05-21 14:00:00,0.1495,48.57,33.83,57.93,3.958,0.154,0.011,7.169,4.3,378.5,153.7,13.16,8.42,True,Normal,0,test
PUMP_01,2026-05-21 15:00:00,0.123,51.13,34.41,58.53,3.907,0.1466,0.0146,7.229,4.55,379.2,141.4,14.32,8.38,True,Normal,0,test
PUMP_01,2026-05-21 16:00:00,0.1485,49.93,34.24,56.49,4.022,0.1452,0.0138,7.243,5.94,377.8,136.6,15.46,8.33,True,Normal,0,test
PUMP_01,2026-05-21 17:00:00,0.1216,51.25,34.49,57.08,3.961,0.1383,0.0134,7.084,5.86,384.1,127.3,13.12,8.29,True,Normal,0,test
PUMP_01,2026-05-21 18:00:00,0.1336,49.85,33.77,56.29,3.967,0.1378,0.0135,7.227,4.63,383.2,129.3,14.51,8.25,True,Normal,0,test
PUMP_01,2026-05-21 19:00:00,0.1409,49.13,34.91,58.28,3.909,0.1362,0.0122,7.098,4.9,385.8,120.5,12.75,8.21,True,Normal,0,test
PUMP_01,2026-05-21 20:00:00,0.1304,49.66,34.4,58.1,3.919,0.133,0.0104,7.115,4.92,382.2,116.1,12.88,8.17,True,Normal,0,test
PUMP_01,2026-05-21 21:00:00,0.1442,46.43,34.07,57.22,4.013,0.1365,0.0099,7.174,4.31,393.2,102.9,13.85,8.12,True,Normal,0,test
PUMP_01,2026-05-21 22:00:00,0.146,48.28,34.36,58.98,3.979,0.1361,0.0093,7.176,3.75,382.0,103.7,13.02,8.08,True,Normal,0,test
PUMP_01,2026-05-21 23:00:00,0.1351,51.42,33.59,56.75,4.2,0.1384,0.0063,7.122,4.78,383.8,99.2,12.96,8.04,True,Normal,0,test
PUMP_01,2026-05-22 00:00:00,0.1585,51.79,32.73,57.17,4.048,0.1425,0.0097,7.232,4.13,384.7,96.4,14.3,8.0,True,Normal,0,test
PUMP_01,2026-05-22 01:00:00,0.1411,52.11,33.64,58.94,3.908,0.1425,0.0097,7.234,4.19,390.8,92.3,14.63,7.96,True,Normal,0,test
PUMP_01,2026-05-22 02:00:00,0.1893,50.66,34.45,59.11,3.877,0.1524,0.0197,7.253,3.72,393.0,100.6,14.69,7.92,True,Normal,0,test
PUMP_01,2026-05-22 03:00:00,0.1554,46.62,34.05,57.05,4.032,0.1542,0.0193,7.178,4.29,380.6,106.6,13.38,7.88,True,Normal,0,test
PUMP_01,2026-05-22 04:00:00,0.1411,49.05,33.92,58.28,3.968,0.1534,0.0198,7.198,3.85,379.6,97.9,13.35,7.83,True,Normal,0,test
PUMP_01,2026-05-22 05:00:00,0.1449,51.99,33.49,57.07,4.107,0.155,0.0183,7.198,3.89,378.9,110.4,13.35,7.79,True,Normal,0,test
PUMP_01,2026-05-22 06:00:00,0.1772,52.43,32.83,57.76,4.023,0.1582,0.0205,7.284,4.24,382.9,102.0,15.14,7.75,True,Normal,0,test
PUMP_01,2026-05-22 07:00:00,0.1535,52.04,34.85,58.17,3.841,0.1602,0.019,7.058,3.35,377.6,122.7,10.68,7.71,True,Normal,0,test
PUMP_01,2026-05-22 08:00:00,0.1382,49.65,33.88,58.67,3.918,0.1517,0.0142,7.152,4.64,377.3,119.0,13.07,7.67,True,Normal,0,test
PUMP_01,2026-05-22 09:00:00,0.1699,48.04,33.74,58.38,3.946,0.1541,0.0161,7.2,4.07,373.3,130.4,13.28,7.62,True,Normal,0,test
PUMP_01,2026-05-22 10:00:00,0.1488,49.94,33.6,58.33,4.035,0.1554,0.0151,7.146,4.51,377.1,132.4,12.87,7.58,True,Normal,0,test
PUMP_01,2026-05-22 11:00:00,0.1624,50.02,34.75,56.71,3.916,0.1583,0.0143,7.187,3.57,385.9,140.8,13.24,7.54,True,Normal,0,test
PUMP_01,2026-05-22 12:00:00,0.164,52.35,34.53,58.47,4.012,0.1561,0.0116,7.194,3.63,380.5,147.5,13.16,7.5,True,Normal,0,test
PUMP_01,2026-05-22 13:00:00,0.1515,50.34,33.42,58.66,3.893,0.1558,0.0117,7.167,3.54,376.3,137.6,12.49,7.46,True,Normal,0,test
PUMP_01,2026-05-22 14:00:00,0.1809,50.03,34.7,58.83,4.0,0.1629,0.0119,7.203,4.1,386.2,142.7,13.88,7.42,True,Normal,0,test
PUMP_01,2026-05-22 15:00:00,0.1171,50.11,33.91,57.14,4.03,0.1541,0.0214,7.231,4.03,377.1,139.6,13.9,7.38,True,Normal,0,test
PUMP_01,2026-05-22 16:00:00,0.1291,50.6,33.63,59.1,4.117,0.1508,0.0238,7.188,3.81,387.1,144.0,13.48,7.33,True,Normal,0,test
PUMP_01,2026-05-22 17:00:00,0.1365,50.94,33.82,56.42,4.02,0.1465,0.0236,7.177,3.59,387.0,134.2,13.15,7.29,True,Normal,0,test
PUMP_01,2026-05-22 18:00:00,0.1739,48.91,33.53,57.48,3.935,0.1482,0.0253,7.192,3.49,380.3,121.8,13.02,7.25,True,Normal,0,test
PUMP_01,2026-05-22 19:00:00,0.1673,48.41,33.21,57.67,4.119,0.1508,0.0265,7.2,3.98,372.5,118.1,13.17,7.21,True,Normal,0,test
PUMP_01,2026-05-22 20:00:00,0.1607,52.06,34.47,56.49,3.985,0.1474,0.023,7.113,3.81,391.4,119.8,12.45,7.17,True,Normal,0,test
PUMP_01,2026-05-22 21:00:00,0.131,47.54,33.87,57.65,4.062,0.1498,0.0198,7.223,3.73,381.9,110.4,13.76,7.12,True,Normal,0,test
PUMP_01,2026-05-22 22:00:00,0.1348,52.46,34.37,58.27,3.951,0.1507,0.0187,7.177,4.62,378.4,98.6,13.5,7.08,True,Normal,0,test
PUMP_01,2026-05-22 23:00:00,0.135,47.13,34.17,55.81,4.007,0.1504,0.019,7.263,3.97,384.8,97.3,14.69,7.04,True,Normal,0,test
PUMP_01,2026-05-23 00:00:00,0.1382,49.12,34.33,57.53,3.936,0.1445,0.0154,7.23,4.51,383.5,94.9,14.47,7.0,True,Normal,0,test
PUMP_01,2026-05-23 01:00:00,0.175,51.46,32.77,55.9,4.026,0.1458,0.0178,7.259,3.79,386.6,92.8,14.56,6.96,True,Normal,0,test
PUMP_01,2026-05-23 02:00:00,0.1513,50.0,33.48,60.45,4.064,0.1442,0.0166,7.149,4.1,376.7,89.0,12.62,6.92,True,Normal,0,test
PUMP_01,2026-05-23 03:00:00,0.1554,48.03,34.34,58.25,3.96,0.1483,0.0157,7.181,3.98,381.6,95.6,13.25,6.88,True,Normal,0,test
PUMP_01,2026-05-23 04:00:00,0.1703,50.64,33.24,58.15,3.956,0.1542,0.0163,7.138,3.32,374.1,107.9,11.78,6.83,True,Normal,0,test
PUMP_01,2026-05-23 05:00:00,0.1347,50.1,34.22,58.28,4.029,0.1541,0.0164,7.165,4.57,383.3,106.0,13.47,6.79,True,Normal,0,test
PUMP_01,2026-05-23 06:00:00,0.1608,49.68,33.17,58.73,3.934,0.1579,0.0144,7.263,3.95,379.9,113.1,14.46,6.75,True,Normal,0,test
PUMP_01,2026-05-23 07:00:00,0.1432,49.06,34.01,59.17,3.879,0.1526,0.0126,7.274,4.3,381.4,120.6,14.96,6.71,True,Normal,0,test
PUMP_01,2026-05-23 08:00:00,0.1542,49.95,34.97,56.12,4.028,0.1531,0.0126,7.143,3.7,379.3,135.3,12.34,6.67,True,Normal,0,test
PUMP_01,2026-05-23 09:00:00,0.1483,49.13,34.46,59.57,3.991,0.1519,0.0127,7.177,3.93,378.7,132.5,13.03,6.62,True,Normal,0,test
PUMP_01,2026-05-23 10:00:00,0.1454,53.65,32.89,59.49,3.99,0.1478,0.009,7.196,3.65,375.7,142.1,13.02,6.58,True,Normal,0,test
PUMP_01,2026-05-23 11:00:00,0.156,49.64,34.51,57.92,4.042,0.1513,0.0068,7.229,4.49,384.0,139.3,14.48,6.54,True,Normal,0,test
PUMP_01,2026-05-23 12:00:00,0.1533,49.44,35.09,57.86,4.053,0.1501,0.0052,7.112,4.12,387.4,143.1,12.49,6.5,True,Normal,0,test
PUMP_01,2026-05-23 13:00:00,0.1441,49.19,35.68,54.28,3.987,0.1502,0.005,7.12,4.15,377.2,145.1,12.2,6.46,True,Normal,0,test
PUMP_01,2026-05-23 14:00:00,0.1506,52.67,34.29,56.51,3.91,0.1496,0.0046,7.224,4.54,382.8,141.1,14.39,6.42,True,Normal,0,test
PUMP_01,2026-05-23 15:00:00,0.1299,47.54,33.18,58.62,3.949,0.1466,0.0093,7.103,4.46,382.2,140.8,12.35,6.38,True,Normal,0,test
PUMP_01,2026-05-23 16:00:00,0.1516,50.54,34.26,59.44,4.047,0.1476,0.0095,7.178,4.31,380.0,141.2,13.36,6.33,True,Normal,0,test
PUMP_01,2026-05-23 17:00:00,0.1372,49.64,34.96,58.87,4.011,0.1444,0.0093,7.208,3.43,372.4,129.3,12.91,6.29,True,Normal,0,test
PUMP_01,2026-05-23 18:00:00,0.1327,47.86,33.89,57.91,3.956,0.141,0.0092,7.221,3.72,373.5,126.5,13.37,6.25,True,Normal,0,test
PUMP_01,2026-05-23 19:00:00,0.1284,48.77,34.63,60.31,3.937,0.1384,0.0103,7.193,3.6,376.1,122.8,12.94,6.21,True,Normal,0,test
PUMP_01,2026-05-23 20:00:00,0.1377,50.48,33.5,59.21,4.049,0.1362,0.0084,7.182,4.29,369.3,110.2,12.97,6.17,True,Normal,0,test
PUMP_01,2026-05-23 21:00:00,0.171,48.7,34.22,57.53,3.982,0.1431,0.0157,7.242,4.07,387.0,111.9,14.52,6.12,True,Normal,0,test
PUMP_01,2026-05-23 22:00:00,0.1441,50.39,32.51,60.62,4.06,0.1418,0.0152,7.214,3.44,381.8,102.6,13.42,6.08,True,Normal,0,test
PUMP_01,2026-05-23 23:00:00,0.1302,52.59,33.43,56.68,4.07,0.1407,0.0159,7.168,3.92,379.9,97.7,12.92,6.04,True,Normal,0,test
PUMP_01,2026-05-24 00:00:00,0.1638,50.26,34.0,56.23,3.975,0.1459,0.0177,7.202,3.4,369.0,87.8,12.66,6.0,True,Normal,0,test
PUMP_01,2026-05-24 01:00:00,0.1455,47.82,33.78,57.49,4.076,0.1487,0.0156,7.219,3.98,370.9,93.5,13.41,5.96,True,Normal,0,test
PUMP_01,2026-05-24 02:00:00,0.1593,48.73,33.22,57.09,4.011,0.1523,0.0151,7.286,3.34,380.0,97.3,14.41,5.92,True,Normal,0,test
PUMP_01,2026-05-24 03:00:00,0.148,49.57,33.7,57.56,4.021,0.1485,0.012,7.239,4.21,389.9,105.3,14.69,5.88,True,Normal,0,test
PUMP_01,2026-05-24 04:00:00,0.1779,49.47,34.2,58.96,3.825,0.1541,0.0166,7.261,4.15,376.5,104.6,14.43,5.83,True,Normal,0,test
PUMP_01,2026-05-24 05:00:00,0.1508,50.23,33.95,57.96,3.922,0.1576,0.0122,7.168,4.81,384.3,112.0,13.74,5.79,True,Normal,0,test
PUMP_01,2026-05-24 06:00:00,0.181,50.47,34.04,57.99,3.927,0.1604,0.0155,7.172,4.4,377.6,108.7,13.23,5.75,True,Normal,0,test
PUMP_01,2026-05-24 07:00:00,0.1439,52.6,34.44,58.07,3.975,0.1601,0.0158,7.185,3.94,380.3,119.5,13.23,5.71,True,Normal,0,test
PUMP_01,2026-05-24 08:00:00,0.1543,49.99,33.79,55.23,4.009,0.1593,0.016,7.189,4.48,386.1,131.4,13.9,5.67,True,Normal,0,test
PUMP_01,2026-05-24 09:00:00,0.1781,48.27,34.82,56.18,4.012,0.1643,0.0164,7.144,3.64,378.3,128.9,12.28,5.62,True,Normal,0,test
PUMP_01,2026-05-24 10:00:00,0.1575,51.73,33.41,57.54,4.023,0.1609,0.0151,7.257,3.85,376.5,141.5,14.16,5.58,True,Normal,0,test
PUMP_01,2026-05-24 11:00:00,0.1867,51.89,35.16,56.99,3.945,0.1669,0.0173,7.239,4.32,387.4,144.6,14.65,5.54,True,Normal,0,test
PUMP_01,2026-05-24 12:00:00,0.146,50.35,34.67,57.72,4.055,0.1611,0.0175,7.18,3.31,380.7,145.2,12.72,5.5,True,Normal,0,test
PUMP_01,2026-05-24 13:00:00,0.1513,49.63,33.79,59.68,4.145,0.1623,0.0162,7.229,4.11,386.3,143.7,14.29,5.46,True,Normal,0,test
PUMP_01,2026-05-24 14:00:00,0.1736,50.93,33.83,57.91,3.972,0.1655,0.0162,7.209,3.68,377.6,140.2,13.31,5.42,True,Normal,0,test
PUMP_01,2026-05-24 15:00:00,0.1202,49.68,34.12,56.41,3.947,0.1559,0.0231,7.235,4.08,388.4,148.8,14.46,5.38,True,Normal,0,test
PUMP_01,2026-05-24 16:00:00,0.1168,46.92,34.36,57.05,3.945,0.1491,0.028,7.133,3.57,383.0,140.2,12.25,5.33,True,Normal,0,test
PUMP_01,2026-05-24 17:00:00,0.1284,50.85,34.66,60.05,4.007,0.1394,0.0217,7.193,4.17,383.5,133.9,13.65,5.29,True,Normal,0,test
PUMP_01,2026-05-24 18:00:00,0.1522,51.34,33.2,59.84,3.958,0.1404,0.0222,7.197,4.01,381.9,124.8,13.54,5.25,True,Normal,0,test
PUMP_01,2026-05-24 19:00:00,0.1162,52.16,34.26,58.72,3.862,0.1346,0.0234,7.231,4.56,378.3,120.2,14.32,5.21,True,Normal,0,test
PUMP_01,2026-05-24 20:00:00,0.1503,48.9,32.73,56.13,3.883,0.1307,0.0165,7.169,4.0,380.6,114.2,13.02,5.17,True,Normal,0,test
PUMP_01,2026-05-24 21:00:00,0.1508,50.34,33.89,58.37,4.082,0.1358,0.0173,7.075,3.69,378.1,109.1,11.2,5.12,True,Normal,0,test
PUMP_01,2026-05-24 22:00:00,0.1752,50.37,34.87,58.46,4.103,0.1455,0.0206,7.146,3.9,384.8,105.3,12.77,5.08,True,Normal,0,test
PUMP_01,2026-05-24 23:00:00,0.1631,50.13,33.15,58.03,4.128,0.1513,0.0197,7.197,3.46,379.0,95.2,13.03,5.04,True,Normal,0,test
PUMP_01,2026-05-25 00:00:00,0.1555,50.17,33.04,57.32,4.018,0.1519,0.0198,7.203,4.16,372.5,90.0,13.35,5.0,True,Normal,0,test
PUMP_01,2026-05-25 01:00:00,0.173,50.06,34.13,57.56,3.921,0.1613,0.0109,7.284,4.24,371.6,95.3,14.66,4.96,True,Normal,0,test
PUMP_01,2026-05-25 02:00:00,0.1631,50.32,34.83,57.23,3.965,0.1635,0.0095,7.229,4.99,371.4,88.9,14.3,4.92,True,Normal,0,test
PUMP_01,2026-05-25 03:00:00,0.1502,51.11,34.2,56.63,3.881,0.1634,0.0097,7.204,3.75,383.1,97.1,13.52,4.88,True,Normal,0,test
PUMP_01,2026-05-25 04:00:00,0.1415,51.83,32.86,59.64,3.878,0.1577,0.0111,7.198,3.89,374.2,100.3,13.16,4.83,True,Normal,0,test
PUMP_01,2026-05-25 05:00:00,0.1511,48.87,32.99,59.06,4.02,0.1557,0.011,7.255,3.77,381.5,109.5,14.28,4.79,True,Normal,0,test
PUMP_01,2026-05-25 06:00:00,0.1594,49.74,34.06,57.66,4.043,0.1564,0.0111,7.17,4.08,380.7,121.5,13.12,4.75,True,Normal,0,test
PUMP_01,2026-05-25 07:00:00,0.1623,49.37,33.29,58.42,4.157,0.1546,0.0085,7.193,4.15,379.7,112.2,13.48,4.71,True,Normal,0,test
PUMP_01,2026-05-25 08:00:00,0.1266,49.15,34.08,58.47,3.993,0.1485,0.013,7.146,3.98,382.2,135.6,12.7,4.67,True,Normal,0,test
PUMP_01,2026-05-25 09:00:00,0.1538,47.58,34.12,60.81,3.891,0.1491,0.0132,7.271,4.43,380.8,131.6,14.97,4.62,True,Normal,0,test
PUMP_01,2026-05-25 10:00:00,0.1554,50.04,33.71,59.05,3.99,0.1514,0.0128,7.22,3.75,366.5,139.1,13.08,4.58,True,Normal,0,test
PUMP_01,2026-05-25 11:00:00,0.1608,50.72,35.09,59.0,3.977,0.153,0.0134,7.165,4.39,378.4,136.0,13.14,4.54,True,Normal,0,test
PUMP_01,2026-05-25 12:00:00,0.1744,49.77,34.35,58.05,3.961,0.1556,0.0159,7.194,4.22,382.1,148.1,13.65,4.5,True,Normal,0,test
PUMP_01,2026-05-25 13:00:00,0.1502,49.99,34.73,57.48,4.027,0.1535,0.0157,7.225,4.0,388.2,145.2,14.25,4.46,True,Normal,0,test
PUMP_01,2026-05-25 14:00:00,0.1314,50.63,34.55,59.66,3.903,0.1543,0.0141,7.187,3.87,388.4,143.9,13.56,4.42,True,Normal,0,test
PUMP_01,2026-05-25 15:00:00,0.1157,52.12,33.91,58.78,4.01,0.148,0.0212,7.173,4.97,373.2,133.9,13.47,4.38,True,Normal,0,test
PUMP_01,2026-05-25 16:00:00,0.1516,49.37,33.88,57.0,4.052,0.1474,0.021,7.167,3.67,378.3,138.0,12.67,4.33,True,Normal,0,test
PUMP_01,2026-05-25 17:00:00,0.1273,48.24,33.82,58.54,4.114,0.1418,0.0211,7.217,4.12,372.2,135.9,13.53,4.29,True,Normal,0,test
PUMP_01,2026-05-25 18:00:00,0.153,49.86,34.41,59.0,4.025,0.1382,0.0156,7.182,3.7,387.6,125.5,13.32,4.25,True,Normal,0,test
PUMP_01,2026-05-25 19:00:00,0.1613,52.83,33.61,55.49,4.083,0.14,0.0178,7.177,4.71,385.1,124.7,13.85,4.21,True,Normal,0,test
PUMP_01,2026-05-25 20:00:00,0.1182,48.26,35.04,56.89,3.964,0.1378,0.0198,7.133,4.35,381.8,118.1,12.75,4.17,True,Normal,0,test
PUMP_01,2026-05-25 21:00:00,0.1512,50.98,33.55,58.44,3.976,0.1438,0.0169,7.204,3.73,380.8,104.9,13.41,4.12,True,Normal,0,test
PUMP_01,2026-05-25 22:00:00,0.1644,51.74,34.13,55.69,4.108,0.1459,0.0188,7.191,4.21,386.9,108.7,13.79,4.08,True,Normal,0,test
PUMP_01,2026-05-25 23:00:00,0.1627,46.45,33.86,55.88,3.89,0.1518,0.0173,7.184,4.1,386.1,98.5,13.57,4.04,True,Normal,0,test
PUMP_01,2026-05-26 00:00:00,0.1186,50.62,33.73,57.68,3.968,0.1461,0.0219,7.21,3.79,385.8,96.1,13.76,4.0,True,Normal,0,test
PUMP_01,2026-05-26 01:00:00,0.1398,50.91,35.3,58.59,4.09,0.1425,0.0207,7.237,4.3,382.3,95.4,14.41,3.96,True,Normal,0,test
PUMP_01,2026-05-26 02:00:00,0.1358,49.6,33.74,58.65,3.983,0.1454,0.0175,7.235,4.16,378.3,96.1,14.1,3.92,True,Normal,0,test
PUMP_01,2026-05-26 03:00:00,0.1649,49.03,33.82,59.9,3.977,0.1477,0.0192,7.228,4.09,383.8,87.8,14.16,3.88,True,Normal,0,test
PUMP_01,2026-05-26 04:00:00,0.1649,49.11,33.6,58.1,3.979,0.1478,0.0193,7.188,3.98,384.1,101.6,13.47,3.83,True,Normal,0,test
PUMP_01,2026-05-26 05:00:00,0.1192,49.51,34.02,57.55,4.009,0.1405,0.0207,7.172,4.17,379.0,102.0,13.13,3.79,True,Normal,0,test
PUMP_01,2026-05-26 06:00:00,0.1555,49.55,33.94,56.43,4.087,0.1467,0.0182,7.148,4.09,378.2,120.0,12.66,3.75,True,Normal,0,test
PUMP_01,2026-05-26 07:00:00,0.1717,49.26,33.33,57.54,4.074,0.152,0.0204,7.17,4.02,385.7,126.3,13.28,3.71,True,Normal,0,test
PUMP_01,2026-05-26 08:00:00,0.1609,49.48,33.75,58.85,4.001,0.1562,0.0189,7.201,3.74,388.3,129.9,13.68,3.67,True,Normal,0,test
PUMP_01,2026-05-26 09:00:00,0.1593,51.79,34.37,58.9,4.087,0.1552,0.0185,7.161,4.68,376.3,131.5,13.19,3.62,True,Normal,0,test
PUMP_01,2026-05-26 10:00:00,0.1495,48.18,34.62,58.32,4.027,0.1527,0.018,7.205,3.58,378.7,133.6,13.23,3.58,True,Normal,0,test
PUMP_01,2026-05-26 11:00:00,0.1367,47.38,34.01,58.66,4.069,0.1556,0.0118,7.152,4.17,381.8,139.0,12.92,3.54,True,Normal,0,test
PUMP_01,2026-05-26 12:00:00,0.1497,51.81,34.04,59.53,3.918,0.1546,0.012,7.117,3.87,382.4,151.9,12.18,3.5,True,Normal,0,test
PUMP_01,2026-05-26 13:00:00,0.1482,49.71,33.78,58.09,4.139,0.1507,0.0087,7.241,4.7,377.4,142.2,14.54,3.46,True,Normal,0,test
PUMP_01,2026-05-26 14:00:00,0.1542,49.42,33.7,59.64,4.018,0.1496,0.0075,7.176,3.64,389.4,134.7,13.26,3.42,True,Normal,0,test
PUMP_01,2026-05-26 15:00:00,0.1534,49.83,33.45,57.13,3.78,0.1486,0.0063,7.158,3.71,382.1,145.8,12.71,3.38,True,Normal,0,test
PUMP_01,2026-05-26 16:00:00,0.1426,50.31,33.07,57.91,4.133,0.1475,0.0067,7.145,3.61,382.7,143.7,12.46,3.33,True,Normal,0,test
PUMP_01,2026-05-26 17:00:00,0.1568,49.21,33.58,57.42,4.0,0.1508,0.0051,7.221,4.13,388.8,139.1,14.3,3.29,True,Normal,0,test
PUMP_01,2026-05-26 18:00:00,0.1344,50.76,34.54,58.95,3.968,0.1483,0.0085,7.269,3.45,377.8,130.6,14.12,3.25,True,Normal,0,test
PUMP_01,2026-05-26 19:00:00,0.1187,48.56,33.75,56.78,3.952,0.1434,0.0148,7.18,3.81,379.6,124.8,13.03,3.21,True,Normal,0,test
PUMP_01,2026-05-26 20:00:00,0.1485,49.55,33.79,57.61,4.035,0.1424,0.0141,7.189,3.14,373.7,113.7,12.46,3.17,True,Normal,0,test
PUMP_01,2026-05-26 21:00:00,0.1448,46.68,33.78,55.77,3.929,0.141,0.0131,7.254,4.1,379.1,99.2,14.39,3.12,True,Normal,0,test
PUMP_01,2026-05-26 22:00:00,0.1525,51.76,34.75,58.71,3.954,0.1426,0.014,7.109,3.8,372.6,102.4,11.6,3.08,True,Normal,0,test
PUMP_01,2026-05-26 23:00:00,0.1284,49.74,33.44,59.5,3.956,0.1379,0.013,7.298,3.4,383.7,100.8,14.81,3.04,True,Normal,0,test
PUMP_01,2026-05-27 00:00:00,0.1769,51.01,34.17,59.09,3.977,0.145,0.0203,7.322,4.43,382.1,95.3,15.85,3.0,True,Normal,0,test
PUMP_01,2026-05-27 01:00:00,0.1632,50.71,33.96,58.98,3.959,0.1524,0.0165,7.065,3.48,378.6,94.3,10.91,2.96,True,Normal,0,test
PUMP_01,2026-05-27 02:00:00,0.1507,50.82,34.04,59.01,4.068,0.1528,0.0164,7.195,4.32,379.5,92.0,13.62,2.92,True,Normal,0,test
PUMP_01,2026-05-27 03:00:00,0.143,49.99,34.15,58.84,4.022,0.1524,0.0166,7.164,3.72,383.8,94.3,12.89,2.88,True,Normal,0,test
PUMP_01,2026-05-27 04:00:00,0.1748,50.58,34.03,58.74,4.031,0.1562,0.019,7.187,4.64,374.3,109.7,13.5,2.83,True,Normal,0,test
PUMP_01,2026-05-27 05:00:00,0.1431,48.56,34.48,58.81,4.049,0.1586,0.0153,7.179,4.3,381.0,115.0,13.42,2.79,True,Normal,0,test
PUMP_01,2026-05-27 06:00:00,0.1939,48.24,33.98,57.21,3.993,0.1614,0.0201,7.241,3.6,383.5,113.5,14.01,2.75,True,Normal,0,test
PUMP_01,2026-05-27 07:00:00,0.1505,49.85,35.05,57.76,3.918,0.1593,0.0206,7.194,3.63,371.1,121.1,12.78,2.71,True,Normal,0,test
PUMP_01,2026-05-27 08:00:00,0.1845,48.98,34.03,58.08,4.144,0.165,0.0223,7.154,4.24,383.4,122.5,13.08,2.67,True,Normal,0,test
PUMP_01,2026-05-27 09:00:00,0.1543,52.14,32.98,57.6,4.074,0.1669,0.0205,7.191,3.9,371.6,135.1,12.94,2.62,True,Normal,0,test
PUMP_01,2026-05-27 10:00:00,0.1787,50.56,34.38,56.12,4.129,0.1675,0.0208,7.226,3.93,379.4,144.7,13.84,2.58,True,Normal,0,test
PUMP_01,2026-05-27 11:00:00,0.1416,48.93,34.24,56.52,4.083,0.1672,0.0212,7.141,4.51,374.2,135.5,12.67,2.54,True,Normal,0,test
PUMP_01,2026-05-27 12:00:00,0.1503,49.59,34.02,58.28,3.963,0.16,0.0174,7.118,3.7,387.2,146.0,12.27,2.5,True,Normal,0,test
PUMP_01,2026-05-27 13:00:00,0.1595,50.2,33.84,59.09,3.812,0.1615,0.0167,7.3,4.04,374.2,147.2,14.88,2.46,True,Normal,0,test
PUMP_01,2026-05-27 14:00:00,0.1549,49.9,32.73,58.01,3.902,0.1566,0.0124,7.168,4.38,371.7,146.3,12.91,2.42,True,Normal,0,test
PUMP_01,2026-05-27 15:00:00,0.1594,50.41,32.83,61.32,4.051,0.1574,0.0124,7.193,4.32,380.7,148.2,13.64,2.38,True,Normal,0,test
PUMP_01,2026-05-27 16:00:00,0.134,50.1,34.99,56.9,3.992,0.15,0.0103,7.18,3.94,377.9,145.8,13.05,2.33,True,Normal,0,test
PUMP_01,2026-05-27 17:00:00,0.1416,47.91,33.65,58.53,3.966,0.15,0.0103,7.227,3.88,372.5,131.6,13.54,2.29,True,Normal,0,test
PUMP_01,2026-05-27 18:00:00,0.1587,46.77,34.58,59.55,3.8,0.1514,0.0109,7.289,3.3,382.6,129.2,14.54,2.25,True,Normal,0,test
PUMP_01,2026-05-27 19:00:00,0.1298,49.44,33.04,59.28,3.999,0.1464,0.013,7.229,3.58,370.0,120.3,13.25,2.21,True,Normal,0,test
PUMP_01,2026-05-27 20:00:00,0.1499,50.84,33.37,58.79,3.913,0.1456,0.0125,7.124,4.13,374.8,111.0,12.16,2.17,True,Normal,0,test
PUMP_01,2026-05-27 21:00:00,0.1396,49.46,34.41,59.28,3.942,0.1423,0.0106,7.131,3.94,377.1,108.6,12.23,2.12,True,Normal,0,test
PUMP_01,2026-05-27 22:00:00,0.1481,51.85,33.94,58.07,4.068,0.1446,0.0099,7.18,4.03,384.0,105.0,13.37,2.08,True,Normal,0,test
PUMP_01,2026-05-27 23:00:00,0.1487,49.93,34.32,60.0,3.918,0.1458,0.0099,7.187,4.42,386.5,99.2,13.85,2.04,True,Normal,0,test
PUMP_01,2026-05-28 00:00:00,0.1382,52.04,33.99,59.54,3.925,0.1424,0.0079,7.114,3.53,385.5,92.3,12.02,2.0,True,Normal,0,test
PUMP_01,2026-05-28 01:00:00,0.1487,51.73,33.88,56.98,4.015,0.1455,0.0052,7.241,3.91,379.2,93.1,14.06,1.96,True,Normal,0,test
PUMP_01,2026-05-28 02:00:00,0.1572,51.58,33.59,58.39,4.07,0.1468,0.007,7.146,4.08,367.9,94.0,12.18,1.92,True,Normal,0,test
PUMP_01,2026-05-28 03:00:00,0.1555,48.19,33.28,56.14,3.968,0.1494,0.0067,7.275,3.72,382.0,95.0,14.58,1.88,True,Normal,0,test
PUMP_01,2026-05-28 04:00:00,0.1823,50.03,34.84,59.83,4.117,0.1551,0.0149,7.291,4.57,387.4,103.6,15.66,1.83,True,Normal,0,test
PUMP_01,2026-05-28 05:00:00,0.1748,51.83,34.94,58.27,3.898,0.1594,0.0164,7.188,4.36,386.2,109.2,13.81,1.79,True,Normal,0,test
PUMP_01,2026-05-28 06:00:00,0.1643,50.41,33.38,59.62,3.884,0.1638,0.0127,7.222,4.12,382.3,117.4,14.03,1.75,True,Normal,0,test
PUMP_01,2026-05-28 07:00:00,0.1482,50.83,33.34,57.87,3.877,0.1637,0.0128,7.138,4.72,374.1,116.6,12.77,1.71,True,Normal,0,test
PUMP_01,2026-05-28 08:00:00,0.1463,47.92,33.79,55.77,3.868,0.1619,0.0146,7.231,3.4,377.4,124.2,13.47,1.67,True,Normal,0,test
PUMP_01,2026-05-28 09:00:00,0.1867,52.88,34.2,61.16,4.027,0.1671,0.0172,7.175,4.0,389.7,138.7,13.5,1.62,True,Normal,0,test
PUMP_01,2026-05-28 10:00:00,0.1399,48.81,33.89,58.16,3.922,0.16,0.0183,7.146,4.15,372.9,137.0,12.44,1.58,True,Normal,0,test
PUMP_01,2026-05-28 11:00:00,0.1543,47.01,34.3,56.8,3.887,0.1566,0.0169,7.186,3.63,374.3,141.8,12.77,1.54,True,Normal,0,test
PUMP_01,2026-05-28 12:00:00,0.1554,49.47,33.97,59.37,4.03,0.1551,0.0165,7.177,4.12,384.7,143.4,13.41,1.5,True,Normal,0,test
PUMP_01,2026-05-28 13:00:00,0.1427,46.33,33.93,60.44,4.066,0.1542,0.0171,7.184,3.56,377.8,149.5,12.84,1.46,True,Normal,0,test
PUMP_01,2026-05-28 14:00:00,0.13,48.37,35.45,57.76,4.084,0.1515,0.0197,7.247,4.28,374.1,148.8,14.21,1.42,True,Normal,0,test
PUMP_01,2026-05-28 15:00:00,0.1312,53.84,33.68,57.88,4.07,0.1423,0.0109,7.161,4.42,387.6,146.1,13.49,1.38,True,Normal,0,test
PUMP_01,2026-05-28 16:00:00,0.1331,49.43,34.98,58.29,3.927,0.1411,0.0115,7.287,4.11,382.3,137.8,15.06,1.33,True,Normal,0,test
PUMP_01,2026-05-28 17:00:00,0.1297,47.86,34.87,56.67,4.022,0.137,0.0102,7.134,3.26,378.1,129.0,11.84,1.29,True,Normal,0,test
PUMP_01,2026-05-28 18:00:00,0.1599,50.04,34.3,57.17,4.04,0.1378,0.0119,7.281,3.61,374.3,134.2,14.28,1.25,True,Normal,0,test
PUMP_01,2026-05-28 19:00:00,0.1402,48.65,32.84,60.14,3.962,0.1374,0.0117,7.102,5.88,390.2,123.4,13.67,1.21,True,Normal,0,test
PUMP_01,2026-05-28 20:00:00,0.1335,51.3,34.02,57.84,4.013,0.1379,0.0113,7.096,7.66,379.9,111.7,14.39,1.17,True,Normal,0,test
PUMP_01,2026-05-28 21:00:00,0.1445,48.67,33.69,56.99,3.9,0.1402,0.0111,7.052,7.26,387.0,113.2,13.7,1.12,True,Normal,0,test
PUMP_01,2026-05-28 22:00:00,0.155,50.41,34.01,57.46,3.95,0.1438,0.0119,7.032,9.78,384.5,100.2,15.04,1.08,True,Normal,0,test
PUMP_01,2026-05-28 23:00:00,0.1422,48.28,33.36,59.29,4.03,0.1459,0.0098,7.055,10.52,377.4,104.0,15.64,1.04,True,Normal,0,test
PUMP_01,2026-05-29 00:00:00,0.1635,53.9,34.45,55.63,4.121,0.1465,0.0109,7.09,10.13,377.4,101.8,15.93,1.0,True,Normal,0,test
PUMP_01,2026-05-29 01:00:00,0.1335,50.76,34.59,58.31,4.092,0.1454,0.012,7.122,9.21,399.0,91.3,16.69,0.96,True,Normal,0,test
PUMP_01,2026-05-29 02:00:00,0.1726,49.78,34.7,60.95,4.053,0.1519,0.0146,7.099,6.54,413.4,98.2,15.06,0.92,True,Normal,0,test
PUMP_01,2026-05-29 03:00:00,0.1569,49.56,33.77,60.44,4.006,0.154,0.0142,7.149,5.85,401.6,101.5,14.87,0.88,True,Normal,0,test
PUMP_01,2026-05-29 04:00:00,0.1579,49.17,33.36,58.69,3.994,0.1544,0.0143,7.127,5.32,420.5,112.8,14.95,0.83,True,Normal,0,test
PUMP_01,2026-05-29 05:00:00,0.1493,48.86,34.21,59.58,3.884,0.1556,0.0133,7.15,4.71,425.6,104.5,15.1,0.79,True,Normal,0,test
PUMP_01,2026-05-29 06:00:00,0.1416,48.82,35.05,59.57,3.933,0.152,0.0137,7.143,4.65,421.0,119.3,14.75,0.75,True,Normal,0,test
PUMP_01,2026-05-29 07:00:00,0.1347,52.52,34.04,57.85,3.936,0.1522,0.0134,7.178,4.14,415.7,120.1,14.74,0.71,True,Normal,0,test
PUMP_01,2026-05-29 08:00:00,0.1472,49.17,34.27,59.11,4.046,0.1479,0.0089,7.212,4.18,393.4,121.5,14.39,0.67,True,Normal,0,test
PUMP_01,2026-05-29 09:00:00,0.1659,46.81,33.86,60.15,4.076,0.1494,0.0112,7.104,4.32,392.8,132.0,12.73,0.62,True,Normal,0,test
PUMP_01,2026-05-29 10:00:00,0.1406,48.25,33.7,56.48,4.059,0.1465,0.0108,7.198,3.5,384.4,137.7,13.29,0.58,True,Normal,0,test
PUMP_01,2026-05-29 11:00:00,0.1294,51.39,34.39,58.69,4.095,0.1432,0.0127,7.276,4.26,377.5,137.4,14.79,0.54,True,Normal,0,test
PUMP_01,2026-05-29 12:00:00,0.1364,49.62,33.94,58.43,4.006,0.1424,0.013,7.256,3.71,379.6,145.4,14.18,0.5,True,Normal,0,test
PUMP_01,2026-05-29 13:00:00,0.1416,49.8,34.24,58.12,3.921,0.1435,0.0125,7.171,4.13,374.9,148.8,12.91,0.46,True,Normal,0,test
PUMP_01,2026-05-29 14:00:00,0.1398,51.75,34.3,58.02,3.996,0.1423,0.0124,7.13,3.91,387.9,145.1,12.65,0.42,True,Normal,0,test
PUMP_01,2026-05-29 15:00:00,0.141,48.83,34.21,58.28,3.942,0.1381,0.0047,7.223,4.2,382.5,139.5,14.11,0.38,True,Normal,0,test
PUMP_01,2026-05-29 16:00:00,0.1568,50.95,34.33,58.38,4.053,0.1408,0.009,7.084,4.05,389.0,137.1,12.05,0.33,True,Normal,0,test
PUMP_01,2026-05-29 17:00:00,0.1591,49.0,33.49,59.34,3.971,0.1458,0.0096,7.256,2.77,379.2,132.5,13.49,0.29,True,Normal,0,test
PUMP_01,2026-05-29 18:00:00,0.1701,50.86,33.45,58.57,3.992,0.1514,0.0125,7.189,4.07,377.3,127.3,13.26,0.25,True,Normal,0,test
PUMP_01,2026-05-29 19:00:00,0.116,49.41,33.97,57.79,4.055,0.1471,0.0191,7.292,4.26,388.8,124.4,15.51,0.21,True,Normal,0,test
PUMP_01,2026-05-29 20:00:00,0.1285,49.64,33.99,56.99,3.941,0.1452,0.0205,7.114,4.18,377.1,114.6,12.12,0.17,True,Normal,0,test
PUMP_01,2026-05-29 21:00:00,0.1534,51.23,33.69,57.43,4.077,0.1473,0.0206,7.246,3.96,379.1,101.9,14.17,0.12,True,Normal,0,test
PUMP_01,2026-05-29 22:00:00,0.1382,51.12,34.14,58.31,3.892,0.1442,0.0203,7.195,4.66,383.6,100.1,14.03,0.08,True,Normal,0,test
PUMP_01,2026-05-29 23:00:00,0.1603,49.75,34.54,57.15,4.025,0.1444,0.0205,7.183,4.12,373.8,99.0,13.06,0.04,True,Normal,0,test
PUMP_02,2026-03-01 00:00:00,0.1517,49.12,33.46,57.68,4.052,0.1517,0.0,7.212,4.36,373.2,98.0,13.67,70.0,False,Normal,0,train
PUMP_02,2026-03-01 01:00:00,0.1244,52.34,33.27,57.99,4.035,0.138,0.0193,7.136,4.08,375.2,100.0,12.33,69.96,False,Normal,0,train
PUMP_02,2026-03-01 02:00:00,0.1569,52.25,34.52,57.2,3.906,0.1443,0.0175,7.217,4.06,374.8,91.6,13.6,69.92,False,Normal,0,train
PUMP_02,2026-03-01 03:00:00,0.168,48.99,34.23,58.78,3.764,0.1502,0.0185,7.179,4.41,381.0,101.2,13.49,69.88,False,Normal,0,train
PUMP_02,2026-03-01 04:00:00,0.1718,47.73,34.9,56.42,4.01,0.1546,0.0187,7.285,4.34,385.1,99.4,15.31,69.83,False,Normal,0,train
PUMP_02,2026-03-01 05:00:00,0.1575,47.29,33.76,58.39,4.05,0.155,0.0168,7.257,3.44,382.6,110.0,14.13,69.79,False,Normal,0,train
PUMP_02,2026-03-01 06:00:00,0.1827,50.91,33.42,57.19,3.984,0.1602,0.02,7.181,3.57,387.4,113.4,13.19,69.75,False,Normal,0,train
PUMP_02,2026-03-01 07:00:00,0.1646,50.2,34.38,57.49,4.053,0.1669,0.0097,7.288,3.91,375.9,127.6,14.68,69.71,False,Normal,0,train
PUMP_02,2026-03-01 08:00:00,0.1713,48.83,33.5,57.52,3.92,0.1693,0.0084,7.217,4.14,383.3,128.3,14.01,69.67,False,Normal,0,train
PUMP_02,2026-03-01 09:00:00,0.146,50.41,33.81,57.8,3.972,0.1656,0.0128,7.098,5.18,378.5,131.2,12.64,69.62,False,Normal,0,train
PUMP_02,2026-03-01 10:00:00,0.1778,48.15,34.32,58.6,3.926,0.1666,0.0135,7.136,6.11,381.1,138.2,14.01,69.58,False,Normal,0,train
PUMP_02,2026-03-01 11:00:00,0.1525,51.19,33.92,57.96,4.056,0.1658,0.0144,7.192,7.81,385.5,141.2,16.28,69.54,False,Normal,0,train
PUMP_02,2026-03-01 12:00:00,0.1737,49.43,33.71,59.12,3.927,0.1643,0.0126,7.037,7.99,371.5,139.5,13.33,69.5,False,Normal,0,train
PUMP_02,2026-03-01 13:00:00,0.1678,48.38,33.16,59.25,4.165,0.1648,0.0127,7.047,9.01,390.0,152.7,14.98,69.46,False,Normal,0,train
PUMP_02,2026-03-01 14:00:00,0.1489,49.45,34.56,58.37,3.96,0.1611,0.0137,6.983,9.1,379.3,150.5,14.12,69.42,False,Normal,0,train
PUMP_02,2026-03-01 15:00:00,0.149,49.4,33.78,58.82,4.064,0.1616,0.013,7.009,8.26,376.5,140.9,13.28,69.38,False,Normal,0,train
PUMP_02,2026-03-01 16:00:00,0.1386,50.55,34.37,60.43,3.961,0.1551,0.0131,7.069,7.6,391.4,140.5,14.4,69.33,False,Normal,0,train
PUMP_02,2026-03-01 17:00:00,0.1281,51.75,34.29,56.3,4.107,0.151,0.0172,7.079,4.99,402.9,140.7,13.2,69.29,False,Normal,0,train
PUMP_02,2026-03-01 18:00:00,0.1489,51.67,34.65,59.29,4.104,0.1469,0.0132,7.142,4.75,407.1,131.4,14.22,69.25,False,Normal,0,train
PUMP_02,2026-03-01 19:00:00,0.1485,50.24,33.86,59.85,3.974,0.1437,0.0087,7.287,4.46,407.1,118.8,16.34,69.21,False,Normal,0,train
PUMP_02,2026-03-01 20:00:00,0.1171,49.72,33.79,58.52,4.022,0.1384,0.0133,7.198,3.88,417.8,113.2,14.96,69.17,False,Normal,0,train
PUMP_02,2026-03-01 21:00:00,0.1417,49.15,33.34,60.28,4.102,0.1372,0.0124,7.239,4.43,409.1,100.6,15.64,69.12,False,Normal,0,train
PUMP_02,2026-03-01 22:00:00,0.158,47.35,33.67,60.13,4.024,0.1404,0.0151,7.255,4.88,405.7,105.4,16.06,69.08,False,Normal,0,train
PUMP_02,2026-03-01 23:00:00,0.1694,49.97,34.2,57.6,3.926,0.1473,0.0176,7.145,4.03,389.6,103.3,13.04,69.04,False,Normal,0,train
PUMP_02,2026-03-02 00:00:00,0.1609,48.72,33.51,57.69,4.006,0.1493,0.0185,7.158,4.47,398.1,100.9,13.92,69.0,False,Normal,0,train
PUMP_02,2026-03-02 01:00:00,0.1298,51.83,34.19,58.64,3.94,0.1462,0.0201,7.238,4.97,382.6,97.8,14.9,68.96,False,Normal,0,train
PUMP_02,2026-03-02 02:00:00,0.1392,49.7,34.88,57.25,4.012,0.1498,0.0152,7.168,4.16,381.0,97.3,13.15,68.92,False,Normal,0,train
PUMP_02,2026-03-02 03:00:00,0.1519,51.12,33.73,61.25,3.937,0.1515,0.0147,7.235,3.98,383.1,94.4,14.18,68.88,False,Normal,0,train
PUMP_02,2026-03-02 04:00:00,0.1796,49.28,33.21,58.95,4.03,0.1551,0.0187,7.284,4.36,370.9,103.6,14.72,68.83,False,Normal,0,train
PUMP_02,2026-03-02 05:00:00,0.1506,48.99,33.75,58.06,3.857,0.152,0.0173,7.127,4.47,377.5,105.0,12.56,68.79,False,Normal,0,train
PUMP_02,2026-03-02 06:00:00,0.1759,50.91,33.15,56.31,3.91,0.1545,0.0198,7.182,3.98,388.9,115.6,13.58,68.75,False,Normal,0,train
PUMP_02,2026-03-02 07:00:00,0.1503,50.42,34.8,58.3,3.937,0.1579,0.0161,7.19,3.81,378.4,116.9,13.14,68.71,False,Normal,0,train
PUMP_02,2026-03-02 08:00:00,0.1666,50.48,34.05,56.58,3.987,0.1625,0.0134,7.174,4.69,379.7,128.5,13.55,68.67,False,Normal,0,train
PUMP_02,2026-03-02 09:00:00,0.143,49.86,33.56,58.91,3.879,0.161,0.0151,7.17,3.89,377.7,137.8,12.84,68.62,False,Normal,0,train
PUMP_02,2026-03-02 10:00:00,0.1521,51.18,33.66,55.0,3.929,0.1564,0.0123,7.175,4.48,387.3,139.2,13.75,68.58,False,Normal,0,train
PUMP_02,2026-03-02 11:00:00,0.1356,50.97,33.29,59.66,4.062,0.1539,0.0149,7.199,4.11,378.8,143.0,13.51,68.54,False,Normal,0,train
PUMP_02,2026-03-02 12:00:00,0.1716,46.73,34.61,57.49,4.072,0.1532,0.0137,7.208,4.73,373.7,147.8,13.88,68.5,False,Normal,0,train
PUMP_02,2026-03-02 13:00:00,0.137,49.61,35.1,55.97,3.797,0.151,0.0153,7.248,3.66,392.9,152.1,14.56,68.46,False,Normal,0,train
PUMP_02,2026-03-02 14:00:00,0.1218,51.52,33.1,57.98,3.953,0.1435,0.017,7.199,3.66,373.1,143.7,12.96,68.42,False,Normal,0,train
PUMP_02,2026-03-02 15:00:00,0.1185,48.47,34.63,58.02,4.102,0.1394,0.0198,7.256,4.34,379.5,143.7,14.61,68.38,False,Normal,0,train
PUMP_02,2026-03-02 16:00:00,0.1401,47.46,33.85,57.92,4.031,0.1374,0.0189,7.17,3.55,375.8,143.7,12.53,68.33,False,Normal,0,train
PUMP_02,2026-03-02 17:00:00,0.1335,49.79,34.76,59.66,4.033,0.1371,0.0189,7.14,4.05,376.5,135.2,12.43,68.29,False,Normal,0,train
PUMP_02,2026-03-02 18:00:00,0.1497,50.78,32.9,58.46,4.045,0.1334,0.0117,7.185,4.62,374.7,118.5,13.47,68.25,False,Normal,0,train
PUMP_02,2026-03-02 19:00:00,0.1368,49.31,34.14,58.96,3.923,0.1334,0.0117,7.223,3.29,377.3,117.1,13.26,68.21,False,Normal,0,train
PUMP_02,2026-03-02 20:00:00,0.1588,51.94,33.76,57.7,4.017,0.1396,0.0139,7.243,4.16,384.9,116.5,14.51,68.17,False,Normal,0,train
PUMP_02,2026-03-02 21:00:00,0.1371,52.77,34.4,58.51,4.038,0.1427,0.0097,7.273,4.48,370.5,105.9,14.61,68.12,False,Normal,0,train
PUMP_02,2026-03-02 22:00:00,0.1604,47.11,34.04,56.43,4.009,0.146,0.0119,7.215,3.99,386.3,108.1,13.99,68.08,False,Normal,0,train
PUMP_02,2026-03-02 23:00:00,0.1331,49.42,34.01,58.31,3.969,0.146,0.012,7.238,3.63,385.4,105.8,14.07,68.04,False,Normal,0,train
PUMP_02,2026-03-03 00:00:00,0.1275,46.58,33.94,57.09,3.996,0.1423,0.0139,7.268,3.89,382.5,93.5,14.63,68.0,False,Normal,0,train
PUMP_02,2026-03-03 01:00:00,0.1402,50.99,34.94,59.58,3.909,0.1428,0.0137,7.161,3.66,380.6,90.9,12.67,67.96,False,Normal,0,train
PUMP_02,2026-03-03 02:00:00,0.1381,48.98,33.9,58.09,4.049,0.1394,0.0112,7.189,4.03,381.4,94.4,13.41,67.92,False,Normal,0,train
PUMP_02,2026-03-03 03:00:00,0.1385,49.29,34.52,58.8,3.885,0.1396,0.0112,7.339,3.89,387.1,96.7,15.94,67.88,False,Normal,0,train
PUMP_02,2026-03-03 04:00:00,0.1649,51.72,34.38,58.31,3.935,0.1404,0.0129,7.243,3.79,371.3,108.5,13.68,67.83,False,Normal,0,train
PUMP_02,2026-03-03 05:00:00,0.1557,48.01,34.53,60.17,4.055,0.1442,0.0136,7.139,7.23,383.6,103.4,14.93,67.79,False,Normal,0,train
PUMP_02,2026-03-03 06:00:00,0.1621,47.63,33.39,56.13,4.023,0.1499,0.0124,7.105,9.51,376.3,116.5,15.69,67.75,False,Normal,0,train
PUMP_02,2026-03-03 07:00:00,0.1676,46.58,34.42,57.86,3.961,0.1545,0.0131,6.901,12.28,384.1,125.6,17.86,67.71,False,Normal,0,train
PUMP_02,2026-03-03 08:00:00,0.1334,51.91,34.2,56.85,3.863,0.1537,0.0144,6.878,14.67,376.9,129.7,19.59,67.67,False,Normal,0,train
PUMP_02,2026-03-03 09:00:00,0.1656,51.56,33.29,55.54,3.996,0.1582,0.0128,6.86,14.77,383.5,134.2,20.23,67.62,False,Normal,0,train
PUMP_02,2026-03-03 10:00:00,0.1369,49.56,33.87,56.77,3.95,0.1536,0.0149,6.931,13.9,372.3,137.0,18.01,67.58,False,Normal,0,train
PUMP_02,2026-03-03 11:00:00,0.1439,48.09,35.38,59.41,4.038,0.1516,0.0153,6.979,11.21,393.3,149.0,16.23,67.54,False,Normal,0,train
PUMP_02,2026-03-03 12:00:00,0.1216,51.25,33.76,57.96,3.959,0.1448,0.0184,7.055,9.08,414.3,143.2,16.16,67.5,False,Normal,0,train
PUMP_02,2026-03-03 13:00:00,0.1572,54.13,33.78,57.74,3.86,0.1431,0.0161,7.128,5.4,445.4,148.8,16.04,67.46,False,Normal,0,train
PUMP_02,2026-03-03 14:00:00,0.1197,49.65,34.27,58.93,3.889,0.1408,0.0186,7.119,4.14,455.1,143.5,15.43,67.42,False,Normal,0,train
PUMP_02,2026-03-03 15:00:00,0.1249,48.2,33.68,58.14,3.966,0.134,0.0147,7.244,3.58,455.0,134.3,17.04,67.38,False,Normal,0,train
PUMP_02,2026-03-03 16:00:00,0.1244,51.86,34.08,58.74,4.009,0.132,0.0151,7.112,4.19,456.7,136.6,15.42,67.33,False,Normal,0,train
PUMP_02,2026-03-03 17:00:00,0.1384,48.3,33.73,58.39,3.907,0.131,0.0144,7.164,3.38,428.7,131.9,14.51,67.29,False,Normal,0,train
PUMP_02,2026-03-03 18:00:00,0.1376,49.45,34.24,58.65,3.939,0.1337,0.0138,7.134,4.07,420.6,125.9,14.19,67.25,False,Normal,0,train
PUMP_02,2026-03-03 19:00:00,0.1525,46.04,33.96,57.46,4.063,0.1329,0.0122,7.156,3.37,391.3,117.4,12.83,67.21,False,Normal,0,train
PUMP_02,2026-03-03 20:00:00,0.1398,49.55,35.17,59.26,4.089,0.1363,0.0105,7.21,4.27,378.4,116.0,13.78,67.17,False,Normal,0,train
PUMP_02,2026-03-03 21:00:00,0.1574,48.08,34.03,56.55,4.022,0.1417,0.0118,7.262,3.84,379.1,110.4,14.34,67.12,False,Normal,0,train
PUMP_02,2026-03-03 22:00:00,0.1507,51.89,33.87,57.9,3.977,0.1461,0.0085,7.122,3.8,377.3,101.1,12.0,67.08,False,Normal,0,train
PUMP_02,2026-03-03 23:00:00,0.1332,48.54,34.62,59.32,3.95,0.1452,0.0096,7.172,4.45,379.7,97.1,13.36,67.04,False,Normal,0,train
PUMP_02,2026-03-04 00:00:00,0.14,51.17,33.17,57.82,4.043,0.1456,0.0093,7.113,3.87,378.7,91.6,11.96,67.0,False,Normal,0,train
PUMP_02,2026-03-04 01:00:00,0.1752,49.84,35.02,57.48,3.975,0.1494,0.0153,7.17,4.04,376.5,96.0,12.9,66.96,False,Normal,0,train
PUMP_02,2026-03-04 02:00:00,0.1734,50.19,33.41,60.75,4.074,0.155,0.0172,7.204,3.92,379.3,101.4,13.47,66.92,False,Normal,0,train
PUMP_02,2026-03-04 03:00:00,0.1694,50.78,34.72,59.7,4.078,0.157,0.0182,7.238,4.2,380.8,103.9,14.29,66.88,False,Normal,0,train
PUMP_02,2026-03-04 04:00:00,0.173,49.92,34.87,58.17,4.033,0.1607,0.0189,7.094,4.42,374.5,99.9,11.87,66.83,False,Normal,0,train
PUMP_02,2026-03-04 05:00:00,0.1666,49.03,33.68,56.84,3.96,0.1663,0.0132,7.228,4.33,382.1,115.5,14.26,66.79,False,Normal,0,train
PUMP_02,2026-03-04 06:00:00,0.165,48.78,33.74,55.56,3.966,0.1704,0.0041,7.151,3.81,377.5,112.1,12.49,66.75,False,Normal,0,train
PUMP_02,2026-03-04 07:00:00,0.1604,50.76,33.93,58.85,3.869,0.168,0.005,7.139,4.48,381.0,115.9,12.91,66.71,False,Normal,0,train
PUMP_02,2026-03-04 08:00:00,0.1841,47.15,34.37,59.52,3.996,0.1697,0.0082,7.203,3.63,376.7,121.0,13.16,66.67,False,Normal,0,train
PUMP_02,2026-03-04 09:00:00,0.1501,52.52,33.4,58.47,3.993,0.1665,0.0115,7.231,3.7,385.3,128.2,14.01,66.62,False,Normal,0,train
PUMP_02,2026-03-04 10:00:00,0.1586,50.2,33.93,55.95,3.89,0.1641,0.0114,7.195,3.95,384.8,139.0,13.58,66.58,False,Normal,0,train
PUMP_02,2026-03-04 11:00:00,0.127,49.49,33.81,58.19,4.189,0.1575,0.0188,7.145,4.42,374.8,140.6,12.7,66.54,False,Normal,0,train
PUMP_02,2026-03-04 12:00:00,0.1285,50.4,33.31,57.42,4.044,0.1514,0.0216,7.195,3.53,382.6,141.6,13.2,66.5,False,Normal,0,train
PUMP_02,2026-03-04 13:00:00,0.1746,49.11,33.37,58.19,3.933,0.1538,0.0234,7.164,4.36,387.2,141.6,13.47,66.46,False,Normal,0,train
PUMP_02,2026-03-04 14:00:00,0.1543,49.73,34.08,60.33,4.164,0.1488,0.0183,7.23,3.98,375.3,139.8,13.77,66.42,False,Normal,0,train
PUMP_02,2026-03-04 15:00:00,0.1397,48.3,34.07,58.95,3.96,0.1471,0.0187,7.254,3.83,375.7,138.1,14.06,66.38,False,Normal,0,train
PUMP_02,2026-03-04 16:00:00,0.1425,50.56,33.54,58.69,4.066,0.1444,0.0178,7.251,4.44,383.7,141.7,14.77,66.33,False,Normal,0,train
PUMP_02,2026-03-04 17:00:00,0.12,49.88,34.05,57.95,4.007,0.1433,0.0194,7.199,3.68,373.5,139.7,12.99,66.29,False,Normal,0,train
PUMP_02,2026-03-04 18:00:00,0.1336,50.28,33.61,58.5,3.963,0.1441,0.0187,7.256,4.91,376.1,133.9,14.88,66.25,False,Normal,0,train
PUMP_02,2026-03-04 19:00:00,0.1185,52.22,34.78,57.13,3.973,0.1348,0.0138,7.149,3.93,374.9,122.7,12.42,66.21,False,Normal,0,train
PUMP_02,2026-03-04 20:00:00,0.1369,48.79,33.94,58.67,4.115,0.1319,0.0102,7.289,4.06,383.7,111.6,15.12,66.17,False,Normal,0,train
PUMP_02,2026-03-04 21:00:00,0.1531,49.81,34.66,57.77,4.07,0.1341,0.0133,7.149,4.62,376.5,104.8,12.97,66.12,False,Normal,0,train
PUMP_02,2026-03-04 22:00:00,0.1518,47.52,32.98,57.01,3.99,0.1356,0.0149,7.098,4.07,378.6,105.3,11.87,66.08,False,Normal,0,train
PUMP_02,2026-03-04 23:00:00,0.1712,50.83,34.19,58.98,3.836,0.1442,0.0184,7.268,4.48,376.3,97.4,14.77,66.04,False,Normal,0,train
PUMP_02,2026-03-05 00:00:00,0.1544,49.97,34.36,55.32,4.024,0.1476,0.018,7.164,3.22,385.7,97.5,12.62,66.0,False,Normal,0,train
PUMP_02,2026-03-05 01:00:00,0.1154,50.03,33.92,57.35,3.9,0.1471,0.019,7.206,3.82,375.7,102.7,13.29,65.96,False,Normal,0,train
PUMP_02,2026-03-05 02:00:00,0.1843,49.76,33.68,58.74,4.043,0.155,0.0233,7.148,4.16,373.0,96.7,12.49,65.92,False,Normal,0,train
PUMP_02,2026-03-05 03:00:00,0.1445,49.13,33.91,59.47,3.943,0.1536,0.0237,7.318,4.43,372.8,107.5,15.39,65.88,False,Normal,0,train
PUMP_02,2026-03-05 04:00:00,0.1611,53.74,34.45,58.57,3.951,0.1552,0.0238,7.291,4.31,383.5,97.8,15.32,65.83,False,Normal,0,train
PUMP_02,2026-03-05 05:00:00,0.1612,50.06,33.27,57.19,3.949,0.1535,0.0228,7.277,4.27,383.8,109.3,15.09,65.79,False,Normal,0,train
PUMP_02,2026-03-05 06:00:00,0.1636,50.44,34.42,57.94,4.082,0.155,0.0232,7.204,4.42,386.2,114.8,14.13,65.75,False,Normal,0,train
PUMP_02,2026-03-05 07:00:00,0.1604,48.29,34.19,58.35,3.859,0.1625,0.0127,7.249,4.19,373.7,116.1,14.15,65.71,False,Normal,0,train
PUMP_02,2026-03-05 08:00:00,0.1596,51.33,33.84,59.87,4.059,0.1584,0.0069,7.197,3.14,378.8,129.7,12.81,65.67,False,Normal,0,train
PUMP_02,2026-03-05 09:00:00,0.1372,49.81,33.87,59.1,4.027,0.1572,0.0099,7.256,4.58,392.1,138.6,15.31,65.62,False,Normal,0,train
PUMP_02,2026-03-05 10:00:00,0.1938,50.67,34.04,59.11,3.994,0.1626,0.0181,7.179,3.66,378.5,146.5,12.87,65.58,False,Normal,0,train
PUMP_02,2026-03-05 11:00:00,0.1624,51.35,35.0,58.08,3.964,0.1628,0.0181,7.279,4.13,377.2,143.3,14.74,65.54,False,Normal,0,train
PUMP_02,2026-03-05 12:00:00,0.1508,49.84,34.21,56.71,4.039,0.1607,0.0187,7.177,4.07,379.9,136.5,13.18,65.5,False,Normal,0,train
PUMP_02,2026-03-05 13:00:00,0.175,48.98,33.43,56.31,3.965,0.1631,0.0196,7.183,4.02,382.6,146.9,13.35,65.46,False,Normal,0,train
PUMP_02,2026-03-05 14:00:00,0.1289,46.51,33.74,57.64,3.964,0.158,0.0242,7.177,3.56,382.6,147.1,12.92,65.42,False,Normal,0,train
PUMP_02,2026-03-05 15:00:00,0.156,49.42,33.31,58.84,4.005,0.1611,0.0221,7.21,3.22,376.9,140.7,12.98,65.38,False,Normal,0,train
PUMP_02,2026-03-05 16:00:00,0.133,48.98,32.87,57.4,4.138,0.151,0.0176,7.181,3.6,377.1,138.5,12.79,65.33,False,Normal,0,train
PUMP_02,2026-03-05 17:00:00,0.1464,48.29,33.3,58.69,3.879,0.1484,0.0167,7.224,4.33,378.5,130.6,14.06,65.29,False,Normal,0,train
PUMP_02,2026-03-05 18:00:00,0.1464,52.18,34.07,57.05,4.04,0.1476,0.0167,7.176,3.42,376.3,125.9,12.56,65.25,False,Normal,0,train
PUMP_02,2026-03-05 19:00:00,0.1053,51.47,34.76,57.23,3.989,0.136,0.018,7.24,3.65,373.8,124.1,13.63,65.21,False,Normal,0,train
PUMP_02,2026-03-05 20:00:00,0.1199,47.26,34.6,59.69,3.982,0.1345,0.019,7.276,4.17,389.0,119.1,15.21,65.17,False,Normal,0,train
PUMP_02,2026-03-05 21:00:00,0.1667,50.23,33.31,58.92,3.878,0.1363,0.0218,7.204,3.59,378.0,102.4,13.19,65.12,False,Normal,0,train
PUMP_02,2026-03-05 22:00:00,0.1412,48.77,33.52,57.63,3.86,0.1376,0.0218,7.311,3.78,378.2,100.3,15.05,65.08,False,Normal,0,train
PUMP_02,2026-03-05 23:00:00,0.1774,50.55,33.44,57.0,4.027,0.1428,0.0273,7.256,4.03,378.4,92.0,14.36,65.04,False,Normal,0,train
PUMP_02,2026-03-06 00:00:00,0.1697,48.8,32.45,59.14,3.898,0.1467,0.0294,7.307,4.11,379.6,103.2,15.27,65.0,False,Normal,0,train
PUMP_02,2026-03-06 01:00:00,0.1493,49.19,33.9,59.05,4.081,0.154,0.0215,7.197,3.58,382.2,98.5,13.25,64.96,False,Normal,0,train
PUMP_02,2026-03-06 02:00:00,0.1504,51.44,34.48,58.77,3.919,0.1591,0.0141,7.117,4.06,377.7,87.8,12.11,64.92,False,Normal,0,train
PUMP_02,2026-03-06 03:00:00,0.1818,51.23,33.85,57.79,4.044,0.1616,0.0168,7.165,4.16,385.7,98.1,13.28,64.88,False,Normal,0,train
PUMP_02,2026-03-06 04:00:00,0.1902,52.26,33.24,56.69,3.954,0.1698,0.0168,7.17,3.49,383.0,101.2,12.78,64.83,False,Normal,0,train
PUMP_02,2026-03-06 05:00:00,0.1554,49.67,33.49,57.98,3.95,0.1661,0.0172,7.152,4.09,379.0,104.5,12.76,64.79,False,Normal,0,train
PUMP_02,2026-03-06 06:00:00,0.1831,47.82,33.8,59.69,3.927,0.1684,0.0186,7.09,3.71,376.7,117.7,11.4,64.75,False,Normal,0,train
PUMP_02,2026-03-06 07:00:00,0.1751,51.38,34.46,56.91,4.035,0.1727,0.0161,7.251,4.05,385.4,124.1,14.58,64.71,False,Normal,0,train
PUMP_02,2026-03-06 08:00:00,0.1767,51.39,33.89,58.06,4.057,0.1771,0.0119,7.107,4.29,379.2,127.5,12.18,64.67,False,Normal,0,train
PUMP_02,2026-03-06 09:00:00,0.1586,50.94,34.38,59.96,3.975,0.1732,0.0137,7.246,3.93,373.8,129.9,13.93,64.62,False,Normal,0,train
PUMP_02,2026-03-06 10:00:00,0.1449,48.88,33.95,57.63,4.047,0.1656,0.0148,7.309,4.37,385.1,135.1,15.72,64.58,False,Normal,0,train
PUMP_02,2026-03-06 11:00:00,0.1368,48.39,34.14,57.85,4.001,0.1625,0.0188,7.161,4.32,376.4,141.8,12.95,64.54,False,Normal,0,train
PUMP_02,2026-03-06 12:00:00,0.1304,50.8,33.44,56.38,3.893,0.1538,0.0196,7.219,4.36,384.3,142.3,14.25,64.5,False,Normal,0,train
PUMP_02,2026-03-06 13:00:00,0.1761,48.67,33.59,58.75,4.03,0.1539,0.0198,7.18,4.16,367.4,145.0,12.77,64.46,False,Normal,0,train
PUMP_02,2026-03-06 14:00:00,0.1452,49.54,33.25,57.11,3.976,0.1487,0.0164,7.207,5.65,378.2,146.4,14.69,64.42,False,Normal,0,train
PUMP_02,2026-03-06 15:00:00,0.1258,54.36,34.36,56.13,3.791,0.1432,0.0179,7.064,6.81,385.8,135.5,13.54,64.38,False,Normal,0,train
PUMP_02,2026-03-06 16:00:00,0.1564,53.19,33.83,56.86,3.969,0.1451,0.0187,7.076,7.44,380.0,134.6,13.93,64.33,False,Normal,0,train
PUMP_02,2026-03-06 17:00:00,0.1332,51.19,31.84,58.25,3.865,0.1445,0.0191,7.098,9.21,383.0,132.4,15.64,64.29,False,Normal,0,train
PUMP_02,2026-03-06 18:00:00,0.1302,49.01,34.29,56.1,3.901,0.1445,0.0191,7.04,9.45,375.5,132.7,14.56,64.25,False,Normal,0,train
PUMP_02,2026-03-06 19:00:00,0.1714,48.92,34.58,56.34,3.98,0.1437,0.0176,6.961,9.49,381.7,123.4,14.85,64.21,False,Normal,0,train
PUMP_02,2026-03-06 20:00:00,0.1214,51.07,33.51,58.67,3.994,0.1397,0.0197,7.139,8.46,388.7,113.5,16.0,64.17,False,Normal,0,train
PUMP_02,2026-03-06 21:00:00,0.1465,52.25,34.29,57.91,3.933,0.1432,0.0186,7.053,6.55,400.2,109.1,13.78,64.12,False,Normal,0,train
PUMP_02,2026-03-06 22:00:00,0.1361,49.23,33.87,56.9,4.042,0.1398,0.0175,7.163,6.23,419.5,101.9,16.12,64.08,False,Normal,0,train
PUMP_02,2026-03-06 23:00:00,0.1362,49.31,32.73,57.61,3.991,0.1403,0.0173,7.229,3.96,426.0,102.7,15.85,64.04,False,Normal,0,train
PUMP_02,2026-03-07 00:00:00,0.128,50.13,35.17,60.09,3.966,0.1399,0.0176,7.206,4.0,423.5,97.6,15.4,64.0,False,Normal,0,train
PUMP_02,2026-03-07 01:00:00,0.1535,47.92,33.88,59.54,4.003,0.1369,0.0117,7.327,3.73,423.5,100.1,17.16,63.96,False,Normal,0,train
PUMP_02,2026-03-07 02:00:00,0.1419,47.96,34.12,57.87,4.096,0.1404,0.009,7.237,3.6,406.3,90.4,14.9,63.92,False,Normal,0,train
PUMP_02,2026-03-07 03:00:00,0.1659,48.24,33.63,58.98,3.828,0.1436,0.0138,7.19,3.95,398.1,95.1,14.06,63.88,False,Normal,0,train
PUMP_02,2026-03-07 04:00:00,0.158,50.82,33.82,58.15,4.104,0.1473,0.0143,7.23,4.01,382.5,103.4,14.1,63.83,False,Normal,0,train
PUMP_02,2026-03-07 05:00:00,0.155,50.41,34.1,55.87,3.951,0.1504,0.0134,7.21,3.97,373.7,109.5,13.38,63.79,False,Normal,0,train
PUMP_02,2026-03-07 06:00:00,0.147,51.71,33.37,55.66,3.938,0.1536,0.0084,7.202,4.66,375.6,123.1,13.81,63.75,False,Normal,0,train
PUMP_02,2026-03-07 07:00:00,0.1811,47.39,35.02,56.91,3.968,0.1581,0.014,7.212,3.95,379.9,112.8,13.65,63.71,False,Normal,0,train
PUMP_02,2026-03-07 08:00:00,0.1697,47.72,34.5,56.11,3.929,0.1628,0.012,7.178,3.97,373.9,126.3,12.87,63.67,False,Normal,0,train
PUMP_02,2026-03-07 09:00:00,0.1469,50.68,34.31,58.33,3.917,0.1596,0.0135,7.211,4.33,379.8,132.2,13.89,63.62,False,Normal,0,train
PUMP_02,2026-03-07 10:00:00,0.1346,48.69,33.91,57.34,4.068,0.1557,0.017,7.175,3.93,379.2,138.6,13.02,63.58,False,Normal,0,train
PUMP_02,2026-03-07 11:00:00,0.1243,48.8,33.54,58.51,4.013,0.1506,0.0213,7.105,4.22,374.3,148.6,11.9,63.54,False,Normal,0,train
PUMP_02,2026-03-07 12:00:00,0.1671,51.52,34.62,58.53,3.847,0.154,0.0222,7.257,3.49,387.6,147.7,14.37,63.5,False,Normal,0,train
PUMP_02,2026-03-07 13:00:00,0.161,49.17,34.37,58.83,4.054,0.1506,0.0185,7.172,3.49,373.4,138.6,12.42,63.46,False,Normal,0,train
PUMP_02,2026-03-07 14:00:00,0.1607,49.35,33.76,56.88,4.042,0.1491,0.0169,7.207,4.05,385.6,150.3,13.88,63.42,False,Normal,0,train
PUMP_02,2026-03-07 15:00:00,0.1411,49.62,33.35,58.62,3.881,0.1481,0.0172,7.162,3.91,368.7,147.7,12.36,63.38,False,Normal,0,train
PUMP_02,2026-03-07 16:00:00,0.1534,49.72,33.05,56.85,4.014,0.1513,0.0159,7.163,3.68,379.3,138.7,12.66,63.33,False,Normal,0,train
PUMP_02,2026-03-07 17:00:00,0.1557,51.03,34.02,58.85,4.05,0.1565,0.0089,7.148,4.05,374.0,126.0,12.45,63.29,False,Normal,0,train
PUMP_02,2026-03-07 18:00:00,0.139,48.18,33.85,59.47,3.872,0.1518,0.0096,7.247,4.08,376.7,125.9,14.18,63.25,False,Normal,0,train
PUMP_02,2026-03-07 19:00:00,0.135,49.72,34.71,58.87,4.023,0.1475,0.0104,7.259,3.72,389.1,121.9,14.63,63.21,False,Normal,0,train
PUMP_02,2026-03-07 20:00:00,0.1267,51.74,34.6,57.79,3.946,0.1418,0.011,7.201,3.79,378.3,117.5,13.3,63.17,False,Normal,0,train
PUMP_02,2026-03-07 21:00:00,0.1493,53.2,34.02,58.68,4.043,0.1432,0.0114,7.173,4.09,374.5,100.4,12.9,63.12,False,Normal,0,train
PUMP_02,2026-03-07 22:00:00,0.1534,47.97,33.95,56.16,3.925,0.1432,0.0114,7.115,3.59,382.4,99.2,11.96,63.08,False,Normal,0,train
PUMP_02,2026-03-07 23:00:00,0.1413,50.5,33.31,55.89,4.083,0.1408,0.0097,7.24,3.76,378.2,102.7,13.89,63.04,False,Normal,0,train
PUMP_02,2026-03-08 00:00:00,0.1457,49.71,34.64,58.56,3.981,0.1419,0.0098,7.166,4.21,380.8,101.9,13.14,63.0,False,Normal,0,train
PUMP_02,2026-03-08 01:00:00,0.1493,49.85,33.97,59.57,3.951,0.1443,0.0095,7.144,3.99,375.4,96.7,12.41,62.96,False,Normal,0,train
PUMP_02,2026-03-08 02:00:00,0.1669,48.82,34.36,56.52,3.942,0.151,0.0088,7.201,3.81,375.7,100.4,13.21,62.92,False,Normal,0,train
PUMP_02,2026-03-08 03:00:00,0.1365,51.13,34.71,58.02,4.07,0.1488,0.0106,7.183,3.64,376.1,100.2,12.82,62.88,False,Normal,0,train
PUMP_02,2026-03-08 04:00:00,0.1421,51.06,33.66,58.53,3.942,0.147,0.0107,7.124,3.59,384.0,106.2,12.17,62.83,False,Normal,0,train
PUMP_02,2026-03-08 05:00:00,0.1434,53.78,33.5,57.26,4.085,0.1473,0.0105,7.131,3.95,378.9,108.1,12.31,62.79,False,Normal,0,train
PUMP_02,2026-03-08 06:00:00,0.1578,48.02,35.48,57.59,4.017,0.1493,0.0112,7.217,4.81,374.8,115.4,14.12,62.75,False,Normal,0,train
PUMP_02,2026-03-08 07:00:00,0.1644,47.38,34.36,58.74,3.889,0.1519,0.0128,7.167,4.23,380.8,115.1,13.17,62.71,False,Normal,0,train
PUMP_02,2026-03-08 08:00:00,0.1426,53.08,33.83,58.13,4.002,0.1478,0.0108,7.226,3.47,380.4,129.4,13.55,62.67,False,Normal,0,train
PUMP_02,2026-03-08 09:00:00,0.1707,49.92,34.74,58.14,4.004,0.1535,0.0125,7.207,4.28,382.9,127.5,13.93,62.62,False,Normal,0,train
PUMP_02,2026-03-08 10:00:00,0.1769,49.31,33.82,56.82,3.887,0.1593,0.0141,7.252,3.7,377.6,140.6,14.03,62.58,False,Normal,0,train
PUMP_02,2026-03-08 11:00:00,0.1588,50.28,34.2,57.96,4.001,0.1619,0.0119,7.158,4.0,379.6,139.9,12.82,62.54,False,Normal,0,train
PUMP_02,2026-03-08 12:00:00,0.1668,47.91,33.66,57.52,4.043,0.1634,0.0118,7.212,3.76,382.1,145.6,13.61,62.5,False,Normal,0,train
PUMP_02,2026-03-08 13:00:00,0.1337,50.56,33.99,57.59,4.09,0.1582,0.0169,7.232,4.81,375.0,141.2,14.37,62.46,False,Normal,0,train
PUMP_02,2026-03-08 14:00:00,0.1316,49.88,33.84,57.35,4.087,0.1564,0.0193,7.169,3.55,384.4,142.1,12.87,62.42,False,Normal,0,train
PUMP_02,2026-03-08 15:00:00,0.1506,51.61,33.55,57.97,4.191,0.1531,0.0181,7.256,4.13,380.1,143.1,14.49,62.38,False,Normal,0,train
PUMP_02,2026-03-08 16:00:00,0.1408,51.29,34.15,56.96,4.0,0.1471,0.0141,7.117,3.73,374.5,140.7,11.75,62.33,False,Normal,0,train
PUMP_02,2026-03-08 17:00:00,0.1269,51.41,33.62,58.01,4.044,0.1417,0.0148,7.158,4.3,374.5,136.9,12.81,62.29,False,Normal,0,train
PUMP_02,2026-03-08 18:00:00,0.1614,50.29,34.35,57.56,3.952,0.1408,0.013,7.115,4.12,379.5,121.9,12.2,62.25,False,Normal,0,train
PUMP_02,2026-03-08 19:00:00,0.1448,52.41,33.82,56.88,4.151,0.1427,0.0126,7.163,4.5,377.2,114.0,13.15,62.21,False,Normal,0,train
PUMP_02,2026-03-08 20:00:00,0.1519,50.86,32.97,55.66,3.929,0.1461,0.0117,7.192,4.29,383.8,109.6,13.73,62.17,False,Normal,0,train
PUMP_02,2026-03-08 21:00:00,0.1328,49.2,34.37,59.14,4.147,0.1431,0.0126,7.242,3.72,378.6,103.2,13.91,62.12,False,Normal,0,train
PUMP_02,2026-03-08 22:00:00,0.1702,48.79,34.38,58.9,4.137,0.148,0.0166,7.192,5.17,381.5,108.6,14.26,62.08,False,Normal,0,train
PUMP_02,2026-03-08 23:00:00,0.1451,48.96,35.35,57.03,3.937,0.151,0.0133,7.17,4.22,375.8,103.7,13.0,62.04,False,Normal,0,train
PUMP_02,2026-03-09 00:00:00,0.1653,50.88,34.01,58.82,4.083,0.1517,0.014,7.123,3.78,379.9,91.9,12.1,62.0,False,Normal,0,train
PUMP_02,2026-03-09 01:00:00,0.1438,48.0,34.11,56.77,4.037,0.1515,0.0141,7.139,4.08,386.6,101.8,12.86,61.96,False,Normal,0,train
PUMP_02,2026-03-09 02:00:00,0.1575,50.23,34.29,57.63,3.967,0.1524,0.0143,7.216,4.25,379.3,101.0,13.89,61.92,False,Normal,0,train
PUMP_02,2026-03-09 03:00:00,0.1654,48.75,34.61,57.36,3.989,0.1579,0.0112,7.244,4.24,377.2,91.8,14.26,61.88,False,Normal,0,train
PUMP_02,2026-03-09 04:00:00,0.1886,48.12,34.57,57.67,4.021,0.161,0.0165,7.179,4.2,375.7,98.2,13.12,61.83,False,Normal,0,train
PUMP_02,2026-03-09 05:00:00,0.1531,48.36,34.19,58.78,4.029,0.1623,0.0152,7.261,4.39,379.9,100.9,14.74,61.79,False,Normal,0,train
PUMP_02,2026-03-09 06:00:00,0.163,49.96,33.98,57.52,4.12,0.1619,0.0152,7.129,5.19,387.0,113.2,13.48,61.75,False,Normal,0,train
PUMP_02,2026-03-09 07:00:00,0.1685,51.15,34.51,57.59,4.046,0.166,0.0124,7.108,6.2,373.2,120.1,13.28,61.71,False,Normal,0,train
PUMP_02,2026-03-09 08:00:00,0.1374,48.99,33.96,58.89,3.938,0.1627,0.017,7.103,7.72,379.8,126.5,14.53,61.67,False,Normal,0,train
PUMP_02,2026-03-09 09:00:00,0.1245,46.89,33.23,58.07,4.059,0.1559,0.0229,7.141,9.54,371.4,124.4,16.07,61.62,False,Normal,0,train
PUMP_02,2026-03-09 10:00:00,0.1401,54.73,33.1,57.29,3.86,0.1478,0.0167,7.071,9.08,377.9,132.0,14.9,61.58,False,Normal,0,train
PUMP_02,2026-03-09 11:00:00,0.1671,51.68,33.82,58.29,3.969,0.1501,0.0185,6.974,8.77,381.3,142.7,14.11,61.54,False,Normal,0,train
PUMP_02,2026-03-09 12:00:00,0.1757,51.4,34.07,59.19,3.977,0.1522,0.0208,7.136,7.94,378.1,146.6,15.15,61.5,False,Normal,0,train
PUMP_02,2026-03-09 13:00:00,0.1336,52.44,35.48,59.27,4.053,0.1464,0.0203,7.229,6.09,395.9,136.9,16.09,61.46,False,Normal,0,train
PUMP_02,2026-03-09 14:00:00,0.1267,50.14,33.93,56.41,4.142,0.1446,0.0216,7.134,5.81,402.0,139.0,14.62,61.42,False,Normal,0,train
PUMP_02,2026-03-09 15:00:00,0.166,49.8,34.03,56.47,4.017,0.1515,0.0205,7.155,3.13,414.6,145.7,13.61,61.38,False,Normal,0,train
PUMP_02,2026-03-09 16:00:00,0.1329,52.03,33.76,59.2,3.971,0.1503,0.0215,7.243,4.61,415.7,132.8,16.11,61.33,False,Normal,0,train
PUMP_02,2026-03-09 17:00:00,0.1348,52.02,34.37,57.65,3.944,0.145,0.0205,7.298,4.47,409.1,132.4,16.61,61.29,False,Normal,0,train
PUMP_02,2026-03-09 18:00:00,0.1619,50.92,34.17,55.36,4.067,0.1426,0.0168,7.242,3.33,409.4,121.2,14.94,61.25,False,Normal,0,train
PUMP_02,2026-03-09 19:00:00,0.1598,51.32,33.62,57.12,3.984,0.147,0.0174,7.119,4.36,392.9,123.3,12.99,61.21,False,Normal,0,train
PUMP_02,2026-03-09 20:00:00,0.1554,48.14,33.39,57.47,3.96,0.1518,0.0143,7.238,4.0,397.0,105.5,14.81,61.17,False,Normal,0,train
PUMP_02,2026-03-09 21:00:00,0.1173,49.61,33.76,57.62,4.076,0.1437,0.018,7.22,3.92,368.4,106.3,13.29,61.12,False,Normal,0,train
PUMP_02,2026-03-09 22:00:00,0.1261,52.56,33.49,58.92,4.094,0.1425,0.019,7.152,4.2,378.6,106.1,12.81,61.08,False,Normal,0,train
PUMP_02,2026-03-09 23:00:00,0.1642,51.21,33.86,56.88,3.923,0.1474,0.0203,7.264,3.3,380.5,100.8,14.06,61.04,False,Normal,0,train
PUMP_02,2026-03-10 00:00:00,0.1548,47.81,34.08,59.12,3.88,0.1463,0.0195,7.222,4.0,386.7,94.0,14.13,61.0,False,Normal,0,train
PUMP_02,2026-03-10 01:00:00,0.1409,49.2,33.7,58.34,3.992,0.1431,0.0184,7.266,4.03,380.4,92.2,14.59,60.96,False,Normal,0,train
PUMP_02,2026-03-10 02:00:00,0.1498,52.31,34.87,56.46,3.909,0.1422,0.0178,7.147,4.03,380.9,94.9,12.71,60.92,False,Normal,0,train
PUMP_02,2026-03-10 03:00:00,0.1737,50.68,34.7,57.62,3.898,0.1516,0.0169,7.22,3.45,381.9,93.2,13.51,60.88,False,Normal,0,train
PUMP_02,2026-03-10 04:00:00,0.1816,50.27,33.86,58.59,3.917,0.1608,0.0153,7.155,4.18,386.3,101.9,13.17,60.83,False,Normal,0,train
PUMP_02,2026-03-10 05:00:00,0.1596,50.32,33.42,58.05,4.084,0.1601,0.0152,7.212,4.42,378.1,107.2,13.92,60.79,False,Normal,0,train
PUMP_02,2026-03-10 06:00:00,0.1497,49.87,33.98,58.45,4.052,0.1592,0.0157,7.274,4.16,373.0,111.9,14.5,60.75,False,Normal,0,train
PUMP_02,2026-03-10 07:00:00,0.1555,49.21,33.92,57.3,4.197,0.1616,0.0132,7.129,3.91,372.0,124.0,11.96,60.71,False,Normal,0,train
PUMP_02,2026-03-10 08:00:00,0.1788,48.75,33.96,58.67,3.949,0.1665,0.0133,7.132,5.08,383.3,122.2,13.3,60.67,False,Normal,0,train
PUMP_02,2026-03-10 09:00:00,0.1769,51.52,33.76,57.52,4.106,0.167,0.0137,7.248,3.63,381.1,125.7,14.05,60.62,False,Normal,0,train
PUMP_02,2026-03-10 10:00:00,0.1579,50.36,33.37,61.06,4.039,0.1631,0.0119,7.199,4.31,378.7,135.6,13.65,60.58,False,Normal,0,train
PUMP_02,2026-03-10 11:00:00,0.1446,51.06,34.02,56.42,3.955,0.1606,0.0142,7.259,4.1,377.1,142.1,14.38,60.54,False,Normal,0,train
PUMP_02,2026-03-10 12:00:00,0.1662,50.82,33.79,61.24,3.988,0.1633,0.0132,7.16,4.8,380.9,143.7,13.46,60.5,False,Normal,0,train
PUMP_02,2026-03-10 13:00:00,0.1718,52.11,33.84,56.86,3.955,0.166,0.013,7.203,4.15,381.0,144.4,13.69,60.46,False,Normal,0,train
PUMP_02,2026-03-10 14:00:00,0.1232,50.68,34.06,59.53,4.021,0.1568,0.02,7.234,4.24,382.4,139.6,14.32,60.42,False,Normal,0,train
PUMP_02,2026-03-10 15:00:00,0.1394,51.24,33.96,58.99,4.079,0.1505,0.0182,7.211,4.2,374.5,137.7,13.58,60.38,False,Normal,0,train
PUMP_02,2026-03-10 16:00:00,0.1587,50.25,34.04,56.91,3.971,0.1506,0.0183,7.111,3.58,371.2,135.7,11.41,60.33,False,Normal,0,train
PUMP_02,2026-03-10 17:00:00,0.1414,48.58,33.76,58.72,4.068,0.1501,0.0185,7.341,3.65,375.4,130.2,15.32,60.29,False,Normal,0,train
PUMP_02,2026-03-10 18:00:00,0.1327,49.66,34.22,57.41,4.102,0.1445,0.0178,7.211,3.89,373.2,130.9,13.31,60.25,False,Normal,0,train
PUMP_02,2026-03-10 19:00:00,0.1431,50.88,33.57,58.33,4.12,0.1398,0.0118,7.133,4.38,373.0,121.1,12.4,60.21,False,Normal,0,train
PUMP_02,2026-03-10 20:00:00,0.1469,51.02,33.35,58.18,3.906,0.1437,0.0087,7.216,4.09,387.8,111.4,14.14,60.17,False,Normal,0,train
PUMP_02,2026-03-10 21:00:00,0.126,52.18,33.47,57.58,3.996,0.1415,0.0114,7.221,3.92,368.7,111.9,13.31,60.12,False,Normal,0,train
PUMP_02,2026-03-10 22:00:00,0.1464,49.31,33.59,57.48,4.057,0.1394,0.0083,7.25,4.55,382.3,104.1,14.78,60.08,False,Normal,0,train
PUMP_02,2026-03-10 23:00:00,0.1529,50.34,33.23,58.41,3.913,0.1413,0.01,7.246,3.21,384.5,92.9,13.88,60.04,False,Normal,0,train
PUMP_02,2026-03-11 00:00:00,0.1426,49.81,32.98,56.92,3.895,0.143,0.0091,7.189,3.48,384.9,82.9,13.17,60.0,False,Normal,0,train
PUMP_02,2026-03-11 01:00:00,0.1409,52.44,34.3,56.96,3.998,0.1426,0.0091,7.114,3.0,381.4,89.7,11.48,59.96,False,Normal,0,train
PUMP_02,2026-03-11 02:00:00,0.1469,50.56,34.76,59.15,3.967,0.1426,0.0091,7.223,4.48,386.6,98.2,14.48,59.92,False,Normal,0,train
PUMP_02,2026-03-11 03:00:00,0.1425,50.59,34.33,58.51,3.986,0.1454,0.0044,7.118,3.96,388.9,101.9,12.53,59.88,False,Normal,0,train
PUMP_02,2026-03-11 04:00:00,0.1714,49.95,33.71,56.43,3.962,0.1495,0.0116,7.261,4.39,378.5,95.7,14.68,59.83,False,Normal,0,train
PUMP_02,2026-03-11 05:00:00,0.1449,49.66,32.97,56.8,4.173,0.1482,0.0116,7.163,3.96,382.2,110.1,12.98,59.79,False,Normal,0,train
PUMP_02,2026-03-11 06:00:00,0.1628,47.83,34.12,55.44,3.963,0.1516,0.0125,7.232,4.41,386.4,116.0,14.56,59.75,False,Normal,0,train
PUMP_02,2026-03-11 07:00:00,0.154,48.11,33.04,59.09,4.047,0.1538,0.0114,7.167,3.95,375.7,125.6,12.76,59.71,False,Normal,0,train
PUMP_02,2026-03-11 08:00:00,0.1481,50.27,33.95,58.83,4.041,0.154,0.0112,7.175,4.16,378.8,130.3,13.17,59.67,False,Normal,0,train
PUMP_02,2026-03-11 09:00:00,0.1776,50.08,33.52,56.69,3.865,0.1598,0.0131,7.16,4.11,376.9,137.9,12.8,59.62,False,Normal,0,train
PUMP_02,2026-03-11 10:00:00,0.153,50.28,32.63,58.78,4.117,0.1567,0.0119,7.236,4.14,382.3,139.6,14.26,59.58,False,Normal,0,train
PUMP_02,2026-03-11 11:00:00,0.1425,51.41,34.89,60.38,4.05,0.1563,0.0124,7.169,4.67,370.5,143.5,13.08,59.54,False,Normal,0,train
PUMP_02,2026-03-11 12:00:00,0.1385,50.14,33.25,56.15,4.013,0.1523,0.0138,7.238,3.35,387.2,142.8,13.96,59.5,False,Normal,0,train
PUMP_02,2026-03-11 13:00:00,0.1525,49.48,33.79,57.26,4.085,0.152,0.0137,7.17,3.97,382.7,148.3,13.12,59.46,False,Normal,0,train
PUMP_02,2026-03-11 14:00:00,0.1574,49.69,33.92,56.13,3.996,0.1536,0.0137,7.188,4.08,382.9,138.8,13.49,59.42,False,Normal,0,train
PUMP_02,2026-03-11 15:00:00,0.162,50.37,33.72,59.14,4.071,0.151,0.0089,7.202,4.02,368.2,141.1,13.05,59.38,False,Normal,0,train
PUMP_02,2026-03-11 16:00:00,0.1388,49.43,34.28,57.88,3.85,0.1486,0.0101,7.208,3.84,374.8,139.8,13.29,59.33,False,Normal,0,train
PUMP_02,2026-03-11 17:00:00,0.1369,51.6,33.56,57.52,4.065,0.1477,0.011,7.154,3.79,387.5,138.1,12.92,59.29,False,Normal,0,train
PUMP_02,2026-03-11 18:00:00,0.142,49.98,34.23,58.27,4.015,0.1483,0.0105,7.235,4.61,379.1,124.6,14.45,59.25,False,Normal,0,train
PUMP_02,2026-03-11 19:00:00,0.1428,50.38,34.19,57.33,4.016,0.1466,0.0104,7.186,3.97,371.4,123.9,12.9,59.21,False,Normal,0,train
PUMP_02,2026-03-11 20:00:00,0.1298,48.78,33.17,57.52,3.933,0.142,0.0108,7.227,4.98,381.1,112.7,14.66,59.17,False,Normal,0,train
PUMP_02,2026-03-11 21:00:00,0.1649,51.6,34.14,58.33,3.982,0.1425,0.0119,7.199,4.21,383.4,111.4,13.78,59.12,False,Normal,0,train
PUMP_02,2026-03-11 22:00:00,0.1453,52.16,33.37,57.27,3.98,0.1436,0.0118,7.229,3.88,382.7,99.1,14.0,59.08,False,Normal,0,train
PUMP_02,2026-03-11 23:00:00,0.1554,47.96,33.3,57.44,3.909,0.1467,0.0121,7.179,4.22,379.2,101.3,13.29,59.04,False,Normal,0,train
PUMP_02,2026-03-12 00:00:00,0.1564,50.6,34.17,57.81,4.029,0.1491,0.0124,7.161,4.04,385.7,95.5,13.14,59.0,False,Normal,0,train
PUMP_02,2026-03-12 01:00:00,0.1586,49.84,33.75,58.11,4.126,0.1517,0.0125,7.219,4.61,376.5,90.3,14.09,58.96,False,Normal,0,train
PUMP_02,2026-03-12 02:00:00,0.1399,50.43,34.22,58.72,3.886,0.1534,0.0092,7.172,3.65,382.7,95.2,12.92,58.92,False,Normal,0,train
PUMP_02,2026-03-12 03:00:00,0.157,50.68,34.23,58.7,4.039,0.1521,0.0076,7.27,3.4,380.7,103.6,14.22,58.88,False,Normal,0,train
PUMP_02,2026-03-12 04:00:00,0.1929,46.65,33.14,56.2,3.966,0.16,0.0175,7.2,4.26,379.3,98.2,13.66,58.83,False,Normal,0,train
PUMP_02,2026-03-12 05:00:00,0.1835,51.14,34.44,59.69,3.957,0.1647,0.0196,7.128,4.45,378.1,101.6,12.58,58.79,False,Normal,0,train
PUMP_02,2026-03-12 06:00:00,0.1624,51.67,34.17,58.07,4.006,0.1657,0.0193,7.167,4.23,378.3,115.1,13.07,58.75,False,Normal,0,train
PUMP_02,2026-03-12 07:00:00,0.1542,51.84,33.65,57.6,4.007,0.165,0.0197,7.149,4.31,380.7,113.3,12.93,58.71,False,Normal,0,train
PUMP_02,2026-03-12 08:00:00,0.1254,48.58,33.92,56.92,4.015,0.1626,0.0238,7.254,4.21,379.4,132.7,14.48,58.67,False,Normal,0,train
PUMP_02,2026-03-12 09:00:00,0.1496,49.95,34.46,60.39,3.91,0.1613,0.0244,7.239,3.41,384.5,138.7,13.89,58.62,False,Normal,0,train
PUMP_02,2026-03-12 10:00:00,0.1538,49.19,33.81,60.83,4.087,0.1548,0.0188,7.197,4.11,378.2,141.8,13.45,58.58,False,Normal,0,train
PUMP_02,2026-03-12 11:00:00,0.1478,47.13,35.27,60.24,4.006,0.1489,0.0126,7.215,4.53,388.7,141.6,14.46,58.54,False,Normal,0,train
PUMP_02,2026-03-12 12:00:00,0.1463,49.07,34.89,58.15,4.048,0.1462,0.0107,7.196,4.07,377.9,150.8,13.39,58.5,False,Normal,0,train
PUMP_02,2026-03-12 13:00:00,0.1567,48.37,34.07,58.41,4.097,0.1466,0.0111,7.243,3.48,384.9,150.4,14.03,58.46,False,Normal,0,train
PUMP_02,2026-03-12 14:00:00,0.13,50.5,33.86,59.79,3.846,0.1474,0.0093,7.226,3.87,384.8,142.0,14.02,58.42,False,Normal,0,train
PUMP_02,2026-03-12 15:00:00,0.147,47.55,33.89,57.71,4.05,0.1469,0.0093,7.235,4.22,380.8,147.4,14.25,58.38,False,Normal,0,train
PUMP_02,2026-03-12 16:00:00,0.1397,48.53,33.64,58.65,3.987,0.1446,0.009,7.19,4.72,380.4,134.0,13.87,58.33,False,Normal,0,train
PUMP_02,2026-03-12 17:00:00,0.1271,49.22,34.08,58.27,4.082,0.1411,0.0112,7.168,3.22,376.4,131.7,12.3,58.29,False,Normal,0,train
PUMP_02,2026-03-12 18:00:00,0.1651,51.16,34.41,60.3,3.936,0.1443,0.0149,7.233,4.14,377.4,119.3,14.03,58.25,False,Normal,0,train
PUMP_02,2026-03-12 19:00:00,0.1516,54.17,33.19,59.72,4.075,0.1434,0.0142,7.278,3.63,381.1,120.6,14.53,58.21,False,Normal,0,train
PUMP_02,2026-03-12 20:00:00,0.1295,50.45,34.39,57.83,3.916,0.1433,0.0143,7.255,4.2,379.8,112.4,14.52,58.17,False,Normal,0,train
PUMP_02,2026-03-12 21:00:00,0.1507,48.45,34.56,59.83,4.032,0.144,0.0146,7.279,4.24,385.9,105.7,15.18,58.12,False,Normal,0,train
PUMP_02,2026-03-12 22:00:00,0.1242,48.98,34.34,58.0,4.023,0.1414,0.0167,7.208,3.91,377.7,101.7,13.47,58.08,False,Normal,0,train
PUMP_02,2026-03-12 23:00:00,0.1375,50.99,33.92,57.35,3.988,0.1431,0.0154,7.152,4.25,378.0,96.0,12.82,58.04,False,Normal,0,train
PUMP_02,2026-03-13 00:00:00,0.1699,47.98,34.32,57.66,3.917,0.1439,0.0168,7.156,4.46,371.7,96.0,12.77,58.0,False,Normal,0,train
PUMP_02,2026-03-13 01:00:00,0.1579,51.65,34.78,58.18,3.971,0.145,0.0176,7.262,4.17,383.2,100.1,14.75,57.96,False,Normal,0,train
PUMP_02,2026-03-13 02:00:00,0.1591,50.41,33.97,57.06,4.074,0.1499,0.0165,7.084,4.26,382.8,91.6,11.95,57.92,False,Normal,0,train
PUMP_02,2026-03-13 03:00:00,0.1719,49.81,34.01,57.38,4.119,0.1534,0.0188,7.237,5.91,384.9,101.8,15.63,57.88,False,Normal,0,train
PUMP_02,2026-03-13 04:00:00,0.1678,47.47,35.28,56.27,4.156,0.1607,0.0127,7.101,6.42,385.2,103.2,13.83,57.83,False,Normal,0,train
PUMP_02,2026-03-13 05:00:00,0.1557,51.38,34.18,57.01,4.042,0.1637,0.0069,7.226,6.67,383.9,109.0,15.95,57.79,False,Normal,0,train
PUMP_02,2026-03-13 06:00:00,0.174,48.86,33.4,58.28,4.02,0.1644,0.0078,7.127,6.16,384.2,113.4,14.02,57.75,False,Normal,0,train
PUMP_02,2026-03-13 07:00:00,0.1343,50.23,34.52,59.25,4.036,0.1605,0.0147,7.173,6.6,384.7,117.1,15.09,57.71,False,Normal,0,train
PUMP_02,2026-03-13 08:00:00,0.1486,49.76,34.24,59.1,4.154,0.1587,0.0155,7.272,6.46,389.5,128.2,16.78,57.67,False,Normal,0,train
PUMP_02,2026-03-13 09:00:00,0.1556,47.62,33.61,58.52,4.042,0.156,0.0141,7.152,5.05,380.4,134.6,13.48,57.62,False,Normal,0,train
PUMP_02,2026-03-13 10:00:00,0.1632,49.65,33.34,56.16,4.007,0.1552,0.0134,7.173,4.39,389.4,134.5,13.73,57.58,False,Normal,0,train
PUMP_02,2026-03-13 11:00:00,0.1477,48.18,34.14,56.97,3.978,0.1539,0.0137,7.165,3.57,391.1,136.3,13.11,57.54,False,Normal,0,train
PUMP_02,2026-03-13 12:00:00,0.1232,49.02,33.96,57.76,3.987,0.1454,0.0145,7.15,3.71,403.8,144.5,13.49,57.5,False,Normal,0,train
PUMP_02,2026-03-13 13:00:00,0.1185,50.65,33.25,59.16,4.031,0.1428,0.018,7.184,3.57,391.8,148.0,13.43,57.46,False,Normal,0,train
PUMP_02,2026-03-13 14:00:00,0.144,51.05,33.95,57.33,3.94,0.142,0.0178,7.172,4.05,388.6,148.2,13.45,57.42,False,Normal,0,train
PUMP_02,2026-03-13 15:00:00,0.1358,49.97,33.91,56.54,3.95,0.1387,0.0165,7.137,3.86,387.9,146.5,12.73,57.38,False,Normal,0,train
PUMP_02,2026-03-13 16:00:00,0.1277,48.67,33.96,59.74,3.995,0.1328,0.0117,7.189,4.15,376.3,139.2,13.28,57.33,False,Normal,0,train
PUMP_02,2026-03-13 17:00:00,0.1242,49.03,34.29,57.12,3.964,0.1289,0.0094,7.222,3.64,381.9,131.4,13.69,57.29,False,Normal,0,train
PUMP_02,2026-03-13 18:00:00,0.142,49.0,32.94,56.65,4.048,0.132,0.0102,7.155,3.93,369.3,126.5,12.29,57.25,False,Normal,0,train
PUMP_02,2026-03-13 19:00:00,0.1599,46.79,33.33,58.27,4.054,0.1389,0.0129,7.192,3.62,374.1,115.0,12.86,57.21,False,Normal,0,train
PUMP_02,2026-03-13 20:00:00,0.1433,50.11,33.71,57.94,4.021,0.1388,0.0128,7.27,4.08,381.0,110.8,14.72,57.17,False,Normal,0,train
PUMP_02,2026-03-13 21:00:00,0.1627,47.5,34.8,57.4,4.039,0.1433,0.0159,7.129,3.35,373.8,107.3,11.65,57.12,False,Normal,0,train
PUMP_02,2026-03-13 22:00:00,0.1394,50.11,35.42,58.0,4.009,0.1452,0.0142,7.297,4.06,386.5,101.3,15.36,57.08,False,Normal,0,train
PUMP_02,2026-03-13 23:00:00,0.1541,47.81,34.0,56.89,3.697,0.1502,0.01,7.166,3.89,380.2,98.7,12.89,57.04,False,Normal,0,train
PUMP_02,2026-03-14 00:00:00,0.1703,48.19,34.03,57.39,3.93,0.155,0.0118,7.21,4.07,385.7,90.4,13.95,57.0,False,Normal,0,train
PUMP_02,2026-03-14 01:00:00,0.1502,51.0,32.53,57.96,4.057,0.1533,0.0117,7.264,3.34,381.8,90.4,14.14,56.96,False,Normal,0,train
PUMP_02,2026-03-14 02:00:00,0.1554,50.04,34.54,55.56,3.933,0.1554,0.0106,7.279,4.26,379.9,99.0,14.95,56.92,False,Normal,0,train
PUMP_02,2026-03-14 03:00:00,0.1515,47.17,34.27,59.15,4.068,0.1535,0.01,7.223,3.88,375.0,95.0,13.58,56.88,False,Normal,0,train
PUMP_02,2026-03-14 04:00:00,0.1675,49.16,34.17,56.35,4.073,0.1582,0.0086,7.165,4.09,384.6,99.6,13.2,56.83,False,Normal,0,train
PUMP_02,2026-03-14 05:00:00,0.1732,50.39,33.25,56.87,3.979,0.1614,0.0101,7.161,3.25,382.2,107.9,12.44,56.79,False,Normal,0,train
PUMP_02,2026-03-14 06:00:00,0.1653,49.07,35.19,59.2,3.953,0.1605,0.0094,7.171,3.5,390.4,109.8,13.13,56.75,False,Normal,0,train
PUMP_02,2026-03-14 07:00:00,0.1562,49.49,34.91,58.68,4.001,0.1615,0.0084,7.294,3.84,384.1,124.4,15.07,56.71,False,Normal,0,train
PUMP_02,2026-03-14 08:00:00,0.1362,50.37,34.18,58.1,3.996,0.1583,0.0134,7.181,4.55,378.0,121.4,13.5,56.67,False,Normal,0,train
PUMP_02,2026-03-14 09:00:00,0.1563,50.07,34.6,55.95,4.05,0.1591,0.013,7.216,4.21,381.4,132.5,13.97,56.62,False,Normal,0,train
PUMP_02,2026-03-14 10:00:00,0.1521,48.51,34.03,57.27,3.813,0.1566,0.0126,7.148,4.05,382.1,134.7,12.79,56.58,False,Normal,0,train
PUMP_02,2026-03-14 11:00:00,0.1561,50.03,34.49,57.74,3.941,0.1537,0.0096,7.142,3.63,385.8,142.3,12.56,56.54,False,Normal,0,train
PUMP_02,2026-03-14 12:00:00,0.1518,49.57,33.22,57.83,3.919,0.1514,0.0078,7.201,3.56,386.6,142.2,13.49,56.5,False,Normal,0,train
PUMP_02,2026-03-14 13:00:00,0.171,52.59,32.64,59.37,3.799,0.1539,0.0112,7.184,4.11,379.2,144.9,13.28,56.46,False,Normal,0,train
PUMP_02,2026-03-14 14:00:00,0.1346,49.85,33.24,60.39,3.96,0.1536,0.0117,7.187,4.28,373.9,149.0,13.24,56.42,False,Normal,0,train
PUMP_02,2026-03-14 15:00:00,0.1193,50.2,33.52,58.74,3.88,0.1475,0.018,7.126,4.08,370.7,138.9,11.99,56.38,False,Normal,0,train
PUMP_02,2026-03-14 16:00:00,0.1242,50.39,33.61,57.36,3.969,0.1428,0.0201,7.196,4.68,374.3,134.9,13.68,56.33,False,Normal,0,train
PUMP_02,2026-03-14 17:00:00,0.1308,49.52,34.27,59.46,3.961,0.1386,0.0194,7.277,3.73,377.0,131.2,14.43,56.29,False,Normal,0,train
PUMP_02,2026-03-14 18:00:00,0.1562,48.92,33.85,57.29,4.036,0.1394,0.0201,7.157,4.07,387.5,132.4,13.18,56.25,False,Normal,0,train
PUMP_02,2026-03-14 19:00:00,0.1209,50.69,33.98,54.85,3.98,0.131,0.0137,7.245,3.32,387.6,119.6,14.06,56.21,False,Normal,0,train
PUMP_02,2026-03-14 20:00:00,0.1239,50.7,33.29,56.5,3.865,0.1292,0.0138,7.027,4.08,384.8,118.5,10.99,56.17,False,Normal,0,train
PUMP_02,2026-03-14 21:00:00,0.1491,53.12,33.24,55.15,4.028,0.1342,0.0148,7.16,4.59,386.2,106.8,13.53,56.12,False,Normal,0,train
PUMP_02,2026-03-14 22:00:00,0.1577,51.11,34.02,57.54,4.194,0.1398,0.0165,7.104,3.58,376.5,107.1,11.53,56.08,False,Normal,0,train
PUMP_02,2026-03-14 23:00:00,0.1242,51.14,33.67,57.79,4.086,0.1387,0.0174,7.262,4.34,372.4,100.0,14.41,56.04,False,Normal,0,train
PUMP_02,2026-03-15 00:00:00,0.1234,51.08,34.0,56.09,4.054,0.1332,0.0159,7.244,4.58,375.0,98.1,14.4,56.0,False,Normal,0,train
PUMP_02,2026-03-15 01:00:00,0.1408,48.96,34.33,56.98,3.984,0.1365,0.0149,7.148,3.72,369.8,89.3,12.06,55.96,False,Normal,0,train
PUMP_02,2026-03-15 02:00:00,0.1649,48.11,34.98,56.29,3.961,0.1434,0.0172,7.214,4.19,374.4,89.5,13.63,55.92,False,Normal,0,train
PUMP_02,2026-03-15 03:00:00,0.1592,48.49,33.99,57.85,3.955,0.145,0.0183,7.26,4.63,377.5,102.6,14.8,55.88,False,Normal,0,train
PUMP_02,2026-03-15 04:00:00,0.1474,51.03,35.09,56.98,4.019,0.1433,0.0173,7.268,4.09,380.8,106.6,14.69,55.83,False,Normal,0,train
PUMP_02,2026-03-15 05:00:00,0.1708,52.13,34.24,59.21,3.909,0.1511,0.0175,7.18,4.31,380.7,117.2,13.42,55.79,False,Normal,0,train
PUMP_02,2026-03-15 06:00:00,0.1619,51.1,34.41,58.2,4.018,0.1575,0.0113,7.09,3.29,376.6,107.6,11.09,55.75,False,Normal,0,train
PUMP_02,2026-03-15 07:00:00,0.158,49.75,34.63,59.93,3.947,0.1604,0.0078,7.155,4.24,382.8,121.9,13.07,55.71,False,Normal,0,train
PUMP_02,2026-03-15 08:00:00,0.1344,52.52,34.43,57.45,3.863,0.1553,0.0127,7.238,4.21,376.6,122.4,14.12,55.67,False,Normal,0,train
PUMP_02,2026-03-15 09:00:00,0.1455,49.33,33.52,60.57,3.946,0.153,0.0131,7.305,3.47,380.1,129.5,14.81,55.62,False,Normal,0,train
PUMP_02,2026-03-15 10:00:00,0.1844,48.28,34.65,58.0,4.1,0.1592,0.0178,7.197,3.61,374.5,135.7,12.96,55.58,False,Normal,0,train
PUMP_02,2026-03-15 11:00:00,0.1475,50.38,33.78,57.37,4.011,0.1553,0.0173,7.17,4.24,385.4,143.2,13.41,55.54,False,Normal,0,train
PUMP_02,2026-03-15 12:00:00,0.1356,51.94,34.18,60.89,3.716,0.1509,0.0185,7.32,3.88,380.1,141.5,15.34,55.5,False,Normal,0,train
PUMP_02,2026-03-15 13:00:00,0.1417,48.73,34.08,55.81,3.946,0.1482,0.0185,7.22,4.44,383.4,145.1,14.28,55.46,False,Normal,0,train
PUMP_02,2026-03-15 14:00:00,0.1468,47.44,34.69,57.34,4.072,0.1502,0.0173,7.139,4.12,373.9,147.5,12.35,55.42,False,Normal,0,train
PUMP_02,2026-03-15 15:00:00,0.1562,50.06,34.24,56.0,3.976,0.152,0.0173,7.194,4.02,380.9,146.2,13.46,55.38,False,Normal,0,train
PUMP_02,2026-03-15 16:00:00,0.1507,51.16,33.17,55.79,4.042,0.1464,0.0071,7.25,3.93,382.9,140.4,14.37,55.33,False,Normal,0,train
PUMP_02,2026-03-15 17:00:00,0.1302,45.55,35.25,55.52,3.968,0.1435,0.0097,7.196,4.12,369.8,134.3,13.1,55.29,False,Normal,0,train
PUMP_02,2026-03-15 18:00:00,0.1591,51.47,34.5,58.74,4.015,0.1474,0.0105,7.24,4.32,385.8,125.9,14.6,55.25,False,Normal,0,train
PUMP_02,2026-03-15 19:00:00,0.1526,47.95,33.67,56.41,4.003,0.1493,0.0103,7.12,4.21,373.8,117.7,12.11,55.21,False,Normal,0,train
PUMP_02,2026-03-15 20:00:00,0.1347,51.09,33.32,57.69,3.948,0.1472,0.0119,7.128,3.83,381.1,115.7,12.28,55.17,False,Normal,0,train
PUMP_02,2026-03-15 21:00:00,0.141,47.0,34.57,59.07,4.046,0.1447,0.0112,7.163,4.5,388.9,103.3,13.63,55.12,False,Normal,0,train
PUMP_02,2026-03-15 22:00:00,0.154,47.79,33.39,58.56,4.123,0.1453,0.0116,7.186,4.26,384.8,102.8,13.66,55.08,False,Normal,0,train
PUMP_02,2026-03-15 23:00:00,0.1635,50.93,34.48,58.5,4.031,0.1508,0.0109,7.217,4.15,372.6,94.0,13.56,55.04,False,Normal,0,train
PUMP_02,2026-03-16 00:00:00,0.1272,51.82,34.64,59.46,4.008,0.1455,0.0136,7.232,4.04,379.1,95.7,14.0,55.0,False,Normal,0,train
PUMP_02,2026-03-16 01:00:00,0.1536,49.99,33.61,59.93,3.933,0.1457,0.0137,7.323,4.2,386.2,90.8,15.87,54.96,False,Normal,0,train
PUMP_02,2026-03-16 02:00:00,0.1545,53.59,33.56,56.5,4.075,0.149,0.0129,7.163,3.27,375.9,94.2,12.23,54.92,False,Normal,0,train
PUMP_02,2026-03-16 03:00:00,0.1485,48.47,33.72,58.58,3.959,0.1502,0.0123,7.184,4.1,378.2,95.6,13.24,54.88,False,Normal,0,train
PUMP_02,2026-03-16 04:00:00,0.15,48.45,33.41,57.67,4.045,0.1495,0.0121,7.164,4.66,378.1,99.1,13.31,54.83,False,Normal,0,train
PUMP_02,2026-03-16 05:00:00,0.1755,49.55,34.14,57.82,4.061,0.1516,0.0154,7.254,4.09,382.9,107.2,14.54,54.79,False,Normal,0,train
PUMP_02,2026-03-16 06:00:00,0.168,49.48,34.22,56.19,4.079,0.1584,0.0109,7.257,4.03,372.3,103.8,14.11,54.75,False,Normal,0,train
PUMP_02,2026-03-16 07:00:00,0.1913,50.43,34.44,57.36,4.08,0.1646,0.0168,7.178,3.76,383.1,112.8,13.11,54.71,False,Normal,0,train
PUMP_02,2026-03-16 08:00:00,0.1501,48.89,33.5,57.49,4.078,0.1639,0.0175,7.303,4.2,376.9,129.7,15.16,54.67,False,Normal,0,train
PUMP_02,2026-03-16 09:00:00,0.1591,50.85,34.5,59.72,3.9,0.1657,0.0161,7.165,3.92,379.9,133.1,12.88,54.62,False,Normal,0,train
PUMP_02,2026-03-16 10:00:00,0.1596,50.82,33.41,56.61,3.931,0.1673,0.0146,7.251,4.52,378.9,134.8,14.64,54.58,False,Normal,0,train
PUMP_02,2026-03-16 11:00:00,0.166,52.42,34.5,55.14,3.89,0.1657,0.014,7.273,3.65,383.0,145.5,14.55,54.54,False,Normal,0,train
PUMP_02,2026-03-16 12:00:00,0.1704,49.26,33.11,57.99,3.885,0.1661,0.0141,7.132,3.82,379.9,141.6,12.28,54.5,False,Normal,0,train
PUMP_02,2026-03-16 13:00:00,0.1488,50.51,34.94,56.49,4.122,0.159,0.0085,7.229,3.76,387.2,142.7,14.09,54.46,False,Normal,0,train
PUMP_02,2026-03-16 14:00:00,0.1286,50.91,33.69,57.83,3.921,0.1554,0.015,7.064,4.73,384.9,141.0,12.04,54.42,False,Normal,0,train
PUMP_02,2026-03-16 15:00:00,0.1323,49.99,34.36,58.79,3.91,0.151,0.0175,7.241,3.92,376.0,149.3,13.94,54.38,False,Normal,0,train
PUMP_02,2026-03-16 16:00:00,0.1435,49.68,34.41,57.88,3.996,0.1483,0.0171,7.145,3.78,386.8,138.6,12.75,54.33,False,Normal,0,train
PUMP_02,2026-03-16 17:00:00,0.1572,46.9,33.24,57.48,3.94,0.1468,0.0156,7.228,3.16,381.6,133.3,13.44,54.29,False,Normal,0,train
PUMP_02,2026-03-16 18:00:00,0.1183,50.13,34.5,57.81,4.181,0.1381,0.0143,7.238,3.64,380.8,128.3,13.88,54.25,False,Normal,0,train
PUMP_02,2026-03-16 19:00:00,0.1228,50.89,33.67,59.02,3.978,0.1338,0.0144,7.256,4.21,384.2,112.6,14.72,54.21,False,Normal,0,train
PUMP_02,2026-03-16 20:00:00,0.1527,49.91,33.82,56.61,4.036,0.1378,0.0159,7.245,4.21,374.8,111.2,14.14,54.17,False,Normal,0,train
PUMP_02,2026-03-16 21:00:00,0.1235,48.83,33.6,58.87,3.938,0.1363,0.0169,7.203,3.74,373.1,109.3,13.07,54.12,False,Normal,0,train
PUMP_02,2026-03-16 22:00:00,0.1281,47.48,34.97,56.79,3.867,0.1338,0.0168,7.181,3.76,380.1,102.3,13.03,54.08,False,Normal,0,train
PUMP_02,2026-03-16 23:00:00,0.1645,50.68,33.3,58.72,3.942,0.135,0.0189,7.196,4.74,377.0,107.2,13.83,54.04,False,Normal,0,train
PUMP_02,2026-03-17 00:00:00,0.1467,50.05,34.26,56.15,3.943,0.1397,0.0174,7.144,5.08,390.4,93.7,13.79,54.0,False,Normal,0,train
PUMP_02,2026-03-17 01:00:00,0.1481,52.08,33.63,58.65,3.942,0.1439,0.0154,7.189,4.46,376.2,98.8,13.49,53.96,False,Normal,0,train
PUMP_02,2026-03-17 02:00:00,0.1755,47.83,34.65,57.88,3.872,0.1477,0.0201,7.185,4.62,380.2,99.1,13.71,53.92,False,Normal,0,train
PUMP_02,2026-03-17 03:00:00,0.1411,49.29,35.39,58.12,4.011,0.1507,0.0169,7.161,4.71,381.0,98.9,13.41,53.88,False,Normal,0,train
PUMP_02,2026-03-17 04:00:00,0.1397,48.02,33.62,59.15,3.973,0.1526,0.0143,7.113,4.89,386.2,103.6,12.98,53.83,False,Normal,0,train
PUMP_02,2026-03-17 05:00:00,0.1841,51.54,34.08,57.01,3.877,0.1559,0.019,7.136,3.88,375.0,106.3,12.19,53.79,False,Normal,0,train
PUMP_02,2026-03-17 06:00:00,0.1635,51.86,33.77,57.97,4.009,0.1587,0.0186,7.042,3.65,371.9,105.6,10.4,53.75,False,Normal,0,train
PUMP_02,2026-03-17 07:00:00,0.1699,52.88,34.62,58.36,4.061,0.1623,0.0183,7.185,4.73,387.0,121.4,14.06,53.71,False,Normal,0,train
PUMP_02,2026-03-17 08:00:00,0.154,50.78,33.85,57.64,4.096,0.1587,0.0172,7.218,3.61,380.4,128.2,13.54,53.67,False,Normal,0,train
PUMP_02,2026-03-17 09:00:00,0.1555,51.18,34.54,58.86,3.806,0.1611,0.0152,7.066,3.59,384.0,134.8,11.23,53.62,False,Normal,0,train
PUMP_02,2026-03-17 10:00:00,0.1444,50.65,33.76,58.4,3.942,0.1619,0.0139,7.212,3.6,384.3,137.9,13.59,53.58,False,Normal,0,train
PUMP_02,2026-03-17 11:00:00,0.1574,50.86,35.35,57.3,3.89,0.1574,0.0087,7.194,3.95,385.2,145.5,13.58,53.54,False,Normal,0,train
PUMP_02,2026-03-17 12:00:00,0.1625,50.07,32.69,59.51,3.948,0.1573,0.0086,7.141,3.21,378.1,140.7,11.92,53.5,False,Normal,0,train
PUMP_02,2026-03-17 13:00:00,0.1504,50.93,34.23,58.67,4.111,0.154,0.0062,7.178,3.43,376.8,150.9,12.62,53.46,False,Normal,0,train
PUMP_02,2026-03-17 14:00:00,0.1609,53.21,33.99,56.99,3.942,0.1552,0.0068,7.253,3.75,370.0,140.2,13.75,53.42,False,Normal,0,train
PUMP_02,2026-03-17 15:00:00,0.1529,50.33,33.97,56.98,3.962,0.1548,0.0068,7.151,3.52,375.0,141.2,12.18,53.38,False,Normal,0,train
PUMP_02,2026-03-17 16:00:00,0.1256,50.04,34.17,57.74,3.934,0.1516,0.0136,7.204,4.42,380.3,140.4,13.87,53.33,False,Normal,0,train
PUMP_02,2026-03-17 17:00:00,0.1382,50.3,34.04,58.54,4.13,0.1484,0.0142,7.217,4.0,376.5,130.4,13.63,53.29,False,Normal,0,train
PUMP_02,2026-03-17 18:00:00,0.1333,49.78,34.13,55.34,3.816,0.1435,0.0134,7.159,4.23,374.3,129.5,12.77,53.25,False,Normal,0,train
PUMP_02,2026-03-17 19:00:00,0.1516,50.37,34.24,57.04,3.955,0.1438,0.0135,7.25,4.19,380.3,118.6,14.45,53.21,False,Normal,0,train
PUMP_02,2026-03-17 20:00:00,0.1483,49.73,35.05,57.31,3.931,0.1416,0.011,7.22,3.92,386.7,114.0,14.04,53.17,False,Normal,0,train
PUMP_02,2026-03-17 21:00:00,0.1448,51.72,32.34,56.27,3.862,0.1403,0.0098,7.187,4.4,379.7,106.8,13.56,53.12,False,Normal,0,train
PUMP_02,2026-03-17 22:00:00,0.1602,51.57,35.11,56.77,4.088,0.1461,0.0096,7.318,4.18,374.3,100.0,15.28,53.08,False,Normal,0,train
PUMP_02,2026-03-17 23:00:00,0.1194,53.25,35.54,58.16,3.856,0.1429,0.0145,7.251,3.87,386.4,107.4,14.49,53.04,False,Normal,0,train
PUMP_02,2026-03-18 00:00:00,0.141,49.96,32.95,57.41,3.963,0.1442,0.0138,7.116,3.33,376.1,92.5,11.52,53.0,False,Normal,0,train
PUMP_02,2026-03-18 01:00:00,0.1448,50.43,34.03,57.51,3.994,0.1431,0.0134,7.181,4.21,387.4,85.9,13.64,52.96,False,Normal,0,train
PUMP_02,2026-03-18 02:00:00,0.1588,50.37,34.82,56.35,3.94,0.1448,0.0148,7.323,3.5,378.7,92.6,15.07,52.92,False,Normal,0,train
PUMP_02,2026-03-18 03:00:00,0.1654,50.3,34.55,57.74,3.861,0.1483,0.017,7.151,4.15,380.5,98.9,12.84,52.88,False,Normal,0,train
PUMP_02,2026-03-18 04:00:00,0.1586,51.69,35.01,56.2,3.987,0.148,0.0168,7.203,4.03,387.8,100.8,13.9,52.83,False,Normal,0,train
PUMP_02,2026-03-18 05:00:00,0.1399,47.56,34.22,59.75,3.939,0.1514,0.0108,7.262,3.46,373.2,111.6,13.82,52.79,False,Normal,0,train
PUMP_02,2026-03-18 06:00:00,0.1661,50.69,32.78,60.09,4.065,0.1556,0.0109,7.233,4.1,374.7,117.5,13.88,52.75,False,Normal,0,train
PUMP_02,2026-03-18 07:00:00,0.1616,52.99,34.78,57.43,4.041,0.1584,0.0096,7.24,4.08,378.4,118.7,14.12,52.71,False,Normal,0,train
PUMP_02,2026-03-18 08:00:00,0.1366,52.04,34.38,56.65,4.156,0.1547,0.0131,7.237,4.08,379.3,119.7,14.12,52.67,False,Normal,0,train
PUMP_02,2026-03-18 09:00:00,0.1526,51.87,34.88,59.03,4.009,0.1526,0.012,7.201,4.06,393.2,127.4,14.11,52.62,False,Normal,0,train
PUMP_02,2026-03-18 10:00:00,0.1606,51.26,33.08,58.71,4.047,0.1529,0.0122,7.16,3.74,375.6,137.5,12.5,52.58,False,Normal,0,train
PUMP_02,2026-03-18 11:00:00,0.1774,49.11,33.27,60.25,3.971,0.1591,0.0137,7.222,4.24,373.5,135.4,13.74,52.54,False,Normal,0,train
PUMP_02,2026-03-18 12:00:00,0.1337,48.88,34.01,60.57,4.137,0.1538,0.0165,7.18,3.72,375.3,142.7,12.79,52.5,False,Normal,0,train
PUMP_02,2026-03-18 13:00:00,0.1593,48.89,34.8,55.57,4.001,0.1534,0.0163,7.176,3.57,381.2,150.7,12.86,52.46,False,Normal,0,train
PUMP_02,2026-03-18 14:00:00,0.1289,48.29,34.97,59.39,3.992,0.1521,0.0181,7.274,4.27,382.5,145.5,14.98,52.42,False,Normal,0,train
PUMP_02,2026-03-18 15:00:00,0.1239,51.42,33.56,57.73,4.043,0.1473,0.0214,7.181,4.37,376.5,141.8,13.31,52.38,False,Normal,0,train
PUMP_02,2026-03-18 16:00:00,0.1232,52.2,33.76,58.66,3.948,0.1411,0.0222,7.285,4.24,380.1,133.5,15.04,52.33,False,Normal,0,train
PUMP_02,2026-03-18 17:00:00,0.1494,50.65,35.72,58.93,3.96,0.1364,0.0147,7.213,3.92,389.7,133.2,14.05,52.29,False,Normal,0,train
PUMP_02,2026-03-18 18:00:00,0.1419,51.21,33.67,58.88,4.043,0.1378,0.0148,7.192,3.22,380.2,125.4,12.84,52.25,False,Normal,0,train
PUMP_02,2026-03-18 19:00:00,0.1356,50.44,34.41,59.2,4.059,0.1338,0.0105,7.109,4.59,381.6,121.0,12.53,52.21,False,Normal,0,train
PUMP_02,2026-03-18 20:00:00,0.1482,50.85,33.73,57.33,4.048,0.137,0.0116,7.306,3.22,389.4,116.4,15.04,52.17,False,Normal,0,train
PUMP_02,2026-03-18 21:00:00,0.1435,46.82,34.28,56.86,3.994,0.1403,0.0097,7.2,4.23,376.5,111.1,13.51,52.12,False,Normal,0,train
PUMP_02,2026-03-18 22:00:00,0.1467,50.47,33.48,59.42,4.022,0.1442,0.0051,7.086,4.84,376.2,102.8,12.12,52.08,False,Normal,0,train
PUMP_02,2026-03-18 23:00:00,0.1429,49.36,33.5,56.95,4.077,0.1431,0.0044,7.249,4.06,377.7,100.4,14.23,52.04,False,Normal,0,train
PUMP_02,2026-03-19 00:00:00,0.1346,49.94,33.78,60.23,3.912,0.1419,0.0056,7.197,4.12,377.4,93.8,13.43,52.0,False,Normal,0,train
PUMP_02,2026-03-19 01:00:00,0.178,50.34,33.67,57.08,4.0,0.149,0.015,7.153,4.15,370.9,99.5,12.48,51.96,False,Normal,0,train
PUMP_02,2026-03-19 02:00:00,0.176,48.93,33.82,57.54,3.767,0.1536,0.0186,7.247,4.08,380.7,92.3,14.33,51.92,False,Normal,0,train
PUMP_02,2026-03-19 03:00:00,0.1809,48.39,34.32,57.77,4.059,0.1599,0.0206,7.073,4.94,381.1,97.5,12.16,51.88,False,Normal,0,train
PUMP_02,2026-03-19 04:00:00,0.1506,48.88,35.13,56.15,3.937,0.1605,0.0202,7.164,3.66,379.1,107.3,12.65,51.83,False,Normal,0,train
PUMP_02,2026-03-19 05:00:00,0.1494,47.83,33.65,56.15,3.94,0.1616,0.0192,7.185,3.61,381.2,105.6,13.04,51.79,False,Normal,0,train
PUMP_02,2026-03-19 06:00:00,0.1538,48.27,33.41,59.09,3.99,0.1648,0.015,7.243,3.87,381.3,108.2,14.14,51.75,False,Normal,0,train
PUMP_02,2026-03-19 07:00:00,0.1758,48.47,34.01,55.94,4.05,0.1644,0.0146,7.312,4.7,373.4,118.4,15.51,51.71,False,Normal,0,train
PUMP_02,2026-03-19 08:00:00,0.1587,47.85,33.49,61.02,4.191,0.1615,0.0135,7.188,3.77,381.4,132.0,13.2,51.67,False,Normal,0,train
PUMP_02,2026-03-19 09:00:00,0.1489,50.79,33.02,57.89,3.876,0.1562,0.0103,7.223,4.17,382.8,123.4,14.1,51.62,False,Normal,0,train
PUMP_02,2026-03-19 10:00:00,0.1605,48.65,34.64,56.76,3.932,0.1579,0.01,7.337,4.43,372.0,138.1,15.67,51.58,False,Normal,0,train
PUMP_02,2026-03-19 11:00:00,0.1415,47.21,34.05,58.5,4.018,0.1565,0.0117,7.2,4.31,387.3,139.1,14.03,51.54,False,Normal,0,train
PUMP_02,2026-03-19 12:00:00,0.1297,49.4,34.11,55.05,3.942,0.1525,0.0161,7.223,4.41,373.8,143.5,13.9,51.5,False,Normal,0,train
PUMP_02,2026-03-19 13:00:00,0.1494,48.33,32.84,57.6,4.067,0.1481,0.0114,7.138,4.57,374.3,143.6,12.67,51.46,False,Normal,0,train
PUMP_02,2026-03-19 14:00:00,0.1373,52.19,33.65,57.75,3.987,0.1445,0.0108,7.298,4.12,381.0,148.0,15.2,51.42,False,Normal,0,train
PUMP_02,2026-03-19 15:00:00,0.1427,50.2,33.15,56.48,4.071,0.1435,0.0106,7.164,3.82,382.7,141.9,12.91,51.38,False,Normal,0,train
PUMP_02,2026-03-19 16:00:00,0.1011,47.79,33.99,57.24,3.98,0.1336,0.0172,7.213,4.06,383.9,141.7,13.92,51.33,False,Normal,0,train
PUMP_02,2026-03-19 17:00:00,0.127,50.85,34.08,59.83,4.044,0.1312,0.0169,7.184,4.84,382.8,137.6,13.95,51.29,False,Normal,0,train
PUMP_02,2026-03-19 18:00:00,0.1393,50.13,34.08,58.22,3.923,0.1328,0.0172,7.129,7.64,377.4,126.6,14.81,51.25,False,Normal,0,train
PUMP_02,2026-03-19 19:00:00,0.1176,49.64,33.6,58.48,4.155,0.1275,0.0159,7.103,6.42,380.5,118.6,13.67,51.21,False,Normal,0,train
PUMP_02,2026-03-19 20:00:00,0.1191,52.36,33.49,57.06,3.864,0.1245,0.0154,7.137,6.82,378.4,115.0,14.4,51.17,False,Normal,0,train
PUMP_02,2026-03-19 21:00:00,0.1435,48.54,33.88,56.41,3.943,0.1246,0.0156,7.213,6.03,380.9,109.8,15.16,51.12,False,Normal,0,train
PUMP_02,2026-03-19 22:00:00,0.1555,51.55,34.21,57.71,3.886,0.1337,0.015,7.239,6.68,380.3,97.7,16.02,51.08,False,Normal,0,train
PUMP_02,2026-03-19 23:00:00,0.134,49.39,33.65,55.05,4.064,0.1348,0.0146,7.144,5.55,384.4,99.3,13.87,51.04,False,Normal,0,train
PUMP_02,2026-03-20 00:00:00,0.1461,49.97,33.44,56.68,4.043,0.136,0.0153,7.178,4.27,397.1,94.8,14.04,51.0,False,Normal,0,train
PUMP_02,2026-03-20 01:00:00,0.149,48.88,33.46,56.5,3.903,0.1412,0.0129,7.16,4.28,389.5,93.3,13.45,50.96,False,Normal,0,train
PUMP_02,2026-03-20 02:00:00,0.1316,48.97,33.6,55.55,4.08,0.1433,0.0091,7.334,4.57,402.9,93.1,17.0,50.92,False,Normal,0,train
PUMP_02,2026-03-20 03:00:00,0.1748,49.35,33.73,58.78,3.944,0.1485,0.0158,7.206,4.54,400.3,95.8,14.82,50.88,False,Normal,0,train
PUMP_02,2026-03-20 04:00:00,0.1559,47.15,33.34,57.84,4.031,0.1486,0.0158,7.256,3.97,387.3,107.3,14.68,50.83,False,Normal,0,train
PUMP_02,2026-03-20 05:00:00,0.1571,50.52,33.73,57.26,4.05,0.1524,0.0143,7.195,5.01,395.8,106.0,14.79,50.79,False,Normal,0,train
PUMP_02,2026-03-20 06:00:00,0.1656,50.17,34.74,58.81,3.98,0.1557,0.0148,7.226,6.62,379.7,118.1,15.74,50.75,False,Normal,0,train
PUMP_02,2026-03-20 07:00:00,0.1363,47.75,33.82,56.03,4.073,0.1536,0.0167,7.043,9.19,375.3,120.5,14.42,50.71,False,Normal,0,train
PUMP_02,2026-03-20 08:00:00,0.1725,50.99,33.26,56.39,3.988,0.1604,0.0141,6.956,10.67,374.9,121.9,15.46,50.67,False,Normal,0,train
PUMP_02,2026-03-20 09:00:00,0.1728,52.19,32.64,59.34,4.027,0.16,0.0137,7.036,13.09,376.6,133.3,17.1,50.62,False,Normal,0,train
PUMP_02,2026-03-20 10:00:00,0.1571,49.0,35.1,60.74,3.978,0.1602,0.0136,6.988,12.78,375.3,132.9,16.44,50.58,False,Normal,0,train
PUMP_02,2026-03-20 11:00:00,0.1595,48.82,34.68,58.82,3.851,0.1606,0.0136,7.006,12.18,386.0,144.1,16.36,50.54,False,Normal,0,train
PUMP_02,2026-03-20 12:00:00,0.1451,51.67,34.17,58.57,3.99,0.1572,0.0146,7.104,9.45,409.6,143.3,17.02,50.5,False,Normal,0,train
PUMP_02,2026-03-20 13:00:00,0.1604,50.6,34.7,57.3,3.93,0.1612,0.0104,7.113,7.69,418.0,148.4,16.28,50.46,False,Normal,0,train
PUMP_02,2026-03-20 14:00:00,0.1327,49.8,34.32,57.33,4.111,0.1546,0.0139,7.21,5.95,437.4,149.9,17.42,50.42,False,Normal,0,train
PUMP_02,2026-03-20 15:00:00,0.1424,51.22,33.95,58.27,3.891,0.1495,0.0112,7.212,3.92,445.4,134.7,16.36,50.38,False,Normal,0,train
PUMP_02,2026-03-20 16:00:00,0.1417,50.41,33.26,59.65,4.098,0.147,0.0109,7.245,4.5,447.1,135.8,17.37,50.33,False,Normal,0,train
PUMP_02,2026-03-20 17:00:00,0.1398,52.14,35.15,58.51,3.986,0.1437,0.0092,7.226,3.88,429.9,127.7,15.92,50.29,False,Normal,0,train
PUMP_02,2026-03-20 18:00:00,0.156,49.97,33.74,59.15,4.032,0.1455,0.0105,7.184,4.04,422.3,135.1,15.03,50.25,False,Normal,0,train
PUMP_02,2026-03-20 19:00:00,0.1732,50.64,33.77,56.9,3.89,0.1476,0.0146,7.19,4.27,407.6,118.2,14.67,50.21,False,Normal,0,train
PUMP_02,2026-03-20 20:00:00,0.1397,51.65,34.02,58.74,3.975,0.1488,0.0134,7.18,3.87,400.1,108.3,13.93,50.17,False,Normal,0,train
PUMP_02,2026-03-20 21:00:00,0.15,46.33,34.03,57.19,3.947,0.1501,0.0131,7.213,4.15,379.8,116.5,13.81,50.12,False,Normal,0,train
PUMP_02,2026-03-20 22:00:00,0.133,51.7,34.34,58.17,4.168,0.1486,0.0146,7.177,4.1,381.8,99.4,13.28,50.08,False,Normal,0,train
PUMP_02,2026-03-20 23:00:00,0.1629,49.24,34.28,58.74,3.945,0.1525,0.0148,7.222,3.55,381.6,91.9,13.6,50.04,False,Normal,0,train
PUMP_02,2026-03-21 00:00:00,0.1422,50.75,33.65,57.36,4.092,0.1502,0.0152,7.22,3.81,378.5,91.2,13.63,50.0,False,Normal,0,train
PUMP_02,2026-03-21 01:00:00,0.1998,52.5,34.02,56.78,4.093,0.1546,0.0244,7.21,4.14,378.0,95.6,13.68,49.96,False,Normal,0,train
PUMP_02,2026-03-21 02:00:00,0.1299,49.54,34.33,58.44,4.091,0.153,0.0259,7.211,4.51,376.7,96.0,13.9,49.92,False,Normal,0,train
PUMP_02,2026-03-21 03:00:00,0.1893,49.32,33.6,57.84,3.952,0.1595,0.0297,7.172,4.51,385.4,95.0,13.63,49.88,False,Normal,0,train
PUMP_02,2026-03-21 04:00:00,0.1735,49.92,34.87,58.16,4.144,0.1663,0.0269,7.186,4.84,378.5,100.4,13.8,49.83,False,Normal,0,train
PUMP_02,2026-03-21 05:00:00,0.1428,47.82,33.99,58.79,4.161,0.1629,0.0286,7.116,4.19,381.6,107.7,12.37,49.79,False,Normal,0,train
PUMP_02,2026-03-21 06:00:00,0.1948,53.3,34.96,59.57,4.029,0.1717,0.029,7.194,3.83,379.2,118.8,13.26,49.75,False,Normal,0,train
PUMP_02,2026-03-21 07:00:00,0.1457,49.94,33.16,58.8,3.963,0.1627,0.0269,7.151,3.97,385.3,121.3,12.91,49.71,False,Normal,0,train
PUMP_02,2026-03-21 08:00:00,0.1539,52.47,34.39,58.64,3.931,0.1667,0.0225,7.205,3.95,370.1,124.2,13.13,49.67,False,Normal,0,train
PUMP_02,2026-03-21 09:00:00,0.1376,49.5,33.47,57.4,4.038,0.158,0.022,7.164,3.84,381.5,131.6,12.88,49.62,False,Normal,0,train
PUMP_02,2026-03-21 10:00:00,0.1528,50.05,33.62,57.58,4.005,0.1546,0.0206,7.097,4.15,373.7,140.8,11.71,49.58,False,Normal,0,train
PUMP_02,2026-03-21 11:00:00,0.1518,51.42,34.54,58.55,4.015,0.1561,0.0199,7.313,4.17,382.0,148.4,15.5,49.54,False,Normal,0,train
PUMP_02,2026-03-21 12:00:00,0.1625,48.35,33.86,57.56,3.892,0.1507,0.0084,7.188,3.53,379.3,139.7,12.96,49.5,False,Normal,0,train
PUMP_02,2026-03-21 13:00:00,0.184,49.85,35.56,58.54,4.003,0.1571,0.0154,7.272,4.44,372.6,149.5,14.65,49.46,False,Normal,0,train
PUMP_02,2026-03-21 14:00:00,0.1373,51.36,34.31,57.02,4.092,0.1543,0.0175,7.174,3.27,381.7,142.9,12.63,49.42,False,Normal,0,train
PUMP_02,2026-03-21 15:00:00,0.1016,49.68,33.58,60.32,4.065,0.1483,0.0276,7.285,3.91,381.1,135.2,14.84,49.38,False,Normal,0,train
PUMP_02,2026-03-21 16:00:00,0.1511,49.28,34.31,58.23,3.967,0.1481,0.0276,7.142,4.46,378.8,130.4,12.85,49.33,False,Normal,0,train
PUMP_02,2026-03-21 17:00:00,0.1321,51.67,33.86,58.15,3.991,0.1448,0.0282,7.156,6.1,379.5,137.8,14.24,49.29,False,Normal,0,train
PUMP_02,2026-03-21 18:00:00,0.1673,52.1,34.5,57.42,3.883,0.1456,0.0289,6.995,9.12,380.8,132.3,14.0,49.25,False,Normal,0,train
PUMP_02,2026-03-21 19:00:00,0.1398,52.34,33.82,60.3,3.947,0.1382,0.0219,7.027,15.4,385.9,117.7,18.95,49.21,False,Normal,0,train
PUMP_02,2026-03-21 20:00:00,0.13,48.99,34.24,56.5,3.973,0.137,0.0221,6.884,14.44,378.4,112.7,19.39,49.17,False,Normal,0,train
PUMP_02,2026-03-21 21:00:00,0.1277,49.13,34.12,57.16,4.051,0.1413,0.0153,6.938,13.81,385.1,100.4,18.37,49.12,False,Normal,0,train
PUMP_02,2026-03-21 22:00:00,0.1543,49.29,34.05,59.02,3.943,0.1419,0.0158,6.919,14.79,379.8,105.4,19.14,49.08,False,Normal,0,train
PUMP_02,2026-03-21 23:00:00,0.1433,51.08,34.63,58.29,3.917,0.1437,0.015,6.949,12.04,399.8,98.2,17.57,49.04,False,Normal,0,train
PUMP_02,2026-03-22 00:00:00,0.172,48.2,32.92,57.31,4.061,0.1445,0.0165,7.043,10.08,416.4,89.6,16.76,49.0,False,Normal,0,train
PUMP_02,2026-03-22 01:00:00,0.1494,48.29,34.06,57.34,3.966,0.1461,0.0165,7.208,6.34,452.5,95.8,18.29,48.96,False,Normal,0,train
PUMP_02,2026-03-22 02:00:00,0.1762,48.93,33.58,57.65,3.933,0.1538,0.0181,7.174,5.91,450.3,90.3,17.34,48.92,False,Normal,0,train
PUMP_02,2026-03-22 03:00:00,0.1364,48.59,33.19,58.12,4.065,0.1553,0.0158,7.148,6.33,455.6,100.6,17.45,48.88,False,Normal,0,train
PUMP_02,2026-03-22 04:00:00,0.1326,51.33,33.5,59.86,4.037,0.1516,0.0184,7.166,5.63,451.8,98.0,17.09,48.83,False,Normal,0,train
PUMP_02,2026-03-22 05:00:00,0.1721,51.23,33.63,58.73,3.983,0.1564,0.0195,7.236,6.44,449.5,108.8,18.68,48.79,False,Normal,0,train
PUMP_02,2026-03-22 06:00:00,0.153,49.28,33.86,59.23,3.972,0.1533,0.0179,7.15,4.35,421.4,110.9,14.67,48.75,False,Normal,0,train
PUMP_02,2026-03-22 07:00:00,0.1557,49.71,34.2,57.48,4.03,0.1543,0.0178,7.107,4.53,391.5,110.5,12.87,48.71,False,Normal,0,train
PUMP_02,2026-03-22 08:00:00,0.1435,46.19,34.33,58.62,4.043,0.1489,0.0145,7.145,3.81,397.9,130.5,13.23,48.67,False,Normal,0,train
PUMP_02,2026-03-22 09:00:00,0.1408,49.31,33.75,56.13,4.017,0.1496,0.0138,7.149,4.61,400.9,136.7,13.98,48.62,False,Normal,0,train
PUMP_02,2026-03-22 10:00:00,0.1645,51.87,34.95,58.22,4.01,0.1549,0.012,7.156,3.66,398.6,135.6,13.34,48.58,False,Normal,0,train
PUMP_02,2026-03-22 11:00:00,0.1523,49.23,33.78,58.14,3.951,0.1516,0.0086,7.158,4.77,400.2,142.7,14.21,48.54,False,Normal,0,train
PUMP_02,2026-03-22 12:00:00,0.1341,48.36,32.83,60.19,3.956,0.1485,0.0111,7.199,3.62,386.9,145.9,13.5,48.5,False,Normal,0,train
PUMP_02,2026-03-22 13:00:00,0.1593,52.06,33.79,59.87,3.986,0.1491,0.0116,7.212,3.28,379.7,146.9,13.18,48.46,False,Normal,0,train
PUMP_02,2026-03-22 14:00:00,0.1626,48.33,34.03,57.69,3.923,0.1523,0.0124,7.212,4.02,390.1,151.1,14.12,48.42,False,Normal,0,train
PUMP_02,2026-03-22 15:00:00,0.1413,52.32,32.04,57.02,3.914,0.1523,0.0123,7.163,4.49,388.5,143.3,13.61,48.38,False,Normal,0,train
PUMP_02,2026-03-22 16:00:00,0.1564,54.33,34.72,57.05,3.993,0.151,0.0111,7.25,4.32,383.6,136.2,14.67,48.33,False,Normal,0,train
PUMP_02,2026-03-22 17:00:00,0.1253,49.84,33.94,57.65,4.079,0.1465,0.0152,7.227,4.47,385.5,134.2,14.48,48.29,False,Normal,0,train
PUMP_02,2026-03-22 18:00:00,0.1487,51.87,33.31,59.56,3.834,0.1489,0.0139,7.279,4.32,384.3,124.8,15.17,48.25,False,Normal,0,train
PUMP_02,2026-03-22 19:00:00,0.1428,47.5,33.42,58.5,3.969,0.1462,0.0131,7.242,3.67,374.0,115.7,13.7,48.21,False,Normal,0,train
PUMP_02,2026-03-22 20:00:00,0.1295,47.43,34.46,58.62,4.022,0.1407,0.0116,7.183,4.31,379.8,118.4,13.43,48.17,False,Normal,0,train
PUMP_02,2026-03-22 21:00:00,0.1737,48.8,34.53,58.97,4.086,0.1461,0.0179,7.265,4.04,387.5,109.6,14.88,48.12,False,Normal,0,train
PUMP_02,2026-03-22 22:00:00,0.1485,51.23,33.61,56.81,4.144,0.1448,0.0172,7.214,3.72,383.6,94.9,13.67,48.08,False,Normal,0,train
PUMP_02,2026-03-22 23:00:00,0.1385,50.0,33.19,57.15,3.979,0.147,0.0149,7.24,4.07,379.7,95.6,14.18,48.04,False,Normal,0,train
PUMP_02,2026-03-23 00:00:00,0.1503,49.72,34.08,58.62,4.158,0.1472,0.015,7.236,3.98,387.5,98.9,14.37,48.0,False,Normal,0,train
PUMP_02,2026-03-23 01:00:00,0.1395,48.06,34.19,57.07,4.036,0.1467,0.0152,7.194,4.57,381.8,88.7,13.87,47.96,False,Normal,0,train
PUMP_02,2026-03-23 02:00:00,0.1376,49.81,34.34,56.17,4.065,0.148,0.0137,7.205,3.79,383.8,92.8,13.6,47.92,False,Normal,0,train
PUMP_02,2026-03-23 03:00:00,0.1503,49.03,33.66,56.7,3.915,0.1441,0.0062,7.193,3.78,381.9,109.0,13.32,47.88,False,Normal,0,train
PUMP_02,2026-03-23 04:00:00,0.1529,48.62,33.93,59.27,4.036,0.1448,0.007,7.157,3.72,382.7,101.0,12.73,47.83,False,Normal,0,train
PUMP_02,2026-03-23 05:00:00,0.1476,48.49,34.01,57.55,4.072,0.1464,0.0063,7.093,4.76,383.1,111.8,12.44,47.79,False,Normal,0,train
PUMP_02,2026-03-23 06:00:00,0.1788,50.29,34.58,58.27,3.945,0.1511,0.0148,7.165,3.74,386.5,119.5,13.04,47.75,False,Normal,0,train
PUMP_02,2026-03-23 07:00:00,0.1482,48.92,34.8,56.76,3.792,0.1526,0.0139,7.21,4.52,387.1,116.4,14.32,47.71,False,Normal,0,train
PUMP_02,2026-03-23 08:00:00,0.1447,49.99,34.96,58.46,4.012,0.1538,0.0126,7.254,3.59,377.7,127.5,13.99,47.67,False,Normal,0,train
PUMP_02,2026-03-23 09:00:00,0.1393,47.35,34.78,57.68,3.983,0.1519,0.0139,7.24,4.2,381.8,140.7,14.35,47.62,False,Normal,0,train
PUMP_02,2026-03-23 10:00:00,0.1358,50.75,35.09,58.54,4.108,0.1491,0.0153,7.186,4.11,386.4,139.5,13.61,47.58,False,Normal,0,train
PUMP_02,2026-03-23 11:00:00,0.168,50.36,34.61,57.43,3.957,0.1525,0.0171,7.166,4.49,379.3,151.1,13.27,47.54,False,Normal,0,train
PUMP_02,2026-03-23 12:00:00,0.1539,49.65,33.65,58.61,3.944,0.1483,0.0116,7.191,4.44,373.5,141.6,13.39,47.5,False,Normal,0,train
PUMP_02,2026-03-23 13:00:00,0.1578,50.24,34.92,57.37,3.906,0.1499,0.0122,7.151,4.03,375.5,152.2,12.55,47.46,False,Normal,0,train
PUMP_02,2026-03-23 14:00:00,0.1603,51.4,33.17,57.9,3.95,0.1525,0.0125,7.094,3.79,375.8,144.2,11.48,47.42,False,Normal,0,train
PUMP_02,2026-03-23 15:00:00,0.1379,47.83,35.42,57.67,4.213,0.1523,0.0128,7.123,4.65,377.7,140.3,12.62,47.38,False,Normal,0,train
PUMP_02,2026-03-23 16:00:00,0.1634,50.1,33.41,58.03,3.873,0.1569,0.0105,7.269,3.75,376.3,140.2,14.27,47.33,False,Normal,0,train
PUMP_02,2026-03-23 17:00:00,0.1309,48.04,34.53,58.33,3.893,0.1507,0.0132,7.293,3.09,385.1,132.1,14.57,47.29,False,Normal,0,train
PUMP_02,2026-03-23 18:00:00,0.1236,50.13,34.87,57.41,3.996,0.1456,0.017,7.238,3.26,378.6,126.1,13.53,47.25,False,Normal,0,train
PUMP_02,2026-03-23 19:00:00,0.1459,49.61,34.28,57.86,4.158,0.1437,0.0159,7.197,3.35,386.3,121.9,13.26,47.21,False,Normal,0,train
PUMP_02,2026-03-23 20:00:00,0.1435,49.96,32.77,58.22,4.059,0.1409,0.0138,7.13,4.24,374.3,106.3,12.32,47.17,False,Normal,0,train
PUMP_02,2026-03-23 21:00:00,0.1451,51.27,33.43,58.61,4.124,0.1421,0.0138,7.192,4.89,378.2,104.3,13.92,47.12,False,Normal,0,train
PUMP_02,2026-03-23 22:00:00,0.1602,51.23,34.21,57.91,3.969,0.1415,0.0128,7.231,3.18,380.5,105.2,13.44,47.08,False,Normal,0,train
PUMP_02,2026-03-23 23:00:00,0.149,51.63,34.38,56.94,3.889,0.1445,0.0119,7.241,3.69,384.1,102.3,14.11,47.04,False,Normal,0,train
PUMP_02,2026-03-24 00:00:00,0.1547,49.41,33.89,58.1,3.964,0.1497,0.0065,7.234,4.04,385.7,97.3,14.31,47.0,False,Normal,0,train
PUMP_02,2026-03-24 01:00:00,0.173,51.05,34.04,58.8,3.99,0.1542,0.0111,7.26,4.62,377.3,96.1,14.79,46.96,False,Normal,0,train
PUMP_02,2026-03-24 02:00:00,0.159,50.76,33.12,56.4,4.001,0.1568,0.0098,7.297,3.68,385.0,97.5,15.04,46.92,False,Normal,0,train
PUMP_02,2026-03-24 03:00:00,0.1645,49.44,35.06,56.41,3.983,0.1601,0.0082,7.18,4.24,371.6,102.2,12.99,46.88,False,Normal,0,train
PUMP_02,2026-03-24 04:00:00,0.1374,50.18,33.77,57.21,4.047,0.1563,0.0124,7.34,3.9,384.4,96.6,15.86,46.83,False,Normal,0,train
PUMP_02,2026-03-24 05:00:00,0.2154,49.8,34.47,57.77,3.943,0.1673,0.0264,7.099,5.04,373.3,105.5,12.33,46.79,False,Normal,0,train
PUMP_02,2026-03-24 06:00:00,0.1361,52.09,34.84,55.36,3.926,0.1642,0.0291,7.161,4.06,382.2,113.2,13.01,46.75,False,Normal,0,train
PUMP_02,2026-03-24 07:00:00,0.1516,51.22,33.31,58.69,3.904,0.1607,0.0291,7.21,4.14,385.6,120.8,13.99,46.71,False,Normal,0,train
PUMP_02,2026-03-24 08:00:00,0.1501,49.5,34.08,57.78,4.016,0.1592,0.0294,7.227,4.03,384.4,118.0,14.15,46.67,False,Normal,0,train
PUMP_02,2026-03-24 09:00:00,0.1887,49.39,34.17,55.18,4.008,0.1632,0.0319,7.191,3.83,371.8,127.5,12.9,46.62,False,Normal,0,train
PUMP_02,2026-03-24 10:00:00,0.146,51.44,33.85,56.66,4.087,0.1646,0.0307,7.175,4.38,377.8,137.6,13.28,46.58,False,Normal,0,train
PUMP_02,2026-03-24 11:00:00,0.1592,52.01,34.56,57.64,4.124,0.1553,0.018,7.31,3.54,383.6,145.7,15.09,46.54,False,Normal,0,train
PUMP_02,2026-03-24 12:00:00,0.1416,50.47,33.6,55.87,3.903,0.1562,0.017,7.173,3.2,383.4,142.5,12.65,46.5,False,Normal,0,train
PUMP_02,2026-03-24 13:00:00,0.1318,50.99,34.03,59.16,4.002,0.1529,0.0197,7.149,3.94,381.4,142.3,12.7,46.46,False,Normal,0,train
PUMP_02,2026-03-24 14:00:00,0.1536,51.95,33.78,58.22,3.984,0.1535,0.0197,7.285,4.33,369.0,146.3,14.62,46.42,False,Normal,0,train
PUMP_02,2026-03-24 15:00:00,0.1321,49.74,35.4,58.81,3.877,0.144,0.0112,7.242,3.77,386.0,140.3,14.27,46.38,False,Normal,0,train
PUMP_02,2026-03-24 16:00:00,0.1445,50.13,33.6,56.77,3.958,0.1438,0.0111,7.255,4.07,386.9,141.2,14.71,46.33,False,Normal,0,train
PUMP_02,2026-03-24 17:00:00,0.1497,50.73,34.45,58.49,4.125,0.1422,0.009,7.21,3.51,380.8,131.6,13.35,46.29,False,Normal,0,train
PUMP_02,2026-03-24 18:00:00,0.1686,49.36,35.08,57.21,3.949,0.1467,0.014,7.131,4.43,381.1,122.0,12.74,46.25,False,Normal,0,train
PUMP_02,2026-03-24 19:00:00,0.1214,52.55,33.45,57.77,3.936,0.145,0.0166,7.204,4.26,382.5,125.7,13.86,46.21,False,Normal,0,train
PUMP_02,2026-03-24 20:00:00,0.139,49.34,34.06,58.42,3.996,0.1425,0.0161,7.124,4.01,387.3,118.5,12.6,46.17,False,Normal,0,train
PUMP_02,2026-03-24 21:00:00,0.1413,50.09,33.41,57.92,4.073,0.1441,0.0154,7.212,4.07,381.3,103.7,13.79,46.12,False,Normal,0,train
PUMP_02,2026-03-24 22:00:00,0.145,52.87,32.79,58.97,3.976,0.1442,0.0154,7.233,3.44,379.0,103.9,13.59,46.08,False,Normal,0,train
PUMP_02,2026-03-24 23:00:00,0.1859,47.21,33.53,58.17,4.01,0.1502,0.0231,7.254,3.46,381.9,97.0,14.06,46.04,False,Normal,0,train
PUMP_02,2026-03-25 00:00:00,0.1474,50.32,33.66,57.44,3.817,0.1467,0.0213,7.195,3.95,379.9,98.3,13.39,46.0,False,Normal,0,train
PUMP_02,2026-03-25 01:00:00,0.1148,49.01,33.69,59.01,4.046,0.1456,0.023,7.237,4.21,380.0,91.5,14.24,45.96,False,Normal,0,train
PUMP_02,2026-03-25 02:00:00,0.152,50.0,33.82,59.26,4.018,0.1477,0.0228,7.155,4.23,371.2,99.3,12.57,45.92,False,Normal,0,train
PUMP_02,2026-03-25 03:00:00,0.1553,48.19,34.0,58.11,4.071,0.1501,0.0228,7.248,3.85,382.6,103.1,14.28,45.88,False,Normal,0,train
PUMP_02,2026-03-25 04:00:00,0.155,49.44,33.28,59.6,3.851,0.1517,0.0227,7.234,4.3,385.9,98.5,14.49,45.83,False,Normal,0,train
PUMP_02,2026-03-25 05:00:00,0.1489,50.04,34.21,57.72,3.976,0.1456,0.0154,7.16,4.57,385.1,107.8,13.47,45.79,False,Normal,0,train
PUMP_02,2026-03-25 06:00:00,0.1402,50.36,34.73,57.85,4.077,0.1444,0.0155,7.227,3.96,384.8,118.4,14.1,45.75,False,Normal,0,train
PUMP_02,2026-03-25 07:00:00,0.1921,51.34,34.8,58.01,3.955,0.1572,0.018,7.254,4.12,379.7,116.0,14.45,45.71,False,Normal,0,train
PUMP_02,2026-03-25 08:00:00,0.1634,46.51,33.84,57.84,4.004,0.1592,0.0179,7.204,3.92,380.7,123.8,13.54,45.67,False,Normal,0,train
PUMP_02,2026-03-25 09:00:00,0.1542,49.81,34.54,57.63,3.967,0.159,0.0179,7.159,3.95,386.0,135.1,13.05,45.62,False,Normal,0,train
PUMP_02,2026-03-25 10:00:00,0.1869,49.74,33.59,57.14,3.969,0.1643,0.021,7.209,4.07,384.3,137.0,13.87,45.58,False,Normal,0,train
PUMP_02,2026-03-25 11:00:00,0.1396,49.9,33.79,56.81,4.093,0.1627,0.0226,7.228,4.68,387.4,135.3,14.73,45.54,False,Normal,0,train
PUMP_02,2026-03-25 12:00:00,0.159,50.05,34.24,58.13,3.886,0.1659,0.02,7.158,4.37,376.6,142.9,12.95,45.5,False,Normal,0,train
PUMP_02,2026-03-25 13:00:00,0.1287,48.75,33.8,59.44,3.996,0.1553,0.0202,7.15,4.33,376.6,152.0,12.78,45.46,False,Normal,0,train
PUMP_02,2026-03-25 14:00:00,0.1563,47.68,33.24,58.98,4.02,0.1541,0.0198,7.226,3.82,378.3,152.4,13.72,45.42,False,Normal,0,train
PUMP_02,2026-03-25 15:00:00,0.1259,50.33,34.5,58.47,4.075,0.1494,0.0229,7.241,3.64,375.3,139.1,13.71,45.38,False,Normal,0,train
PUMP_02,2026-03-25 16:00:00,0.1484,48.51,33.5,59.5,3.99,0.143,0.0139,7.307,4.16,373.4,134.0,15.05,45.33,False,Normal,0,train
PUMP_02,2026-03-25 17:00:00,0.1696,50.6,33.69,58.02,4.078,0.148,0.0174,7.233,4.5,382.3,130.7,14.48,45.29,False,Normal,0,train
PUMP_02,2026-03-25 18:00:00,0.1414,48.59,34.63,56.81,3.996,0.1451,0.0167,7.14,4.69,382.0,133.7,13.1,45.25,False,Normal,0,train
PUMP_02,2026-03-25 19:00:00,0.1075,51.04,34.32,57.58,4.01,0.1415,0.0222,7.302,3.02,381.2,123.4,14.5,45.21,False,Normal,0,train
PUMP_02,2026-03-25 20:00:00,0.1419,49.92,34.11,57.93,4.007,0.1391,0.021,7.253,4.98,381.8,119.4,15.1,45.17,False,Normal,0,train
PUMP_02,2026-03-25 21:00:00,0.1501,50.02,33.12,57.39,4.052,0.1432,0.0203,7.1,4.17,372.7,111.5,11.71,45.12,False,Normal,0,train
PUMP_02,2026-03-25 22:00:00,0.1585,49.63,33.3,58.73,4.043,0.1448,0.0212,7.148,4.36,377.6,97.0,12.83,45.08,False,Normal,0,train
PUMP_02,2026-03-25 23:00:00,0.1695,49.39,34.24,59.12,3.911,0.1448,0.0212,7.175,3.3,378.5,94.6,12.56,45.04,False,Normal,0,train
PUMP_02,2026-03-26 00:00:00,0.1729,49.65,34.38,55.92,4.017,0.1501,0.0239,7.242,3.91,380.2,93.1,14.11,45.0,False,Normal,0,train
PUMP_02,2026-03-26 01:00:00,0.1506,51.77,34.15,57.83,4.043,0.1572,0.0121,7.081,4.33,372.7,92.9,11.52,44.96,False,Normal,0,train
PUMP_02,2026-03-26 02:00:00,0.1451,47.7,33.72,54.52,4.117,0.1578,0.0113,7.194,3.53,375.4,93.1,12.88,44.92,False,Normal,0,train
PUMP_02,2026-03-26 03:00:00,0.1403,49.03,33.7,57.89,3.919,0.1562,0.0132,7.239,2.84,377.8,96.1,13.23,44.88,False,Normal,0,train
PUMP_02,2026-03-26 04:00:00,0.1506,51.58,34.13,57.88,4.043,0.1548,0.0133,7.058,4.13,385.3,104.9,11.55,44.83,False,Normal,0,train
PUMP_02,2026-03-26 05:00:00,0.1668,51.23,33.25,60.13,3.972,0.1544,0.0127,7.237,3.98,381.3,108.0,14.14,44.79,False,Normal,0,train
PUMP_02,2026-03-26 06:00:00,0.1398,52.02,34.06,59.77,4.015,0.1489,0.01,7.243,4.58,385.1,118.4,14.81,44.75,False,Normal,0,train
PUMP_02,2026-03-26 07:00:00,0.1458,49.91,33.17,59.12,3.914,0.1481,0.01,7.158,3.94,379.4,121.0,12.75,44.71,False,Normal,0,train
PUMP_02,2026-03-26 08:00:00,0.1671,48.02,33.37,56.85,3.999,0.1517,0.0124,7.142,3.97,380.0,123.8,12.55,44.67,False,Normal,0,train
PUMP_02,2026-03-26 09:00:00,0.1474,48.34,34.11,56.78,4.026,0.1529,0.0114,7.157,4.28,382.5,133.3,13.11,44.62,False,Normal,0,train
PUMP_02,2026-03-26 10:00:00,0.1605,49.55,34.35,56.68,3.922,0.1546,0.0117,7.066,4.41,379.1,131.6,11.61,44.58,False,Normal,0,train
PUMP_02,2026-03-26 11:00:00,0.1404,51.14,34.21,59.83,4.116,0.1502,0.0112,7.184,3.72,376.9,132.4,12.91,44.54,False,Normal,0,train
PUMP_02,2026-03-26 12:00:00,0.1543,49.62,33.33,56.91,3.876,0.1526,0.01,7.211,4.38,372.6,146.7,13.63,44.5,False,Normal,0,train
PUMP_02,2026-03-26 13:00:00,0.1358,49.5,32.88,57.54,4.043,0.1509,0.012,7.139,3.79,377.0,149.1,12.25,44.46,False,Normal,0,train
PUMP_02,2026-03-26 14:00:00,0.1165,50.6,34.0,56.92,3.806,0.1425,0.0156,7.249,4.01,384.2,144.4,14.46,44.42,False,Normal,0,train
PUMP_02,2026-03-26 15:00:00,0.1573,50.04,32.86,56.49,3.98,0.1441,0.0167,7.205,4.27,386.3,140.1,14.03,44.38,False,Normal,0,train
PUMP_02,2026-03-26 16:00:00,0.1309,49.34,34.57,58.4,4.038,0.1392,0.0152,7.213,4.34,376.1,132.3,13.78,44.33,False,Normal,0,train
PUMP_02,2026-03-26 17:00:00,0.1366,48.5,33.35,58.18,4.057,0.1386,0.0152,7.18,4.13,371.3,137.2,12.91,44.29,False,Normal,0,train
PUMP_02,2026-03-26 18:00:00,0.1296,51.42,35.34,55.33,3.992,0.1344,0.0133,7.237,3.57,384.6,128.4,13.98,44.25,False,Normal,0,train
PUMP_02,2026-03-26 19:00:00,0.1485,51.57,33.42,56.44,3.981,0.1366,0.0145,7.265,3.25,380.3,121.2,14.02,44.21,False,Normal,0,train
PUMP_02,2026-03-26 20:00:00,0.1463,48.41,34.28,58.31,4.045,0.1415,0.011,7.18,3.92,373.3,113.5,12.84,44.17,False,Normal,0,train
PUMP_02,2026-03-26 21:00:00,0.1511,49.4,33.56,57.91,4.076,0.1405,0.0093,7.238,4.39,364.4,105.6,13.73,44.12,False,Normal,0,train
PUMP_02,2026-03-26 22:00:00,0.1368,51.0,33.9,57.52,4.11,0.1415,0.0084,7.239,4.18,375.2,97.9,14.04,44.08,False,Normal,0,train
PUMP_02,2026-03-26 23:00:00,0.1467,48.29,34.11,58.73,3.897,0.1432,0.0082,7.221,4.1,377.7,99.4,13.81,44.04,False,Normal,0,train
PUMP_02,2026-03-27 00:00:00,0.1563,50.55,34.52,56.27,3.984,0.1476,0.0064,7.284,4.0,374.2,93.7,14.6,44.0,False,Normal,0,train
PUMP_02,2026-03-27 01:00:00,0.1758,49.51,34.61,57.29,3.825,0.1522,0.0132,7.164,4.12,383.5,93.3,13.15,43.96,False,Normal,0,train
PUMP_02,2026-03-27 02:00:00,0.1596,48.17,34.44,58.62,3.891,0.1544,0.0132,7.179,3.6,375.9,102.7,12.72,43.92,False,Normal,0,train
PUMP_02,2026-03-27 03:00:00,0.142,52.67,34.62,57.22,3.944,0.1529,0.0141,7.161,4.31,380.1,98.2,13.1,43.88,False,Normal,0,train
PUMP_02,2026-03-27 04:00:00,0.1627,49.49,33.63,58.38,4.069,0.1572,0.012,7.236,4.34,391.9,92.5,14.81,43.83,False,Normal,0,train
PUMP_02,2026-03-27 05:00:00,0.1572,50.79,34.39,56.62,3.962,0.1589,0.0109,7.186,3.86,380.6,105.4,13.21,43.79,False,Normal,0,train
PUMP_02,2026-03-27 06:00:00,0.13,48.32,33.8,57.01,3.977,0.1546,0.0162,7.165,4.17,379.4,109.5,13.04,43.75,False,Normal,0,train
PUMP_02,2026-03-27 07:00:00,0.132,52.33,34.59,55.86,4.024,0.1472,0.0145,7.283,3.31,379.5,119.4,14.33,43.71,False,Normal,0,train
PUMP_02,2026-03-27 08:00:00,0.1577,52.92,34.07,55.53,3.946,0.1469,0.0142,7.29,4.07,383.3,120.8,15.14,43.67,False,Normal,0,train
PUMP_02,2026-03-27 09:00:00,0.1573,47.75,34.37,57.43,3.84,0.1495,0.0145,7.184,3.95,382.7,134.2,13.31,43.62,False,Normal,0,train
PUMP_02,2026-03-27 10:00:00,0.1506,49.75,34.17,58.54,3.94,0.1475,0.013,7.132,4.5,375.0,136.5,12.55,43.58,False,Normal,0,train
PUMP_02,2026-03-27 11:00:00,0.1659,51.99,34.46,57.86,3.99,0.1489,0.0147,7.293,3.92,377.9,139.7,14.85,43.54,False,Normal,0,train
PUMP_02,2026-03-27 12:00:00,0.136,49.3,33.52,59.39,4.037,0.1499,0.0133,7.224,4.35,376.7,144.7,13.98,43.5,False,Normal,0,train
PUMP_02,2026-03-27 13:00:00,0.1266,50.61,33.06,57.53,3.983,0.149,0.0149,7.221,3.84,378.6,144.7,13.67,43.46,False,Normal,0,train
PUMP_02,2026-03-27 14:00:00,0.1326,47.48,34.59,55.46,4.036,0.1448,0.0154,7.205,3.09,389.1,143.6,13.32,43.42,False,Normal,0,train
PUMP_02,2026-03-27 15:00:00,0.1338,48.82,34.81,58.41,4.074,0.1409,0.0146,7.16,3.91,383.1,140.8,12.93,43.38,False,Normal,0,train
PUMP_02,2026-03-27 16:00:00,0.1405,50.46,33.93,56.71,4.09,0.1392,0.0138,7.179,4.08,379.6,137.6,13.21,43.33,False,Normal,0,train
PUMP_02,2026-03-27 17:00:00,0.1284,49.12,34.49,58.15,4.014,0.133,0.0051,7.234,4.06,386.2,133.9,14.34,43.29,False,Normal,0,train
PUMP_02,2026-03-27 18:00:00,0.1079,49.46,33.02,55.26,3.909,0.1283,0.0111,7.178,4.07,380.9,127.3,13.23,43.25,False,Normal,0,train
PUMP_02,2026-03-27 19:00:00,0.1018,47.73,33.63,57.67,3.9,0.1242,0.0156,7.222,3.8,371.8,124.5,13.36,43.21,False,Normal,0,train
PUMP_02,2026-03-27 20:00:00,0.1432,50.98,34.05,58.84,3.908,0.1259,0.0172,7.201,3.87,388.3,111.3,13.77,43.17,False,Normal,0,train
PUMP_02,2026-03-27 21:00:00,0.126,47.99,32.96,58.7,3.914,0.1246,0.0168,7.147,3.55,379.2,108.5,12.31,43.12,False,Normal,0,train
PUMP_02,2026-03-27 22:00:00,0.1149,52.31,33.08,57.7,4.008,0.1204,0.0152,7.281,3.2,368.7,112.1,13.77,43.08,False,Normal,0,train
PUMP_02,2026-03-27 23:00:00,0.1568,48.98,34.09,57.94,4.151,0.1251,0.0213,7.23,3.96,372.0,98.2,13.61,43.04,False,Normal,0,train
PUMP_02,2026-03-28 00:00:00,0.1732,51.2,33.64,57.4,4.017,0.136,0.0268,7.163,5.56,385.6,95.8,14.24,43.0,False,Normal,0,train
PUMP_02,2026-03-28 01:00:00,0.1512,51.05,33.79,57.64,3.993,0.1442,0.0212,7.13,7.85,372.1,89.9,14.75,42.96,False,Normal,0,train
PUMP_02,2026-03-28 02:00:00,0.159,48.52,33.76,58.75,4.077,0.1468,0.022,6.968,8.1,386.7,93.0,13.96,42.92,False,Normal,0,train
PUMP_02,2026-03-28 03:00:00,0.1612,49.14,33.23,57.1,3.934,0.1527,0.0199,6.992,10.52,380.4,97.9,15.01,42.88,False,Normal,0,train
PUMP_02,2026-03-28 04:00:00,0.124,49.31,33.87,57.22,4.083,0.1542,0.0165,6.889,13.07,383.6,104.5,18.58,42.83,False,Normal,0,train
PUMP_02,2026-03-28 05:00:00,0.173,49.42,33.99,56.1,4.077,0.1569,0.0182,6.928,13.66,378.7,110.1,18.16,42.79,False,Normal,0,train
PUMP_02,2026-03-28 06:00:00,0.1786,48.05,33.65,58.78,4.005,0.1578,0.0193,6.991,11.88,395.9,114.8,16.62,42.75,False,Normal,0,train
PUMP_02,2026-03-28 07:00:00,0.1872,50.8,33.7,57.62,4.167,0.1638,0.0222,7.026,10.49,406.0,123.2,16.35,42.71,False,Normal,0,train
PUMP_02,2026-03-28 08:00:00,0.1521,48.97,33.88,56.48,4.089,0.1627,0.0227,7.123,8.96,415.4,122.5,17.21,42.67,False,Normal,0,train
PUMP_02,2026-03-28 09:00:00,0.14,49.83,34.49,58.99,4.004,0.1591,0.0245,7.03,7.17,420.4,134.5,14.68,42.62,False,Normal,0,train
PUMP_02,2026-03-28 10:00:00,0.1754,51.51,33.94,57.88,3.989,0.1677,0.0179,7.117,5.11,440.5,137.7,15.47,42.58,False,Normal,0,train
PUMP_02,2026-03-28 11:00:00,0.1601,50.86,32.84,57.04,3.965,0.1656,0.0179,7.221,4.26,440.5,142.2,16.53,42.54,False,Normal,0,train
PUMP_02,2026-03-28 12:00:00,0.1631,49.07,33.28,59.01,3.99,0.163,0.0167,7.213,3.24,440.9,142.7,15.72,42.5,False,Normal,0,train
PUMP_02,2026-03-28 13:00:00,0.1377,51.56,34.56,57.52,3.992,0.1547,0.0144,7.134,4.33,426.1,141.2,14.6,42.46,False,Normal,0,train
PUMP_02,2026-03-28 14:00:00,0.1491,51.0,33.59,56.05,3.974,0.1542,0.0146,7.26,3.84,416.3,139.3,15.86,42.42,False,Normal,0,train
PUMP_02,2026-03-28 15:00:00,0.1271,48.94,33.95,59.08,3.983,0.1521,0.0177,7.277,4.0,390.7,142.9,15.18,42.38,False,Normal,0,train
PUMP_02,2026-03-28 16:00:00,0.1413,49.23,35.15,56.93,3.905,0.1464,0.0138,7.221,3.79,385.2,139.7,13.91,42.33,False,Normal,0,train
PUMP_02,2026-03-28 17:00:00,0.1351,51.5,34.38,61.56,3.955,0.1422,0.0125,7.125,4.57,377.5,132.0,12.59,42.29,False,Normal,0,train
PUMP_02,2026-03-28 18:00:00,0.1752,51.17,32.71,57.4,3.872,0.1442,0.0168,7.208,4.1,383.4,126.4,13.84,42.25,False,Normal,0,train
PUMP_02,2026-03-28 19:00:00,0.1486,47.75,34.87,55.52,4.033,0.1461,0.0165,7.217,3.87,375.3,117.1,13.49,42.21,False,Normal,0,train
PUMP_02,2026-03-28 20:00:00,0.1091,48.49,34.09,60.04,4.006,0.1394,0.0222,7.186,3.86,392.7,115.5,13.72,42.17,False,Normal,0,train
PUMP_02,2026-03-28 21:00:00,0.1429,51.04,34.22,57.87,3.99,0.142,0.0213,7.267,3.94,378.7,107.7,14.48,42.12,False,Normal,0,train
PUMP_02,2026-03-28 22:00:00,0.1505,48.24,34.18,58.24,4.071,0.1436,0.0216,7.194,4.96,374.9,100.9,13.87,42.08,False,Normal,0,train
PUMP_02,2026-03-28 23:00:00,0.1403,51.21,34.55,58.39,3.931,0.1444,0.0213,7.305,3.47,379.1,101.8,14.78,42.04,False,Normal,0,train
PUMP_02,2026-03-29 00:00:00,0.1335,52.9,33.95,56.3,3.943,0.1375,0.0152,7.239,4.43,375.2,98.4,14.23,42.0,False,Normal,0,train
PUMP_02,2026-03-29 01:00:00,0.1625,50.56,33.11,55.33,3.882,0.1398,0.018,7.214,4.23,374.1,88.9,13.63,41.96,False,Normal,0,train
PUMP_02,2026-03-29 02:00:00,0.1406,48.62,34.19,60.28,4.082,0.145,0.0101,7.246,4.62,385.1,96.0,14.88,41.92,False,Normal,0,train
PUMP_02,2026-03-29 03:00:00,0.1657,50.26,33.17,56.06,4.048,0.1488,0.013,7.277,4.25,382.6,94.5,15.01,41.88,False,Normal,0,train
PUMP_02,2026-03-29 04:00:00,0.143,51.55,35.09,59.9,4.106,0.1476,0.0132,7.245,4.0,382.6,102.9,14.33,41.83,False,Normal,0,train
PUMP_02,2026-03-29 05:00:00,0.1517,50.15,33.78,58.57,4.127,0.1495,0.0128,7.196,4.41,386.4,94.9,13.99,41.79,False,Normal,0,train
PUMP_02,2026-03-29 06:00:00,0.1743,50.73,33.97,58.15,3.966,0.1563,0.0134,7.167,4.09,382.4,114.3,13.14,41.75,False,Normal,0,train
PUMP_02,2026-03-29 07:00:00,0.167,48.8,33.59,57.37,3.943,0.157,0.0139,7.144,4.3,374.7,122.8,12.59,41.71,False,Normal,0,train
PUMP_02,2026-03-29 08:00:00,0.1591,48.91,34.2,60.71,3.856,0.1601,0.0114,7.078,4.57,383.5,126.0,12.09,41.67,False,Normal,0,train
PUMP_02,2026-03-29 09:00:00,0.1566,51.36,34.27,57.1,3.912,0.1586,0.0111,7.209,4.04,374.4,127.8,13.43,41.62,False,Normal,0,train
PUMP_02,2026-03-29 10:00:00,0.1564,48.93,33.59,57.14,3.974,0.1609,0.0083,7.181,3.83,377.6,145.5,12.97,41.58,False,Normal,0,train
PUMP_02,2026-03-29 11:00:00,0.1407,46.12,34.27,58.74,3.835,0.159,0.0114,7.183,3.74,379.8,146.3,13.04,41.54,False,Normal,0,train
PUMP_02,2026-03-29 12:00:00,0.1272,49.54,34.04,57.13,3.914,0.1512,0.0145,7.251,4.18,379.3,142.0,14.42,41.5,False,Normal,0,train
PUMP_02,2026-03-29 13:00:00,0.1559,50.47,33.94,56.72,3.993,0.1493,0.0127,7.194,3.65,371.0,144.0,12.79,41.46,False,Normal,0,train
PUMP_02,2026-03-29 14:00:00,0.168,51.59,33.55,57.87,4.071,0.1508,0.0145,7.295,3.86,375.2,136.2,14.72,41.42,False,Normal,0,train
PUMP_02,2026-03-29 15:00:00,0.152,52.47,35.39,58.76,3.943,0.15,0.0142,7.171,3.61,379.9,143.5,12.77,41.38,False,Normal,0,train
PUMP_02,2026-03-29 16:00:00,0.1452,50.13,34.71,60.19,4.01,0.1482,0.0139,7.151,4.2,376.9,132.2,12.74,41.33,False,Normal,0,train
PUMP_02,2026-03-29 17:00:00,0.1222,50.99,34.44,60.44,4.149,0.1451,0.0175,7.137,3.7,385.6,135.2,12.52,41.29,False,Normal,0,train
PUMP_02,2026-03-29 18:00:00,0.1532,50.18,34.68,55.79,3.856,0.1494,0.0153,7.236,3.49,386.5,130.6,13.99,41.25,False,Normal,0,train
PUMP_02,2026-03-29 19:00:00,0.1476,50.53,34.18,59.19,4.087,0.148,0.0149,7.258,3.56,374.4,119.7,13.88,41.21,False,Normal,0,train
PUMP_02,2026-03-29 20:00:00,0.1527,49.72,33.79,56.76,4.03,0.1455,0.0118,7.17,3.77,380.3,109.3,12.88,41.17,False,Normal,0,train
PUMP_02,2026-03-29 21:00:00,0.1584,50.58,32.41,56.82,4.101,0.1465,0.0128,7.147,3.81,387.9,112.5,12.84,41.12,False,Normal,0,train
PUMP_02,2026-03-29 22:00:00,0.1688,48.91,33.27,57.29,4.077,0.1505,0.0156,7.277,4.1,379.3,102.3,14.77,41.08,False,Normal,0,train
PUMP_02,2026-03-29 23:00:00,0.1307,52.97,35.3,57.21,3.947,0.1519,0.0126,7.127,3.94,378.0,98.7,12.21,41.04,False,Normal,0,train
PUMP_02,2026-03-30 00:00:00,0.1307,46.41,34.7,56.65,4.0,0.1482,0.0152,7.251,4.15,384.3,92.1,14.59,41.0,False,Normal,0,train
PUMP_02,2026-03-30 01:00:00,0.1548,50.86,34.12,55.15,3.883,0.1494,0.0155,7.171,4.18,378.6,95.8,13.11,40.96,False,Normal,0,train
PUMP_02,2026-03-30 02:00:00,0.1412,50.48,33.05,59.67,3.958,0.1474,0.0157,7.22,4.3,386.4,95.0,14.29,40.92,False,Normal,0,train
PUMP_02,2026-03-30 03:00:00,0.1406,50.56,34.38,59.02,4.002,0.1445,0.0149,7.254,3.24,377.0,93.0,13.7,40.88,False,Normal,0,train
PUMP_02,2026-03-30 04:00:00,0.177,48.23,33.83,57.92,4.024,0.1458,0.0177,7.224,3.55,377.6,107.7,13.47,40.83,False,Normal,0,train
PUMP_02,2026-03-30 05:00:00,0.1445,47.48,34.42,56.78,4.063,0.1481,0.0161,7.185,4.22,384.0,114.5,13.58,40.79,False,Normal,0,train
PUMP_02,2026-03-30 06:00:00,0.1598,50.91,33.33,59.42,4.127,0.153,0.0141,7.27,4.08,380.5,117.6,14.7,40.75,False,Normal,0,train
PUMP_02,2026-03-30 07:00:00,0.1352,52.01,33.71,57.86,3.965,0.1497,0.0157,7.214,4.39,380.5,123.5,14.03,40.71,False,Normal,0,train
PUMP_02,2026-03-30 08:00:00,0.1596,50.33,34.53,57.25,4.092,0.1528,0.0155,7.384,3.38,370.5,133.5,15.62,40.67,False,Normal,0,train
PUMP_02,2026-03-30 09:00:00,0.1748,51.21,35.16,55.97,4.021,0.1585,0.0164,7.115,3.81,378.2,128.3,11.93,40.62,False,Normal,0,train
PUMP_02,2026-03-30 10:00:00,0.1732,49.31,33.6,58.58,3.895,0.1578,0.0156,7.114,3.88,384.3,133.4,12.22,40.58,False,Normal,0,train
PUMP_02,2026-03-30 11:00:00,0.1683,50.5,33.4,57.54,3.988,0.1618,0.0145,7.25,4.07,376.1,140.0,14.18,40.54,False,Normal,0,train
PUMP_02,2026-03-30 12:00:00,0.1488,51.84,34.61,58.25,4.009,0.16,0.0155,7.198,4.01,383.5,145.3,13.63,40.5,False,Normal,0,train
PUMP_02,2026-03-30 13:00:00,0.1641,49.53,33.24,58.14,3.933,0.1648,0.0097,7.24,4.19,381.3,143.8,14.32,40.46,False,Normal,0,train
PUMP_02,2026-03-30 14:00:00,0.1515,51.78,33.29,58.7,3.917,0.1634,0.011,7.145,3.95,379.0,140.1,12.55,40.42,False,Normal,0,train
PUMP_02,2026-03-30 15:00:00,0.1363,47.55,34.16,58.2,3.914,0.157,0.0139,7.203,4.55,386.8,141.7,14.21,40.38,False,Normal,0,train
PUMP_02,2026-03-30 16:00:00,0.1471,49.08,35.25,57.57,3.957,0.1527,0.0117,7.223,4.68,378.3,137.3,14.27,40.33,False,Normal,0,train
PUMP_02,2026-03-30 17:00:00,0.1536,50.82,33.49,58.6,3.931,0.1502,0.0091,7.173,3.55,378.6,135.9,12.7,40.29,False,Normal,0,train
PUMP_02,2026-03-30 18:00:00,0.1201,52.85,33.78,59.08,4.098,0.1454,0.0154,7.212,4.02,378.9,126.6,13.65,40.25,False,Normal,0,train
PUMP_02,2026-03-30 19:00:00,0.1244,50.02,34.07,59.8,3.804,0.1388,0.0142,7.132,4.32,380.4,112.4,12.65,40.21,False,Normal,0,train
PUMP_02,2026-03-30 20:00:00,0.1392,48.45,33.72,56.59,4.009,0.1368,0.0129,7.22,4.23,383.8,115.1,14.14,40.17,False,Normal,0,train
PUMP_02,2026-03-30 21:00:00,0.1246,52.82,32.94,59.27,4.042,0.1348,0.0138,7.272,3.84,372.6,113.8,14.24,40.12,False,Normal,0,train
PUMP_02,2026-03-30 22:00:00,0.1265,49.81,34.48,56.03,3.923,0.1314,0.0127,7.138,4.1,384.3,102.4,12.76,40.08,False,Normal,0,train
PUMP_02,2026-03-30 23:00:00,0.1411,51.0,34.11,59.16,3.981,0.1293,0.0087,7.135,3.37,380.3,102.3,12.03,40.04,False,Normal,0,train
PUMP_02,2026-03-31 00:00:00,0.1649,49.5,34.22,57.23,3.973,0.1368,0.0156,7.259,3.99,382.8,93.8,14.56,40.0,False,Normal,0,train
PUMP_02,2026-03-31 01:00:00,0.1672,50.21,33.91,58.95,3.994,0.1439,0.0184,7.134,3.42,392.0,97.3,12.54,39.96,False,Normal,0,train
PUMP_02,2026-03-31 02:00:00,0.1598,49.16,34.91,59.73,4.053,0.1473,0.0192,7.242,4.2,377.4,92.9,14.21,39.92,False,Normal,0,train
PUMP_02,2026-03-31 03:00:00,0.1598,53.39,33.7,58.22,4.046,0.1532,0.016,7.203,3.55,373.9,97.4,12.98,39.88,False,Normal,0,train
PUMP_02,2026-03-31 04:00:00,0.19,51.79,33.35,57.94,3.952,0.1638,0.0158,7.179,4.07,381.0,101.4,13.25,39.83,False,Normal,0,train
PUMP_02,2026-03-31 05:00:00,0.1516,52.65,35.0,57.88,3.88,0.1656,0.0131,7.273,4.13,381.8,109.4,14.84,39.79,False,Normal,0,train
PUMP_02,2026-03-31 06:00:00,0.1636,48.82,32.68,57.44,4.013,0.1653,0.0132,7.246,4.03,384.4,110.2,14.45,39.75,False,Normal,0,train
PUMP_02,2026-03-31 07:00:00,0.1508,47.26,33.91,59.35,3.947,0.1626,0.0143,7.214,3.75,377.3,114.1,13.43,39.71,False,Normal,0,train
PUMP_02,2026-03-31 08:00:00,0.1393,49.56,33.95,57.87,3.958,0.1592,0.0173,7.092,3.92,375.8,128.4,11.55,39.67,False,Normal,0,train
PUMP_02,2026-03-31 09:00:00,0.1748,53.77,33.93,55.39,4.018,0.1617,0.0184,7.236,4.47,372.3,134.2,14.08,39.62,False,Normal,0,train
PUMP_02,2026-03-31 10:00:00,0.1504,49.52,33.07,59.06,3.965,0.1551,0.0124,7.146,3.83,373.2,138.1,12.24,39.58,False,Normal,0,train
PUMP_02,2026-03-31 11:00:00,0.163,51.58,33.29,59.0,4.025,0.157,0.0126,7.189,4.01,377.9,145.4,13.24,39.54,False,Normal,0,train
PUMP_02,2026-03-31 12:00:00,0.1463,48.46,34.57,58.05,4.201,0.1541,0.0127,7.2,3.78,379.4,143.3,13.33,39.5,False,Normal,0,train
PUMP_02,2026-03-31 13:00:00,0.1661,48.76,34.83,57.05,4.055,0.1566,0.0135,7.295,4.41,390.3,146.1,15.73,39.46,False,Normal,0,train
PUMP_02,2026-03-31 14:00:00,0.13,49.88,33.75,56.61,4.108,0.1551,0.0161,7.187,4.03,371.5,142.7,12.97,39.42,False,Normal,0,train
PUMP_02,2026-03-31 15:00:00,0.1604,53.16,33.44,57.06,4.041,0.1527,0.0135,7.129,3.69,381.7,140.6,12.22,39.38,False,Normal,0,train
PUMP_02,2026-03-31 16:00:00,0.1548,51.65,32.93,58.24,4.006,0.1534,0.0134,7.273,4.0,376.4,139.0,14.53,39.33,False,Normal,0,train
PUMP_02,2026-03-31 17:00:00,0.1134,46.92,34.56,55.79,4.042,0.1452,0.02,7.236,3.9,381.1,141.6,14.06,39.29,False,Normal,0,train
PUMP_02,2026-03-31 18:00:00,0.1322,51.0,34.6,58.51,4.038,0.1428,0.0207,7.238,4.56,377.2,129.4,14.39,39.25,False,Normal,0,train
PUMP_02,2026-03-31 19:00:00,0.1557,48.28,32.31,58.09,4.069,0.1411,0.0187,7.274,3.98,385.2,122.2,14.89,39.21,False,Normal,0,train
PUMP_02,2026-03-31 20:00:00,0.1659,48.98,32.55,59.54,4.005,0.1471,0.0201,7.286,3.45,385.1,116.6,14.71,39.17,False,Normal,0,train
PUMP_02,2026-03-31 21:00:00,0.1537,50.77,34.08,58.84,3.895,0.146,0.0194,7.155,4.2,379.4,98.1,12.9,39.12,False,Normal,0,train
PUMP_02,2026-03-31 22:00:00,0.1391,52.1,34.16,57.13,3.883,0.1433,0.019,7.13,4.71,387.2,103.6,13.19,39.08,False,Normal,0,train
PUMP_02,2026-03-31 23:00:00,0.1329,52.02,33.71,55.97,4.037,0.1466,0.0138,7.242,4.48,383.8,102.0,14.67,39.04,False,Normal,0,train
PUMP_02,2026-04-01 00:00:00,0.1585,50.5,33.98,57.01,3.91,0.151,0.0125,7.187,3.56,387.0,96.2,13.27,39.0,False,Normal,0,train
PUMP_02,2026-04-01 01:00:00,0.1462,50.52,33.85,59.66,4.055,0.1494,0.0123,7.191,3.89,379.8,94.8,13.28,38.96,False,Normal,0,train
PUMP_02,2026-04-01 02:00:00,0.1492,52.02,34.02,58.35,4.107,0.1466,0.0094,7.144,3.99,384.8,92.1,12.79,38.92,False,Normal,0,train
PUMP_02,2026-04-01 03:00:00,0.1537,47.64,33.46,58.72,3.982,0.1466,0.0094,7.229,3.99,376.2,96.6,13.8,38.88,False,Normal,0,train
PUMP_02,2026-04-01 04:00:00,0.1719,52.74,33.99,57.24,4.097,0.1521,0.013,7.22,4.15,375.7,99.0,13.75,38.83,False,Normal,0,train
PUMP_02,2026-04-01 05:00:00,0.1868,48.9,33.6,58.58,4.021,0.161,0.0155,7.192,3.86,390.9,111.5,13.73,38.79,False,Normal,0,train
PUMP_02,2026-04-01 06:00:00,0.1754,50.39,33.55,56.18,4.002,0.1639,0.0165,7.131,3.63,374.6,119.5,11.91,38.75,False,Normal,0,train
PUMP_02,2026-04-01 07:00:00,0.1598,49.26,32.88,59.12,4.006,0.1661,0.0143,7.26,4.38,377.8,127.7,14.64,38.71,False,Normal,0,train
PUMP_02,2026-04-01 08:00:00,0.1452,48.27,33.89,56.61,3.934,0.1655,0.0153,7.213,3.55,370.5,123.1,12.99,38.67,False,Normal,0,train
PUMP_02,2026-04-01 09:00:00,0.1671,50.69,34.48,55.63,3.923,0.1677,0.0142,7.256,3.68,375.8,129.8,13.99,38.62,False,Normal,0,train
PUMP_02,2026-04-01 10:00:00,0.18,50.35,33.8,60.71,3.868,0.169,0.0151,7.095,3.55,375.0,134.7,11.29,38.58,False,Normal,0,train
PUMP_02,2026-04-01 11:00:00,0.1676,49.84,33.79,58.16,3.941,0.1658,0.0123,7.203,4.24,376.6,137.6,13.58,38.54,False,Normal,0,train
PUMP_02,2026-04-01 12:00:00,0.1531,49.77,34.75,58.13,4.171,0.1621,0.0122,7.164,4.04,381.5,140.1,13.02,38.5,False,Normal,0,train
PUMP_02,2026-04-01 13:00:00,0.1401,52.29,34.61,55.76,3.881,0.1588,0.0153,7.202,4.35,382.7,142.9,13.89,38.46,False,Normal,0,train
PUMP_02,2026-04-01 14:00:00,0.1502,53.29,35.04,58.75,3.906,0.1597,0.0145,7.247,3.69,375.0,147.6,13.82,38.42,False,Normal,0,train
PUMP_02,2026-04-01 15:00:00,0.1602,51.88,35.35,59.06,3.936,0.1585,0.014,7.218,3.5,376.1,138.8,13.28,38.38,False,Normal,0,train
PUMP_02,2026-04-01 16:00:00,0.1448,50.42,34.04,57.76,3.939,0.1527,0.0101,7.201,3.82,385.4,141.9,13.62,38.33,False,Normal,0,train
PUMP_02,2026-04-01 17:00:00,0.1388,47.54,33.31,59.07,4.022,0.1479,0.0082,7.201,3.93,388.5,138.0,13.81,38.29,False,Normal,0,train
PUMP_02,2026-04-01 18:00:00,0.1297,50.94,33.69,59.4,3.951,0.144,0.0105,7.122,4.08,386.3,127.6,12.57,38.25,False,Normal,0,train
PUMP_02,2026-04-01 19:00:00,0.1792,51.01,34.34,58.63,3.984,0.1505,0.0174,7.155,3.33,371.8,124.9,11.96,38.21,False,Normal,0,train
PUMP_02,2026-04-01 20:00:00,0.128,51.16,34.86,55.4,3.932,0.1468,0.0197,7.256,4.19,385.9,108.1,14.78,38.17,False,Normal,0,train
PUMP_02,2026-04-01 21:00:00,0.1282,48.29,33.37,56.62,3.962,0.1414,0.0197,7.175,3.64,389.3,105.3,13.23,38.12,False,Normal,0,train
PUMP_02,2026-04-01 22:00:00,0.1475,51.28,34.15,60.02,3.995,0.1419,0.0198,7.257,3.74,371.5,103.1,13.88,38.08,False,Normal,0,train
PUMP_02,2026-04-01 23:00:00,0.1444,52.34,33.52,58.1,3.989,0.1428,0.0198,7.241,4.47,385.4,99.2,14.72,38.04,False,Normal,0,train
PUMP_02,2026-04-02 00:00:00,0.1653,48.53,33.91,58.1,4.158,0.1488,0.0204,7.244,3.13,381.1,101.6,13.64,38.0,False,Normal,0,train
PUMP_02,2026-04-02 01:00:00,0.1684,51.03,33.9,57.0,3.998,0.147,0.0174,7.217,4.13,378.4,91.0,13.79,37.96,False,Normal,0,train
PUMP_02,2026-04-02 02:00:00,0.1368,48.78,34.23,57.24,3.983,0.1484,0.0158,7.178,4.13,380.5,93.7,13.26,37.92,False,Normal,0,train
PUMP_02,2026-04-02 03:00:00,0.1457,49.84,35.22,59.43,3.8,0.1513,0.0126,7.192,3.67,382.2,98.0,13.24,37.88,False,Normal,0,train
PUMP_02,2026-04-02 04:00:00,0.1455,48.58,34.29,59.8,4.019,0.151,0.0127,7.232,3.82,385.8,100.2,14.13,37.83,False,Normal,0,train
PUMP_02,2026-04-02 05:00:00,0.1714,49.47,33.74,58.96,3.842,0.1555,0.0146,7.094,4.49,385.5,103.3,12.37,37.79,False,Normal,0,train
PUMP_02,2026-04-02 06:00:00,0.1664,49.49,33.64,58.66,4.044,0.1557,0.0147,7.262,4.79,372.5,111.6,14.73,37.75,False,Normal,0,train
PUMP_02,2026-04-02 07:00:00,0.1541,50.62,33.89,58.75,4.011,0.1533,0.0133,7.175,4.43,376.8,119.0,13.26,37.71,False,Normal,0,train
PUMP_02,2026-04-02 08:00:00,0.1619,51.34,33.48,57.92,4.064,0.1575,0.0108,7.196,4.75,380.5,132.3,13.98,37.67,False,Normal,0,train
PUMP_02,2026-04-02 09:00:00,0.1402,51.82,34.08,56.56,3.949,0.1566,0.0122,7.196,3.72,387.9,128.4,13.57,37.62,False,Normal,0,train
PUMP_02,2026-04-02 10:00:00,0.1439,49.02,32.55,56.3,4.002,0.1563,0.0125,7.198,3.37,366.4,140.9,12.46,37.58,False,Normal,0,train
PUMP_02,2026-04-02 11:00:00,0.1331,50.54,33.87,59.58,4.054,0.1499,0.013,7.134,3.98,376.9,146.7,12.31,37.54,False,Normal,0,train
PUMP_02,2026-04-02 12:00:00,0.1522,48.35,33.92,57.96,3.926,0.1476,0.0105,7.208,4.32,372.4,142.1,13.53,37.5,False,Normal,0,train
PUMP_02,2026-04-02 13:00:00,0.1495,49.83,33.3,58.57,4.049,0.1468,0.01,7.23,3.26,373.2,146.0,13.17,37.46,False,Normal,0,train
PUMP_02,2026-04-02 14:00:00,0.1302,50.06,33.77,58.25,4.045,0.1415,0.0088,7.098,3.63,384.9,146.5,11.81,37.42,False,Normal,0,train
PUMP_02,2026-04-02 15:00:00,0.1492,48.62,34.67,58.31,3.989,0.143,0.0093,7.135,3.67,377.3,143.3,12.12,37.38,False,Normal,0,train
PUMP_02,2026-04-02 16:00:00,0.1572,50.84,34.72,58.41,4.126,0.1452,0.0109,7.245,4.14,368.3,138.0,13.83,37.33,False,Normal,0,train
PUMP_02,2026-04-02 17:00:00,0.1249,49.77,33.68,58.84,4.041,0.1439,0.0131,7.235,4.09,379.2,129.8,14.1,37.29,False,Normal,0,train
PUMP_02,2026-04-02 18:00:00,0.1351,50.23,34.31,57.08,3.866,0.141,0.0127,7.215,3.69,390.2,129.1,13.95,37.25,False,Normal,0,train
PUMP_02,2026-04-02 19:00:00,0.148,51.84,33.1,59.42,4.079,0.1408,0.0126,7.166,4.07,371.0,118.5,12.63,37.21,False,Normal,0,train
PUMP_02,2026-04-02 20:00:00,0.1412,49.36,33.82,57.11,3.947,0.1426,0.0115,7.236,3.54,382.7,113.6,13.86,37.17,False,Normal,0,train
PUMP_02,2026-04-02 21:00:00,0.1223,51.28,34.14,58.29,4.064,0.1381,0.0135,7.14,3.83,387.8,108.2,12.74,37.12,False,Normal,0,train
PUMP_02,2026-04-02 22:00:00,0.1384,52.16,34.92,56.58,4.024,0.135,0.0098,7.193,3.49,379.8,105.7,13.03,37.08,False,Normal,0,train
PUMP_02,2026-04-02 23:00:00,0.1403,52.07,34.72,57.8,3.789,0.1376,0.0086,7.135,3.94,389.6,106.1,12.81,37.04,False,Normal,0,train
PUMP_02,2026-04-03 00:00:00,0.1474,49.72,34.13,57.21,4.048,0.1396,0.0093,7.192,3.68,376.7,92.9,13.01,37.0,False,Normal,0,train
PUMP_02,2026-04-03 01:00:00,0.1507,48.54,33.45,58.03,3.982,0.14,0.0099,7.148,4.28,387.2,95.2,13.17,36.96,False,Normal,0,train
PUMP_02,2026-04-03 02:00:00,0.1785,48.94,34.82,58.88,3.963,0.1463,0.0186,7.238,3.99,386.0,89.9,14.35,36.92,False,Normal,0,train
PUMP_02,2026-04-03 03:00:00,0.1539,47.62,33.8,58.09,3.966,0.1515,0.0145,7.222,3.91,379.8,104.3,13.78,36.88,False,Normal,0,train
PUMP_02,2026-04-03 04:00:00,0.1329,51.03,34.27,60.35,4.063,0.1506,0.0156,7.171,4.71,372.6,102.5,13.23,36.83,False,Normal,0,train
PUMP_02,2026-04-03 05:00:00,0.161,51.12,33.93,58.96,3.926,0.1541,0.0152,7.255,4.15,375.0,106.3,14.27,36.79,False,Normal,0,train
PUMP_02,2026-04-03 06:00:00,0.1862,50.18,35.2,57.73,4.089,0.1605,0.0194,7.152,3.85,368.3,113.7,12.14,36.75,False,Normal,0,train
PUMP_02,2026-04-03 07:00:00,0.1572,47.94,33.63,57.9,3.878,0.1616,0.0189,7.198,3.77,383.0,120.4,13.43,36.71,False,Normal,0,train
PUMP_02,2026-04-03 08:00:00,0.1521,49.45,34.55,58.45,4.024,0.1572,0.0172,7.169,3.53,382.4,123.5,12.78,36.67,False,Normal,0,train
PUMP_02,2026-04-03 09:00:00,0.1525,52.07,33.95,58.85,4.062,0.157,0.0173,7.237,3.97,380.4,137.3,14.09,36.62,False,Normal,0,train
PUMP_02,2026-04-03 10:00:00,0.1638,50.91,34.34,56.52,4.06,0.1621,0.0127,7.232,4.12,379.4,140.3,14.08,36.58,False,Normal,0,train
PUMP_02,2026-04-03 11:00:00,0.1479,51.17,34.97,58.76,4.015,0.16,0.014,7.265,3.23,386.8,144.8,14.29,36.54,False,Normal,0,train
PUMP_02,2026-04-03 12:00:00,0.1273,54.96,32.8,56.55,3.983,0.1501,0.0124,7.204,3.45,381.5,141.4,13.25,36.5,False,Normal,0,train
PUMP_02,2026-04-03 13:00:00,0.1373,50.49,33.96,58.65,3.956,0.1468,0.0128,7.052,3.79,377.2,142.1,10.87,36.46,False,Normal,0,train
PUMP_02,2026-04-03 14:00:00,0.144,46.76,33.46,59.32,3.902,0.1455,0.0126,7.178,3.56,380.7,143.7,12.88,36.42,False,Normal,0,train
PUMP_02,2026-04-03 15:00:00,0.151,48.35,34.27,58.36,3.945,0.1452,0.0124,7.278,4.02,390.2,144.9,15.19,36.38,False,Normal,0,train
PUMP_02,2026-04-03 16:00:00,0.1326,50.46,34.41,55.21,3.923,0.14,0.0092,7.184,4.07,383.1,139.7,13.42,36.33,False,Normal,0,train
PUMP_02,2026-04-03 17:00:00,0.1359,50.03,33.72,55.86,3.91,0.138,0.0084,7.104,3.95,378.1,129.4,11.85,36.29,False,Normal,0,train
PUMP_02,2026-04-03 18:00:00,0.1407,49.74,33.69,58.68,4.144,0.1403,0.0066,7.222,4.22,379.8,129.1,14.0,36.25,False,Normal,0,train
PUMP_02,2026-04-03 19:00:00,0.1287,49.77,34.12,55.06,3.862,0.1388,0.0081,7.226,3.77,382.3,116.1,13.85,36.21,False,Normal,0,train
PUMP_02,2026-04-03 20:00:00,0.14,48.82,33.24,58.73,4.09,0.1382,0.0077,7.164,3.98,377.9,110.9,12.82,36.17,False,Normal,0,train
PUMP_02,2026-04-03 21:00:00,0.1499,50.56,34.2,59.18,3.901,0.138,0.0074,7.188,3.6,377.5,108.1,12.92,36.12,False,Normal,0,train
PUMP_02,2026-04-03 22:00:00,0.1272,52.09,33.51,59.36,3.918,0.1371,0.0084,7.158,4.11,379.9,97.6,12.9,36.08,False,Normal,0,train
PUMP_02,2026-04-03 23:00:00,0.152,52.6,34.44,57.71,3.917,0.1398,0.0103,7.226,4.03,387.6,94.5,14.26,36.04,False,Normal,0,train
PUMP_02,2026-04-04 00:00:00,0.1336,52.56,33.21,58.53,3.911,0.1386,0.0106,7.203,3.52,384.0,102.1,13.37,36.0,False,Normal,0,train
PUMP_02,2026-04-04 01:00:00,0.1365,48.57,33.66,58.25,4.074,0.1399,0.0096,7.142,3.94,378.0,100.5,12.44,35.96,False,Normal,0,train
PUMP_02,2026-04-04 02:00:00,0.1451,49.97,33.55,56.23,4.047,0.1407,0.0098,7.2,3.98,384.3,105.0,13.66,35.92,False,Normal,0,train
PUMP_02,2026-04-04 03:00:00,0.1776,49.53,33.82,58.89,3.981,0.1453,0.0181,7.163,4.11,380.0,100.2,12.99,35.88,False,Normal,0,train
PUMP_02,2026-04-04 04:00:00,0.1329,50.89,34.83,59.67,4.217,0.1463,0.017,7.273,4.13,381.7,104.9,14.83,35.83,False,Normal,0,train
PUMP_02,2026-04-04 05:00:00,0.1527,49.88,34.51,58.83,3.999,0.1464,0.0171,7.245,3.71,381.3,106.9,14.07,35.79,False,Normal,0,train
PUMP_02,2026-04-04 06:00:00,0.1596,49.66,33.71,57.4,4.005,0.1507,0.0165,7.194,4.31,369.4,112.1,13.18,35.75,False,Normal,0,train
PUMP_02,2026-04-04 07:00:00,0.1772,52.18,33.71,58.89,3.945,0.1575,0.0178,7.204,4.21,364.8,123.5,13.08,35.71,False,Normal,0,train
PUMP_02,2026-04-04 08:00:00,0.1879,50.15,34.53,59.56,3.936,0.1646,0.0202,7.251,3.71,381.1,131.9,14.16,35.67,False,Normal,0,train
PUMP_02,2026-04-04 09:00:00,0.1507,50.19,33.3,59.4,3.957,0.1602,0.0197,7.191,3.54,375.7,135.6,12.86,35.62,False,Normal,0,train
PUMP_02,2026-04-04 10:00:00,0.1631,50.62,34.01,59.23,4.068,0.1652,0.0146,7.238,3.74,371.8,134.3,13.58,35.58,False,Normal,0,train
PUMP_02,2026-04-04 11:00:00,0.1512,51.01,33.64,56.09,4.046,0.165,0.0148,7.274,3.41,375.9,143.2,14.1,35.54,False,Normal,0,train
PUMP_02,2026-04-04 12:00:00,0.1485,51.02,33.9,58.48,4.103,0.1631,0.0163,7.175,4.08,384.6,141.1,13.36,35.5,False,Normal,0,train
PUMP_02,2026-04-04 13:00:00,0.1515,52.33,34.49,58.77,3.943,0.1588,0.0152,7.282,4.47,381.8,143.7,15.22,35.46,False,Normal,0,train
PUMP_02,2026-04-04 14:00:00,0.1212,48.07,33.6,59.25,4.047,0.1477,0.014,7.268,4.57,383.9,150.7,15.14,35.42,False,Normal,0,train
PUMP_02,2026-04-04 15:00:00,0.1422,50.49,34.58,58.62,4.024,0.1463,0.014,7.212,3.56,382.3,136.9,13.49,35.38,False,Normal,0,train
PUMP_02,2026-04-04 16:00:00,0.1481,49.85,35.32,59.86,4.035,0.1438,0.0116,7.178,4.31,375.4,146.4,13.17,35.33,False,Normal,0,train
PUMP_02,2026-04-04 17:00:00,0.1274,49.55,34.36,55.81,3.931,0.1398,0.0125,7.212,4.03,383.9,134.7,13.87,35.29,False,Normal,0,train
PUMP_02,2026-04-04 18:00:00,0.1469,51.14,33.95,58.67,3.917,0.1395,0.0123,7.188,3.04,382.9,124.6,12.76,35.25,False,Normal,0,train
PUMP_02,2026-04-04 19:00:00,0.1144,51.94,34.69,58.57,4.043,0.1334,0.0143,7.16,3.87,379.4,120.3,12.75,35.21,False,Normal,0,train
PUMP_02,2026-04-04 20:00:00,0.1427,49.11,33.33,59.08,4.07,0.137,0.0133,7.227,3.82,380.3,110.8,13.81,35.17,False,Normal,0,train
PUMP_02,2026-04-04 21:00:00,0.1631,52.53,34.91,59.85,3.951,0.1404,0.0171,7.149,4.48,384.0,105.3,13.19,35.12,False,Normal,0,train
PUMP_02,2026-04-04 22:00:00,0.1417,47.85,33.55,56.93,4.049,0.1394,0.0168,7.183,3.65,376.3,102.6,12.83,35.08,False,Normal,0,train
PUMP_02,2026-04-04 23:00:00,0.1327,50.89,35.3,59.81,4.096,0.1402,0.0161,7.184,4.23,385.4,97.0,13.62,35.04,False,Normal,0,train
PUMP_02,2026-04-05 00:00:00,0.1286,48.66,33.57,58.98,3.971,0.1372,0.0163,7.132,3.96,382.8,92.1,12.5,35.0,False,Normal,0,train
PUMP_02,2026-04-05 01:00:00,0.1584,49.04,34.4,57.78,3.885,0.1445,0.0137,7.233,3.42,380.0,94.1,13.62,34.96,False,Normal,0,train
PUMP_02,2026-04-05 02:00:00,0.1689,50.09,33.06,56.91,3.895,0.1489,0.0168,7.189,3.78,387.7,90.6,13.48,34.92,False,Normal,0,train
PUMP_02,2026-04-05 03:00:00,0.1562,49.4,33.87,58.24,3.946,0.1478,0.0159,7.265,4.61,373.5,93.3,14.7,34.88,False,Normal,0,train
PUMP_02,2026-04-05 04:00:00,0.1517,45.71,33.35,58.34,3.964,0.1494,0.0156,7.188,3.93,377.7,97.2,13.16,34.83,False,Normal,0,train
PUMP_02,2026-04-05 05:00:00,0.1307,50.92,33.14,58.41,3.997,0.1491,0.0161,7.18,4.36,376.6,114.2,13.29,34.79,False,Normal,0,train
PUMP_02,2026-04-05 06:00:00,0.1619,51.17,34.72,57.25,3.999,0.1546,0.0131,7.155,4.34,381.8,115.2,13.09,34.75,False,Normal,0,train
PUMP_02,2026-04-05 07:00:00,0.1493,49.76,33.26,58.73,3.978,0.1531,0.0131,7.202,3.82,385.9,122.4,13.65,34.71,False,Normal,0,train
PUMP_02,2026-04-05 08:00:00,0.1492,49.64,33.56,57.51,4.054,0.1498,0.0105,7.202,3.49,375.1,126.5,12.97,34.67,False,Normal,0,train
PUMP_02,2026-04-05 09:00:00,0.1813,49.44,33.49,59.46,3.939,0.154,0.0167,7.237,3.54,396.5,134.5,14.46,34.62,False,Normal,0,train
PUMP_02,2026-04-05 10:00:00,0.128,47.43,34.68,60.05,4.101,0.1501,0.0199,7.203,4.58,376.7,142.4,13.82,34.58,False,Normal,0,train
PUMP_02,2026-04-05 11:00:00,0.1276,47.27,34.61,57.02,4.075,0.1495,0.0205,7.305,4.06,381.8,143.3,15.29,34.54,False,Normal,0,train
PUMP_02,2026-04-05 12:00:00,0.1535,51.21,34.76,58.07,4.069,0.1482,0.0198,7.223,3.31,380.0,150.7,13.38,34.5,False,Normal,0,train
PUMP_02,2026-04-05 13:00:00,0.1416,51.6,33.53,59.17,3.947,0.1469,0.0199,7.151,4.33,380.2,144.9,12.95,34.46,False,Normal,0,train
PUMP_02,2026-04-05 14:00:00,0.1372,50.9,34.81,58.33,3.991,0.1449,0.0203,7.146,3.29,376.0,146.5,11.98,34.42,False,Normal,0,train
PUMP_02,2026-04-05 15:00:00,0.147,50.57,33.52,56.38,4.058,0.1392,0.0103,7.227,3.67,385.3,144.5,13.92,34.38,False,Normal,0,train
PUMP_02,2026-04-05 16:00:00,0.1452,51.17,33.55,59.04,3.984,0.142,0.0089,7.149,4.03,375.7,133.9,12.53,34.33,False,Normal,0,train
PUMP_02,2026-04-05 17:00:00,0.1257,51.07,33.58,57.27,3.944,0.1417,0.0095,7.23,5.01,371.2,132.7,14.31,34.29,False,Normal,0,train
PUMP_02,2026-04-05 18:00:00,0.1311,48.82,33.6,58.24,3.941,0.138,0.0083,7.245,4.33,374.4,119.1,14.21,34.25,False,Normal,0,train
PUMP_02,2026-04-05 19:00:00,0.1411,50.33,33.95,56.81,3.945,0.1379,0.0083,7.246,3.81,387.2,119.5,14.4,34.21,False,Normal,0,train
PUMP_02,2026-04-05 20:00:00,0.1438,49.56,33.5,58.95,3.907,0.139,0.0086,7.157,4.01,386.3,112.4,13.07,34.17,False,Normal,0,train
PUMP_02,2026-04-05 21:00:00,0.1502,49.58,34.14,57.49,4.23,0.1395,0.0093,7.246,4.37,370.0,106.1,14.08,34.12,False,Normal,0,train
PUMP_02,2026-04-05 22:00:00,0.1363,51.71,32.43,59.08,3.844,0.138,0.0089,7.216,4.57,384.1,100.7,14.33,34.08,False,Normal,0,train
PUMP_02,2026-04-05 23:00:00,0.1526,52.36,34.14,57.74,3.922,0.1425,0.0082,7.17,3.9,370.1,100.4,12.53,34.04,False,Normal,0,train
PUMP_02,2026-04-06 00:00:00,0.1643,46.48,33.35,57.42,4.048,0.1481,0.0099,7.192,3.91,379.9,92.3,13.31,34.0,False,Normal,0,train
PUMP_02,2026-04-06 01:00:00,0.1533,49.62,33.6,58.49,3.945,0.1501,0.0095,7.224,3.67,374.0,102.4,13.39,33.96,False,Normal,0,train
PUMP_02,2026-04-06 02:00:00,0.1535,49.54,33.61,56.71,3.972,0.1517,0.009,7.166,4.27,384.5,98.1,13.33,33.92,False,Normal,0,train
PUMP_02,2026-04-06 03:00:00,0.1535,51.74,34.57,60.16,4.032,0.1522,0.009,7.215,4.41,382.8,95.1,14.14,33.88,False,Normal,0,train
PUMP_02,2026-04-06 04:00:00,0.1494,47.82,34.3,58.22,4.083,0.1544,0.0051,7.272,3.22,384.9,104.9,14.32,33.83,False,Normal,0,train
PUMP_02,2026-04-06 05:00:00,0.1456,45.52,33.9,57.32,3.978,0.1533,0.0063,7.248,3.84,378.5,111.5,14.1,33.79,False,Normal,0,train
PUMP_02,2026-04-06 06:00:00,0.1555,51.23,33.57,57.52,4.074,0.1518,0.0036,7.204,3.51,379.0,115.0,13.19,33.75,False,Normal,0,train
PUMP_02,2026-04-06 07:00:00,0.1664,51.44,34.47,58.02,3.864,0.154,0.007,7.212,4.06,372.5,116.0,13.42,33.71,False,Normal,0,train
PUMP_02,2026-04-06 08:00:00,0.1453,47.32,35.08,59.19,3.952,0.1526,0.0079,7.173,3.5,374.8,135.4,12.51,33.67,False,Normal,0,train
PUMP_02,2026-04-06 09:00:00,0.1559,49.81,33.98,56.93,4.04,0.153,0.008,7.175,3.47,384.7,135.1,12.92,33.62,False,Normal,0,train
PUMP_02,2026-04-06 10:00:00,0.1521,52.3,33.04,57.56,4.158,0.1535,0.0078,7.123,4.45,381.8,132.7,12.66,33.58,False,Normal,0,train
PUMP_02,2026-04-06 11:00:00,0.1793,48.38,33.58,57.94,3.923,0.1591,0.012,7.213,3.93,380.5,142.5,13.68,33.54,False,Normal,0,train
PUMP_02,2026-04-06 12:00:00,0.1608,50.15,34.34,59.85,3.909,0.16,0.0119,7.234,3.98,386.3,143.3,14.29,33.5,False,Normal,0,train
PUMP_02,2026-04-06 13:00:00,0.158,50.76,33.73,59.2,4.027,0.1586,0.0115,7.196,4.17,373.5,145.0,13.29,33.46,False,Normal,0,train
PUMP_02,2026-04-06 14:00:00,0.1588,47.86,33.48,59.91,4.004,0.1608,0.0095,7.156,4.39,383.6,139.4,13.22,33.42,False,Normal,0,train
PUMP_02,2026-04-06 15:00:00,0.1347,49.15,33.46,58.04,3.943,0.1573,0.0144,7.203,3.83,374.1,141.9,13.19,33.38,False,Normal,0,train
PUMP_02,2026-04-06 16:00:00,0.162,47.46,34.06,59.72,3.903,0.1589,0.0143,7.267,3.84,387.4,134.4,14.77,33.33,False,Normal,0,train
PUMP_02,2026-04-06 17:00:00,0.1427,49.75,33.08,59.52,3.959,0.1528,0.0113,7.245,3.84,382.7,131.1,14.22,33.29,False,Normal,0,train
PUMP_02,2026-04-06 18:00:00,0.1393,48.81,33.98,58.84,4.042,0.1492,0.0117,7.199,4.43,384.8,128.0,13.98,33.25,False,Normal,0,train
PUMP_02,2026-04-06 19:00:00,0.1221,50.31,34.05,58.93,3.973,0.1433,0.015,7.302,3.97,376.5,118.1,14.97,33.21,False,Normal,0,train
PUMP_02,2026-04-06 20:00:00,0.1353,50.95,33.73,57.29,4.094,0.1394,0.0131,7.335,3.88,390.9,112.4,16.03,33.17,False,Normal,0,train
PUMP_02,2026-04-06 21:00:00,0.1164,52.08,33.37,60.19,3.989,0.1363,0.0162,7.176,4.16,390.0,110.8,13.64,33.12,False,Normal,0,train
PUMP_02,2026-04-06 22:00:00,0.1413,53.5,34.61,57.71,4.048,0.1328,0.011,7.188,4.73,382.2,98.8,13.91,33.08,False,Normal,0,train
PUMP_02,2026-04-06 23:00:00,0.1388,50.31,33.2,58.67,4.022,0.1322,0.0104,7.235,4.03,385.9,95.8,14.32,33.04,False,Normal,0,train
PUMP_02,2026-04-07 00:00:00,0.144,49.53,34.1,58.81,3.968,0.133,0.0112,7.154,3.89,378.5,90.8,12.63,33.0,False,Normal,0,train
PUMP_02,2026-04-07 01:00:00,0.1318,49.44,34.44,56.35,4.067,0.1346,0.0099,7.242,4.78,373.7,91.7,14.46,32.96,False,Normal,0,train
PUMP_02,2026-04-07 02:00:00,0.1656,48.55,34.1,57.94,3.903,0.1396,0.0161,7.205,4.53,384.0,96.4,14.12,32.92,False,Normal,0,train
PUMP_02,2026-04-07 03:00:00,0.166,50.67,34.74,58.24,3.956,0.1479,0.0144,7.219,4.47,375.4,100.9,13.94,32.88,False,Normal,0,train
PUMP_02,2026-04-07 04:00:00,0.184,49.26,33.32,57.86,3.967,0.155,0.02,7.171,3.8,386.6,99.1,13.17,32.83,False,Normal,0,train
PUMP_02,2026-04-07 05:00:00,0.1846,50.78,33.53,57.95,4.031,0.1627,0.0212,7.161,3.76,385.2,109.9,12.92,32.79,False,Normal,0,train
PUMP_02,2026-04-07 06:00:00,0.1623,48.6,33.72,59.79,4.05,0.1657,0.0193,7.101,3.27,381.2,114.0,11.45,32.75,False,Normal,0,train
PUMP_02,2026-04-07 07:00:00,0.175,49.3,35.97,57.01,3.935,0.1729,0.0098,7.274,4.39,380.9,114.5,15.0,32.71,False,Normal,0,train
PUMP_02,2026-04-07 08:00:00,0.1626,50.65,34.3,56.48,3.924,0.1724,0.0103,7.247,4.03,384.9,127.2,14.48,32.67,False,Normal,0,train
PUMP_02,2026-04-07 09:00:00,0.1507,49.81,34.42,57.3,4.006,0.1699,0.0136,7.234,3.28,381.4,137.3,13.59,32.62,False,Normal,0,train
PUMP_02,2026-04-07 10:00:00,0.1508,47.12,34.39,58.89,3.877,0.1643,0.0134,7.217,4.48,378.0,130.1,14.03,32.58,False,Normal,0,train
PUMP_02,2026-04-07 11:00:00,0.1622,49.98,34.05,59.01,4.081,0.1606,0.0091,7.085,3.87,372.4,149.7,11.25,32.54,False,Normal,0,train
PUMP_02,2026-04-07 12:00:00,0.2113,48.8,34.63,58.73,3.982,0.1688,0.0227,7.162,3.91,384.8,141.7,13.04,32.5,False,Normal,0,train
PUMP_02,2026-04-07 13:00:00,0.1649,51.77,32.88,59.09,3.906,0.1671,0.0225,7.187,3.39,381.8,138.4,12.95,32.46,False,Normal,0,train
PUMP_02,2026-04-07 14:00:00,0.1487,51.46,34.17,58.31,3.905,0.1648,0.0238,7.146,4.2,393.8,144.7,13.35,32.42,False,Normal,0,train
PUMP_02,2026-04-07 15:00:00,0.1502,46.58,34.26,57.38,4.025,0.1647,0.0238,7.115,4.2,379.5,145.0,12.27,32.38,False,Normal,0,train
PUMP_02,2026-04-07 16:00:00,0.1485,51.2,34.61,56.87,4.023,0.1643,0.0241,7.151,3.98,381.5,136.6,12.77,32.33,False,Normal,0,train
PUMP_02,2026-04-07 17:00:00,0.139,50.58,33.31,56.49,3.939,0.1604,0.0263,7.202,3.83,381.6,133.7,13.49,32.29,False,Normal,0,train
PUMP_02,2026-04-07 18:00:00,0.1513,47.77,33.35,57.73,3.991,0.1504,0.0083,7.202,5.05,383.3,134.9,14.41,32.25,False,Normal,0,train
PUMP_02,2026-04-07 19:00:00,0.138,51.32,33.39,58.95,3.91,0.146,0.0059,7.245,3.52,375.2,120.8,13.69,32.21,False,Normal,0,train
PUMP_02,2026-04-07 20:00:00,0.1262,48.08,34.31,58.28,3.979,0.1422,0.0097,7.303,3.71,379.6,125.5,14.93,32.17,False,Normal,0,train
PUMP_02,2026-04-07 21:00:00,0.1502,51.72,34.32,58.03,4.118,0.1422,0.0097,7.234,4.28,384.1,112.6,14.42,32.12,False,Normal,0,train
PUMP_02,2026-04-07 22:00:00,0.1542,49.03,33.43,56.73,4.17,0.1432,0.0107,7.191,3.59,378.3,102.5,13.01,32.08,False,Normal,0,train
PUMP_02,2026-04-07 23:00:00,0.1452,47.72,35.15,61.1,3.983,0.1442,0.0105,7.29,3.56,384.0,99.5,14.8,32.04,False,Normal,0,train
PUMP_02,2026-04-08 00:00:00,0.1546,53.18,34.17,57.01,4.035,0.1447,0.011,7.121,4.45,380.5,94.6,12.57,32.0,False,Normal,0,train
PUMP_02,2026-04-08 01:00:00,0.167,47.68,34.07,58.14,4.031,0.1496,0.0135,7.096,4.24,382.0,96.0,12.09,31.96,False,Normal,0,train
PUMP_02,2026-04-08 02:00:00,0.1542,48.79,33.88,59.2,3.862,0.1542,0.0072,7.156,4.19,385.8,98.1,13.17,31.92,False,Normal,0,train
PUMP_02,2026-04-08 03:00:00,0.1504,49.09,34.56,58.05,3.908,0.1543,0.0072,7.241,4.07,378.9,96.7,14.15,31.88,False,Normal,0,train
PUMP_02,2026-04-08 04:00:00,0.148,49.32,34.23,57.03,3.815,0.1532,0.0076,7.208,3.72,372.7,96.8,13.14,31.83,False,Normal,0,train
PUMP_02,2026-04-08 05:00:00,0.1559,51.05,35.13,58.97,4.036,0.155,0.0066,7.144,3.9,378.7,112.8,12.47,31.79,False,Normal,0,train
PUMP_02,2026-04-08 06:00:00,0.183,50.09,33.27,56.39,4.156,0.1598,0.0131,7.164,3.97,375.9,117.4,12.72,31.75,False,Normal,0,train
PUMP_02,2026-04-08 07:00:00,0.1567,51.51,33.07,60.09,4.085,0.158,0.0127,7.138,4.34,369.4,114.3,12.3,31.71,False,Normal,0,train
PUMP_02,2026-04-08 08:00:00,0.1641,50.56,33.56,58.34,4.004,0.1597,0.0127,7.138,4.17,379.5,127.2,12.6,31.67,False,Normal,0,train
PUMP_02,2026-04-08 09:00:00,0.1522,47.49,34.33,57.7,3.992,0.16,0.0125,7.278,3.63,381.0,136.6,14.52,31.62,False,Normal,0,train
PUMP_02,2026-04-08 10:00:00,0.1488,50.82,33.74,56.3,3.972,0.1601,0.0123,7.193,4.32,385.1,141.4,13.82,31.58,False,Normal,0,train
PUMP_02,2026-04-08 11:00:00,0.1394,50.35,34.76,56.62,4.085,0.1574,0.015,7.288,3.33,374.3,138.9,14.21,31.54,False,Normal,0,train
PUMP_02,2026-04-08 12:00:00,0.1515,49.06,33.76,57.94,4.017,0.1521,0.0082,7.155,3.87,380.4,148.1,12.72,31.5,False,Normal,0,train
PUMP_02,2026-04-08 13:00:00,0.1397,53.11,34.65,60.27,4.005,0.1493,0.0092,7.225,3.54,385.6,145.1,13.81,31.46,False,Normal,0,train
PUMP_02,2026-04-08 14:00:00,0.1641,50.91,33.5,58.28,3.912,0.1493,0.0092,7.211,3.66,377.1,145.7,13.32,31.42,False,Normal,0,train
PUMP_02,2026-04-08 15:00:00,0.1413,51.41,34.71,58.42,4.048,0.1475,0.0096,7.244,4.77,382.7,138.0,14.85,31.38,False,Normal,0,train
PUMP_02,2026-04-08 16:00:00,0.1407,51.46,34.82,58.46,3.988,0.1461,0.0099,7.213,3.41,388.0,120.6,13.62,31.33,False,Normal,0,train
PUMP_02,2026-04-08 17:00:00,0.1376,49.37,33.66,60.84,4.032,0.1458,0.0102,7.249,3.67,370.7,129.4,13.67,31.29,False,Normal,0,train
PUMP_02,2026-04-08 18:00:00,0.1456,50.95,34.29,57.47,4.08,0.1448,0.0098,7.228,4.2,381.4,128.6,14.14,31.25,False,Normal,0,train
PUMP_02,2026-04-08 19:00:00,0.1627,50.47,34.16,59.88,3.869,0.1487,0.0117,7.145,3.81,385.8,119.2,12.74,31.21,False,Normal,0,train
PUMP_02,2026-04-08 20:00:00,0.1257,49.16,34.31,57.52,3.976,0.1423,0.0121,7.237,4.06,378.2,116.1,14.06,31.17,False,Normal,0,train
PUMP_02,2026-04-08 21:00:00,0.1471,48.17,34.77,57.16,3.965,0.1432,0.0122,7.195,4.57,386.9,111.9,14.11,31.12,False,Normal,0,train
PUMP_02,2026-04-08 22:00:00,0.1215,50.04,34.58,57.9,3.958,0.14,0.0152,7.161,4.26,383.2,101.0,13.19,31.08,False,Normal,0,train
PUMP_02,2026-04-08 23:00:00,0.1658,50.88,34.31,57.9,3.911,0.1447,0.0183,7.235,3.81,388.8,96.6,14.29,31.04,False,Normal,0,train
PUMP_02,2026-04-09 00:00:00,0.1484,50.02,34.4,58.67,3.942,0.1452,0.0184,7.246,3.95,382.9,87.1,14.32,31.0,False,Normal,0,train
PUMP_02,2026-04-09 01:00:00,0.1302,49.73,33.24,55.21,3.912,0.1398,0.0169,7.176,4.21,389.3,88.8,13.65,30.96,False,Normal,0,train
PUMP_02,2026-04-09 02:00:00,0.1359,50.04,33.98,58.18,4.066,0.1415,0.0157,7.182,4.25,381.5,90.5,13.46,30.92,False,Normal,0,train
PUMP_02,2026-04-09 03:00:00,0.1693,49.57,33.34,57.28,4.03,0.1452,0.0194,7.131,4.01,373.2,100.6,12.11,30.88,False,Normal,0,train
PUMP_02,2026-04-09 04:00:00,0.1337,52.32,33.99,57.13,4.025,0.1472,0.0169,7.11,4.14,376.8,101.0,12.03,30.83,False,Normal,0,train
PUMP_02,2026-04-09 05:00:00,0.1638,50.41,34.67,56.45,3.846,0.1469,0.0165,7.188,4.14,385.1,105.4,13.62,30.79,False,Normal,0,train
PUMP_02,2026-04-09 06:00:00,0.1536,49.27,34.0,57.56,4.156,0.1478,0.0167,7.24,3.96,385.0,110.9,14.32,30.75,False,Normal,0,train
PUMP_02,2026-04-09 07:00:00,0.1567,47.29,32.5,57.38,3.967,0.1522,0.0145,7.171,3.76,378.4,116.9,12.81,30.71,False,Normal,0,train
PUMP_02,2026-04-09 08:00:00,0.1486,49.7,33.37,57.49,4.14,0.1543,0.0125,7.271,4.3,389.0,130.2,15.23,30.67,False,Normal,0,train
PUMP_02,2026-04-09 09:00:00,0.1428,49.13,34.35,56.03,4.06,0.1499,0.0107,7.19,4.12,378.2,132.9,13.34,30.62,False,Normal,0,train
PUMP_02,2026-04-09 10:00:00,0.1477,49.08,33.68,58.12,3.981,0.1522,0.0075,7.19,3.17,382.3,141.6,12.85,30.58,False,Normal,0,train
PUMP_02,2026-04-09 11:00:00,0.1612,51.41,34.47,57.05,4.163,0.1518,0.0067,7.186,3.67,382.2,132.9,13.13,30.54,False,Normal,0,train
PUMP_02,2026-04-09 12:00:00,0.1456,50.12,33.28,56.04,4.045,0.1504,0.007,7.249,3.81,373.3,146.3,13.87,30.5,False,Normal,0,train
PUMP_02,2026-04-09 13:00:00,0.1537,47.48,34.23,57.34,3.982,0.1499,0.0066,7.152,3.92,379.4,143.1,12.65,30.46,False,Normal,0,train
PUMP_02,2026-04-09 14:00:00,0.1414,50.93,34.26,57.07,3.969,0.1487,0.0075,7.194,4.48,391.9,143.0,14.23,30.42,False,Normal,0,train
PUMP_02,2026-04-09 15:00:00,0.1521,47.63,34.47,58.05,4.083,0.1503,0.007,7.153,5.96,375.4,147.1,13.93,30.38,False,Normal,0,train
PUMP_02,2026-04-09 16:00:00,0.1476,51.04,33.61,57.33,3.957,0.1503,0.007,7.137,4.25,383.1,136.1,12.79,30.33,False,Normal,0,train
PUMP_02,2026-04-09 17:00:00,0.1322,49.29,34.47,56.26,3.97,0.1454,0.0079,7.144,6.14,374.2,134.5,13.86,30.29,False,Normal,0,train
PUMP_02,2026-04-09 18:00:00,0.1257,50.13,34.9,56.93,3.952,0.1421,0.0112,7.12,6.63,375.3,122.4,13.87,30.25,False,Normal,0,train
PUMP_02,2026-04-09 19:00:00,0.1547,49.96,32.64,55.93,3.94,0.1423,0.0115,7.178,6.53,372.9,120.1,14.63,30.21,False,Normal,0,train
PUMP_02,2026-04-09 20:00:00,0.1291,49.78,34.03,59.36,3.944,0.1402,0.0127,7.125,6.82,384.7,107.2,14.47,30.17,False,Normal,0,train
PUMP_02,2026-04-09 21:00:00,0.1504,50.31,32.92,59.56,4.142,0.14,0.0124,7.173,5.98,380.5,107.3,14.47,30.12,False,Normal,0,train
PUMP_02,2026-04-09 22:00:00,0.1455,50.12,33.48,59.7,4.081,0.1396,0.0121,7.17,5.22,395.2,103.9,14.5,30.08,False,Normal,0,train
PUMP_02,2026-04-09 23:00:00,0.1405,52.8,33.53,57.29,4.019,0.141,0.0116,7.254,4.59,391.8,102.8,15.26,30.04,False,Normal,0,train
PUMP_02,2026-04-10 00:00:00,0.1564,50.34,33.96,59.56,3.956,0.1461,0.0102,7.185,4.22,399.2,92.6,14.21,30.0,False,Normal,0,train
PUMP_02,2026-04-10 01:00:00,0.1731,50.37,34.23,58.49,3.956,0.1492,0.015,7.185,4.18,400.6,92.9,14.25,29.96,False,Normal,0,train
PUMP_02,2026-04-10 02:00:00,0.1644,48.94,34.54,57.01,3.971,0.155,0.0122,7.237,4.08,390.5,93.3,14.59,29.92,False,Normal,0,train
PUMP_02,2026-04-10 03:00:00,0.159,50.57,34.16,57.25,4.143,0.1565,0.012,7.184,3.77,394.7,97.3,13.7,29.88,False,Normal,0,train
PUMP_02,2026-04-10 04:00:00,0.183,48.46,34.4,57.79,4.023,0.1627,0.0146,7.225,5.13,391.5,98.5,15.17,29.83,False,Normal,0,train
PUMP_02,2026-04-10 05:00:00,0.1345,51.73,33.35,58.12,4.06,0.1617,0.0165,7.317,4.14,389.8,98.9,15.88,29.79,False,Normal,0,train
PUMP_02,2026-04-10 06:00:00,0.1433,47.77,34.63,58.44,4.016,0.1596,0.0182,7.151,4.3,375.2,109.4,12.73,29.75,False,Normal,0,train
PUMP_02,2026-04-10 07:00:00,0.1527,48.73,32.02,58.0,3.929,0.1562,0.017,7.277,3.8,375.9,119.8,14.41,29.71,False,Normal,0,train
PUMP_02,2026-04-10 08:00:00,0.18,47.56,34.92,57.58,4.008,0.1588,0.0195,7.175,4.08,383.3,125.9,13.3,29.67,False,Normal,0,train
PUMP_02,2026-04-10 09:00:00,0.1712,50.63,34.81,59.62,3.914,0.1608,0.0202,7.267,4.07,387.1,134.7,14.92,29.62,False,Normal,0,train
PUMP_02,2026-04-10 10:00:00,0.1293,49.36,34.45,57.86,4.096,0.1518,0.0202,7.234,3.24,377.0,141.0,13.39,29.58,False,Normal,0,train
PUMP_02,2026-04-10 11:00:00,0.146,51.03,35.34,57.79,3.94,0.1538,0.0188,7.23,3.71,373.8,139.9,13.52,29.54,False,Normal,0,train
PUMP_02,2026-04-10 12:00:00,0.1301,48.54,32.92,57.74,3.954,0.1516,0.0209,7.192,3.71,378.4,137.8,13.11,29.5,False,Normal,0,train
PUMP_02,2026-04-10 13:00:00,0.1468,50.8,34.47,57.86,4.065,0.1506,0.021,7.187,3.76,374.9,146.6,12.92,29.46,False,Normal,0,train
PUMP_02,2026-04-10 14:00:00,0.1585,50.87,34.08,56.37,3.944,0.147,0.0162,7.164,3.57,382.0,144.1,12.71,29.42,False,Normal,0,train
PUMP_02,2026-04-10 15:00:00,0.1576,50.32,34.15,56.8,3.982,0.1447,0.0128,7.2,4.02,374.6,140.6,13.29,29.38,False,Normal,0,train
PUMP_02,2026-04-10 16:00:00,0.1454,50.05,33.3,60.94,3.789,0.1474,0.0103,7.191,4.56,384.9,142.6,13.95,29.33,False,Normal,0,train
PUMP_02,2026-04-10 17:00:00,0.134,50.21,34.24,56.02,3.974,0.1454,0.0117,7.21,4.05,381.1,134.3,13.73,29.29,False,Normal,0,train
PUMP_02,2026-04-10 18:00:00,0.1386,48.63,34.21,58.33,4.048,0.1468,0.0099,7.129,3.53,385.0,127.0,12.25,29.25,False,Normal,0,train
PUMP_02,2026-04-10 19:00:00,0.1506,48.39,33.59,58.41,3.95,0.1474,0.01,7.201,3.59,367.9,120.7,12.72,29.21,False,Normal,0,train
PUMP_02,2026-04-10 20:00:00,0.1765,50.82,33.96,59.22,4.045,0.1504,0.0153,7.263,3.85,371.2,116.9,14.04,29.17,False,Normal,0,train
PUMP_02,2026-04-10 21:00:00,0.1252,49.45,33.21,58.44,3.999,0.1451,0.0178,7.247,3.43,386.5,104.7,14.13,29.12,False,Normal,0,train
PUMP_02,2026-04-10 22:00:00,0.1688,50.68,33.76,60.27,4.087,0.149,0.0203,7.201,4.12,376.4,98.8,13.45,29.08,False,Normal,0,train
PUMP_02,2026-04-10 23:00:00,0.1511,52.33,34.58,58.29,3.941,0.1518,0.0189,7.328,4.54,372.7,97.4,15.62,29.04,False,Normal,0,train
PUMP_02,2026-04-11 00:00:00,0.1623,49.31,34.59,59.62,3.981,0.1558,0.018,7.171,3.77,379.0,91.1,12.83,29.0,False,Normal,0,train
PUMP_02,2026-04-11 01:00:00,0.1554,49.1,34.46,59.25,3.882,0.1566,0.0179,7.196,4.03,381.2,94.8,13.5,28.96,False,Normal,0,train
PUMP_02,2026-04-11 02:00:00,0.1761,49.51,34.58,59.85,3.993,0.1565,0.0178,7.127,3.83,379.2,96.2,12.19,28.92,False,Normal,0,train
PUMP_02,2026-04-11 03:00:00,0.162,50.06,34.58,58.03,3.966,0.1626,0.009,7.18,3.75,382.3,98.1,13.1,28.88,False,Normal,0,train
PUMP_02,2026-04-11 04:00:00,0.1489,50.92,33.61,58.48,4.077,0.1593,0.0099,7.289,4.08,381.7,100.9,15.05,28.83,False,Normal,0,train
PUMP_02,2026-04-11 05:00:00,0.1664,49.96,34.2,57.56,3.95,0.1619,0.0093,7.182,3.73,381.4,114.1,13.08,28.79,False,Normal,0,train
PUMP_02,2026-04-11 06:00:00,0.1769,53.12,34.65,58.19,3.966,0.1643,0.0112,7.124,3.68,386.7,117.3,12.33,28.75,False,Normal,0,train
PUMP_02,2026-04-11 07:00:00,0.1597,50.63,33.17,58.26,3.946,0.165,0.0106,7.244,3.35,379.9,119.6,13.74,28.71,False,Normal,0,train
PUMP_02,2026-04-11 08:00:00,0.1275,51.17,33.17,55.51,4.002,0.1569,0.017,7.219,4.03,379.8,126.8,13.82,28.67,False,Normal,0,train
PUMP_02,2026-04-11 09:00:00,0.1553,49.94,33.14,57.83,4.159,0.1558,0.0169,7.242,4.43,384.0,138.0,14.63,28.62,False,Normal,0,train
PUMP_02,2026-04-11 10:00:00,0.1565,51.52,32.93,59.07,3.72,0.157,0.0165,7.185,4.28,382.8,135.3,13.58,28.58,False,Normal,0,train
PUMP_02,2026-04-11 11:00:00,0.1519,49.69,33.37,56.38,3.996,0.1546,0.0159,7.15,4.6,375.5,137.8,12.92,28.54,False,Normal,0,train
PUMP_02,2026-04-11 12:00:00,0.1426,49.03,33.68,56.82,4.094,0.1489,0.012,7.191,3.73,379.5,145.1,13.15,28.5,False,Normal,0,train
PUMP_02,2026-04-11 13:00:00,0.1673,51.36,34.91,59.39,3.959,0.1502,0.0137,7.228,4.34,382.2,146.7,14.27,28.46,False,Normal,0,train
PUMP_02,2026-04-11 14:00:00,0.1094,49.91,33.74,59.61,4.042,0.1472,0.0201,7.196,3.56,377.1,146.1,13.01,28.42,False,Normal,0,train
PUMP_02,2026-04-11 15:00:00,0.1443,50.37,33.09,57.26,4.094,0.1453,0.0197,7.219,4.28,377.3,145.0,13.9,28.38,False,Normal,0,train
PUMP_02,2026-04-11 16:00:00,0.143,51.47,34.1,58.21,3.978,0.1431,0.019,7.173,4.66,373.0,134.7,13.24,28.33,False,Normal,0,train
PUMP_02,2026-04-11 17:00:00,0.1718,50.21,33.89,57.91,3.948,0.1464,0.0223,7.221,4.2,365.6,126.9,13.38,28.29,False,Normal,0,train
PUMP_02,2026-04-11 18:00:00,0.1398,49.78,33.53,59.41,4.075,0.1459,0.0224,7.2,4.66,378.1,124.1,13.88,28.25,False,Normal,0,train
PUMP_02,2026-04-11 19:00:00,0.147,49.2,33.65,57.36,4.04,0.1425,0.0199,7.165,3.76,380.6,122.3,12.79,28.21,False,Normal,0,train
PUMP_02,2026-04-11 20:00:00,0.1432,51.59,34.64,57.55,3.995,0.1482,0.0118,7.207,3.95,374.5,109.8,13.35,28.17,False,Normal,0,train
PUMP_02,2026-04-11 21:00:00,0.1443,49.49,33.15,59.61,4.049,0.1482,0.0118,7.181,3.63,386.9,99.8,13.22,28.12,False,Normal,0,train
PUMP_02,2026-04-11 22:00:00,0.1714,49.92,33.0,56.8,4.077,0.1529,0.0147,7.231,4.01,374.8,102.9,13.79,28.08,False,Normal,0,train
PUMP_02,2026-04-11 23:00:00,0.1307,50.43,34.28,57.4,3.996,0.1461,0.0136,7.244,4.11,384.6,96.1,14.46,28.04,False,Normal,0,train
PUMP_02,2026-04-12 00:00:00,0.14,50.42,33.63,58.16,4.024,0.1461,0.0136,7.225,4.01,382.1,88.9,14.0,28.0,False,Normal,0,train
PUMP_02,2026-04-12 01:00:00,0.1639,51.52,34.93,59.83,4.042,0.1489,0.0155,7.118,3.81,390.9,95.3,12.51,27.96,False,Normal,0,train
PUMP_02,2026-04-12 02:00:00,0.1589,49.9,33.91,56.57,3.963,0.1515,0.0156,7.152,3.8,382.7,94.3,12.7,27.92,False,Normal,0,train
PUMP_02,2026-04-12 03:00:00,0.1528,52.06,33.94,57.15,4.095,0.153,0.0152,7.168,4.14,372.8,105.1,12.79,27.88,False,Normal,0,train
PUMP_02,2026-04-12 04:00:00,0.1576,49.63,34.47,58.71,3.918,0.1506,0.0127,7.16,3.94,385.3,102.7,13.04,27.83,False,Normal,0,train
PUMP_02,2026-04-12 05:00:00,0.1734,50.56,33.0,58.9,3.989,0.1578,0.0112,7.173,3.54,388.5,109.8,13.1,27.79,False,Normal,0,train
PUMP_02,2026-04-12 06:00:00,0.1673,49.72,34.2,58.25,4.061,0.1623,0.0074,7.246,3.24,371.1,113.5,13.34,27.75,False,Normal,0,train
PUMP_02,2026-04-12 07:00:00,0.149,53.14,33.78,57.86,3.915,0.1598,0.0091,7.235,3.76,383.2,117.6,14.03,27.71,False,Normal,0,train
PUMP_02,2026-04-12 08:00:00,0.1622,49.47,34.62,58.16,4.07,0.1604,0.0091,7.179,3.45,384.3,124.5,12.95,27.67,False,Normal,0,train
PUMP_02,2026-04-12 09:00:00,0.1563,49.61,33.61,56.19,4.015,0.161,0.0086,7.23,3.67,378.9,136.8,13.7,27.62,False,Normal,0,train
PUMP_02,2026-04-12 10:00:00,0.1621,50.17,34.11,58.12,4.106,0.1617,0.0085,7.216,3.83,367.9,140.7,13.14,27.58,False,Normal,0,train
PUMP_02,2026-04-12 11:00:00,0.1478,49.6,33.78,59.78,4.049,0.1574,0.0078,7.198,3.94,378.5,135.7,13.37,27.54,False,Normal,0,train
PUMP_02,2026-04-12 12:00:00,0.1319,50.47,34.25,56.42,3.987,0.1516,0.0114,7.257,3.73,377.1,139.2,14.11,27.5,False,Normal,0,train
PUMP_02,2026-04-12 13:00:00,0.1575,51.84,33.85,57.06,4.019,0.153,0.0116,7.167,4.88,387.6,140.2,13.9,27.46,False,Normal,0,train
PUMP_02,2026-04-12 14:00:00,0.1532,50.22,34.16,57.52,4.021,0.1515,0.0107,7.203,3.5,379.6,148.4,13.17,27.42,False,Normal,0,train
PUMP_02,2026-04-12 15:00:00,0.1642,50.28,35.05,57.6,4.162,0.1528,0.0118,7.147,4.48,377.9,134.7,12.91,27.38,False,Normal,0,train
PUMP_02,2026-04-12 16:00:00,0.1216,49.66,33.83,60.21,4.007,0.146,0.0162,7.15,3.93,377.1,140.8,12.53,27.33,False,Normal,0,train
PUMP_02,2026-04-12 17:00:00,0.1393,49.24,34.24,56.88,3.989,0.1446,0.0164,7.132,3.74,381.6,134.1,12.3,27.29,False,Normal,0,train
PUMP_02,2026-04-12 18:00:00,0.1365,50.14,35.37,56.64,3.984,0.1454,0.0158,7.151,4.24,380.3,127.1,12.89,27.25,False,Normal,0,train
PUMP_02,2026-04-12 19:00:00,0.1344,50.01,34.23,58.93,4.015,0.1415,0.015,7.204,3.82,376.1,118.1,13.28,27.21,False,Normal,0,train
PUMP_02,2026-04-12 20:00:00,0.1182,51.76,32.54,57.22,3.909,0.1357,0.0163,7.185,3.68,381.3,118.3,13.09,27.17,False,Normal,0,train
PUMP_02,2026-04-12 21:00:00,0.1269,48.56,33.6,58.95,3.969,0.1295,0.0086,7.187,4.72,377.2,108.0,13.67,27.12,False,Normal,0,train
PUMP_02,2026-04-12 22:00:00,0.1491,52.18,33.28,57.76,3.919,0.1341,0.0106,7.185,3.12,367.0,96.5,12.11,27.08,False,Normal,0,train
PUMP_02,2026-04-12 23:00:00,0.1399,49.78,34.55,58.55,3.929,0.1342,0.0107,7.289,3.9,383.3,93.5,14.99,27.04,False,Normal,0,train
PUMP_02,2026-04-13 00:00:00,0.1376,50.22,33.94,56.12,4.064,0.1344,0.0107,7.143,4.08,382.9,89.3,12.76,27.0,False,Normal,0,train
PUMP_02,2026-04-13 01:00:00,0.174,48.4,34.64,58.55,4.002,0.141,0.0194,7.138,4.56,381.0,99.8,12.94,26.96,False,Normal,0,train
PUMP_02,2026-04-13 02:00:00,0.1906,50.84,34.37,58.26,3.941,0.153,0.0243,7.158,3.84,377.8,101.5,12.62,26.92,False,Normal,0,train
PUMP_02,2026-04-13 03:00:00,0.1562,48.56,34.36,57.69,3.988,0.1579,0.0207,7.196,5.06,379.6,102.7,14.17,26.88,False,Normal,0,train
PUMP_02,2026-04-13 04:00:00,0.1361,50.56,33.27,56.52,3.98,0.1557,0.0224,7.226,4.3,384.1,101.7,14.3,26.83,False,Normal,0,train
PUMP_02,2026-04-13 05:00:00,0.1656,50.41,34.3,58.26,4.004,0.16,0.0212,7.231,3.05,376.8,101.8,13.2,26.79,False,Normal,0,train
PUMP_02,2026-04-13 06:00:00,0.1287,49.51,34.82,58.87,3.879,0.1585,0.0233,7.247,3.42,384.3,109.3,14.03,26.75,False,Normal,0,train
PUMP_02,2026-04-13 07:00:00,0.1394,46.9,33.13,57.36,3.913,0.1528,0.023,7.195,4.09,372.6,116.0,13.17,26.71,False,Normal,0,train
PUMP_02,2026-04-13 08:00:00,0.1649,53.24,33.81,57.39,3.885,0.1485,0.0158,7.18,3.54,380.8,126.3,12.9,26.67,False,Normal,0,train
PUMP_02,2026-04-13 09:00:00,0.1363,48.42,34.21,58.95,3.928,0.1452,0.016,7.282,4.22,380.1,138.0,14.97,26.62,False,Normal,0,train
PUMP_02,2026-04-13 10:00:00,0.1506,50.41,34.06,60.05,3.942,0.1476,0.0154,7.061,3.82,385.0,143.2,11.35,26.58,False,Normal,0,train
PUMP_02,2026-04-13 11:00:00,0.1303,48.91,34.86,59.13,3.917,0.1417,0.0138,7.203,3.52,375.4,139.7,13.02,26.54,False,Normal,0,train
PUMP_02,2026-04-13 12:00:00,0.1508,51.57,34.44,58.28,4.061,0.1454,0.0125,7.222,3.61,376.0,135.2,13.41,26.5,False,Normal,0,train
PUMP_02,2026-04-13 13:00:00,0.1643,49.43,34.24,57.71,4.147,0.1495,0.0142,7.294,4.34,373.0,140.3,14.95,26.46,False,Normal,0,train
PUMP_02,2026-04-13 14:00:00,0.1358,48.87,34.49,57.97,4.066,0.1447,0.0128,7.117,3.19,377.2,148.9,11.49,26.42,False,Normal,0,train
PUMP_02,2026-04-13 15:00:00,0.1426,50.89,34.46,56.41,3.955,0.1457,0.0122,7.179,4.42,381.3,142.6,13.51,26.38,False,Normal,0,train
PUMP_02,2026-04-13 16:00:00,0.1291,48.09,34.02,57.81,4.017,0.1422,0.0135,7.132,4.43,371.0,136.3,12.34,26.33,False,Normal,0,train
PUMP_02,2026-04-13 17:00:00,0.1292,49.38,33.79,59.34,3.995,0.142,0.0137,7.11,3.87,377.8,130.8,11.88,26.29,False,Normal,0,train
PUMP_02,2026-04-13 18:00:00,0.1275,51.04,34.59,58.05,3.951,0.1381,0.014,7.19,3.44,383.1,123.5,13.07,26.25,False,Normal,0,train
PUMP_02,2026-04-13 19:00:00,0.1521,52.26,33.55,57.25,4.106,0.136,0.0097,7.242,4.22,379.5,115.2,14.3,26.21,False,Normal,0,train
PUMP_02,2026-04-13 20:00:00,0.1201,48.56,33.96,57.14,4.161,0.1334,0.0117,7.26,3.81,380.4,121.8,14.34,26.17,False,Normal,0,train
PUMP_02,2026-04-13 21:00:00,0.138,49.08,33.31,57.96,3.882,0.1327,0.0111,7.173,3.39,372.5,114.4,12.34,26.12,False,Normal,0,train
PUMP_02,2026-04-13 22:00:00,0.1511,50.53,34.44,56.52,4.115,0.1363,0.0131,7.233,4.76,379.5,99.0,14.55,26.08,False,Normal,0,train
PUMP_02,2026-04-13 23:00:00,0.1611,47.0,34.74,56.91,3.953,0.1417,0.0158,7.19,3.65,380.1,91.3,13.1,26.04,False,Normal,0,train
PUMP_02,2026-04-14 00:00:00,0.1566,52.04,33.44,59.84,3.979,0.1465,0.0151,7.228,3.41,379.2,96.5,13.5,26.0,False,Normal,0,train
PUMP_02,2026-04-14 01:00:00,0.1515,48.5,33.91,56.76,4.023,0.1464,0.015,7.258,4.11,380.8,94.4,14.54,25.96,False,Normal,0,train
PUMP_02,2026-04-14 02:00:00,0.1465,49.34,33.71,57.04,4.124,0.1508,0.008,7.19,3.97,378.5,98.4,13.26,25.92,False,Normal,0,train
PUMP_02,2026-04-14 03:00:00,0.171,50.39,34.65,58.35,4.022,0.1563,0.0088,7.254,4.59,377.7,101.8,14.68,25.88,False,Normal,0,train
PUMP_02,2026-04-14 04:00:00,0.1457,50.08,34.85,57.47,4.033,0.1554,0.0097,7.139,3.85,374.8,97.6,12.21,25.83,False,Normal,0,train
PUMP_02,2026-04-14 05:00:00,0.1469,48.55,33.71,58.11,4.068,0.153,0.0097,7.233,3.85,384.9,112.6,14.12,25.79,False,Normal,0,train
PUMP_02,2026-04-14 06:00:00,0.1803,52.58,32.15,59.04,4.081,0.157,0.0149,7.252,4.13,373.9,112.1,14.17,25.75,False,Normal,0,train
PUMP_02,2026-04-14 07:00:00,0.1651,46.14,34.69,56.14,4.041,0.1592,0.0149,7.247,4.08,380.8,122.4,14.33,25.71,False,Normal,0,train
PUMP_02,2026-04-14 08:00:00,0.1646,48.32,34.03,58.91,4.081,0.1623,0.0136,7.141,4.09,389.1,125.4,12.99,25.67,False,Normal,0,train
PUMP_02,2026-04-14 09:00:00,0.166,49.04,34.03,57.3,3.952,0.1614,0.0131,7.19,4.11,385.5,136.2,13.64,25.62,False,Normal,0,train
PUMP_02,2026-04-14 10:00:00,0.1536,48.58,34.58,57.66,3.861,0.1627,0.0115,7.215,4.07,382.5,128.2,13.89,25.58,False,Normal,0,train
PUMP_02,2026-04-14 11:00:00,0.131,51.83,33.78,60.31,4.146,0.1601,0.0166,7.222,3.83,381.2,144.6,13.79,25.54,False,Normal,0,train
PUMP_02,2026-04-14 12:00:00,0.1538,47.51,33.62,56.32,3.917,0.1557,0.0134,7.206,4.33,379.4,140.8,13.8,25.5,False,Normal,0,train
PUMP_02,2026-04-14 13:00:00,0.1471,52.34,33.79,58.71,3.957,0.1527,0.0128,7.271,3.86,375.5,145.3,14.35,25.46,False,Normal,0,train
PUMP_02,2026-04-14 14:00:00,0.1321,49.58,34.29,59.35,3.973,0.1473,0.0136,7.135,4.32,378.7,149.1,12.64,25.42,False,Normal,0,train
PUMP_02,2026-04-14 15:00:00,0.1266,47.96,34.53,57.18,3.96,0.1407,0.0122,7.188,4.56,382.9,138.4,13.82,25.38,False,Normal,0,train
PUMP_02,2026-04-14 16:00:00,0.1406,46.85,34.98,57.2,3.942,0.1385,0.0105,7.116,3.73,381.9,133.8,12.04,25.33,False,Normal,0,train
PUMP_02,2026-04-14 17:00:00,0.12,49.68,34.24,57.56,4.037,0.1367,0.0128,7.231,4.96,383.9,131.0,14.83,25.29,False,Normal,0,train
PUMP_02,2026-04-14 18:00:00,0.1378,48.95,33.91,57.17,4.038,0.134,0.0098,7.228,3.71,386.1,124.7,14.0,25.25,False,Normal,0,train
PUMP_02,2026-04-14 19:00:00,0.1364,50.35,34.53,58.08,4.05,0.1322,0.0077,7.367,3.72,379.2,115.8,15.95,25.21,False,Normal,0,train
PUMP_02,2026-04-14 20:00:00,0.1396,49.32,33.42,59.07,4.045,0.1335,0.0083,7.251,4.22,381.0,114.0,14.51,25.17,False,Normal,0,train
PUMP_02,2026-04-14 21:00:00,0.149,51.43,34.85,57.56,3.967,0.1372,0.0095,7.217,4.18,370.5,108.1,13.49,25.12,False,Normal,0,train
PUMP_02,2026-04-14 22:00:00,0.1543,49.79,34.13,59.11,3.967,0.1395,0.0118,7.213,4.03,391.3,104.2,14.19,25.08,False,Normal,0,train
PUMP_02,2026-04-14 23:00:00,0.1367,49.36,33.86,59.68,4.09,0.1423,0.0075,7.184,4.33,377.9,95.1,13.39,25.04,False,Normal,0,train
PUMP_02,2026-04-15 00:00:00,0.163,51.46,33.42,58.52,3.958,0.1465,0.0108,7.207,4.1,383.3,92.1,13.81,25.0,False,Mechanical,0,train
PUMP_02,2026-04-15 01:00:00,0.1493,50.34,34.38,58.63,3.957,0.1486,0.0096,7.214,4.83,377.9,94.5,14.21,24.96,False,Mechanical,0,train
PUMP_02,2026-04-15 02:00:00,0.1814,51.17,33.83,57.29,4.075,0.1556,0.0152,7.102,3.98,377.8,94.9,11.82,24.92,False,Mechanical,0,train
PUMP_02,2026-04-15 03:00:00,0.1485,51.73,33.95,54.86,3.999,0.1555,0.0153,7.21,3.66,378.8,97.4,13.37,24.88,False,Mechanical,0,train
PUMP_02,2026-04-15 04:00:00,0.1348,49.57,33.0,58.71,3.96,0.1523,0.0175,7.205,3.78,373.8,99.5,13.17,24.83,False,Mechanical,0,train
PUMP_02,2026-04-15 05:00:00,0.1726,50.07,33.75,58.97,3.961,0.1583,0.0173,7.288,4.19,367.6,108.8,14.52,24.79,False,Mechanical,0,train
PUMP_02,2026-04-15 06:00:00,0.167,51.29,33.67,58.3,4.091,0.1589,0.0176,7.193,4.19,385.8,109.8,13.77,24.75,False,Mechanical,0,train
PUMP_02,2026-04-15 07:00:00,0.1784,46.35,34.27,59.11,4.049,0.1638,0.0184,7.162,4.08,382.7,119.5,13.06,24.71,False,Mechanical,0,train
PUMP_02,2026-04-15 08:00:00,0.1642,49.88,33.86,57.36,4.021,0.1609,0.0163,7.213,3.66,375.4,125.2,13.29,24.67,False,Mechanical,0,train
PUMP_02,2026-04-15 09:00:00,0.1933,49.7,32.43,58.65,3.909,0.1684,0.0194,7.204,4.44,382.3,132.4,13.96,24.62,False,Mechanical,0,train
PUMP_02,2026-04-15 10:00:00,0.1535,50.61,33.78,59.8,4.023,0.1715,0.0136,7.193,4.77,384.1,142.4,14.11,24.58,False,Mechanical,0,train
PUMP_02,2026-04-15 11:00:00,0.1698,48.86,33.16,58.84,3.987,0.171,0.0136,7.136,4.01,376.5,136.4,12.34,24.54,False,Mechanical,0,train
PUMP_02,2026-04-15 12:00:00,0.1438,51.71,33.41,59.65,3.931,0.1672,0.0177,7.192,4.72,382.1,134.6,13.97,24.5,False,Mechanical,0,train
PUMP_02,2026-04-15 13:00:00,0.1567,48.97,34.64,59.67,3.957,0.1636,0.0171,7.171,4.35,385.0,142.6,13.49,24.46,False,Mechanical,0,train
PUMP_02,2026-04-15 14:00:00,0.1574,49.4,33.03,56.59,4.061,0.1624,0.0173,7.189,4.89,372.8,139.5,13.65,24.42,False,Mechanical,0,train
PUMP_02,2026-04-15 15:00:00,0.1579,49.1,34.23,58.92,4.106,0.1565,0.0084,7.237,4.19,382.7,129.6,14.33,24.38,False,Mechanical,0,train
PUMP_02,2026-04-15 16:00:00,0.1557,51.95,33.75,57.31,3.922,0.1569,0.0083,7.166,4.05,381.8,144.7,13.07,24.33,False,Mechanical,0,train
PUMP_02,2026-04-15 17:00:00,0.0948,46.99,33.64,56.74,3.933,0.1444,0.0249,7.189,4.34,389.4,134.7,13.95,24.29,False,Mechanical,0,train
PUMP_02,2026-04-15 18:00:00,0.1423,52.81,33.48,57.74,4.064,0.1441,0.0249,7.227,3.83,382.8,129.1,13.93,24.25,False,Mechanical,0,train
PUMP_02,2026-04-15 19:00:00,0.1353,52.35,34.26,60.19,3.976,0.1406,0.0242,7.187,4.16,377.9,118.9,13.31,24.21,False,Mechanical,0,train
PUMP_02,2026-04-15 20:00:00,0.1396,49.3,34.34,57.44,4.054,0.1376,0.0228,7.33,4.53,378.5,115.2,15.9,24.17,False,Mechanical,0,train
PUMP_02,2026-04-15 21:00:00,0.1429,51.7,33.05,55.99,3.977,0.1351,0.0209,7.212,4.33,390.1,105.8,14.35,24.12,False,Mechanical,0,train
PUMP_02,2026-04-15 22:00:00,0.1642,50.37,34.78,56.38,4.058,0.1365,0.0228,7.138,3.99,378.2,105.6,12.42,24.08,False,Mechanical,0,train
PUMP_02,2026-04-15 23:00:00,0.1553,52.67,33.39,58.69,3.903,0.1466,0.0109,7.158,4.08,382.9,99.1,13.01,24.04,False,Mechanical,0,train
PUMP_02,2026-04-16 00:00:00,0.1476,51.63,34.34,57.22,4.057,0.1475,0.0107,7.153,4.3,378.8,95.7,12.91,24.0,False,Mechanical,0,train
PUMP_02,2026-04-16 01:00:00,0.1361,53.51,33.4,55.68,3.846,0.1476,0.0105,7.159,4.29,385.4,95.2,13.27,23.96,False,Mechanical,0,train
PUMP_02,2026-04-16 02:00:00,0.1839,47.89,33.84,56.46,4.089,0.155,0.0172,7.227,4.3,385.7,101.7,14.38,23.92,False,Mechanical,0,train
PUMP_02,2026-04-16 03:00:00,0.1537,50.53,33.36,58.35,4.013,0.1568,0.0162,7.145,4.14,379.9,99.0,12.71,23.88,False,Mechanical,0,train
PUMP_02,2026-04-16 04:00:00,0.1634,47.67,33.82,59.1,4.052,0.1567,0.0161,7.183,3.67,378.0,98.2,12.92,23.83,False,Mechanical,0,train
PUMP_02,2026-04-16 05:00:00,0.1988,49.5,34.02,57.64,4.037,0.1639,0.0235,7.257,3.73,377.8,108.8,14.14,23.79,False,Mechanical,0,train
PUMP_02,2026-04-16 06:00:00,0.1582,53.66,33.46,58.96,3.883,0.1657,0.0224,7.174,4.18,371.4,115.5,12.85,23.75,False,Mechanical,0,train
PUMP_02,2026-04-16 07:00:00,0.1634,51.01,34.35,59.29,4.129,0.1702,0.0174,7.234,4.33,380.5,119.4,14.29,23.71,False,Mechanical,0,train
PUMP_02,2026-04-16 08:00:00,0.1704,51.8,34.43,57.26,4.048,0.168,0.0161,7.116,4.28,380.4,126.3,12.37,23.67,False,Mechanical,0,train
PUMP_02,2026-04-16 09:00:00,0.1417,51.11,35.8,58.07,4.083,0.166,0.0188,7.181,3.73,375.9,128.2,12.84,23.62,False,Mechanical,0,train
PUMP_02,2026-04-16 10:00:00,0.1383,51.03,34.74,57.5,3.959,0.1618,0.022,7.156,3.94,370.8,138.1,12.37,23.58,False,Mechanical,0,train
PUMP_02,2026-04-16 11:00:00,0.1549,49.59,34.9,58.88,4.044,0.1545,0.0124,7.215,3.53,381.0,136.8,13.45,23.54,False,Mechanical,0,train
PUMP_02,2026-04-16 12:00:00,0.1533,49.33,33.14,57.51,3.921,0.1537,0.0123,7.148,3.44,381.7,143.1,12.35,23.5,False,Mechanical,0,train
PUMP_02,2026-04-16 13:00:00,0.1599,49.58,33.03,56.8,4.039,0.1531,0.0118,7.303,4.03,382.0,142.3,15.26,23.46,False,Mechanical,0,train
PUMP_02,2026-04-16 14:00:00,0.1412,46.33,34.04,58.33,3.953,0.1482,0.0089,7.118,4.54,375.1,148.1,12.36,23.42,False,Mechanical,0,train
PUMP_02,2026-04-16 15:00:00,0.1608,50.32,35.3,59.61,4.43,0.1514,0.0095,7.257,4.04,382.0,147.9,14.52,23.38,False,Mechanical,0,train
PUMP_02,2026-04-16 16:00:00,0.1208,50.82,35.72,58.9,4.079,0.1485,0.0153,7.244,4.76,379.1,133.1,14.7,23.33,False,Mechanical,0,train
PUMP_02,2026-04-16 17:00:00,0.1516,49.55,33.83,59.51,4.138,0.1479,0.0151,7.215,3.93,384.3,132.5,13.88,23.29,False,Mechanical,0,train
PUMP_02,2026-04-16 18:00:00,0.1582,50.3,33.9,59.42,4.013,0.1488,0.0155,7.203,4.01,375.1,125.2,13.35,23.25,False,Mechanical,0,train
PUMP_02,2026-04-16 19:00:00,0.1585,51.3,34.59,58.37,4.066,0.1485,0.0153,7.293,3.6,385.8,121.9,14.95,23.21,False,Mechanical,0,train
PUMP_02,2026-04-16 20:00:00,0.1527,51.86,34.16,57.62,4.108,0.1504,0.0149,7.324,3.86,387.5,113.9,15.69,23.17,False,Mechanical,0,train
PUMP_02,2026-04-16 21:00:00,0.1473,48.76,34.18,57.31,3.951,0.1482,0.0141,7.19,3.52,380.6,106.0,13.03,23.12,False,Mechanical,0,train
PUMP_02,2026-04-16 22:00:00,0.1569,49.38,34.68,56.46,3.984,0.1542,0.0044,7.208,3.38,382.0,102.7,13.28,23.08,False,Mechanical,0,train
PUMP_02,2026-04-16 23:00:00,0.1812,51.72,35.94,59.8,4.117,0.1591,0.0116,7.172,3.53,383.9,97.5,12.89,23.04,False,Mechanical,0,train
PUMP_02,2026-04-17 00:00:00,0.1568,51.5,35.1,57.99,4.023,0.1589,0.0117,7.142,4.03,374.9,102.2,12.37,23.0,False,Mechanical,0,train
PUMP_02,2026-04-17 01:00:00,0.1836,52.65,35.45,56.35,3.982,0.1631,0.0154,7.223,3.71,377.6,91.8,13.56,22.96,False,Mechanical,0,train
PUMP_02,2026-04-17 02:00:00,0.1889,52.61,33.23,59.89,3.993,0.1691,0.0175,7.212,3.8,380.9,96.9,13.6,22.92,False,Mechanical,0,train
PUMP_02,2026-04-17 03:00:00,0.1485,54.3,34.99,58.54,3.947,0.1693,0.0172,7.119,4.16,390.1,100.4,12.75,22.88,False,Mechanical,0,train
PUMP_02,2026-04-17 04:00:00,0.1747,50.26,33.79,59.6,3.889,0.1723,0.0161,7.223,3.38,374.0,104.1,13.18,22.83,False,Mechanical,0,train
PUMP_02,2026-04-17 05:00:00,0.1635,53.09,35.38,58.14,3.912,0.1693,0.0158,7.214,4.03,388.2,106.3,14.09,22.79,False,Mechanical,0,train
PUMP_02,2026-04-17 06:00:00,0.1566,49.36,35.2,57.51,4.052,0.1693,0.0158,7.17,4.34,379.0,119.0,13.22,22.75,False,Mechanical,0,train
PUMP_02,2026-04-17 07:00:00,0.1912,54.36,34.76,59.02,4.104,0.1706,0.0174,7.167,4.37,379.8,111.6,13.22,22.71,False,Mechanical,0,train
PUMP_02,2026-04-17 08:00:00,0.186,51.47,33.96,59.13,4.253,0.1701,0.0168,7.221,4.21,386.1,122.1,14.24,22.67,False,Mechanical,0,train
PUMP_02,2026-04-17 09:00:00,0.1818,51.62,34.13,58.17,4.05,0.1756,0.0134,7.28,3.98,390.1,135.2,15.19,22.62,False,Mechanical,0,train
PUMP_02,2026-04-17 10:00:00,0.1601,52.32,34.19,60.1,3.952,0.1732,0.0149,7.22,3.75,382.1,134.2,13.73,22.58,False,Mechanical,0,train
PUMP_02,2026-04-17 11:00:00,0.1778,48.82,34.9,59.67,4.054,0.1756,0.0141,7.239,3.97,385.8,137.9,14.34,22.54,False,Mechanical,0,train
PUMP_02,2026-04-17 12:00:00,0.153,49.27,34.69,59.23,4.114,0.175,0.0151,7.158,4.66,375.4,142.3,13.11,22.5,False,Mechanical,0,train
PUMP_02,2026-04-17 13:00:00,0.1718,51.08,35.32,57.24,4.142,0.1717,0.0129,7.179,4.11,377.4,141.9,13.13,22.46,False,Mechanical,0,train
PUMP_02,2026-04-17 14:00:00,0.1589,51.45,35.44,57.08,4.136,0.1672,0.0116,7.23,3.96,373.2,146.7,13.67,22.42,False,Mechanical,0,train
PUMP_02,2026-04-17 15:00:00,0.1831,54.07,33.98,60.04,4.108,0.1675,0.0119,7.132,4.23,377.4,145.3,12.46,22.38,False,Mechanical,0,train
PUMP_02,2026-04-17 16:00:00,0.161,49.55,34.79,55.99,4.072,0.1676,0.0118,7.21,4.02,382.8,138.0,13.8,22.33,False,Mechanical,0,train
PUMP_02,2026-04-17 17:00:00,0.1695,53.31,34.79,58.52,4.125,0.1662,0.0108,7.225,4.09,381.1,136.7,14.0,22.29,False,Mechanical,0,train
PUMP_02,2026-04-17 18:00:00,0.1698,50.63,34.47,58.82,3.973,0.169,0.0086,7.198,3.9,388.6,120.9,13.76,22.25,False,Mechanical,0,train
PUMP_02,2026-04-17 19:00:00,0.1662,50.63,35.1,58.07,3.908,0.1681,0.0086,7.216,3.83,390.3,120.3,14.07,22.21,False,Mechanical,0,train
PUMP_02,2026-04-17 20:00:00,0.1705,50.83,34.85,58.63,4.238,0.17,0.0073,7.203,4.4,379.3,118.9,13.8,22.17,False,Mechanical,0,train
PUMP_02,2026-04-17 21:00:00,0.1758,50.64,34.22,59.2,4.068,0.1688,0.0049,7.169,3.22,376.6,111.4,12.31,22.12,False,Mechanical,0,train
PUMP_02,2026-04-17 22:00:00,0.1605,51.85,34.49,58.0,4.117,0.1687,0.0051,7.141,4.19,385.8,108.1,12.93,22.08,False,Mechanical,0,train
PUMP_02,2026-04-17 23:00:00,0.1831,50.56,34.38,59.78,3.851,0.171,0.0078,7.195,3.81,386.3,96.0,13.56,22.04,False,Mechanical,0,train
PUMP_02,2026-04-18 00:00:00,0.1932,49.06,34.17,59.44,4.201,0.1749,0.0119,7.265,3.24,382.2,99.5,14.1,22.0,False,Mechanical,0,train
PUMP_02,2026-04-18 01:00:00,0.1895,50.8,34.57,58.54,4.172,0.1788,0.0123,7.251,3.61,383.5,93.3,14.19,21.96,False,Mechanical,0,train
PUMP_02,2026-04-18 02:00:00,0.1813,51.91,33.85,57.78,3.956,0.1806,0.0116,7.183,3.99,382.7,98.2,13.33,21.92,False,Mechanical,0,train
PUMP_02,2026-04-18 03:00:00,0.192,49.15,34.93,58.68,4.057,0.1833,0.0121,7.182,4.04,375.1,103.6,13.03,21.88,False,Mechanical,0,train
PUMP_02,2026-04-18 04:00:00,0.1862,52.16,35.5,61.34,4.106,0.1876,0.0048,7.178,4.3,373.9,99.1,13.1,21.83,False,Mechanical,0,train
PUMP_02,2026-04-18 05:00:00,0.1916,53.08,34.7,57.91,3.985,0.189,0.0045,7.178,4.32,379.7,100.1,13.36,21.79,False,Mechanical,0,train
PUMP_02,2026-04-18 06:00:00,0.1766,53.56,35.26,60.68,4.127,0.1862,0.0062,7.214,3.38,379.0,120.9,13.26,21.75,False,Mechanical,0,train
PUMP_02,2026-04-18 07:00:00,0.2155,51.87,34.8,56.75,4.173,0.1905,0.0136,7.253,4.15,381.4,122.0,14.51,21.71,False,Mechanical,0,train
PUMP_02,2026-04-18 08:00:00,0.2235,48.69,34.1,57.84,4.117,0.1976,0.0181,7.313,4.29,379.3,126.0,15.49,21.67,False,Mechanical,0,train
PUMP_02,2026-04-18 09:00:00,0.1831,52.39,35.94,58.24,3.968,0.1961,0.0189,7.159,4.09,371.5,131.9,12.54,21.62,False,Mechanical,0,train
PUMP_02,2026-04-18 10:00:00,0.2041,52.9,33.29,60.05,4.012,0.1991,0.0185,7.233,4.2,369.4,129.3,13.72,21.58,False,Mechanical,0,train
PUMP_02,2026-04-18 11:00:00,0.2125,50.43,34.77,59.0,4.087,0.2026,0.0188,7.227,3.23,383.7,142.5,13.55,21.54,False,Mechanical,0,train
PUMP_02,2026-04-18 12:00:00,0.1744,51.4,34.31,60.52,4.079,0.2022,0.0194,7.184,3.6,376.7,142.0,12.82,21.5,False,Mechanical,0,train
PUMP_02,2026-04-18 13:00:00,0.1545,52.26,35.74,58.57,4.083,0.192,0.0259,7.149,4.55,378.8,145.2,13.01,21.46,False,Mechanical,0,train
PUMP_02,2026-04-18 14:00:00,0.208,54.24,34.93,58.92,4.082,0.1894,0.0227,7.214,3.89,377.2,144.3,13.53,21.42,False,Mechanical,0,train
PUMP_02,2026-04-18 15:00:00,0.1837,51.21,36.35,58.61,3.96,0.1895,0.0227,7.306,4.89,375.4,128.1,15.63,21.38,False,Mechanical,0,train
PUMP_02,2026-04-18 16:00:00,0.1753,52.96,34.86,61.45,4.171,0.1847,0.022,7.213,3.49,375.3,139.6,13.16,21.33,False,Mechanical,0,train
PUMP_02,2026-04-18 17:00:00,0.1835,52.13,34.39,57.69,4.159,0.1799,0.0174,7.161,4.63,385.1,133.3,13.52,21.29,False,Mechanical,0,train
PUMP_02,2026-04-18 18:00:00,0.1777,51.98,33.84,58.45,4.152,0.1804,0.0172,7.192,3.76,378.8,127.8,13.15,21.25,False,Mechanical,0,train
PUMP_02,2026-04-18 19:00:00,0.2288,53.71,35.54,57.9,4.147,0.1928,0.0211,7.143,4.34,383.2,119.3,12.96,21.21,False,Mechanical,0,train
PUMP_02,2026-04-18 20:00:00,0.1782,50.5,34.4,59.78,4.092,0.1879,0.0203,7.201,3.88,383.8,113.7,13.59,21.17,False,Mechanical,0,train
PUMP_02,2026-04-18 21:00:00,0.1934,52.12,34.66,57.74,4.068,0.1895,0.0203,7.234,4.05,381.6,108.2,14.15,21.12,False,Mechanical,0,train
PUMP_02,2026-04-18 22:00:00,0.2108,51.84,35.66,61.32,4.037,0.1954,0.0205,7.165,4.24,384.0,103.4,13.28,21.08,False,Mechanical,0,train
PUMP_02,2026-04-18 23:00:00,0.2139,49.57,35.58,59.25,4.244,0.2005,0.0208,7.037,3.75,380.1,100.3,10.73,21.04,False,Mechanical,0,train
PUMP_02,2026-04-19 00:00:00,0.2144,53.71,34.59,59.67,4.121,0.2066,0.0179,7.214,4.32,386.8,97.0,14.23,21.0,False,Mechanical,0,val
PUMP_02,2026-04-19 01:00:00,0.195,53.14,34.7,59.75,3.992,0.201,0.0145,7.175,3.89,384.1,102.4,13.2,20.96,False,Mechanical,0,val
PUMP_02,2026-04-19 02:00:00,0.2023,51.98,33.94,59.19,4.124,0.205,0.0094,7.162,4.07,384.8,92.9,13.15,20.92,False,Mechanical,0,val
PUMP_02,2026-04-19 03:00:00,0.1748,51.57,33.77,59.38,3.962,0.2019,0.0152,7.162,2.94,375.3,96.8,11.96,20.88,False,Mechanical,0,val
PUMP_02,2026-04-19 04:00:00,0.2087,51.99,35.48,59.35,4.151,0.2015,0.015,7.22,3.87,381.3,109.1,13.78,20.83,False,Mechanical,0,val
PUMP_02,2026-04-19 05:00:00,0.2122,53.08,35.56,59.89,4.144,0.2012,0.0148,7.18,4.51,370.8,106.9,13.15,20.79,False,Mechanical,0,val
PUMP_02,2026-04-19 06:00:00,0.224,52.13,35.27,58.3,4.092,0.2028,0.0168,7.247,4.28,387.0,117.3,14.73,20.75,False,Mechanical,0,val
PUMP_02,2026-04-19 07:00:00,0.2403,51.09,35.19,58.12,4.062,0.2104,0.022,7.248,4.35,376.9,120.5,14.38,20.71,False,Mechanical,0,val
PUMP_02,2026-04-19 08:00:00,0.2238,51.34,34.67,60.32,4.184,0.214,0.0222,7.186,4.02,377.6,125.6,13.2,20.67,False,Mechanical,0,val
PUMP_02,2026-04-19 09:00:00,0.2285,52.13,35.99,59.35,4.135,0.2229,0.0114,7.174,4.67,373.2,136.4,13.27,20.62,False,Mechanical,0,val
PUMP_02,2026-04-19 10:00:00,0.2109,50.79,34.05,56.97,3.988,0.2233,0.0109,7.206,4.12,379.8,139.8,13.68,20.58,False,Mechanical,0,val
PUMP_02,2026-04-19 11:00:00,0.2289,52.72,34.86,58.82,4.242,0.2261,0.0095,7.193,3.74,378.7,135.5,13.14,20.54,False,Mechanical,0,val
PUMP_02,2026-04-19 12:00:00,0.2081,51.06,35.25,61.25,4.073,0.2234,0.0121,7.112,4.34,389.1,144.8,12.72,20.5,False,Mechanical,0,val
PUMP_02,2026-04-19 13:00:00,0.2233,50.85,35.17,59.24,4.045,0.2206,0.0089,7.292,4.51,384.3,141.0,15.5,20.46,False,Mechanical,0,val
PUMP_02,2026-04-19 14:00:00,0.2167,57.11,35.19,58.82,4.261,0.2194,0.0089,7.228,4.53,377.4,149.2,14.21,20.42,False,Mechanical,0,val
PUMP_02,2026-04-19 15:00:00,0.2093,55.26,34.9,57.69,4.239,0.2162,0.0084,7.164,4.27,371.7,148.7,12.78,20.38,False,Mechanical,0,val
PUMP_02,2026-04-19 16:00:00,0.1796,52.6,35.55,58.82,4.123,0.211,0.0173,7.089,4.65,368.6,145.2,11.7,20.33,False,Mechanical,0,val
PUMP_02,2026-04-19 17:00:00,0.219,53.7,34.52,58.13,4.059,0.2093,0.0157,7.174,5.15,374.9,133.9,13.68,20.29,False,Mechanical,0,val
PUMP_02,2026-04-19 18:00:00,0.2088,53.99,35.18,60.06,4.089,0.2094,0.0157,7.154,4.78,373.3,124.6,13.03,20.25,False,Mechanical,0,val
PUMP_02,2026-04-19 19:00:00,0.2149,52.38,35.54,59.62,4.129,0.208,0.0145,7.184,3.86,382.7,121.3,13.26,20.21,False,Mechanical,0,val
PUMP_02,2026-04-19 20:00:00,0.211,52.95,35.1,59.15,4.263,0.2071,0.014,7.083,4.06,381.2,109.8,11.72,20.17,False,Mechanical,0,val
PUMP_02,2026-04-19 21:00:00,0.216,52.17,35.32,58.69,4.272,0.2082,0.0145,7.172,3.88,383.2,116.9,13.1,20.12,False,Mechanical,0,val
PUMP_02,2026-04-19 22:00:00,0.2312,54.48,35.46,61.46,4.184,0.2168,0.0079,7.178,3.76,379.1,107.1,12.93,20.08,False,Mechanical,0,val
PUMP_02,2026-04-19 23:00:00,0.2079,54.53,34.3,58.81,4.225,0.215,0.0086,7.19,3.16,385.0,99.6,12.96,20.04,False,Mechanical,0,val
PUMP_02,2026-04-20 00:00:00,0.2255,55.01,34.37,58.83,4.158,0.2178,0.0089,7.188,4.76,377.1,99.8,13.72,20.0,False,Mechanical,0,val
PUMP_02,2026-04-20 01:00:00,0.2104,53.1,35.47,59.41,4.108,0.217,0.0094,7.203,3.65,382.8,93.0,13.41,19.96,False,Mechanical,0,val
PUMP_02,2026-04-20 02:00:00,0.234,55.99,35.04,59.6,4.06,0.2208,0.011,7.276,3.68,386.4,91.4,14.76,19.92,False,Mechanical,0,val
PUMP_02,2026-04-20 03:00:00,0.2321,52.66,35.1,60.32,4.208,0.2235,0.0115,7.174,3.22,379.3,89.5,12.51,19.88,False,Mechanical,0,val
PUMP_02,2026-04-20 04:00:00,0.2214,55.88,35.79,60.88,4.257,0.2219,0.0109,7.154,4.35,382.6,102.7,13.12,19.83,False,Mechanical,0,val
PUMP_02,2026-04-20 05:00:00,0.2342,52.15,34.87,60.81,4.146,0.2263,0.0093,7.114,3.96,370.1,106.7,11.68,19.79,False,Mechanical,0,val
PUMP_02,2026-04-20 06:00:00,0.2256,50.94,34.03,62.73,4.284,0.2263,0.0093,7.174,3.86,369.7,115.6,12.56,19.75,False,Mechanical,0,val
PUMP_02,2026-04-20 07:00:00,0.229,55.96,36.49,57.8,4.161,0.2294,0.0051,7.13,3.88,381.6,120.1,12.36,19.71,False,Mechanical,0,val
PUMP_02,2026-04-20 08:00:00,0.24,53.95,36.25,60.13,4.201,0.2304,0.0066,7.248,4.24,385.2,128.4,14.65,19.67,False,Mechanical,0,val
PUMP_02,2026-04-20 09:00:00,0.238,53.77,36.26,59.26,4.179,0.2314,0.0073,7.195,3.81,378.8,135.7,13.24,19.62,False,Mechanical,0,val
PUMP_02,2026-04-20 10:00:00,0.2041,52.49,34.89,62.32,4.298,0.2285,0.0131,7.247,3.2,390.7,131.8,14.14,19.58,False,Mechanical,0,val
PUMP_02,2026-04-20 11:00:00,0.237,51.8,35.53,60.14,4.241,0.229,0.0134,7.273,3.48,372.8,145.1,14.01,19.54,False,Mechanical,0,val
PUMP_02,2026-04-20 12:00:00,0.2253,51.98,34.84,57.52,4.199,0.2289,0.0134,7.157,3.46,376.6,142.5,12.29,19.5,False,Mechanical,0,val
PUMP_02,2026-04-20 13:00:00,0.222,53.35,35.58,60.5,4.213,0.2277,0.0137,7.183,4.11,380.7,147.1,13.33,19.46,False,Mechanical,0,val
PUMP_02,2026-04-20 14:00:00,0.2099,52.95,35.43,60.32,4.114,0.2227,0.0138,7.267,4.37,382.3,148.2,14.92,19.42,False,Mechanical,0,val
PUMP_02,2026-04-20 15:00:00,0.225,50.31,35.01,60.93,4.033,0.2206,0.0118,7.209,4.59,377.1,145.8,13.94,19.38,False,Mechanical,0,val
PUMP_02,2026-04-20 16:00:00,0.2172,55.8,35.98,59.18,4.171,0.2227,0.0091,7.226,3.35,374.7,138.2,13.24,19.33,False,Mechanical,0,val
PUMP_02,2026-04-20 17:00:00,0.2442,52.66,35.54,60.46,4.201,0.2239,0.0115,7.252,4.25,383.1,133.2,14.63,19.29,False,Mechanical,0,val
PUMP_02,2026-04-20 18:00:00,0.1995,55.19,36.75,59.77,4.262,0.2196,0.0151,7.245,3.75,380.7,130.0,14.07,19.25,False,Mechanical,0,val
PUMP_02,2026-04-20 19:00:00,0.2126,52.31,35.79,59.31,4.209,0.2181,0.0153,7.221,5.17,378.3,114.0,14.58,19.21,False,Mechanical,0,val
PUMP_02,2026-04-20 20:00:00,0.2136,53.64,34.23,60.56,4.187,0.2187,0.015,7.27,4.55,382.5,109.7,15.11,19.17,False,Mechanical,0,val
PUMP_02,2026-04-20 21:00:00,0.2355,54.91,34.69,60.35,3.991,0.2204,0.0164,7.197,4.68,379.3,106.4,13.89,19.12,False,Mechanical,0,val
PUMP_02,2026-04-20 22:00:00,0.2523,54.74,37.05,61.45,4.271,0.2263,0.0207,7.226,4.32,379.3,97.0,14.11,19.08,False,Mechanical,0,val
PUMP_02,2026-04-20 23:00:00,0.2457,53.13,35.6,60.25,4.249,0.2265,0.021,7.191,4.15,379.1,97.3,13.43,19.04,False,Mechanical,0,val
PUMP_02,2026-04-21 00:00:00,0.2253,54.33,35.98,60.97,4.3,0.2308,0.0165,7.251,3.84,375.9,94.5,14.03,19.0,False,Mechanical,0,val
PUMP_02,2026-04-21 01:00:00,0.2389,54.62,35.86,58.82,4.239,0.2352,0.014,7.165,3.76,375.4,95.3,12.58,18.96,False,Mechanical,0,val
PUMP_02,2026-04-21 02:00:00,0.2367,53.43,36.73,61.97,4.331,0.2391,0.0092,7.116,3.68,377.4,95.6,11.82,18.92,False,Mechanical,0,val
PUMP_02,2026-04-21 03:00:00,0.2595,52.02,34.75,59.39,4.198,0.2431,0.0121,7.233,4.25,380.2,102.6,14.2,18.88,False,Mechanical,0,val
PUMP_02,2026-04-21 04:00:00,0.2478,52.79,36.71,61.43,4.242,0.2423,0.0116,7.149,4.62,370.6,104.6,12.73,18.83,False,Mechanical,0,val
PUMP_02,2026-04-21 05:00:00,0.2354,53.2,36.69,60.68,4.267,0.2406,0.0117,7.144,3.86,384.7,107.2,12.7,18.79,False,Mechanical,0,val
PUMP_02,2026-04-21 06:00:00,0.2667,53.85,35.96,60.56,4.303,0.2475,0.013,7.263,3.71,380.1,112.2,14.31,18.75,False,Mechanical,0,val
PUMP_02,2026-04-21 07:00:00,0.2776,56.24,36.23,61.33,4.286,0.254,0.0169,7.248,3.41,374.7,119.8,13.64,18.71,False,Mechanical,0,val
PUMP_02,2026-04-21 08:00:00,0.256,55.25,35.78,57.88,4.294,0.2572,0.0147,7.183,4.1,388.1,126.4,13.63,18.67,False,Mechanical,0,val
PUMP_02,2026-04-21 09:00:00,0.26,52.71,35.01,59.78,4.28,0.2573,0.0147,7.048,4.49,380.2,142.6,11.42,18.62,False,Mechanical,0,val
PUMP_02,2026-04-21 10:00:00,0.2346,56.73,36.39,61.39,4.246,0.255,0.0172,7.227,4.51,373.3,131.8,14.01,18.58,False,Mechanical,0,val
PUMP_02,2026-04-21 11:00:00,0.2249,53.9,36.21,62.83,4.336,0.2533,0.0199,7.233,4.55,387.9,137.9,14.74,18.54,False,Mechanical,0,val
PUMP_02,2026-04-21 12:00:00,0.2265,55.06,36.25,60.52,4.133,0.2466,0.0212,7.226,4.17,386.8,139.9,14.31,18.5,False,Mechanical,0,val
PUMP_02,2026-04-21 13:00:00,0.2521,52.69,36.4,57.65,4.219,0.2424,0.0155,7.224,4.04,375.5,146.1,13.71,18.46,False,Mechanical,0,val
PUMP_02,2026-04-21 14:00:00,0.2468,53.46,35.77,60.22,4.399,0.2408,0.0143,7.191,4.51,378.4,145.1,13.65,18.42,False,Mechanical,0,val
PUMP_02,2026-04-21 15:00:00,0.2586,55.74,37.05,60.56,4.221,0.2406,0.014,7.179,3.56,377.7,139.4,12.77,18.38,False,Mechanical,0,val
PUMP_02,2026-04-21 16:00:00,0.247,52.9,36.18,61.99,4.271,0.2426,0.0138,7.145,3.82,370.6,141.3,12.1,18.33,False,Mechanical,0,val
PUMP_02,2026-04-21 17:00:00,0.2648,54.35,36.52,60.74,4.391,0.2493,0.0132,7.165,4.68,381.6,134.0,13.49,18.29,False,Mechanical,0,val
PUMP_02,2026-04-21 18:00:00,0.2639,55.01,36.05,59.18,4.273,0.2555,0.0081,7.216,3.57,384.2,130.2,13.63,18.25,False,Mechanical,0,val
PUMP_02,2026-04-21 19:00:00,0.2474,52.82,36.87,61.89,4.219,0.2547,0.0087,7.217,3.99,383.3,124.8,13.9,18.21,False,Mechanical,0,val
PUMP_02,2026-04-21 20:00:00,0.2393,51.73,36.32,61.44,4.385,0.2535,0.0104,7.239,4.25,380.2,105.0,14.32,18.17,False,Mechanical,0,val
PUMP_02,2026-04-21 21:00:00,0.2283,55.8,36.23,59.95,4.268,0.2484,0.0141,7.13,4.03,384.7,110.2,12.59,18.12,False,Mechanical,0,val
PUMP_02,2026-04-21 22:00:00,0.2817,58.77,37.03,61.68,4.277,0.2542,0.0195,7.117,4.46,374.3,97.2,12.26,18.08,False,Mechanical,0,val
PUMP_02,2026-04-21 23:00:00,0.2496,55.21,35.29,60.19,4.139,0.2517,0.0188,7.181,4.61,389.1,99.3,14.0,18.04,False,Mechanical,0,val
PUMP_02,2026-04-22 00:00:00,0.245,55.54,36.18,60.51,4.29,0.2486,0.0179,7.149,4.19,376.1,95.6,12.66,18.0,False,Mechanical,0,val
PUMP_02,2026-04-22 01:00:00,0.2731,53.28,36.0,60.26,4.358,0.2528,0.0205,7.209,4.56,376.7,94.9,13.9,17.96,False,Mechanical,0,val
PUMP_02,2026-04-22 02:00:00,0.2523,56.86,36.62,60.55,4.271,0.255,0.0194,7.135,3.63,377.1,91.0,12.07,17.92,False,Mechanical,0,val
PUMP_02,2026-04-22 03:00:00,0.2798,54.13,36.61,62.04,4.206,0.2636,0.0164,7.259,3.94,376.8,102.5,14.27,17.88,False,Mechanical,0,val
PUMP_02,2026-04-22 04:00:00,0.2755,56.49,36.43,58.84,4.273,0.2626,0.0152,7.159,4.96,379.0,97.2,13.48,17.83,False,Mechanical,0,val
PUMP_02,2026-04-22 05:00:00,0.2966,55.7,36.03,62.33,4.265,0.2704,0.0189,7.28,4.78,378.8,110.5,15.27,17.79,False,Mechanical,0,val
PUMP_02,2026-04-22 06:00:00,0.2967,55.78,36.47,61.25,4.297,0.279,0.0166,7.226,3.49,380.6,107.8,13.59,17.75,False,Mechanical,0,val
PUMP_02,2026-04-22 07:00:00,0.3015,55.76,36.7,60.6,4.279,0.2837,0.0186,7.147,3.99,375.9,119.9,12.48,17.71,False,Mechanical,0,val
PUMP_02,2026-04-22 08:00:00,0.2882,55.76,36.42,61.12,4.456,0.2897,0.0104,7.305,4.05,380.8,133.7,15.25,17.67,False,Mechanical,0,val
PUMP_02,2026-04-22 09:00:00,0.2718,55.39,37.22,60.03,4.35,0.2884,0.0122,7.213,4.17,374.5,141.9,13.6,17.62,False,Mechanical,0,val
PUMP_02,2026-04-22 10:00:00,0.2682,56.46,36.94,59.19,4.19,0.2872,0.014,7.208,4.51,383.7,131.2,14.14,17.58,False,Mechanical,0,val
PUMP_02,2026-04-22 11:00:00,0.2746,53.96,36.61,60.12,4.338,0.2835,0.0139,7.197,4.74,383.6,138.8,14.11,17.54,False,Mechanical,0,val
PUMP_02,2026-04-22 12:00:00,0.311,54.74,35.21,58.93,4.332,0.2859,0.0174,7.223,4.01,380.0,142.1,13.88,17.5,False,Mechanical,0,val
PUMP_02,2026-04-22 13:00:00,0.276,57.35,36.51,59.61,4.434,0.2816,0.0159,7.226,4.45,376.8,154.0,14.1,17.46,False,Mechanical,0,val
PUMP_02,2026-04-22 14:00:00,0.2809,55.45,37.05,59.31,4.329,0.2804,0.0156,7.157,4.26,381.6,143.9,13.05,17.42,False,Mechanical,0,val
PUMP_02,2026-04-22 15:00:00,0.3003,54.75,36.52,62.76,4.329,0.2852,0.0167,7.189,3.99,375.6,145.9,13.14,17.38,False,Mechanical,0,val
PUMP_02,2026-04-22 16:00:00,0.281,56.83,36.9,59.78,4.496,0.2873,0.0148,7.206,3.32,380.2,138.9,13.12,17.33,False,Mechanical,0,val
PUMP_02,2026-04-22 17:00:00,0.2661,56.58,36.6,61.3,4.265,0.2859,0.0166,7.229,4.41,379.2,127.7,14.22,17.29,False,Mechanical,0,val
PUMP_02,2026-04-22 18:00:00,0.2891,53.42,36.9,62.72,4.417,0.2822,0.0116,7.23,4.24,393.1,119.0,14.7,17.25,False,Mechanical,0,val
PUMP_02,2026-04-22 19:00:00,0.2733,56.51,37.63,62.43,4.361,0.2818,0.012,7.208,4.16,373.9,117.5,13.49,17.21,False,Mechanical,0,val
PUMP_02,2026-04-22 20:00:00,0.2862,55.67,37.28,61.08,4.319,0.2827,0.0121,7.172,3.61,366.7,122.8,12.23,17.17,False,Mechanical,0,val
PUMP_02,2026-04-22 21:00:00,0.2924,56.58,36.06,61.12,4.31,0.2814,0.01,7.17,4.78,376.8,108.5,13.43,17.12,False,Mechanical,0,val
PUMP_02,2026-04-22 22:00:00,0.2805,55.58,35.86,61.71,4.474,0.2813,0.01,7.14,4.06,371.4,106.5,12.23,17.08,False,Mechanical,0,val
PUMP_02,2026-04-22 23:00:00,0.2944,56.3,37.15,64.06,4.406,0.286,0.0079,7.23,3.54,376.4,92.7,13.5,17.04,False,Mechanical,0,val
PUMP_02,2026-04-23 00:00:00,0.3194,52.91,37.61,62.05,4.42,0.291,0.0159,7.169,3.48,373.5,94.6,12.37,17.0,False,Mechanical,0,val
PUMP_02,2026-04-23 01:00:00,0.2898,54.36,35.94,62.39,4.446,0.2938,0.0135,7.19,4.27,375.5,98.1,13.35,16.96,False,Mechanical,0,val
PUMP_02,2026-04-23 02:00:00,0.3226,56.86,36.83,64.33,4.405,0.2998,0.0171,7.212,4.28,374.7,91.5,13.67,16.92,False,Mechanical,0,val
PUMP_02,2026-04-23 03:00:00,0.2972,59.73,38.4,61.98,4.296,0.3007,0.0168,7.2,3.81,384.8,98.1,13.57,16.88,False,Mechanical,0,val
PUMP_02,2026-04-23 04:00:00,0.3359,56.39,36.84,63.05,4.258,0.3099,0.0186,7.2,4.19,379.8,98.8,13.61,16.83,False,Mechanical,0,val
PUMP_02,2026-04-23 05:00:00,0.2983,54.85,38.55,62.28,4.51,0.3105,0.018,7.155,4.27,385.4,110.8,13.19,16.79,False,Mechanical,0,val
PUMP_02,2026-04-23 06:00:00,0.3068,56.14,36.56,62.29,4.407,0.3084,0.0175,7.213,4.06,380.2,115.1,13.76,16.75,False,Mechanical,0,val
PUMP_02,2026-04-23 07:00:00,0.3362,54.65,36.69,60.61,4.4,0.3162,0.0179,7.184,3.72,384.6,122.7,13.25,16.71,False,Mechanical,0,val
PUMP_02,2026-04-23 08:00:00,0.3371,57.91,36.68,60.44,4.541,0.3186,0.0198,7.196,4.38,378.5,130.0,13.64,16.67,False,Mechanical,0,val
PUMP_02,2026-04-23 09:00:00,0.3258,56.16,36.36,61.21,4.315,0.3233,0.0168,7.258,4.34,388.0,131.6,14.99,16.62,False,Mechanical,0,val
PUMP_02,2026-04-23 10:00:00,0.2964,57.71,36.14,62.91,4.201,0.3168,0.0186,7.225,4.23,382.4,141.7,14.16,16.58,False,Mechanical,0,val
PUMP_02,2026-04-23 11:00:00,0.3128,55.95,37.05,62.89,4.261,0.3192,0.0165,7.171,3.67,376.1,139.3,12.65,16.54,False,Mechanical,0,val
PUMP_02,2026-04-23 12:00:00,0.3102,57.94,37.29,63.52,4.367,0.3198,0.0161,7.193,3.47,383.1,146.7,13.14,16.5,False,Mechanical,0,val
PUMP_02,2026-04-23 13:00:00,0.296,53.84,36.8,61.93,4.422,0.313,0.0162,7.28,4.03,380.1,137.1,14.81,16.46,False,Mechanical,0,val
PUMP_02,2026-04-23 14:00:00,0.3182,56.36,36.97,62.62,4.527,0.3099,0.0119,7.185,4.37,379.0,141.2,13.47,16.42,False,Mechanical,0,val
PUMP_02,2026-04-23 15:00:00,0.2952,57.19,38.15,62.66,4.486,0.3048,0.0101,7.202,4.42,380.5,150.9,13.84,16.38,False,Mechanical,0,val
PUMP_02,2026-04-23 16:00:00,0.2872,56.02,37.89,61.91,4.217,0.3033,0.0121,7.233,4.23,383.8,140.1,14.35,16.33,False,Mechanical,0,val
PUMP_02,2026-04-23 17:00:00,0.2825,57.01,37.17,61.68,4.65,0.2982,0.0136,7.211,3.82,369.4,134.9,13.1,16.29,False,Mechanical,0,val
PUMP_02,2026-04-23 18:00:00,0.3335,57.04,37.61,60.32,4.396,0.3021,0.0197,7.181,3.68,378.2,123.2,12.9,16.25,False,Mechanical,0,val
PUMP_02,2026-04-23 19:00:00,0.3017,58.15,36.4,61.95,4.53,0.303,0.0195,7.163,3.99,383.4,115.6,13.04,16.21,False,Mechanical,0,val
PUMP_02,2026-04-23 20:00:00,0.3043,57.56,37.57,62.04,4.479,0.3007,0.0181,7.199,4.0,381.2,112.5,13.54,16.17,False,Mechanical,0,val
PUMP_02,2026-04-23 21:00:00,0.2991,57.26,37.4,63.56,4.439,0.3014,0.0179,7.233,4.44,374.4,107.2,14.1,16.12,False,Mechanical,0,val
PUMP_02,2026-04-23 22:00:00,0.3384,58.04,37.23,63.71,4.423,0.3099,0.0216,7.266,3.81,368.2,110.0,13.93,16.08,False,Mechanical,0,val
PUMP_02,2026-04-23 23:00:00,0.3009,54.75,37.5,62.43,4.356,0.313,0.0179,7.127,3.84,388.5,102.4,12.57,16.04,False,Mechanical,0,val
PUMP_02,2026-04-24 00:00:00,0.3075,55.7,37.43,64.77,4.346,0.3087,0.0149,7.288,4.82,379.1,96.3,15.45,16.0,False,Mechanical,0,val
PUMP_02,2026-04-24 01:00:00,0.3246,54.8,36.75,62.55,4.439,0.3125,0.0156,7.186,4.62,387.6,95.3,14.02,15.96,False,Mechanical,0,val
PUMP_02,2026-04-24 02:00:00,0.3328,57.75,38.57,63.59,4.344,0.3172,0.0169,7.246,3.65,384.0,98.9,14.16,15.92,False,Mechanical,0,val
PUMP_02,2026-04-24 03:00:00,0.3464,57.6,38.16,62.27,4.59,0.3251,0.0178,7.163,4.59,376.0,93.1,13.16,15.88,False,Mechanical,0,val
PUMP_02,2026-04-24 04:00:00,0.3293,59.11,37.38,61.05,4.47,0.3236,0.0168,7.119,3.55,367.5,94.6,11.38,15.83,False,Mechanical,0,val
PUMP_02,2026-04-24 05:00:00,0.3649,57.61,36.58,61.94,4.633,0.3342,0.0196,7.134,3.83,377.7,110.5,12.23,15.79,False,Mechanical,0,val
PUMP_02,2026-04-24 06:00:00,0.3334,56.18,36.19,64.25,4.434,0.3386,0.0148,7.183,3.87,379.8,113.8,13.14,15.75,False,Mechanical,0,val
PUMP_02,2026-04-24 07:00:00,0.3292,57.38,38.9,62.2,4.425,0.3393,0.014,7.226,3.97,382.3,114.8,13.99,15.71,False,Mechanical,0,val
PUMP_02,2026-04-24 08:00:00,0.3281,54.42,37.62,61.99,4.523,0.3385,0.0146,7.202,4.25,374.4,118.1,13.47,15.67,False,Mechanical,0,val
PUMP_02,2026-04-24 09:00:00,0.3328,56.67,38.21,62.58,4.458,0.3363,0.0142,7.187,4.04,380.9,136.1,13.37,15.62,False,Mechanical,0,val
PUMP_02,2026-04-24 10:00:00,0.3262,53.82,37.2,62.15,4.56,0.3358,0.0145,7.256,4.25,380.9,135.6,14.6,15.58,False,Mechanical,0,val
PUMP_02,2026-04-24 11:00:00,0.3539,57.88,37.62,64.08,4.601,0.3339,0.0102,7.2,3.84,384.9,143.3,13.59,15.54,False,Mechanical,0,val
PUMP_02,2026-04-24 12:00:00,0.3264,57.02,37.67,64.94,4.577,0.3328,0.0106,7.214,4.15,378.5,143.1,13.76,15.5,False,Mechanical,0,val
PUMP_02,2026-04-24 13:00:00,0.3381,57.3,38.0,62.72,4.602,0.3342,0.0107,7.356,4.03,382.2,144.9,16.1,15.46,False,Mechanical,0,val
PUMP_02,2026-04-24 14:00:00,0.3236,56.15,37.94,63.39,4.561,0.3335,0.0113,7.2,3.44,381.4,141.8,13.16,15.42,False,Mechanical,0,val
PUMP_02,2026-04-24 15:00:00,0.3207,56.6,37.36,63.94,4.455,0.3315,0.0125,7.165,4.19,384.4,141.3,13.26,15.38,False,Mechanical,0,val
PUMP_02,2026-04-24 16:00:00,0.3547,58.69,37.38,62.94,4.594,0.3362,0.0152,7.224,4.04,375.9,140.0,13.74,15.33,False,Mechanical,0,val
PUMP_02,2026-04-24 17:00:00,0.3625,55.55,37.91,61.79,4.562,0.3377,0.0174,7.237,3.71,364.6,131.4,13.25,15.29,False,Mechanical,0,val
PUMP_02,2026-04-24 18:00:00,0.3585,58.52,36.94,62.39,4.46,0.343,0.0182,7.215,3.83,378.8,125.1,13.57,15.25,False,Mechanical,0,val
PUMP_02,2026-04-24 19:00:00,0.3191,56.59,37.52,63.4,4.474,0.3398,0.0207,7.208,3.84,378.8,122.4,13.47,15.21,False,Mechanical,0,val
PUMP_02,2026-04-24 20:00:00,0.3236,55.34,37.95,63.42,4.509,0.3398,0.0207,7.274,3.9,374.2,116.2,14.38,15.17,False,Mechanical,0,val
PUMP_02,2026-04-24 21:00:00,0.3762,59.76,38.31,60.83,4.609,0.3491,0.0227,7.268,4.7,372.5,103.0,14.76,15.12,False,Mechanical,0,val
PUMP_02,2026-04-24 22:00:00,0.3462,59.97,39.0,62.49,4.533,0.3477,0.0226,7.194,4.84,377.1,102.2,13.87,15.08,False,Mechanical,0,val
PUMP_02,2026-04-24 23:00:00,0.3332,57.22,37.84,62.16,4.527,0.3428,0.0219,7.168,2.91,379.4,96.3,12.2,15.04,False,Mechanical,0,val
PUMP_02,2026-04-25 00:00:00,0.374,57.26,38.18,64.14,4.518,0.3454,0.0248,7.221,4.2,380.5,95.9,14.0,15.0,False,Mechanical,0,val
PUMP_02,2026-04-25 01:00:00,0.3627,57.76,37.06,62.27,4.506,0.3526,0.0218,7.168,4.38,368.6,100.7,12.77,14.96,False,Mechanical,0,val
PUMP_02,2026-04-25 02:00:00,0.3741,56.97,38.41,62.59,4.445,0.3611,0.0177,7.244,3.91,371.2,97.3,13.78,14.92,False,Mechanical,0,val
PUMP_02,2026-04-25 03:00:00,0.3354,57.29,37.69,62.58,4.605,0.3543,0.0185,7.221,4.37,385.6,107.0,14.33,14.88,False,Mechanical,0,val
PUMP_02,2026-04-25 04:00:00,0.3671,58.97,38.08,64.16,4.464,0.3578,0.0187,7.334,4.66,379.1,103.2,16.06,14.83,False,Mechanical,0,val
PUMP_02,2026-04-25 05:00:00,0.3886,61.46,38.58,64.41,4.554,0.367,0.0178,7.274,3.45,380.0,106.8,14.29,14.79,False,Mechanical,0,val
PUMP_02,2026-04-25 06:00:00,0.3665,57.87,38.63,63.88,4.52,0.3657,0.0175,7.146,4.05,373.3,113.5,12.4,14.75,False,Mechanical,0,val
PUMP_02,2026-04-25 07:00:00,0.3957,59.99,37.48,64.65,4.617,0.3712,0.0211,7.174,4.78,380.0,120.6,13.63,14.71,False,Mechanical,0,val
PUMP_02,2026-04-25 08:00:00,0.3578,59.04,38.86,64.83,4.532,0.3685,0.0217,7.104,3.5,378.1,127.8,11.54,14.67,False,Mechanical,0,val
PUMP_02,2026-04-25 09:00:00,0.3757,56.06,38.38,61.21,4.483,0.3752,0.0145,7.093,3.95,376.9,128.5,11.63,14.62,False,Mechanical,0,val
PUMP_02,2026-04-25 10:00:00,0.4014,58.59,39.2,64.13,4.646,0.3809,0.0171,7.206,3.82,372.7,136.7,13.16,14.58,False,Mechanical,0,val
PUMP_02,2026-04-25 11:00:00,0.3585,58.45,39.34,63.01,4.504,0.3759,0.0188,7.14,4.42,375.7,138.8,12.66,14.54,False,Mechanical,0,val
PUMP_02,2026-04-25 12:00:00,0.3787,60.93,39.46,61.98,4.586,0.378,0.0182,7.282,4.48,389.9,148.3,15.56,14.5,False,Mechanical,0,val
PUMP_02,2026-04-25 13:00:00,0.3822,61.05,37.67,63.14,4.68,0.3757,0.0163,7.258,4.06,378.3,137.3,14.4,14.46,False,Mechanical,0,val
PUMP_02,2026-04-25 14:00:00,0.3738,59.41,38.79,64.44,4.523,0.3784,0.0139,7.186,4.01,383.9,144.8,13.46,14.42,False,Mechanical,0,val
PUMP_02,2026-04-25 15:00:00,0.3681,60.72,37.63,65.34,4.577,0.3771,0.0145,7.184,3.31,379.0,135.6,12.72,14.38,False,Mechanical,0,val
PUMP_02,2026-04-25 16:00:00,0.3585,58.74,39.39,62.02,4.554,0.37,0.0101,7.274,4.57,378.4,139.4,15.02,14.33,False,Mechanical,0,val
PUMP_02,2026-04-25 17:00:00,0.3751,60.69,39.5,64.41,4.603,0.3727,0.0084,7.286,3.86,376.8,130.9,14.64,14.29,False,Mechanical,0,val
PUMP_02,2026-04-25 18:00:00,0.3717,59.22,39.25,66.06,4.591,0.3716,0.0079,7.153,3.94,386.7,119.2,12.99,14.25,False,Mechanical,0,val
PUMP_02,2026-04-25 19:00:00,0.3535,60.77,38.44,65.93,4.673,0.3668,0.0088,7.147,4.39,381.9,123.8,13.0,14.21,False,Mechanical,0,val
PUMP_02,2026-04-25 20:00:00,0.394,60.98,39.05,59.63,4.554,0.3702,0.0142,7.185,4.08,376.1,103.5,13.15,14.17,False,Mechanical,0,val
PUMP_02,2026-04-25 21:00:00,0.3669,60.31,38.42,66.42,4.709,0.37,0.0143,7.222,4.4,378.0,107.4,14.04,14.12,False,Mechanical,0,val
PUMP_02,2026-04-25 22:00:00,0.3629,58.18,38.79,65.0,4.739,0.3707,0.0137,7.174,4.24,385.4,105.1,13.48,14.08,False,Mechanical,0,val
PUMP_02,2026-04-25 23:00:00,0.379,58.72,38.75,61.11,4.635,0.3713,0.014,7.223,4.08,365.8,103.9,13.33,14.04,False,Mechanical,0,val
PUMP_02,2026-04-26 00:00:00,0.3786,60.54,37.64,63.0,4.555,0.3725,0.0143,7.298,4.12,381.6,89.4,15.21,14.0,False,Mechanical,0,val
PUMP_02,2026-04-26 01:00:00,0.3922,60.81,38.38,65.46,4.619,0.3789,0.0127,7.13,3.55,382.7,92.9,12.17,13.96,False,Mechanical,0,val
PUMP_02,2026-04-26 02:00:00,0.3813,59.76,40.26,64.42,4.616,0.3768,0.0106,7.178,3.94,376.3,100.2,12.95,13.92,False,Mechanical,0,val
PUMP_02,2026-04-26 03:00:00,0.4102,59.11,38.88,63.33,4.771,0.384,0.0159,7.131,4.43,380.8,103.0,12.73,13.88,False,Mechanical,0,val
PUMP_02,2026-04-26 04:00:00,0.4272,59.93,39.05,64.14,4.625,0.3948,0.0199,7.158,3.64,382.5,107.4,12.68,13.83,False,Mechanical,0,val
PUMP_02,2026-04-26 05:00:00,0.4106,59.28,38.98,64.75,4.748,0.4,0.0191,7.185,3.71,373.8,117.7,12.81,13.79,False,Mechanical,0,val
PUMP_02,2026-04-26 06:00:00,0.3892,59.35,38.77,63.44,4.65,0.4018,0.0171,7.09,6.22,384.2,111.5,13.47,13.75,False,Mechanical,0,val
PUMP_02,2026-04-26 07:00:00,0.3983,62.75,39.07,64.02,4.648,0.4028,0.0166,7.076,9.32,381.5,121.5,15.3,13.71,False,Mechanical,0,val
PUMP_02,2026-04-26 08:00:00,0.4158,59.16,38.83,65.28,4.62,0.4085,0.0133,6.971,12.85,379.2,125.1,16.93,13.67,False,Mechanical,0,val
PUMP_02,2026-04-26 09:00:00,0.3829,60.69,37.74,63.4,4.632,0.404,0.0168,6.938,13.92,380.5,124.6,18.26,13.62,False,Mechanical,0,val
PUMP_02,2026-04-26 10:00:00,0.3933,60.22,39.61,62.65,4.727,0.3984,0.0127,6.907,12.83,383.5,137.3,18.11,13.58,False,Mechanical,0,val
PUMP_02,2026-04-26 11:00:00,0.3862,58.21,40.13,63.55,4.602,0.3943,0.0118,6.912,13.96,391.6,133.7,19.16,13.54,False,Mechanical,0,val
PUMP_02,2026-04-26 12:00:00,0.4115,58.21,38.5,63.28,4.741,0.398,0.0133,6.979,10.96,401.4,142.1,16.41,13.5,False,Mechanical,0,val
PUMP_02,2026-04-26 13:00:00,0.4412,60.04,38.98,63.66,4.783,0.4051,0.0221,7.061,8.65,421.6,139.1,16.26,13.46,False,Mechanical,0,val
PUMP_02,2026-04-26 14:00:00,0.3889,57.29,40.16,62.35,4.624,0.4007,0.0223,7.18,5.36,440.2,145.9,16.64,13.42,False,Mechanical,0,val
PUMP_02,2026-04-26 15:00:00,0.4195,63.03,38.82,64.74,4.772,0.4068,0.0214,7.104,3.66,458.8,138.5,15.0,13.38,False,Mechanical,0,val
PUMP_02,2026-04-26 16:00:00,0.3987,59.8,39.55,65.54,4.763,0.4077,0.0208,7.214,3.97,442.0,130.5,16.29,13.33,False,Mechanical,0,val
PUMP_02,2026-04-26 17:00:00,0.3879,59.73,41.94,63.56,4.753,0.408,0.0205,7.157,3.82,440.6,136.0,15.21,13.29,False,Mechanical,0,val
PUMP_02,2026-04-26 18:00:00,0.4324,62.29,39.76,63.79,4.636,0.4114,0.0229,7.183,4.12,431.7,124.1,15.47,13.25,False,Mechanical,0,val
PUMP_02,2026-04-26 19:00:00,0.4432,60.31,39.45,64.39,4.682,0.4118,0.0234,7.122,3.65,415.1,118.3,13.46,13.21,False,Mechanical,1,val
PUMP_02,2026-04-26 20:00:00,0.4195,61.55,39.97,63.55,4.685,0.4169,0.0206,7.182,3.55,377.2,109.6,12.78,13.17,False,Mechanical,1,val
PUMP_02,2026-04-26 21:00:00,0.4219,59.78,39.94,65.87,4.866,0.4173,0.0207,7.214,4.29,380.0,112.1,13.93,13.12,False,Mechanical,1,val
PUMP_02,2026-04-26 22:00:00,0.421,60.76,39.1,63.66,4.702,0.421,0.0186,7.223,4.44,379.1,103.4,14.14,13.08,False,Mechanical,1,val
PUMP_02,2026-04-26 23:00:00,0.4218,62.21,38.49,64.13,4.692,0.4266,0.0093,7.141,4.23,383.7,95.9,12.87,13.04,False,Mechanical,1,val
PUMP_02,2026-04-27 00:00:00,0.4332,59.52,39.92,63.88,4.619,0.4268,0.0094,7.22,3.74,382.1,88.2,13.73,13.0,False,Mechanical,1,val
PUMP_02,2026-04-27 01:00:00,0.4424,61.67,40.04,66.05,4.637,0.4266,0.0092,7.257,3.7,371.0,105.0,13.83,12.96,False,Mechanical,1,val
PUMP_02,2026-04-27 02:00:00,0.4612,57.31,39.45,64.6,4.664,0.4336,0.016,7.175,3.73,374.6,103.8,12.69,12.92,False,Mechanical,1,val
PUMP_02,2026-04-27 03:00:00,0.432,62.89,40.64,67.3,4.752,0.4353,0.015,7.2,4.36,376.0,104.1,13.58,12.88,False,Mechanical,1,val
PUMP_02,2026-04-27 04:00:00,0.4449,60.22,40.55,65.37,4.613,0.4392,0.0135,7.097,3.67,383.7,99.5,11.77,12.83,False,Mechanical,1,val
PUMP_02,2026-04-27 05:00:00,0.4442,60.99,40.18,66.38,4.677,0.443,0.0105,7.155,4.35,381.9,105.5,13.11,12.79,False,Mechanical,1,val
PUMP_02,2026-04-27 06:00:00,0.4628,61.03,39.58,64.64,4.586,0.4479,0.0119,7.214,4.25,376.9,115.1,13.77,12.75,False,Mechanical,1,val
PUMP_02,2026-04-27 07:00:00,0.4847,59.78,38.53,63.93,4.851,0.455,0.0186,7.248,4.5,380.7,116.4,14.64,12.71,False,Mechanical,1,val
PUMP_02,2026-04-27 08:00:00,0.4651,59.72,39.71,65.06,4.751,0.4556,0.0189,7.17,4.43,374.7,122.5,13.1,12.67,False,Mechanical,1,val
PUMP_02,2026-04-27 09:00:00,0.4612,62.14,38.74,64.33,4.771,0.4605,0.015,7.333,4.22,390.2,138.3,16.21,12.62,False,Mechanical,1,val
PUMP_02,2026-04-27 10:00:00,0.4623,62.28,38.46,62.78,4.663,0.4634,0.0129,7.216,3.41,382.9,137.5,13.46,12.58,False,Mechanical,1,val
PUMP_02,2026-04-27 11:00:00,0.4669,60.16,40.29,66.43,4.848,0.4672,0.0088,7.136,4.24,383.9,137.2,12.82,12.54,False,Mechanical,1,val
PUMP_02,2026-04-27 12:00:00,0.4831,62.36,40.64,65.3,4.879,0.4706,0.0105,7.264,4.05,386.9,148.0,14.85,12.5,False,Mechanical,1,val
PUMP_02,2026-04-27 13:00:00,0.4206,62.44,38.8,64.46,4.768,0.4599,0.0208,7.137,3.85,385.1,142.7,12.6,12.46,False,Mechanical,1,val
PUMP_02,2026-04-27 14:00:00,0.4541,61.1,39.85,65.79,4.728,0.458,0.0207,7.216,4.54,380.2,136.2,14.15,12.42,False,Mechanical,1,val
PUMP_02,2026-04-27 15:00:00,0.4059,59.79,40.02,65.43,4.815,0.4488,0.0295,7.154,3.94,379.1,137.1,12.68,12.38,False,Mechanical,1,val
PUMP_02,2026-04-27 16:00:00,0.4589,61.74,39.89,67.1,4.834,0.4482,0.0292,7.132,3.79,386.4,135.6,12.53,12.33,False,Mechanical,1,val
PUMP_02,2026-04-27 17:00:00,0.4535,62.4,39.27,65.97,4.849,0.446,0.028,7.248,4.45,380.1,133.4,14.59,12.29,False,Mechanical,1,val
PUMP_02,2026-04-27 18:00:00,0.4382,61.83,40.93,65.3,4.836,0.4385,0.0213,7.187,3.84,376.3,127.2,13.02,12.25,False,Mechanical,1,val
PUMP_02,2026-04-27 19:00:00,0.4083,61.09,39.35,66.36,4.864,0.4365,0.0238,7.286,3.77,389.8,124.9,15.13,12.21,False,Mechanical,1,val
PUMP_02,2026-04-27 20:00:00,0.4508,62.74,39.02,65.53,4.736,0.4359,0.0234,7.149,3.55,375.3,112.6,12.18,12.17,False,Mechanical,1,val
PUMP_02,2026-04-27 21:00:00,0.4575,64.0,39.4,65.83,4.868,0.4445,0.0192,7.122,3.67,371.3,105.6,11.66,12.12,False,Mechanical,1,val
PUMP_02,2026-04-27 22:00:00,0.4569,61.01,40.55,67.12,4.763,0.4442,0.0189,7.176,3.71,385.0,107.3,13.12,12.08,False,Mechanical,1,val
PUMP_02,2026-04-27 23:00:00,0.4526,61.78,40.13,64.29,4.603,0.444,0.0189,7.345,4.25,376.3,102.3,15.83,12.04,False,Mechanical,1,val
PUMP_02,2026-04-28 00:00:00,0.4527,66.41,39.86,64.69,4.771,0.4465,0.0189,7.242,3.59,382.2,95.0,13.97,12.0,False,Mechanical,1,val
PUMP_02,2026-04-28 01:00:00,0.4696,62.79,40.67,65.26,4.768,0.4567,0.0069,7.228,3.26,389.1,96.2,13.8,11.96,False,Mechanical,1,val
PUMP_02,2026-04-28 02:00:00,0.4623,60.52,40.59,65.48,4.835,0.4586,0.0065,7.229,4.12,373.1,94.0,13.77,11.92,False,Mechanical,1,val
PUMP_02,2026-04-28 03:00:00,0.4902,61.77,39.04,67.23,4.887,0.464,0.0143,7.176,3.75,379.8,93.7,12.93,11.88,False,Mechanical,1,val
PUMP_02,2026-04-28 04:00:00,0.4801,61.41,40.76,64.19,4.84,0.4679,0.0151,7.336,3.99,387.4,111.1,15.99,11.83,False,Mechanical,1,val
PUMP_02,2026-04-28 05:00:00,0.4581,63.18,41.19,65.89,4.989,0.4688,0.0142,7.223,4.51,383.4,105.3,14.37,11.79,False,Mechanical,1,val
PUMP_02,2026-04-28 06:00:00,0.4886,63.14,40.44,65.31,4.791,0.4748,0.0135,7.218,4.03,379.1,114.7,13.77,11.75,False,Mechanical,1,val
PUMP_02,2026-04-28 07:00:00,0.4934,61.78,40.41,68.05,4.678,0.4788,0.0151,7.249,4.6,391.9,113.9,15.21,11.71,False,Mechanical,1,val
PUMP_02,2026-04-28 08:00:00,0.5121,65.59,41.72,67.11,4.863,0.4871,0.0177,7.136,3.97,379.5,129.4,12.44,11.67,False,Mechanical,1,val
PUMP_02,2026-04-28 09:00:00,0.5018,62.99,40.19,66.37,4.802,0.489,0.0187,7.156,4.4,382.0,127.7,13.16,11.62,False,Mechanical,1,val
PUMP_02,2026-04-28 10:00:00,0.474,62.25,40.55,67.29,4.763,0.488,0.0194,7.188,3.78,388.2,144.4,13.49,11.58,False,Mechanical,1,val
PUMP_02,2026-04-28 11:00:00,0.5081,61.16,40.88,64.58,4.83,0.4963,0.014,7.25,4.04,384.9,148.8,14.53,11.54,False,Mechanical,1,val
PUMP_02,2026-04-28 12:00:00,0.465,61.72,40.74,68.64,4.795,0.4924,0.019,7.135,3.63,386.6,146.4,12.48,11.5,False,Mechanical,1,val
PUMP_02,2026-04-28 13:00:00,0.4853,61.25,40.59,65.24,4.808,0.491,0.0192,7.197,3.67,375.5,145.5,13.03,11.46,False,Mechanical,1,val
PUMP_02,2026-04-28 14:00:00,0.4954,62.9,40.84,67.8,4.988,0.4883,0.0166,7.19,3.91,386.1,143.4,13.53,11.42,False,Mechanical,1,val
PUMP_02,2026-04-28 15:00:00,0.5056,61.93,41.76,66.99,4.881,0.4889,0.0173,7.121,3.47,380.8,141.5,11.9,11.38,False,Mechanical,1,val
PUMP_02,2026-04-28 16:00:00,0.5121,64.49,41.33,66.69,4.854,0.4952,0.0177,7.035,8.95,376.3,139.3,14.17,11.33,False,Mechanical,1,val
PUMP_02,2026-04-28 17:00:00,0.5036,62.51,40.84,67.87,5.007,0.4945,0.0172,7.027,10.87,381.1,132.9,15.59,11.29,False,Mechanical,1,val
PUMP_02,2026-04-28 18:00:00,0.4837,64.71,40.4,67.65,4.86,0.4976,0.0115,6.804,15.34,381.0,130.4,21.41,11.25,False,Mechanical,1,val
PUMP_02,2026-04-28 19:00:00,0.4965,64.25,40.51,66.62,4.79,0.4995,0.0099,6.833,18.78,389.3,116.3,23.71,11.21,False,Mechanical,1,val
PUMP_02,2026-04-28 20:00:00,0.4939,64.55,41.55,66.03,4.786,0.4992,0.01,6.703,22.49,381.9,119.6,28.07,11.17,False,Mechanical,1,val
PUMP_02,2026-04-28 21:00:00,0.4831,64.99,40.06,66.72,4.89,0.4955,0.0113,6.697,22.88,376.1,105.8,28.2,11.12,False,Mechanical,1,val
PUMP_02,2026-04-28 22:00:00,0.4958,66.7,42.49,66.49,4.77,0.4928,0.008,6.82,17.92,409.8,99.3,24.17,11.08,False,Mechanical,1,val
PUMP_02,2026-04-28 23:00:00,0.5286,62.5,41.07,67.08,4.811,0.4969,0.0166,6.825,15.97,429.7,99.8,23.55,11.04,False,Mechanical,1,val
PUMP_02,2026-04-29 00:00:00,0.5156,65.11,40.29,67.92,4.879,0.5022,0.0166,6.969,10.97,453.6,97.6,18.75,11.0,False,Mechanical,1,val
PUMP_02,2026-04-29 01:00:00,0.5411,64.5,41.26,67.3,5.004,0.5097,0.0225,7.135,6.76,485.8,88.1,18.8,10.96,False,Mechanical,1,val
PUMP_02,2026-04-29 02:00:00,0.4981,65.57,40.71,67.0,5.022,0.5104,0.022,7.167,4.2,508.8,93.9,18.48,10.92,False,Mechanical,1,val
PUMP_02,2026-04-29 03:00:00,0.5124,64.21,40.97,66.04,4.975,0.5153,0.0175,7.209,3.9,507.9,89.7,18.91,10.88,False,Mechanical,1,val
PUMP_02,2026-04-29 04:00:00,0.5276,65.87,40.35,67.26,4.927,0.5206,0.015,7.155,3.3,478.8,99.6,16.41,10.83,False,Mechanical,1,val
PUMP_02,2026-04-29 05:00:00,0.5352,62.23,41.15,64.87,4.886,0.5217,0.016,7.223,4.33,456.4,105.0,17.27,10.79,False,Mechanical,1,val
PUMP_02,2026-04-29 06:00:00,0.5244,62.73,40.05,65.99,4.967,0.5231,0.0157,7.226,3.91,417.3,114.7,15.41,10.75,False,Mechanical,1,val
PUMP_02,2026-04-29 07:00:00,0.5395,63.45,41.0,67.72,5.083,0.5229,0.0153,7.119,3.41,392.3,116.8,12.3,10.71,False,Mechanical,1,val
PUMP_02,2026-04-29 08:00:00,0.5401,64.26,40.89,68.1,4.956,0.5299,0.0106,7.203,3.8,379.9,124.3,13.41,10.67,False,Mechanical,1,val
PUMP_02,2026-04-29 09:00:00,0.5075,64.51,41.12,67.05,4.912,0.529,0.0123,7.124,3.92,377.1,137.7,12.1,10.62,False,Mechanical,1,val
PUMP_02,2026-04-29 10:00:00,0.5393,63.4,41.0,67.36,4.941,0.531,0.0129,7.107,4.0,373.8,145.9,11.76,10.58,False,Mechanical,1,val
PUMP_02,2026-04-29 11:00:00,0.5434,63.09,41.52,67.6,4.936,0.5324,0.0139,7.17,4.01,389.8,138.0,13.44,10.54,False,Mechanical,1,val
PUMP_02,2026-04-29 12:00:00,0.5309,63.66,42.06,68.02,5.006,0.5334,0.0134,7.34,4.55,384.1,148.2,16.29,10.5,False,Mechanical,1,test
PUMP_02,2026-04-29 13:00:00,0.498,62.14,41.78,67.0,4.905,0.5265,0.0191,7.239,3.48,379.7,146.6,13.75,10.46,False,Mechanical,1,test
PUMP_02,2026-04-29 14:00:00,0.5208,64.34,42.38,66.11,5.003,0.5233,0.018,7.27,3.94,381.2,137.2,14.62,10.42,False,Mechanical,1,test
PUMP_02,2026-04-29 15:00:00,0.5312,64.76,41.33,67.79,5.021,0.5273,0.0163,7.23,3.65,378.7,138.5,13.69,10.38,False,Mechanical,1,test
PUMP_02,2026-04-29 16:00:00,0.5118,65.57,41.86,69.72,5.007,0.5227,0.0161,7.21,4.5,373.7,125.6,13.75,10.33,False,Mechanical,1,test
PUMP_02,2026-04-29 17:00:00,0.5393,65.23,41.92,66.31,4.897,0.522,0.0151,7.245,3.78,385.2,133.8,14.27,10.29,False,Mechanical,1,test
PUMP_02,2026-04-29 18:00:00,0.5379,67.74,42.43,67.31,4.977,0.5232,0.0162,7.168,3.86,384.3,122.2,13.07,10.25,False,Mechanical,1,test
PUMP_02,2026-04-29 19:00:00,0.531,66.33,41.33,67.04,4.951,0.5287,0.0106,7.224,4.42,370.1,120.5,13.76,10.21,False,Mechanical,1,test
PUMP_02,2026-04-29 20:00:00,0.532,66.29,42.28,70.44,4.992,0.5305,0.0098,7.259,4.53,381.1,123.8,14.86,10.17,False,Mechanical,1,test
PUMP_02,2026-04-29 21:00:00,0.538,65.8,41.33,66.43,4.949,0.5317,0.0103,7.235,4.59,381.7,113.9,14.54,10.12,False,Mechanical,1,test
PUMP_02,2026-04-29 22:00:00,0.5389,66.12,41.54,67.44,5.106,0.5362,0.0037,7.262,3.34,378.4,99.3,13.97,10.08,False,Mechanical,1,test
PUMP_02,2026-04-29 23:00:00,0.5238,65.06,41.7,67.23,5.026,0.5336,0.0059,7.209,4.19,390.5,94.3,14.22,10.04,False,Mechanical,1,test
PUMP_02,2026-04-30 00:00:00,0.541,65.61,42.22,66.21,4.886,0.5341,0.0064,7.285,4.11,389.9,101.0,15.34,10.0,False,Mechanical,1,test
PUMP_02,2026-04-30 01:00:00,0.5529,68.41,41.33,66.19,4.914,0.5378,0.0097,7.19,3.98,378.1,91.0,13.24,9.96,False,Mechanical,1,test
PUMP_02,2026-04-30 02:00:00,0.5773,65.49,41.45,68.48,5.121,0.5453,0.0182,7.306,4.03,378.9,99.8,15.17,9.92,False,Mechanical,1,test
PUMP_02,2026-04-30 03:00:00,0.5702,63.67,41.67,68.7,5.015,0.5507,0.0202,7.229,4.51,378.3,109.3,14.25,9.88,False,Mechanical,1,test
PUMP_02,2026-04-30 04:00:00,0.5853,66.78,42.12,67.22,5.003,0.5584,0.0235,7.181,4.42,376.9,105.0,13.36,9.83,False,Mechanical,1,test
PUMP_02,2026-04-30 05:00:00,0.5449,67.11,41.56,69.62,5.129,0.5619,0.0182,7.141,4.36,375.4,112.2,12.62,9.79,False,Mechanical,1,test
PUMP_02,2026-04-30 06:00:00,0.5628,66.1,42.32,65.27,5.031,0.5656,0.0151,7.16,4.08,382.5,117.8,13.02,9.75,False,Mechanical,1,test
PUMP_02,2026-04-30 07:00:00,0.6007,63.12,41.98,66.51,4.952,0.5735,0.0192,7.152,4.91,389.8,117.8,13.78,9.71,False,Mechanical,1,test
PUMP_02,2026-04-30 08:00:00,0.5592,67.94,42.63,67.07,4.962,0.5705,0.0199,7.196,3.84,387.8,127.6,13.64,9.67,False,Mechanical,1,test
PUMP_02,2026-04-30 09:00:00,0.5591,66.42,42.31,68.1,5.107,0.5687,0.0204,7.136,3.35,383.9,128.7,12.19,9.62,False,Mechanical,1,test
PUMP_02,2026-04-30 10:00:00,0.5662,65.68,43.36,67.61,5.224,0.5655,0.0187,7.265,3.89,368.0,142.8,13.96,9.58,False,Mechanical,1,test
PUMP_02,2026-04-30 11:00:00,0.5999,68.0,42.41,67.95,5.133,0.5746,0.02,7.206,4.02,370.7,137.3,13.22,9.54,False,Mechanical,1,test
PUMP_02,2026-04-30 12:00:00,0.5588,63.25,41.65,68.82,5.04,0.574,0.0206,7.204,4.52,385.3,147.0,14.14,9.5,False,Mechanical,1,test
PUMP_02,2026-04-30 13:00:00,0.5764,66.53,42.29,70.03,5.057,0.5699,0.0162,7.142,3.8,388.1,149.5,12.76,9.46,False,Mechanical,1,test
PUMP_02,2026-04-30 14:00:00,0.5733,65.62,42.46,69.29,5.084,0.5723,0.0153,7.162,4.2,382.8,142.2,13.14,9.42,False,Mechanical,1,test
PUMP_02,2026-04-30 15:00:00,0.5383,68.74,41.94,68.44,4.923,0.5688,0.0204,7.089,3.41,378.5,138.8,11.25,9.38,False,Mechanical,1,test
PUMP_02,2026-04-30 16:00:00,0.5672,66.93,43.43,68.32,5.091,0.569,0.0204,7.281,4.43,386.8,137.0,15.38,9.33,False,Mechanical,1,test
PUMP_02,2026-04-30 17:00:00,0.56,65.34,42.37,69.78,5.14,0.5623,0.0137,7.129,4.03,383.8,128.9,12.54,9.29,False,Mechanical,1,test
PUMP_02,2026-04-30 18:00:00,0.5799,68.42,42.21,70.77,5.24,0.5659,0.0152,7.133,3.89,385.7,127.1,12.58,9.25,False,Mechanical,1,test
PUMP_02,2026-04-30 19:00:00,0.598,63.09,42.74,69.31,5.19,0.5694,0.02,7.271,4.85,370.7,116.3,14.84,9.21,False,Mechanical,1,test
PUMP_02,2026-04-30 20:00:00,0.5695,67.61,42.12,68.01,5.262,0.5688,0.0199,7.219,4.43,381.7,110.2,14.18,9.17,False,Mechanical,1,test
PUMP_02,2026-04-30 21:00:00,0.573,65.03,43.28,68.95,5.247,0.5746,0.0132,7.206,3.58,388.9,109.7,13.68,9.12,False,Mechanical,1,test
PUMP_02,2026-04-30 22:00:00,0.6198,66.3,43.2,69.38,5.228,0.5834,0.0219,7.217,3.96,382.6,104.8,13.85,9.08,False,Mechanical,1,test
PUMP_02,2026-04-30 23:00:00,0.5756,66.71,42.86,68.06,5.124,0.586,0.0194,7.248,5.09,384.7,97.2,15.23,9.04,False,Mechanical,1,test
PUMP_02,2026-05-01 00:00:00,0.5705,68.5,43.17,69.81,5.154,0.5844,0.0203,7.205,4.79,380.2,89.3,14.14,9.0,False,Mechanical,1,test
PUMP_02,2026-05-01 01:00:00,0.6158,70.51,42.55,69.13,4.997,0.5874,0.0237,7.123,4.37,380.5,99.7,12.55,8.96,False,Mechanical,1,test
PUMP_02,2026-05-01 02:00:00,0.5986,64.61,41.99,70.26,5.146,0.5922,0.0222,7.237,3.26,387.0,94.1,13.86,8.92,False,Mechanical,1,test
PUMP_02,2026-05-01 03:00:00,0.6075,68.02,42.73,67.74,5.186,0.598,0.0207,7.221,4.53,376.7,106.6,14.07,8.88,False,Mechanical,1,test
PUMP_02,2026-05-01 04:00:00,0.6402,70.73,42.66,66.86,5.122,0.6014,0.026,7.259,3.75,376.2,101.8,14.1,8.83,False,Mechanical,1,test
PUMP_02,2026-05-01 05:00:00,0.5885,66.64,41.78,68.53,5.026,0.6035,0.0239,7.138,4.53,377.6,108.0,12.77,8.79,False,Mechanical,1,test
PUMP_02,2026-05-01 06:00:00,0.6088,66.62,42.4,69.07,5.281,0.6099,0.0176,7.102,5.85,380.1,111.8,13.24,8.75,False,Mechanical,1,test
PUMP_02,2026-05-01 07:00:00,0.5947,67.99,42.33,66.93,5.192,0.6064,0.0183,7.097,8.5,371.9,121.0,14.66,8.71,False,Mechanical,1,test
PUMP_02,2026-05-01 08:00:00,0.6192,68.96,42.48,68.4,5.302,0.6098,0.0184,6.968,10.22,383.7,140.4,15.32,8.67,False,Mechanical,1,test
PUMP_02,2026-05-01 09:00:00,0.6061,68.77,43.95,70.72,5.228,0.6096,0.0185,6.875,11.11,379.2,131.1,17.25,8.62,False,Mechanical,1,test
PUMP_02,2026-05-01 10:00:00,0.5966,67.32,43.49,69.86,5.283,0.6023,0.0112,7.002,11.51,384.3,142.8,15.77,8.58,False,Mechanical,1,test
PUMP_02,2026-05-01 11:00:00,0.6246,66.73,43.8,69.44,5.271,0.6083,0.0119,7.037,10.73,369.4,142.0,15.17,8.54,False,Mechanical,1,test
PUMP_02,2026-05-01 12:00:00,0.6131,69.98,43.56,68.05,5.129,0.609,0.0121,7.047,10.07,399.6,148.8,16.12,8.5,False,Mechanical,1,test
PUMP_02,2026-05-01 13:00:00,0.5934,66.91,43.95,70.86,5.147,0.6088,0.0124,7.143,6.55,417.4,137.3,15.93,8.46,False,Mechanical,1,test
PUMP_02,2026-05-01 14:00:00,0.5938,65.27,43.35,68.91,5.158,0.6046,0.0125,7.198,4.35,428.4,151.9,15.73,8.42,False,Mechanical,1,test
PUMP_02,2026-05-01 15:00:00,0.6146,66.04,44.28,69.57,5.12,0.606,0.0132,7.201,4.25,432.0,143.0,15.85,8.38,False,Mechanical,1,test
PUMP_02,2026-05-01 16:00:00,0.5867,67.43,42.67,69.99,5.343,0.6044,0.0151,7.207,4.52,436.2,136.6,16.31,8.33,False,Mechanical,1,test
PUMP_02,2026-05-01 17:00:00,0.6161,70.61,43.41,69.75,5.21,0.603,0.013,7.267,3.87,438.2,136.1,16.91,8.29,False,Mechanical,1,test
PUMP_02,2026-05-01 18:00:00,0.6343,66.66,42.87,71.38,5.249,0.6065,0.0182,7.152,3.57,419.2,127.0,14.06,8.25,False,Mechanical,1,test
PUMP_02,2026-05-01 19:00:00,0.6264,70.8,44.27,70.33,5.11,0.612,0.0184,7.239,3.63,404.1,115.4,14.86,8.21,False,Mechanical,1,test
PUMP_02,2026-05-01 20:00:00,0.61,70.55,43.81,70.09,5.287,0.6147,0.0163,7.141,3.59,393.9,103.8,12.85,8.17,False,Mechanical,1,test
PUMP_02,2026-05-01 21:00:00,0.6269,69.0,44.31,69.63,5.194,0.6167,0.017,7.16,4.12,383.8,114.8,13.11,8.12,False,Mechanical,1,test
PUMP_02,2026-05-01 22:00:00,0.608,64.91,42.79,70.29,5.332,0.6203,0.0105,7.26,3.97,376.0,101.4,14.27,8.08,False,Mechanical,1,test
PUMP_02,2026-05-01 23:00:00,0.6331,67.03,43.31,69.57,5.181,0.6231,0.0114,7.14,4.17,386.3,95.9,12.92,8.04,False,Mechanical,1,test
PUMP_02,2026-05-02 00:00:00,0.6307,67.93,42.64,70.1,5.347,0.6225,0.0108,7.188,4.15,379.4,93.7,13.38,8.0,False,Mechanical,1,test
PUMP_02,2026-05-02 01:00:00,0.6245,71.55,43.97,69.51,5.321,0.6222,0.0107,7.318,4.33,380.2,100.9,15.63,7.96,False,Mechanical,1,test
PUMP_02,2026-05-02 02:00:00,0.6537,68.18,43.53,69.36,5.213,0.6295,0.0148,7.251,3.84,380.5,93.9,14.23,7.92,False,Mechanical,1,test
PUMP_02,2026-05-02 03:00:00,0.6187,67.95,44.28,68.91,5.369,0.6281,0.0154,7.163,3.7,384.8,100.9,12.91,7.88,False,Mechanical,1,test
PUMP_02,2026-05-02 04:00:00,0.6341,69.46,43.88,69.73,5.352,0.6325,0.0119,7.172,4.06,388.7,101.0,13.46,7.83,False,Mechanical,1,test
PUMP_02,2026-05-02 05:00:00,0.6388,67.14,42.62,69.7,5.305,0.6334,0.0122,7.191,3.98,380.1,102.5,13.35,7.79,False,Mechanical,1,test
PUMP_02,2026-05-02 06:00:00,0.6495,69.29,42.94,72.35,5.191,0.6366,0.0137,7.266,4.1,388.7,117.1,14.98,7.75,False,Mechanical,1,test
PUMP_02,2026-05-02 07:00:00,0.6781,68.21,44.03,71.39,5.339,0.6455,0.0202,7.15,3.72,380.8,124.4,12.53,7.71,False,Mechanical,1,test
PUMP_02,2026-05-02 08:00:00,0.6709,73.51,44.3,70.08,5.285,0.6484,0.0227,7.147,4.26,387.0,123.8,13.12,7.67,False,Mechanical,1,test
PUMP_02,2026-05-02 09:00:00,0.6615,68.18,42.73,69.78,5.289,0.6555,0.0176,7.198,4.84,381.0,132.3,14.1,7.62,False,Mechanical,1,test
PUMP_02,2026-05-02 10:00:00,0.6606,72.52,44.05,71.08,5.296,0.6599,0.0142,7.041,6.44,377.5,138.1,12.57,7.58,False,Mechanical,1,test
PUMP_02,2026-05-02 11:00:00,0.6591,67.99,43.52,72.72,5.292,0.6633,0.01,7.022,9.1,389.6,143.4,14.62,7.54,False,Mechanical,1,test
PUMP_02,2026-05-02 12:00:00,0.6792,70.17,43.51,71.39,5.231,0.6682,0.0091,7.028,9.43,377.1,152.0,14.42,7.5,False,Mechanical,1,test
PUMP_02,2026-05-02 13:00:00,0.6307,70.61,43.82,68.42,5.184,0.6603,0.0164,6.98,12.07,376.7,143.7,16.13,7.46,False,Mechanical,1,test
PUMP_02,2026-05-02 14:00:00,0.6691,70.14,44.32,71.56,5.172,0.66,0.0162,6.913,11.08,373.7,142.8,16.39,7.42,False,Mechanical,1,test
PUMP_02,2026-05-02 15:00:00,0.6498,70.13,43.87,71.82,5.339,0.6581,0.0167,7.037,9.7,395.7,140.9,15.53,7.38,False,Mechanical,1,test
PUMP_02,2026-05-02 16:00:00,0.6653,71.37,43.14,73.26,5.126,0.6589,0.0169,7.084,8.43,406.2,133.9,15.84,7.33,False,Mechanical,1,test
PUMP_02,2026-05-02 17:00:00,0.6663,70.78,44.44,70.37,5.383,0.6601,0.0172,7.081,7.04,415.1,125.6,15.19,7.29,False,Mechanical,1,test
PUMP_02,2026-05-02 18:00:00,0.6713,69.97,44.2,70.88,5.37,0.6588,0.0157,7.233,6.06,417.1,127.0,17.01,7.25,False,Mechanical,1,test
PUMP_02,2026-05-02 19:00:00,0.6864,69.3,43.88,71.31,5.31,0.668,0.0118,7.217,4.52,434.6,122.1,16.41,7.21,False,Mechanical,1,test
PUMP_02,2026-05-02 20:00:00,0.645,70.14,44.3,69.9,5.422,0.664,0.015,7.15,4.49,433.1,113.5,15.25,7.17,False,Mechanical,1,test
PUMP_02,2026-05-02 21:00:00,0.6842,70.2,44.31,69.84,5.324,0.6698,0.0151,7.281,4.35,420.1,107.2,16.71,7.12,False,Mechanical,1,test
PUMP_02,2026-05-02 22:00:00,0.6722,70.24,44.59,71.39,5.383,0.6709,0.0149,7.174,3.67,413.5,98.7,14.24,7.08,False,Mechanical,1,test
PUMP_02,2026-05-02 23:00:00,0.6706,70.73,44.45,69.11,5.198,0.6716,0.0147,7.209,3.66,403.9,99.4,14.41,7.04,False,Mechanical,1,test
PUMP_02,2026-05-03 00:00:00,0.7126,68.58,44.74,69.43,5.18,0.6785,0.0223,7.176,4.32,389.6,96.5,13.73,7.0,False,Mechanical,1,test
PUMP_02,2026-05-03 01:00:00,0.6972,69.23,44.65,72.03,5.346,0.6803,0.0235,7.231,4.57,381.5,96.9,14.46,6.96,False,Mechanical,1,test
PUMP_02,2026-05-03 02:00:00,0.6848,72.09,45.21,71.7,5.404,0.6869,0.0159,7.176,3.59,371.1,97.1,12.46,6.92,False,Mechanical,1,test
PUMP_02,2026-05-03 03:00:00,0.7094,67.55,45.71,72.65,5.451,0.6911,0.0182,7.179,4.52,388.4,99.9,13.88,6.88,False,Mechanical,1,test
PUMP_02,2026-05-03 04:00:00,0.698,72.79,44.79,71.76,5.366,0.6954,0.0157,7.192,3.23,378.0,107.6,12.75,6.83,False,Mechanical,1,test
PUMP_02,2026-05-03 05:00:00,0.6951,70.24,44.47,71.26,5.405,0.6995,0.0101,7.175,4.16,384.4,109.8,13.39,6.79,False,Mechanical,1,test
PUMP_02,2026-05-03 06:00:00,0.6949,73.66,44.02,72.84,5.453,0.6966,0.0079,7.254,3.96,380.9,115.5,14.37,6.75,False,Mechanical,1,test
PUMP_02,2026-05-03 07:00:00,0.7102,73.07,45.31,70.84,5.385,0.6987,0.0097,7.137,3.92,382.0,113.0,12.52,6.71,False,Mechanical,1,test
PUMP_02,2026-05-03 08:00:00,0.6974,70.82,44.42,70.99,5.447,0.7008,0.0071,7.198,4.01,374.3,130.7,13.24,6.67,False,Mechanical,1,test
PUMP_02,2026-05-03 09:00:00,0.7093,71.05,46.41,71.37,5.315,0.7008,0.007,7.204,3.66,376.2,131.3,13.17,6.62,False,Mechanical,1,test
PUMP_02,2026-05-03 10:00:00,0.7202,73.85,46.71,72.03,5.278,0.7045,0.0103,7.194,4.18,376.3,138.0,13.37,6.58,False,Mechanical,1,test
PUMP_02,2026-05-03 11:00:00,0.7082,73.45,44.95,71.46,5.373,0.7067,0.0093,7.248,4.02,380.1,136.6,14.3,6.54,False,Mechanical,1,test
PUMP_02,2026-05-03 12:00:00,0.7356,73.08,44.12,69.81,5.483,0.7135,0.013,7.125,4.37,386.6,152.5,12.84,6.5,False,Mechanical,1,test
PUMP_02,2026-05-03 13:00:00,0.7055,73.41,45.55,71.32,5.369,0.7127,0.0134,7.228,4.64,382.2,135.1,14.49,6.46,False,Mechanical,1,test
PUMP_02,2026-05-03 14:00:00,0.7252,70.14,46.46,71.65,5.483,0.7173,0.0118,7.138,4.05,375.5,150.1,12.35,6.42,False,Mechanical,1,test
PUMP_02,2026-05-03 15:00:00,0.7195,72.16,44.45,71.87,5.354,0.719,0.0111,7.175,3.67,380.4,143.4,12.88,6.38,False,Mechanical,1,test
PUMP_02,2026-05-03 16:00:00,0.7282,70.78,46.42,71.25,5.395,0.7204,0.0117,7.133,3.54,379.6,130.1,12.09,6.33,False,Mechanical,1,test
PUMP_02,2026-05-03 17:00:00,0.7359,70.34,44.21,72.44,5.466,0.725,0.0114,7.183,4.68,378.2,140.6,13.64,6.29,False,Mechanical,1,test
PUMP_02,2026-05-03 18:00:00,0.6816,72.33,44.49,69.95,5.398,0.716,0.0197,7.171,4.63,379.9,128.5,13.47,6.25,False,Mechanical,1,test
PUMP_02,2026-05-03 19:00:00,0.7143,71.55,45.59,72.43,5.417,0.7174,0.0191,7.282,4.35,383.8,110.6,15.22,6.21,False,Mechanical,1,test
PUMP_02,2026-05-03 20:00:00,0.7117,72.0,46.05,74.13,5.253,0.7152,0.0188,7.212,4.02,376.4,111.8,13.56,6.17,False,Mechanical,1,test
PUMP_02,2026-05-03 21:00:00,0.7187,71.57,45.44,71.3,5.534,0.7151,0.0187,7.222,4.33,378.3,109.6,14.01,6.12,False,Mechanical,1,test
PUMP_02,2026-05-03 22:00:00,0.7151,70.52,45.79,72.15,5.463,0.7129,0.0176,7.145,4.52,384.9,109.2,13.18,6.08,False,Mechanical,1,test
PUMP_02,2026-05-03 23:00:00,0.7174,75.03,46.23,71.84,5.402,0.7098,0.014,7.237,3.75,382.3,96.7,14.02,6.04,False,Mechanical,1,test
PUMP_02,2026-05-04 00:00:00,0.7137,72.8,46.34,71.91,5.629,0.7152,0.0025,7.282,4.01,386.4,85.3,15.09,6.0,False,Mechanical,1,test
PUMP_02,2026-05-04 01:00:00,0.7362,70.48,45.27,71.0,5.425,0.7188,0.0089,7.243,3.56,387.2,100.8,14.19,5.96,False,Mechanical,1,test
PUMP_02,2026-05-04 02:00:00,0.7532,72.99,45.17,74.67,5.452,0.7257,0.0158,7.134,3.95,373.2,97.8,12.13,5.92,False,Mechanical,1,test
PUMP_02,2026-05-04 03:00:00,0.7359,75.08,46.36,72.79,5.421,0.7286,0.0158,7.177,4.62,381.4,89.4,13.62,5.88,False,Mechanical,1,test
PUMP_02,2026-05-04 04:00:00,0.7421,74.32,46.04,71.58,5.592,0.7331,0.015,7.205,4.43,377.5,103.7,13.78,5.83,False,Mechanical,1,test
PUMP_02,2026-05-04 05:00:00,0.7396,72.18,46.16,71.49,5.623,0.7368,0.013,7.171,4.05,374.0,109.3,12.83,5.79,False,Mechanical,1,test
PUMP_02,2026-05-04 06:00:00,0.7375,72.3,45.45,72.56,5.621,0.7407,0.0065,7.327,2.92,376.1,112.2,14.61,5.75,False,Mechanical,1,test
PUMP_02,2026-05-04 07:00:00,0.7506,71.68,46.27,69.93,5.625,0.7432,0.0071,7.176,3.74,378.5,116.7,12.87,5.71,False,Mechanical,1,test
PUMP_02,2026-05-04 08:00:00,0.7603,72.08,45.27,73.85,5.477,0.7443,0.0094,7.198,4.04,378.5,124.0,13.43,5.67,False,Mechanical,1,test
PUMP_02,2026-05-04 09:00:00,0.7745,72.29,46.12,72.02,5.664,0.7508,0.0144,7.17,3.91,377.0,131.2,12.83,5.62,False,Mechanical,1,test
PUMP_02,2026-05-04 10:00:00,0.7378,71.16,46.08,73.15,5.519,0.75,0.015,7.212,4.01,379.9,139.1,13.69,5.58,False,Mechanical,1,test
PUMP_02,2026-05-04 11:00:00,0.7548,72.77,46.13,73.26,5.417,0.7526,0.0141,7.269,4.1,392.2,144.8,15.18,5.54,False,Mechanical,1,test
PUMP_02,2026-05-04 12:00:00,0.7724,74.03,46.56,73.94,5.511,0.7584,0.0138,7.206,3.79,371.4,135.6,13.08,5.5,False,Mechanical,1,test
PUMP_02,2026-05-04 13:00:00,0.7366,72.98,45.52,73.43,5.577,0.7561,0.0164,7.189,4.0,385.7,146.0,13.56,5.46,False,Mechanical,1,test
PUMP_02,2026-05-04 14:00:00,0.7729,74.01,46.58,73.78,5.505,0.7582,0.0178,7.146,3.94,379.9,146.1,12.6,5.42,False,Mechanical,1,test
PUMP_02,2026-05-04 15:00:00,0.7473,76.19,46.23,74.16,5.573,0.7536,0.0162,7.26,3.72,377.8,142.3,14.18,5.38,False,Mechanical,1,test
PUMP_02,2026-05-04 16:00:00,0.7651,76.59,45.79,72.59,5.61,0.7582,0.0146,7.193,4.74,369.9,136.1,13.48,5.33,False,Mechanical,1,test
PUMP_02,2026-05-04 17:00:00,0.7522,73.82,45.51,75.62,5.605,0.7578,0.0147,7.191,3.81,383.8,138.2,13.38,5.29,False,Mechanical,1,test
PUMP_02,2026-05-04 18:00:00,0.7641,75.32,47.48,73.51,5.63,0.7564,0.0134,7.083,3.1,372.8,131.8,10.7,5.25,False,Mechanical,1,test
PUMP_02,2026-05-04 19:00:00,0.7838,73.83,46.34,73.11,5.568,0.7642,0.0133,7.194,4.71,384.1,118.5,14.07,5.21,False,Mechanical,1,test
PUMP_02,2026-05-04 20:00:00,0.7609,73.43,46.22,72.18,5.53,0.7622,0.0127,7.18,3.66,388.7,113.2,13.3,5.17,False,Mechanical,1,test
PUMP_02,2026-05-04 21:00:00,0.7814,72.57,45.78,72.99,5.476,0.7679,0.0123,7.109,4.36,373.6,110.6,12.02,5.12,False,Mechanical,1,test
PUMP_02,2026-05-04 22:00:00,0.7747,74.46,47.16,73.77,5.592,0.7695,0.0125,7.249,3.73,385.8,107.5,14.34,5.08,False,Mechanical,1,test
PUMP_02,2026-05-04 23:00:00,0.7633,76.04,47.16,73.46,5.561,0.7714,0.0099,7.173,4.23,380.1,95.1,13.24,5.04,False,Mechanical,1,test
PUMP_02,2026-05-05 00:00:00,0.7776,72.58,47.09,75.59,5.6,0.7736,0.0095,7.295,3.98,369.5,91.7,14.57,5.0,False,Mechanical,1,test
PUMP_02,2026-05-05 01:00:00,0.7813,74.14,46.6,72.98,5.449,0.7732,0.009,7.271,4.4,374.0,96.1,14.66,4.96,False,Mechanical,1,test
PUMP_02,2026-05-05 02:00:00,0.7678,74.15,47.13,74.31,5.499,0.7744,0.0074,7.164,3.91,380.9,91.4,12.9,4.92,False,Mechanical,1,test
PUMP_02,2026-05-05 03:00:00,0.8,75.11,46.23,72.2,5.666,0.7774,0.0128,7.268,3.74,382.0,90.6,14.5,4.88,False,Mechanical,1,test
PUMP_02,2026-05-05 04:00:00,0.8067,75.21,46.89,76.22,5.5,0.7828,0.0173,7.281,4.1,372.1,99.0,14.53,4.83,False,Mechanical,1,test
PUMP_02,2026-05-05 05:00:00,0.8122,75.71,46.77,72.22,5.621,0.7909,0.0178,7.172,3.85,380.2,109.2,12.95,4.79,False,Mechanical,1,test
PUMP_02,2026-05-05 06:00:00,0.8239,77.83,47.01,76.19,5.575,0.7986,0.0207,7.148,3.23,384.1,119.7,12.31,4.75,False,Mechanical,1,test
PUMP_02,2026-05-05 07:00:00,0.8185,73.76,45.8,73.59,5.576,0.8049,0.02,7.092,3.76,385.0,117.2,11.82,4.71,False,Mechanical,1,test
PUMP_02,2026-05-05 08:00:00,0.7963,73.76,48.05,71.13,5.659,0.8096,0.0107,7.219,5.15,377.9,126.0,14.52,4.67,False,Mechanical,1,test
PUMP_02,2026-05-05 09:00:00,0.8,75.6,47.95,75.48,5.66,0.8096,0.0107,7.151,3.27,382.2,133.1,12.3,4.62,False,Mechanical,1,test
PUMP_02,2026-05-05 10:00:00,0.8185,77.49,46.33,74.01,5.707,0.8116,0.0111,7.221,4.1,385.4,135.1,14.12,4.58,False,Mechanical,1,test
PUMP_02,2026-05-05 11:00:00,0.8115,73.2,47.41,73.42,5.581,0.8115,0.0111,7.172,3.9,384.3,138.7,13.16,4.54,False,Mechanical,1,test
PUMP_02,2026-05-05 12:00:00,0.8049,75.98,46.21,74.78,5.604,0.8083,0.0094,7.161,4.73,384.5,145.5,13.58,4.5,False,Mechanical,1,test
PUMP_02,2026-05-05 13:00:00,0.7916,75.26,47.2,74.86,5.77,0.8038,0.01,7.172,3.56,380.6,140.2,12.76,4.46,False,Mechanical,1,test
PUMP_02,2026-05-05 14:00:00,0.7965,76.93,45.87,74.62,5.667,0.8038,0.0099,7.135,4.04,379.5,141.1,12.47,4.42,False,Mechanical,1,test
PUMP_02,2026-05-05 15:00:00,0.8132,76.67,47.06,75.53,5.72,0.806,0.0104,7.172,4.27,381.4,140.8,13.3,4.38,False,Mechanical,1,test
PUMP_02,2026-05-05 16:00:00,0.7758,75.88,46.98,74.53,5.656,0.7989,0.0141,7.163,3.93,376.2,139.0,12.7,4.33,False,Mechanical,1,test
PUMP_02,2026-05-05 17:00:00,0.7711,76.63,48.01,75.06,5.738,0.7922,0.0163,7.199,3.69,385.6,126.4,13.51,4.29,False,Mechanical,1,test
PUMP_02,2026-05-05 18:00:00,0.8184,74.99,48.36,73.7,5.508,0.7944,0.0191,7.205,3.99,372.3,125.9,13.26,4.25,False,Mechanical,1,test
PUMP_02,2026-05-05 19:00:00,0.8025,77.26,48.42,75.3,5.805,0.7962,0.0193,7.146,3.88,377.5,114.8,12.45,4.21,False,Mechanical,1,test
PUMP_02,2026-05-05 20:00:00,0.8207,78.22,48.14,73.81,5.682,0.8003,0.0218,7.255,3.88,379.8,110.8,14.29,4.17,False,Mechanical,1,test
PUMP_02,2026-05-05 21:00:00,0.841,76.38,47.54,73.14,5.624,0.8049,0.0273,7.192,4.37,382.3,110.7,13.73,4.12,False,Mechanical,1,test
PUMP_02,2026-05-05 22:00:00,0.8064,75.7,47.76,74.29,5.644,0.81,0.0234,7.275,4.16,383.3,102.0,14.95,4.08,False,Mechanical,1,test
PUMP_02,2026-05-05 23:00:00,0.8011,76.18,47.81,74.26,5.713,0.815,0.0151,7.212,4.22,387.4,105.0,14.16,4.04,False,Mechanical,1,test
PUMP_02,2026-05-06 00:00:00,0.8268,77.66,46.91,75.76,5.731,0.8164,0.0159,7.203,4.13,380.4,95.6,13.66,4.0,False,Mechanical,1,test
PUMP_02,2026-05-06 01:00:00,0.8254,76.5,48.35,72.95,5.757,0.8202,0.0146,7.175,4.38,376.4,98.9,13.23,3.96,False,Mechanical,1,test
PUMP_02,2026-05-06 02:00:00,0.8399,74.85,48.12,76.06,5.656,0.8234,0.0166,7.231,4.52,379.3,99.0,14.33,3.92,False,Mechanical,1,test
PUMP_02,2026-05-06 03:00:00,0.8525,78.16,48.19,74.06,5.826,0.8254,0.0195,7.202,3.89,378.4,98.3,13.38,3.88,False,Mechanical,1,test
PUMP_02,2026-05-06 04:00:00,0.8531,75.34,46.42,71.9,5.72,0.8331,0.0197,7.243,4.33,382.6,97.1,14.52,3.83,False,Mechanical,1,test
PUMP_02,2026-05-06 05:00:00,0.8521,77.54,48.11,73.46,5.722,0.8416,0.013,7.28,3.48,374.7,107.1,14.2,3.79,False,Mechanical,1,test
PUMP_02,2026-05-06 06:00:00,0.8698,74.19,48.48,74.59,5.755,0.8488,0.0149,7.164,3.1,379.1,111.4,12.25,3.75,False,Mechanical,1,test
PUMP_02,2026-05-06 07:00:00,0.8658,77.23,47.91,75.55,5.832,0.8555,0.0108,7.231,4.73,388.1,117.7,14.84,3.71,False,Mechanical,1,test
PUMP_02,2026-05-06 08:00:00,0.8542,77.05,47.67,74.91,5.782,0.8579,0.0078,7.229,3.87,380.9,127.1,13.91,3.67,False,Mechanical,1,test
PUMP_02,2026-05-06 09:00:00,0.8671,74.29,47.19,73.67,5.747,0.8604,0.008,7.223,4.1,374.7,126.7,13.72,3.62,False,Mechanical,1,test
PUMP_02,2026-05-06 10:00:00,0.8345,77.82,47.19,74.24,5.77,0.8572,0.0133,7.178,3.51,378.3,134.2,12.74,3.58,False,Mechanical,1,test
PUMP_02,2026-05-06 11:00:00,0.8734,75.76,48.19,73.8,5.899,0.8608,0.0144,7.179,3.49,368.8,137.6,12.35,3.54,False,Mechanical,1,test
PUMP_02,2026-05-06 12:00:00,0.8574,77.62,48.0,75.59,5.891,0.8587,0.0137,7.171,3.71,379.7,143.1,12.82,3.5,False,Mechanical,1,test
PUMP_02,2026-05-06 13:00:00,0.8386,76.96,48.04,75.23,5.842,0.8542,0.0153,7.17,4.26,388.2,141.9,13.54,3.46,False,Mechanical,1,test
PUMP_02,2026-05-06 14:00:00,0.8502,75.45,49.15,76.13,5.83,0.8535,0.0154,7.158,3.79,374.1,141.3,12.44,3.42,False,Mechanical,1,test
PUMP_02,2026-05-06 15:00:00,0.8721,76.18,47.52,73.32,6.009,0.8544,0.0164,7.195,3.87,372.7,142.2,13.02,3.38,False,Mechanical,1,test
PUMP_02,2026-05-06 16:00:00,0.8456,76.39,48.11,74.86,5.866,0.8562,0.0142,7.162,3.7,376.7,135.9,12.55,3.33,False,Mechanical,1,test
PUMP_02,2026-05-06 17:00:00,0.8645,79.4,49.38,77.99,5.849,0.8547,0.0124,7.222,4.47,384.6,132.5,14.37,3.29,False,Mechanical,1,test
PUMP_02,2026-05-06 18:00:00,0.8734,79.26,48.22,76.37,5.824,0.8574,0.0146,7.203,4.35,388.5,122.0,14.14,3.25,False,Mechanical,1,test
PUMP_02,2026-05-06 19:00:00,0.8631,81.39,48.49,75.3,5.875,0.8615,0.0114,7.208,3.81,382.2,116.7,13.59,3.21,False,Mechanical,1,test
PUMP_02,2026-05-06 20:00:00,0.853,77.41,48.39,74.53,5.608,0.8619,0.0109,7.186,4.27,373.6,121.7,13.2,3.17,False,Mechanical,1,test
PUMP_02,2026-05-06 21:00:00,0.8688,77.45,48.96,77.1,5.94,0.8614,0.0103,7.203,3.9,379.9,104.7,13.48,3.12,False,Mechanical,1,test
PUMP_02,2026-05-06 22:00:00,0.8529,78.56,47.35,77.66,5.761,0.8626,0.0083,7.188,3.86,388.9,93.9,13.58,3.08,False,Mechanical,1,test
PUMP_02,2026-05-06 23:00:00,0.8714,77.91,48.5,74.5,5.811,0.8638,0.0091,7.239,3.98,378.4,99.7,14.04,3.04,False,Mechanical,1,test
PUMP_02,2026-05-07 00:00:00,0.8669,77.65,48.7,74.67,5.763,0.8627,0.008,7.178,4.26,380.7,93.0,13.36,3.0,False,Mechanical,1,test
PUMP_02,2026-05-07 01:00:00,0.8876,78.69,48.12,76.32,5.821,0.8668,0.013,7.219,3.64,381.2,96.0,13.6,2.96,False,Mechanical,1,test
PUMP_02,2026-05-07 02:00:00,0.8739,79.75,48.97,76.49,5.859,0.8702,0.0112,7.135,4.2,372.3,95.5,12.27,2.92,False,Mechanical,1,test
PUMP_02,2026-05-07 03:00:00,0.8985,75.62,49.28,76.67,5.963,0.8752,0.016,7.236,5.0,385.0,100.5,14.98,2.88,False,Mechanical,1,test
PUMP_02,2026-05-07 04:00:00,0.9181,78.01,49.12,78.36,6.0,0.8861,0.0196,7.172,4.07,384.3,101.9,13.28,2.83,False,Mechanical,1,test
PUMP_02,2026-05-07 05:00:00,0.9223,76.86,49.96,75.04,6.058,0.8946,0.0227,7.154,4.01,370.0,106.6,12.36,2.79,False,Mechanical,1,test
PUMP_02,2026-05-07 06:00:00,0.8882,78.82,48.68,76.31,5.917,0.8981,0.0189,7.143,3.97,373.3,118.1,12.29,2.75,False,Mechanical,1,test
PUMP_02,2026-05-07 07:00:00,0.8988,79.78,49.28,77.18,5.897,0.9,0.0182,7.139,4.19,375.2,111.1,12.46,2.71,False,Mechanical,1,test
PUMP_02,2026-05-07 08:00:00,0.9228,80.9,49.31,77.22,5.983,0.9081,0.0148,7.176,3.36,383.7,121.2,12.82,2.67,False,Mechanical,1,test
PUMP_02,2026-05-07 09:00:00,0.9213,78.66,48.93,75.64,5.858,0.9119,0.0147,7.275,4.68,376.2,129.2,15.02,2.62,False,Mechanical,1,test
PUMP_02,2026-05-07 10:00:00,0.9017,79.55,49.8,75.75,5.854,0.9092,0.0149,7.168,4.39,382.0,130.9,13.34,2.58,False,Mechanical,1,test
PUMP_02,2026-05-07 11:00:00,0.9034,76.96,49.34,75.98,5.908,0.906,0.0135,7.09,3.74,379.1,139.7,11.51,2.54,False,Mechanical,1,test
PUMP_02,2026-05-07 12:00:00,0.9116,78.28,48.49,78.63,5.94,0.9099,0.0103,7.218,4.01,380.4,141.8,13.82,2.5,False,Mechanical,1,test
PUMP_02,2026-05-07 13:00:00,0.8825,79.97,49.7,75.47,5.784,0.9072,0.0149,7.144,3.78,382.5,148.9,12.56,2.46,False,Mechanical,1,test
PUMP_02,2026-05-07 14:00:00,0.9178,77.71,49.0,76.31,6.04,0.9064,0.014,7.241,4.12,381.4,143.8,14.29,2.42,False,Mechanical,1,test
PUMP_02,2026-05-07 15:00:00,0.9263,81.69,49.15,77.68,5.98,0.9072,0.0152,7.179,4.02,379.9,140.8,13.18,2.38,False,Mechanical,1,test
PUMP_02,2026-05-07 16:00:00,0.9049,80.71,49.24,75.5,6.03,0.9078,0.015,7.186,4.09,381.6,136.2,13.41,2.33,False,Mechanical,1,test
PUMP_02,2026-05-07 17:00:00,0.8907,78.65,49.87,77.17,5.846,0.9056,0.0165,7.26,3.59,381.1,128.3,14.22,2.29,False,Mechanical,1,test
PUMP_02,2026-05-07 18:00:00,0.9351,77.87,50.13,74.64,5.925,0.9096,0.0205,7.231,3.81,379.0,130.0,13.82,2.25,False,Mechanical,1,test
PUMP_02,2026-05-07 19:00:00,0.9198,79.11,49.43,77.21,5.926,0.9158,0.0158,7.138,4.46,377.8,124.8,12.73,2.21,False,Mechanical,1,test
PUMP_02,2026-05-07 20:00:00,0.9305,78.93,49.44,77.09,5.973,0.9179,0.017,7.145,3.79,389.4,108.7,12.86,2.17,False,Mechanical,1,test
PUMP_02,2026-05-07 21:00:00,0.9039,78.54,48.39,77.28,5.993,0.9141,0.0172,7.111,2.94,377.8,114.0,11.24,2.12,False,Mechanical,1,test
PUMP_02,2026-05-07 22:00:00,0.9083,78.34,49.23,76.1,6.071,0.9147,0.0169,7.33,3.94,386.8,99.6,15.83,2.08,False,Mechanical,1,test
PUMP_02,2026-05-07 23:00:00,0.9389,80.19,49.14,77.47,6.015,0.9228,0.0145,7.157,4.96,376.6,95.3,13.34,2.04,False,Mechanical,1,test
PUMP_02,2026-05-08 00:00:00,0.953,81.73,49.94,77.21,5.953,0.9257,0.0187,7.258,4.34,384.1,97.7,14.84,2.0,False,Mechanical,1,test
PUMP_02,2026-05-08 01:00:00,0.9255,79.65,49.73,78.87,6.194,0.9267,0.0185,7.173,3.77,388.9,97.2,13.28,1.96,False,Mechanical,1,test
PUMP_02,2026-05-08 02:00:00,0.9456,81.47,49.3,78.13,6.003,0.9292,0.0201,7.146,3.98,378.3,95.6,12.55,1.92,False,Mechanical,1,test
PUMP_02,2026-05-08 03:00:00,0.9277,80.4,49.98,75.68,5.958,0.9332,0.016,7.201,4.27,376.7,97.0,13.57,1.88,False,Mechanical,1,test
PUMP_02,2026-05-08 04:00:00,0.9449,81.9,49.89,76.48,5.885,0.9393,0.0108,7.184,3.3,377.9,107.0,12.66,1.83,False,Mechanical,1,test
PUMP_02,2026-05-08 05:00:00,0.9548,79.89,48.46,76.79,6.049,0.9419,0.0125,7.24,3.66,379.9,105.0,13.9,1.79,False,Mechanical,1,test
PUMP_02,2026-05-08 06:00:00,0.9687,81.58,50.69,77.8,6.103,0.9445,0.0163,7.241,4.16,381.6,113.3,14.33,1.75,False,Mechanical,1,test
PUMP_02,2026-05-08 07:00:00,0.9317,81.43,50.68,77.44,5.963,0.9456,0.015,7.17,4.64,379.8,126.8,13.47,1.71,False,Mechanical,1,test
PUMP_02,2026-05-08 08:00:00,0.9844,83.39,49.98,77.49,6.11,0.952,0.0219,7.128,3.82,377.9,121.1,12.14,1.67,False,Mechanical,1,test
PUMP_02,2026-05-08 09:00:00,0.9628,82.27,50.38,81.14,6.072,0.9579,0.0185,7.14,4.63,389.8,130.7,13.39,1.62,False,Mechanical,1,test
PUMP_02,2026-05-08 10:00:00,0.985,81.91,50.02,77.2,5.93,0.9646,0.02,7.086,3.7,379.0,141.8,11.42,1.58,False,Mechanical,1,test
PUMP_02,2026-05-08 11:00:00,0.9759,79.41,49.29,79.54,6.127,0.9681,0.0198,7.186,2.65,376.9,143.8,12.2,1.54,False,Mechanical,1,test
PUMP_02,2026-05-08 12:00:00,0.978,80.91,51.6,77.75,6.062,0.9696,0.0202,7.199,4.3,384.2,147.7,13.87,1.5,False,Mechanical,1,test
PUMP_02,2026-05-08 13:00:00,0.9952,80.59,50.8,75.37,5.999,0.9802,0.0109,7.143,4.22,384.2,139.7,12.91,1.46,False,Mechanical,1,test
PUMP_02,2026-05-08 14:00:00,0.9531,80.65,50.96,78.27,6.172,0.975,0.0151,7.137,4.29,387.1,145.4,12.99,1.42,False,Mechanical,1,test
PUMP_02,2026-05-08 15:00:00,0.9671,81.99,50.27,79.44,6.176,0.9757,0.0145,7.199,4.28,389.6,140.5,14.08,1.38,False,Mechanical,1,test
PUMP_02,2026-05-08 16:00:00,0.9509,82.42,51.16,78.91,6.015,0.97,0.0167,7.168,4.08,381.7,146.8,13.12,1.33,False,Mechanical,1,test
PUMP_02,2026-05-08 17:00:00,0.9656,82.57,49.71,78.52,6.136,0.9683,0.0165,7.189,3.9,378.6,135.7,13.2,1.29,False,Mechanical,1,test
PUMP_02,2026-05-08 18:00:00,0.9799,84.13,50.43,78.3,6.135,0.9686,0.0167,7.182,3.91,370.5,126.4,12.75,1.25,False,Mechanical,1,test
PUMP_02,2026-05-08 19:00:00,0.9887,83.06,51.07,77.73,6.119,0.9675,0.0148,7.212,3.82,375.3,121.1,13.37,1.21,False,Mechanical,1,test
PUMP_02,2026-05-08 20:00:00,0.9694,80.58,50.3,79.46,6.089,0.9703,0.013,7.172,3.84,381.0,113.7,12.98,1.17,False,Mechanical,1,test
PUMP_02,2026-05-08 21:00:00,0.9609,82.82,51.27,77.92,6.125,0.9692,0.0135,7.176,3.28,374.1,110.3,12.36,1.12,False,Mechanical,1,test
PUMP_02,2026-05-08 22:00:00,0.9845,83.48,50.95,77.73,6.218,0.9748,0.0111,7.106,3.51,372.1,98.9,11.32,1.08,False,Mechanical,1,test
PUMP_02,2026-05-08 23:00:00,0.9754,84.59,50.94,79.04,6.181,0.9765,0.0102,7.197,3.93,380.3,103.8,13.43,1.04,False,Mechanical,1,test
PUMP_02,2026-05-09 00:00:00,0.9844,82.56,50.43,78.25,6.0,0.9772,0.0107,7.204,3.1,383.9,90.6,13.11,1.0,False,Mechanical,1,test
PUMP_02,2026-05-09 01:00:00,1.0081,82.66,51.15,80.2,5.989,0.9805,0.0163,7.191,3.2,378.8,95.8,12.74,0.96,False,Mechanical,1,test
PUMP_02,2026-05-09 02:00:00,1.0101,84.59,52.12,79.28,6.018,0.9872,0.019,7.296,3.87,384.5,92.6,15.12,0.92,False,Mechanical,1,test
PUMP_02,2026-05-09 03:00:00,1.0197,83.33,51.11,77.85,6.064,0.997,0.0178,7.208,3.95,383.1,98.5,13.72,0.88,False,Mechanical,1,test
PUMP_02,2026-05-09 04:00:00,1.0061,80.75,51.38,77.46,6.118,1.0006,0.017,7.192,3.87,385.7,106.3,13.53,0.83,False,Mechanical,1,test
PUMP_02,2026-05-09 05:00:00,1.0296,80.52,51.52,78.21,6.148,1.0097,0.0152,7.225,3.05,390.9,100.7,13.69,0.79,False,Mechanical,1,test
PUMP_02,2026-05-09 06:00:00,1.0174,86.1,50.46,81.76,6.185,1.0152,0.0089,7.306,4.62,393.1,112.9,16.17,0.75,False,Mechanical,1,test
PUMP_02,2026-05-09 07:00:00,1.0149,80.86,51.11,78.73,6.194,1.0163,0.0082,7.213,3.43,383.7,114.2,13.45,0.71,False,Mechanical,1,test
PUMP_02,2026-05-09 08:00:00,1.0041,83.27,51.14,79.98,6.199,1.0153,0.0094,7.089,3.67,377.7,125.4,11.4,0.67,False,Mechanical,1,test
PUMP_02,2026-05-09 09:00:00,0.99,84.94,50.01,77.56,6.3,1.0104,0.0135,7.201,4.2,380.3,126.7,13.68,0.62,False,Mechanical,1,test
PUMP_02,2026-05-09 10:00:00,0.9982,81.06,51.81,77.88,6.081,1.009,0.0144,7.096,6.63,387.9,138.3,14.0,0.58,False,Mechanical,1,test
PUMP_02,2026-05-09 11:00:00,1.0248,82.17,50.82,79.02,6.248,1.0082,0.0131,7.015,7.29,375.5,139.9,12.65,0.54,False,Mechanical,1,test
PUMP_02,2026-05-09 12:00:00,1.0078,82.02,51.84,81.34,6.253,1.0066,0.0123,7.149,8.56,387.2,147.1,16.18,0.5,False,Mechanical,1,test
PUMP_02,2026-05-09 13:00:00,0.9965,86.68,51.02,77.81,6.132,1.0036,0.0121,7.106,9.67,379.2,149.9,15.93,0.46,False,Mechanical,1,test
PUMP_02,2026-05-09 14:00:00,1.0148,87.1,52.75,78.66,6.282,1.0054,0.013,6.986,9.96,381.1,144.2,14.74,0.42,False,Mechanical,1,test
PUMP_02,2026-05-09 15:00:00,1.0256,83.06,51.4,80.56,6.275,1.0113,0.0127,7.007,8.68,381.0,145.2,13.73,0.38,False,Mechanical,1,test
PUMP_02,2026-05-09 16:00:00,1.0284,85.13,52.77,81.44,6.248,1.0163,0.0124,7.1,7.93,388.5,143.2,15.0,0.33,False,Mechanical,1,test
PUMP_02,2026-05-09 17:00:00,1.0232,84.81,51.56,80.12,6.064,1.0161,0.0122,7.077,6.54,400.9,128.8,14.18,0.29,False,Mechanical,1,test
PUMP_02,2026-05-09 18:00:00,1.0247,84.02,51.68,80.46,6.34,1.0189,0.0119,7.161,5.35,420.4,132.2,15.5,0.25,False,Mechanical,1,test
PUMP_02,2026-05-09 19:00:00,1.0203,82.09,52.7,78.63,6.288,1.0228,0.0048,7.164,4.19,418.6,119.9,14.67,0.21,False,Mechanical,1,test
PUMP_02,2026-05-09 20:00:00,1.0413,88.09,51.26,78.18,6.308,1.0272,0.0074,7.18,3.76,430.1,109.6,15.1,0.17,False,Mechanical,1,test
PUMP_02,2026-05-09 21:00:00,1.0331,82.0,51.89,78.45,6.01,1.0285,0.0077,7.13,3.18,414.1,108.7,13.22,0.12,False,Mechanical,1,test
PUMP_02,2026-05-09 22:00:00,1.0391,85.13,52.23,78.83,6.245,1.0303,0.0088,7.241,3.9,401.6,102.0,14.99,0.08,False,Mechanical,1,test
PUMP_02,2026-05-09 23:00:00,1.0606,83.94,52.19,80.21,6.179,1.0365,0.0143,7.26,3.42,401.0,92.7,14.93,0.04,False,Mechanical,1,test
PUMP_02,2026-05-10 00:00:00,1.0619,86.51,52.03,78.54,6.403,1.0427,0.0161,7.195,4.03,391.5,91.4,13.92,0.0,False,Mechanical,1,test
PUMP_03,2026-03-01 00:00:00,0.1296,53.11,33.95,57.08,3.986,0.1296,0.0,7.206,4.37,384.1,90.9,14.03,55.0,False,Normal,0,train
PUMP_03,2026-03-01 01:00:00,0.1622,50.37,33.03,58.58,4.071,0.1459,0.0231,7.274,4.47,379.6,92.9,15.0,54.96,False,Normal,0,train
PUMP_03,2026-03-01 02:00:00,0.1388,49.8,34.5,60.34,3.943,0.1435,0.0168,7.227,4.52,382.4,97.1,14.4,54.92,False,Normal,0,train
PUMP_03,2026-03-01 03:00:00,0.1424,51.89,34.88,57.49,3.877,0.1432,0.0137,7.21,4.17,387.7,97.9,14.09,54.88,False,Normal,0,train
PUMP_03,2026-03-01 04:00:00,0.1618,48.47,34.58,56.64,3.964,0.147,0.0145,7.202,3.64,382.3,103.7,13.38,54.83,False,Normal,0,train
PUMP_03,2026-03-01 05:00:00,0.1707,50.05,33.9,57.53,4.039,0.1509,0.0162,7.172,4.36,375.8,108.1,13.12,54.79,False,Normal,0,train
PUMP_03,2026-03-01 06:00:00,0.155,49.77,34.23,55.77,4.031,0.1552,0.0124,7.138,3.92,386.3,122.9,12.71,54.75,False,Normal,0,train
PUMP_03,2026-03-01 07:00:00,0.1566,50.63,34.42,58.62,4.001,0.1542,0.0119,7.234,4.2,376.6,121.0,14.04,54.71,False,Normal,0,train
PUMP_03,2026-03-01 08:00:00,0.157,49.33,34.34,58.69,3.951,0.1572,0.0092,7.264,3.75,379.9,126.9,14.34,54.67,False,Normal,0,train
PUMP_03,2026-03-01 09:00:00,0.1433,49.19,34.74,57.47,3.989,0.1574,0.009,7.221,3.76,377.6,134.2,13.58,54.62,False,Normal,0,train
PUMP_03,2026-03-01 10:00:00,0.1493,49.43,34.57,56.66,4.119,0.1553,0.0092,7.228,3.72,367.0,137.6,13.21,54.58,False,Normal,0,train
PUMP_03,2026-03-01 11:00:00,0.1283,49.56,33.65,60.88,4.204,0.1482,0.0111,7.156,3.47,380.9,135.3,12.46,54.54,False,Normal,0,train
PUMP_03,2026-03-01 12:00:00,0.161,50.12,34.02,56.52,4.034,0.1492,0.0121,7.17,3.77,390.9,146.9,13.31,54.5,False,Normal,0,train
PUMP_03,2026-03-01 13:00:00,0.1892,51.93,33.7,57.1,4.082,0.1547,0.0205,7.136,3.59,381.6,150.2,12.25,54.46,False,Normal,0,train
PUMP_03,2026-03-01 14:00:00,0.1459,46.77,34.1,58.04,3.942,0.1528,0.0207,7.188,4.23,394.8,150.4,14.08,54.42,False,Normal,0,train
PUMP_03,2026-03-01 15:00:00,0.1608,51.15,32.88,59.03,4.108,0.1558,0.0203,7.249,3.57,379.2,144.4,13.96,54.38,False,Normal,0,train
PUMP_03,2026-03-01 16:00:00,0.1374,49.29,35.16,57.82,3.972,0.1538,0.0216,7.165,3.73,381.1,136.6,12.8,54.33,False,Normal,0,train
PUMP_03,2026-03-01 17:00:00,0.1201,49.73,33.53,58.04,3.899,0.1524,0.0237,7.196,4.0,379.5,133.6,13.42,54.29,False,Normal,0,train
PUMP_03,2026-03-01 18:00:00,0.1738,48.37,33.69,58.73,4.092,0.1545,0.0252,7.235,4.72,380.3,133.6,14.58,54.25,False,Normal,0,train
PUMP_03,2026-03-01 19:00:00,0.1277,50.07,34.05,61.85,4.007,0.1443,0.0203,7.26,3.72,381.8,119.1,14.35,54.21,False,Normal,0,train
PUMP_03,2026-03-01 20:00:00,0.1555,49.41,33.17,57.3,4.112,0.1459,0.0208,7.118,3.45,387.6,108.8,12.11,54.17,False,Normal,0,train
PUMP_03,2026-03-01 21:00:00,0.1462,49.66,33.8,57.39,4.066,0.1434,0.0195,7.176,3.48,375.8,116.3,12.58,54.12,False,Normal,0,train
PUMP_03,2026-03-01 22:00:00,0.1628,50.87,34.1,57.87,3.897,0.1477,0.0207,7.163,3.66,380.0,98.2,12.67,54.08,False,Normal,0,train
PUMP_03,2026-03-01 23:00:00,0.1464,50.95,34.99,58.81,4.015,0.1521,0.0159,7.156,3.74,383.1,92.1,12.74,54.04,False,Normal,0,train
PUMP_03,2026-03-02 00:00:00,0.1325,52.13,34.09,61.03,3.928,0.1452,0.0133,7.181,4.92,386.4,97.1,14.11,54.0,False,Normal,0,train
PUMP_03,2026-03-02 01:00:00,0.1426,49.11,33.76,57.87,4.101,0.1477,0.0105,7.103,4.39,369.2,96.6,11.76,53.96,False,Normal,0,train
PUMP_03,2026-03-02 02:00:00,0.1903,51.02,33.32,58.67,4.007,0.1535,0.0205,7.182,3.87,373.0,97.7,12.83,53.92,False,Normal,0,train
PUMP_03,2026-03-02 03:00:00,0.1619,50.95,35.28,55.41,3.947,0.1561,0.0204,7.202,4.74,380.2,101.9,14.06,53.88,False,Normal,0,train
PUMP_03,2026-03-02 04:00:00,0.1913,50.13,34.05,58.08,3.838,0.1608,0.0251,7.148,3.75,385.6,101.7,12.73,53.83,False,Normal,0,train
PUMP_03,2026-03-02 05:00:00,0.1541,52.53,34.05,57.98,4.093,0.1621,0.0244,7.176,3.84,377.6,106.9,12.9,53.79,False,Normal,0,train
PUMP_03,2026-03-02 06:00:00,0.1707,49.04,33.18,59.22,3.973,0.1685,0.0196,7.201,3.81,383.3,111.2,13.52,53.75,False,Normal,0,train
PUMP_03,2026-03-02 07:00:00,0.1404,50.23,34.31,57.38,3.979,0.1681,0.0202,7.206,4.41,389.9,120.5,14.3,53.71,False,Normal,0,train
PUMP_03,2026-03-02 08:00:00,0.1591,50.46,33.65,56.53,4.039,0.1629,0.0171,7.118,3.97,380.1,128.6,12.18,53.67,False,Normal,0,train
PUMP_03,2026-03-02 09:00:00,0.1904,48.2,34.88,58.28,3.929,0.1677,0.0204,7.235,4.6,378.9,136.1,14.43,53.62,False,Normal,0,train
PUMP_03,2026-03-02 10:00:00,0.1432,51.9,34.28,56.13,3.879,0.1596,0.0187,7.236,4.17,382.4,134.1,14.3,53.58,False,Normal,0,train
PUMP_03,2026-03-02 11:00:00,0.1422,49.84,34.08,57.04,4.015,0.1577,0.02,7.146,4.97,380.9,136.7,13.34,53.54,False,Normal,0,train
PUMP_03,2026-03-02 12:00:00,0.1624,50.66,33.21,58.07,3.926,0.1563,0.0191,7.252,4.4,381.3,147.7,14.66,53.5,False,Normal,0,train
PUMP_03,2026-03-02 13:00:00,0.1491,52.37,33.94,55.12,3.994,0.1577,0.018,7.167,5.27,379.1,142.9,13.82,53.46,False,Normal,0,train
PUMP_03,2026-03-02 14:00:00,0.1734,50.32,33.87,57.69,3.931,0.1601,0.0191,7.16,5.28,378.7,140.2,13.7,53.42,False,Normal,0,train
PUMP_03,2026-03-02 15:00:00,0.1393,50.06,34.07,59.9,3.891,0.1516,0.0135,7.178,5.78,375.0,134.3,14.19,53.38,False,Normal,0,train
PUMP_03,2026-03-02 16:00:00,0.1424,50.1,32.82,56.07,3.869,0.1515,0.0136,7.093,5.33,383.1,143.3,12.84,53.33,False,Normal,0,train
PUMP_03,2026-03-02 17:00:00,0.1451,48.49,33.45,57.18,4.008,0.152,0.0132,7.144,5.84,379.1,133.6,13.85,53.29,False,Normal,0,train
PUMP_03,2026-03-02 18:00:00,0.1239,49.43,33.7,58.71,4.088,0.1455,0.0162,7.207,4.74,384.0,128.7,14.3,53.25,False,Normal,0,train
PUMP_03,2026-03-02 19:00:00,0.1209,49.77,34.3,58.98,4.078,0.1408,0.0188,7.16,4.25,387.9,121.7,13.36,53.21,False,Normal,0,train
PUMP_03,2026-03-02 20:00:00,0.1205,50.15,32.84,58.07,4.002,0.132,0.0114,7.182,3.8,392.3,114.4,13.59,53.17,False,Normal,0,train
PUMP_03,2026-03-02 21:00:00,0.0933,52.07,34.83,57.78,4.114,0.1244,0.0187,7.23,4.33,394.1,107.4,14.8,53.12,False,Normal,0,train
PUMP_03,2026-03-02 22:00:00,0.1437,51.39,34.75,59.98,3.957,0.1246,0.019,7.215,3.21,388.4,102.0,13.55,53.08,False,Normal,0,train
PUMP_03,2026-03-02 23:00:00,0.1279,49.12,33.4,58.26,4.066,0.1217,0.0163,7.201,3.98,388.3,94.4,13.85,53.04,False,Normal,0,train
PUMP_03,2026-03-03 00:00:00,0.1419,49.96,35.48,56.73,3.961,0.1247,0.0184,7.203,4.2,386.7,88.8,13.97,53.0,False,Normal,0,train
PUMP_03,2026-03-03 01:00:00,0.1679,52.1,34.14,58.14,3.942,0.1325,0.0252,7.191,4.23,372.2,104.0,13.2,52.96,False,Normal,0,train
PUMP_03,2026-03-03 02:00:00,0.1408,47.41,33.93,57.84,4.065,0.1359,0.0246,7.243,3.87,376.2,96.0,13.94,52.92,False,Normal,0,train
PUMP_03,2026-03-03 03:00:00,0.1674,49.66,34.36,57.47,4.035,0.1483,0.016,7.305,3.32,389.0,96.6,15.07,52.88,False,Normal,0,train
PUMP_03,2026-03-03 04:00:00,0.135,48.04,34.25,55.98,4.05,0.1468,0.0169,7.215,4.4,376.5,99.1,13.87,52.83,False,Normal,0,train
PUMP_03,2026-03-03 05:00:00,0.1494,53.67,34.07,57.99,3.881,0.1504,0.0141,7.264,3.84,383.5,111.7,14.56,52.79,False,Normal,0,train
PUMP_03,2026-03-03 06:00:00,0.1861,51.16,33.35,58.7,4.082,0.1578,0.0194,7.178,3.88,377.5,114.1,12.96,52.75,False,Normal,0,train
PUMP_03,2026-03-03 07:00:00,0.1532,49.26,33.74,58.9,4.054,0.1553,0.0187,7.166,4.89,381.0,116.5,13.62,52.71,False,Normal,0,train
PUMP_03,2026-03-03 08:00:00,0.178,49.95,34.21,58.01,3.968,0.1615,0.0191,7.161,4.04,376.0,125.3,12.73,52.67,False,Normal,0,train
PUMP_03,2026-03-03 09:00:00,0.1924,48.77,34.5,58.04,4.047,0.1657,0.023,7.154,3.79,370.5,133.7,12.22,52.62,False,Normal,0,train
PUMP_03,2026-03-03 10:00:00,0.1487,52.99,34.86,57.33,4.088,0.168,0.0198,7.185,3.77,377.8,136.1,13.01,52.58,False,Normal,0,train
PUMP_03,2026-03-03 11:00:00,0.1426,46.56,33.73,59.16,3.941,0.1668,0.0212,7.244,4.26,382.2,144.9,14.48,52.54,False,Normal,0,train
PUMP_03,2026-03-03 12:00:00,0.1176,50.49,34.05,56.57,3.942,0.1554,0.0265,7.25,3.67,383.4,152.6,14.21,52.5,False,Normal,0,train
PUMP_03,2026-03-03 13:00:00,0.1518,49.89,33.6,57.37,3.977,0.1552,0.0266,7.134,5.63,380.7,143.3,13.61,52.46,False,Normal,0,train
PUMP_03,2026-03-03 14:00:00,0.1507,48.46,34.66,57.03,3.822,0.1506,0.0241,7.102,7.31,376.1,143.0,14.08,52.42,False,Normal,0,train
PUMP_03,2026-03-03 15:00:00,0.1545,49.62,33.81,57.87,4.026,0.1443,0.0137,7.089,7.83,384.6,138.3,14.61,52.38,False,Normal,0,train
PUMP_03,2026-03-03 16:00:00,0.1622,47.57,33.65,59.58,4.073,0.1466,0.0155,7.063,9.6,376.4,137.1,15.08,52.33,False,Normal,0,train
PUMP_03,2026-03-03 17:00:00,0.125,52.35,34.04,56.57,4.046,0.1436,0.0179,7.029,10.99,376.7,124.7,15.52,52.29,False,Normal,0,train
PUMP_03,2026-03-03 18:00:00,0.1681,50.04,33.0,58.34,4.038,0.152,0.0148,6.98,10.74,375.1,130.9,15.14,52.25,False,Normal,0,train
PUMP_03,2026-03-03 19:00:00,0.1361,51.37,34.32,58.36,4.082,0.1494,0.0162,7.03,8.92,388.1,114.7,14.57,52.21,False,Normal,0,train
PUMP_03,2026-03-03 20:00:00,0.1468,49.27,33.81,56.84,3.992,0.1488,0.0162,7.149,8.26,399.0,110.3,16.46,52.17,False,Normal,0,train
PUMP_03,2026-03-03 21:00:00,0.1419,52.02,35.66,57.77,3.874,0.1467,0.0162,7.096,7.26,409.1,107.8,15.34,52.12,False,Normal,0,train
PUMP_03,2026-03-03 22:00:00,0.1334,50.05,33.63,56.92,4.01,0.1419,0.0148,7.12,6.2,410.4,107.8,15.02,52.08,False,Normal,0,train
PUMP_03,2026-03-03 23:00:00,0.1294,51.61,33.84,58.12,4.104,0.1426,0.0139,7.196,4.35,427.8,94.9,15.67,52.04,False,Normal,0,train
PUMP_03,2026-03-04 00:00:00,0.1532,50.85,34.61,57.86,4.029,0.1401,0.0089,7.204,4.83,426.1,95.1,16.06,52.0,False,Normal,0,train
PUMP_03,2026-03-04 01:00:00,0.1381,49.95,34.47,59.81,3.97,0.1405,0.0087,7.123,3.77,422.0,96.2,13.86,51.96,False,Normal,0,train
PUMP_03,2026-03-04 02:00:00,0.1517,51.5,34.62,57.08,4.063,0.1413,0.0096,7.178,4.14,411.1,93.2,14.54,51.92,False,Normal,0,train
PUMP_03,2026-03-04 03:00:00,0.1509,56.28,33.83,57.79,4.031,0.1428,0.0104,7.221,3.72,397.3,97.9,14.37,51.88,False,Normal,0,train
PUMP_03,2026-03-04 04:00:00,0.1532,48.3,33.31,57.55,3.983,0.1461,0.01,7.3,4.37,395.4,96.0,16.01,51.83,False,Normal,0,train
PUMP_03,2026-03-04 05:00:00,0.1327,49.82,35.6,59.63,4.01,0.1466,0.0089,7.174,3.63,379.7,105.4,12.81,51.79,False,Normal,0,train
PUMP_03,2026-03-04 06:00:00,0.1125,48.06,34.31,57.41,3.975,0.1398,0.0158,7.238,4.37,384.0,118.5,14.53,51.75,False,Normal,0,train
PUMP_03,2026-03-04 07:00:00,0.1722,50.62,34.14,56.93,4.049,0.1455,0.0205,7.209,3.71,376.8,123.3,13.3,51.71,False,Normal,0,train
PUMP_03,2026-03-04 08:00:00,0.1755,50.34,34.48,57.07,3.928,0.1495,0.0239,7.258,4.31,383.0,124.7,14.77,51.67,False,Normal,0,train
PUMP_03,2026-03-04 09:00:00,0.1186,52.91,33.22,57.05,4.026,0.1441,0.027,7.169,4.48,384.3,128.4,13.52,51.62,False,Normal,0,train
PUMP_03,2026-03-04 10:00:00,0.1613,49.62,33.73,57.3,4.07,0.1455,0.0277,7.255,3.38,380.3,136.8,13.96,51.58,False,Normal,0,train
PUMP_03,2026-03-04 11:00:00,0.1558,51.43,33.37,56.97,4.019,0.1493,0.0272,7.27,3.46,390.5,135.8,14.68,51.54,False,Normal,0,train
PUMP_03,2026-03-04 12:00:00,0.1301,46.88,34.1,58.02,4.02,0.1522,0.023,7.272,4.09,382.5,143.4,14.82,51.5,False,Normal,0,train
PUMP_03,2026-03-04 13:00:00,0.1609,50.23,33.17,56.44,4.006,0.1504,0.0215,7.271,4.05,388.8,143.4,15.05,51.46,False,Normal,0,train
PUMP_03,2026-03-04 14:00:00,0.1621,48.7,34.4,58.69,4.043,0.1481,0.0189,7.21,3.88,392.6,142.4,14.1,51.42,False,Normal,0,train
PUMP_03,2026-03-04 15:00:00,0.1588,50.89,34.71,58.05,3.971,0.1548,0.0123,7.229,3.81,371.6,141.1,13.49,51.38,False,Normal,0,train
PUMP_03,2026-03-04 16:00:00,0.1675,51.73,34.69,59.95,3.99,0.1559,0.0132,7.179,3.66,385.8,139.8,13.16,51.33,False,Normal,0,train
PUMP_03,2026-03-04 17:00:00,0.1553,49.1,34.26,58.56,3.928,0.1558,0.0132,7.089,4.13,382.6,128.3,11.92,51.29,False,Normal,0,train
PUMP_03,2026-03-04 18:00:00,0.1275,50.81,34.12,58.44,3.978,0.1553,0.0142,7.213,3.61,381.2,130.3,13.49,51.25,False,Normal,0,train
PUMP_03,2026-03-04 19:00:00,0.1406,49.46,33.75,60.41,3.84,0.152,0.015,7.192,4.15,376.7,124.5,13.34,51.21,False,Normal,0,train
PUMP_03,2026-03-04 20:00:00,0.1471,50.07,34.27,58.52,4.002,0.1495,0.0142,7.248,3.77,375.5,122.3,13.92,51.17,False,Normal,0,train
PUMP_03,2026-03-04 21:00:00,0.1657,50.62,33.93,57.74,4.049,0.1506,0.0154,7.243,3.83,374.7,108.7,13.85,51.12,False,Normal,0,train
PUMP_03,2026-03-04 22:00:00,0.1412,48.49,32.88,56.96,3.995,0.1462,0.0132,7.147,4.49,391.1,108.2,13.45,51.08,False,Normal,0,train
PUMP_03,2026-03-04 23:00:00,0.1379,48.5,33.63,59.74,4.074,0.1433,0.0127,7.317,4.38,382.4,102.3,15.74,51.04,False,Normal,0,train
PUMP_03,2026-03-05 00:00:00,0.1252,51.3,34.48,56.79,4.107,0.143,0.0133,7.219,3.6,373.2,96.6,13.25,51.0,False,Normal,0,train
PUMP_03,2026-03-05 01:00:00,0.1657,48.98,33.32,56.63,3.999,0.1471,0.0161,7.136,3.65,374.7,90.1,12.01,50.96,False,Normal,0,train
PUMP_03,2026-03-05 02:00:00,0.1581,51.92,33.31,56.64,3.92,0.149,0.0167,7.143,4.31,369.9,99.4,12.38,50.92,False,Normal,0,train
PUMP_03,2026-03-05 03:00:00,0.1441,47.34,33.88,57.1,4.087,0.1454,0.0145,7.091,3.43,386.0,99.3,11.6,50.88,False,Normal,0,train
PUMP_03,2026-03-05 04:00:00,0.1702,51.4,32.7,58.05,4.071,0.1502,0.0174,7.238,4.58,380.2,109.5,14.53,50.83,False,Normal,0,train
PUMP_03,2026-03-05 05:00:00,0.1546,50.01,34.44,57.69,4.036,0.153,0.0164,7.174,4.05,382.5,110.5,13.22,50.79,False,Normal,0,train
PUMP_03,2026-03-05 06:00:00,0.1401,49.86,34.38,58.63,3.958,0.1555,0.0118,7.158,3.77,380.0,117.8,12.67,50.75,False,Normal,0,train
PUMP_03,2026-03-05 07:00:00,0.1796,50.22,34.57,56.69,4.03,0.1578,0.0151,7.168,4.0,384.7,117.7,13.19,50.71,False,Normal,0,train
PUMP_03,2026-03-05 08:00:00,0.1277,47.83,34.13,56.95,3.975,0.1527,0.0194,7.185,4.54,378.0,127.4,13.56,50.67,False,Normal,0,train
PUMP_03,2026-03-05 09:00:00,0.1592,51.68,33.49,58.18,3.941,0.1552,0.0191,7.229,3.15,381.5,124.8,13.43,50.62,False,Normal,0,train
PUMP_03,2026-03-05 10:00:00,0.1533,49.35,33.26,56.84,4.029,0.1524,0.0176,7.118,4.41,381.4,139.9,12.53,50.58,False,Normal,0,train
PUMP_03,2026-03-05 11:00:00,0.128,48.75,34.33,56.37,3.922,0.148,0.0201,7.147,4.48,374.2,146.5,12.74,50.54,False,Normal,0,train
PUMP_03,2026-03-05 12:00:00,0.1549,53.25,34.43,56.16,4.06,0.1504,0.0199,7.223,3.87,376.4,149.7,13.63,50.5,False,Normal,0,train
PUMP_03,2026-03-05 13:00:00,0.137,49.48,33.33,57.94,4.023,0.1434,0.0142,7.17,3.97,378.5,143.6,12.94,50.46,False,Normal,0,train
PUMP_03,2026-03-05 14:00:00,0.1703,48.7,33.25,57.92,3.991,0.1504,0.0154,7.229,4.05,381.6,136.9,14.07,50.42,False,Normal,0,train
PUMP_03,2026-03-05 15:00:00,0.158,51.22,33.99,57.86,3.997,0.1502,0.0153,7.175,4.29,386.9,139.5,13.6,50.38,False,Normal,0,train
PUMP_03,2026-03-05 16:00:00,0.1447,50.4,34.08,59.46,3.914,0.1488,0.0153,7.279,3.71,380.6,137.4,14.58,50.33,False,Normal,0,train
PUMP_03,2026-03-05 17:00:00,0.103,51.51,34.56,58.36,3.919,0.1446,0.0234,7.21,3.99,379.6,134.1,13.64,50.29,False,Normal,0,train
PUMP_03,2026-03-05 18:00:00,0.1317,50.13,34.4,58.0,4.139,0.1408,0.0233,7.261,3.96,381.5,118.4,14.52,50.25,False,Normal,0,train
PUMP_03,2026-03-05 19:00:00,0.1308,51.43,33.95,59.62,3.988,0.1398,0.0236,7.226,4.27,379.2,119.6,14.07,50.21,False,Normal,0,train
PUMP_03,2026-03-05 20:00:00,0.1595,53.08,34.62,59.17,3.886,0.138,0.0211,7.229,5.07,379.9,109.4,14.71,50.17,False,Normal,0,train
PUMP_03,2026-03-05 21:00:00,0.1456,48.86,33.79,57.12,4.073,0.1359,0.0193,7.162,3.71,387.6,113.3,13.01,50.12,False,Normal,0,train
PUMP_03,2026-03-05 22:00:00,0.1498,49.31,33.81,59.0,3.918,0.1367,0.0198,7.258,4.03,378.9,93.0,14.41,50.08,False,Normal,0,train
PUMP_03,2026-03-05 23:00:00,0.1627,47.6,34.51,60.13,4.046,0.1467,0.0135,7.211,3.7,381.3,102.4,13.51,50.04,False,Normal,0,train
PUMP_03,2026-03-06 00:00:00,0.1745,50.57,34.57,60.13,4.118,0.1538,0.0152,7.152,3.8,376.8,95.2,12.47,50.0,False,Normal,0,train
PUMP_03,2026-03-06 01:00:00,0.1745,50.19,34.59,59.17,3.983,0.1611,0.0121,7.095,3.57,386.3,86.8,11.77,49.96,False,Normal,0,train
PUMP_03,2026-03-06 02:00:00,0.1632,51.89,33.89,58.47,4.093,0.1617,0.0121,7.207,3.39,375.4,102.6,12.99,49.92,False,Normal,0,train
PUMP_03,2026-03-06 03:00:00,0.153,49.96,34.04,58.35,4.059,0.163,0.0104,7.275,4.47,379.6,103.8,15.02,49.88,False,Normal,0,train
PUMP_03,2026-03-06 04:00:00,0.1652,49.87,33.48,59.75,4.126,0.1655,0.0081,7.155,4.14,384.9,107.3,13.08,49.83,False,Normal,0,train
PUMP_03,2026-03-06 05:00:00,0.1592,50.29,34.54,56.39,4.047,0.1649,0.0085,7.153,4.04,375.7,107.9,12.59,49.79,False,Normal,0,train
PUMP_03,2026-03-06 06:00:00,0.1718,49.65,33.65,59.52,3.958,0.1645,0.0079,7.184,3.65,384.3,110.8,13.18,49.75,False,Normal,0,train
PUMP_03,2026-03-06 07:00:00,0.1511,50.55,32.8,58.16,3.833,0.1606,0.0078,7.255,3.97,369.8,120.3,13.93,49.71,False,Normal,0,train
PUMP_03,2026-03-06 08:00:00,0.1722,50.34,33.74,56.89,3.937,0.1621,0.0091,7.108,3.54,374.5,128.7,11.48,49.67,False,Normal,0,train
PUMP_03,2026-03-06 09:00:00,0.1578,50.81,33.49,56.58,3.96,0.1629,0.0084,7.167,3.99,379.5,130.3,12.95,49.62,False,Normal,0,train
PUMP_03,2026-03-06 10:00:00,0.1608,49.66,32.38,55.95,4.079,0.1621,0.0083,7.15,4.13,392.0,134.2,13.29,49.58,False,Normal,0,train
PUMP_03,2026-03-06 11:00:00,0.1346,50.83,33.66,58.68,4.097,0.158,0.0141,7.228,3.78,380.7,143.6,13.83,49.54,False,Normal,0,train
PUMP_03,2026-03-06 12:00:00,0.1459,50.93,34.47,60.31,3.912,0.1537,0.013,7.193,3.7,380.8,144.9,13.21,49.5,False,Normal,0,train
PUMP_03,2026-03-06 13:00:00,0.1541,49.51,34.25,57.4,4.098,0.1542,0.0129,7.183,3.8,385.7,148.7,13.32,49.46,False,Normal,0,train
PUMP_03,2026-03-06 14:00:00,0.1423,49.88,34.25,56.98,3.938,0.1492,0.01,7.191,4.33,374.6,150.2,13.36,49.42,False,Normal,0,train
PUMP_03,2026-03-06 15:00:00,0.1077,49.74,34.86,59.45,3.933,0.1409,0.0187,7.239,4.08,364.8,145.1,13.55,49.38,False,Normal,0,train
PUMP_03,2026-03-06 16:00:00,0.1228,48.16,33.65,58.14,3.889,0.1346,0.0169,7.256,3.36,388.7,133.1,14.31,49.33,False,Normal,0,train
PUMP_03,2026-03-06 17:00:00,0.1455,49.27,33.31,59.51,4.027,0.1364,0.0175,7.251,4.29,383.0,132.4,14.65,49.29,False,Normal,0,train
PUMP_03,2026-03-06 18:00:00,0.1626,51.14,34.3,56.83,3.953,0.1392,0.0204,7.229,4.22,377.8,128.0,14.02,49.25,False,Normal,0,train
PUMP_03,2026-03-06 19:00:00,0.1369,51.27,34.21,58.78,4.105,0.1363,0.019,7.269,4.07,380.3,123.2,14.67,49.21,False,Normal,0,train
PUMP_03,2026-03-06 20:00:00,0.134,50.51,33.24,60.18,3.927,0.1349,0.0188,7.153,4.66,385.3,117.0,13.43,49.17,False,Normal,0,train
PUMP_03,2026-03-06 21:00:00,0.1587,48.48,33.89,56.74,4.059,0.1434,0.0152,7.219,4.01,379.4,107.3,13.79,49.12,False,Normal,0,train
PUMP_03,2026-03-06 22:00:00,0.1452,51.47,34.32,57.62,3.903,0.1472,0.0115,7.317,4.17,380.7,100.4,15.53,49.08,False,Normal,0,train
PUMP_03,2026-03-06 23:00:00,0.1586,52.78,34.16,57.57,4.083,0.1493,0.0123,7.108,4.19,390.2,102.4,12.59,49.04,False,Normal,0,train
PUMP_03,2026-03-07 00:00:00,0.1456,50.89,34.44,58.9,4.009,0.1465,0.0105,7.173,4.35,373.8,97.4,13.06,49.0,False,Normal,0,train
PUMP_03,2026-03-07 01:00:00,0.1465,50.0,33.6,59.51,4.023,0.1481,0.0094,7.148,3.91,382.6,96.1,12.72,48.96,False,Normal,0,train
PUMP_03,2026-03-07 02:00:00,0.1673,48.7,33.15,57.18,3.971,0.1536,0.0092,7.214,3.74,373.9,93.0,13.3,48.92,False,Normal,0,train
PUMP_03,2026-03-07 03:00:00,0.1672,49.98,33.45,61.0,3.967,0.1551,0.0107,7.272,4.39,387.8,106.7,15.25,48.88,False,Normal,0,train
PUMP_03,2026-03-07 04:00:00,0.1538,49.26,34.52,58.07,4.04,0.1565,0.0096,7.227,4.37,381.5,103.3,14.25,48.83,False,Normal,0,train
PUMP_03,2026-03-07 05:00:00,0.1428,49.7,34.62,57.32,4.145,0.1539,0.011,7.189,4.51,376.6,107.2,13.54,48.79,False,Normal,0,train
PUMP_03,2026-03-07 06:00:00,0.135,51.93,33.9,59.71,3.916,0.1521,0.0132,7.227,4.17,372.5,114.5,13.74,48.75,False,Normal,0,train
PUMP_03,2026-03-07 07:00:00,0.1366,51.32,34.91,58.17,3.973,0.1504,0.0146,7.186,3.34,378.2,119.5,12.73,48.71,False,Normal,0,train
PUMP_03,2026-03-07 08:00:00,0.1492,49.49,33.9,57.55,3.951,0.1474,0.0121,7.21,4.07,380.9,121.3,13.74,48.67,False,Normal,0,train
PUMP_03,2026-03-07 09:00:00,0.1618,50.13,33.69,57.35,3.879,0.1465,0.0104,7.231,4.01,385.8,133.7,14.25,48.62,False,Normal,0,train
PUMP_03,2026-03-07 10:00:00,0.13,49.99,33.15,60.52,3.878,0.1426,0.0115,7.288,4.49,374.5,131.9,15.02,48.58,False,Normal,0,train
PUMP_03,2026-03-07 11:00:00,0.1286,49.35,33.95,56.81,3.941,0.1402,0.0129,7.222,4.42,375.9,142.1,13.98,48.54,False,Normal,0,train
PUMP_03,2026-03-07 12:00:00,0.1557,47.98,34.64,59.35,3.968,0.1436,0.0139,7.211,4.25,377.5,137.8,13.74,48.5,False,Normal,0,train
PUMP_03,2026-03-07 13:00:00,0.1709,51.24,34.76,57.03,4.113,0.1494,0.0171,7.302,3.17,376.1,136.4,14.39,48.46,False,Normal,0,train
PUMP_03,2026-03-07 14:00:00,0.1613,51.77,34.64,57.25,4.079,0.1514,0.0178,7.102,3.67,377.4,146.6,11.6,48.42,False,Normal,0,train
PUMP_03,2026-03-07 15:00:00,0.1153,49.09,34.3,57.9,3.934,0.1436,0.022,7.195,3.85,375.3,137.2,13.13,48.38,False,Normal,0,train
PUMP_03,2026-03-07 16:00:00,0.1472,49.02,34.96,58.56,4.062,0.1465,0.0209,7.163,3.86,382.1,139.4,12.9,48.33,False,Normal,0,train
PUMP_03,2026-03-07 17:00:00,0.1547,51.36,33.42,56.03,3.936,0.1509,0.0191,7.188,4.07,377.6,133.2,13.26,48.29,False,Normal,0,train
PUMP_03,2026-03-07 18:00:00,0.1326,49.0,34.71,57.35,3.993,0.147,0.0202,7.23,4.59,380.1,127.1,14.4,48.25,False,Normal,0,train
PUMP_03,2026-03-07 19:00:00,0.1368,47.92,34.17,59.23,4.026,0.1413,0.0167,7.249,4.31,381.5,117.5,14.57,48.21,False,Normal,0,train
PUMP_03,2026-03-07 20:00:00,0.1463,49.33,34.13,59.23,4.169,0.1388,0.014,7.174,3.63,373.1,113.0,12.54,48.17,False,Normal,0,train
PUMP_03,2026-03-07 21:00:00,0.1502,52.03,33.15,57.65,4.022,0.1446,0.0083,7.233,3.67,383.0,104.9,13.93,48.12,False,Normal,0,train
PUMP_03,2026-03-07 22:00:00,0.1507,49.21,34.2,56.59,3.882,0.1452,0.0087,7.155,3.63,381.0,106.1,12.57,48.08,False,Normal,0,train
PUMP_03,2026-03-07 23:00:00,0.1583,49.03,34.69,58.26,4.06,0.1458,0.0095,7.136,3.95,381.1,96.4,12.49,48.04,False,Normal,0,train
PUMP_03,2026-03-08 00:00:00,0.1532,49.29,32.72,59.0,4.091,0.1492,0.0073,7.204,4.32,379.3,94.9,13.75,48.0,False,Normal,0,train
PUMP_03,2026-03-08 01:00:00,0.1432,48.27,34.48,58.22,4.071,0.1503,0.0053,7.189,4.39,378.7,98.0,13.54,47.96,False,Normal,0,train
PUMP_03,2026-03-08 02:00:00,0.1483,48.02,32.63,59.69,3.92,0.1506,0.005,7.275,3.85,380.3,93.4,14.6,47.92,False,Normal,0,train
PUMP_03,2026-03-08 03:00:00,0.1454,49.61,33.15,57.68,4.01,0.1498,0.0055,7.306,3.99,380.5,91.2,15.21,47.88,False,Normal,0,train
PUMP_03,2026-03-08 04:00:00,0.1517,47.9,33.94,56.42,3.999,0.15,0.0055,7.17,4.67,374.1,98.1,13.24,47.83,False,Normal,0,train
PUMP_03,2026-03-08 05:00:00,0.1681,49.4,34.95,57.29,4.142,0.1516,0.0089,7.109,3.41,387.9,111.7,11.96,47.79,False,Normal,0,train
PUMP_03,2026-03-08 06:00:00,0.1484,50.4,33.92,58.0,4.049,0.1509,0.0089,7.132,4.26,376.5,113.9,12.44,47.75,False,Normal,0,train
PUMP_03,2026-03-08 07:00:00,0.1757,50.57,34.28,57.16,4.137,0.1563,0.0125,7.158,4.21,380.3,121.2,12.99,47.71,False,Normal,0,train
PUMP_03,2026-03-08 08:00:00,0.1438,49.79,33.45,57.38,3.943,0.1555,0.0132,7.21,3.88,385.8,127.7,13.83,47.67,False,Normal,0,train
PUMP_03,2026-03-08 09:00:00,0.1601,48.2,33.88,59.15,3.983,0.158,0.0123,7.187,3.99,378.3,139.7,13.21,47.62,False,Normal,0,train
PUMP_03,2026-03-08 10:00:00,0.1675,49.38,33.97,57.03,3.957,0.1606,0.0124,7.137,4.17,381.2,129.4,12.66,47.58,False,Normal,0,train
PUMP_03,2026-03-08 11:00:00,0.1593,50.52,34.98,56.4,4.078,0.1591,0.0118,7.289,3.88,369.0,141.1,14.39,47.54,False,Normal,0,train
PUMP_03,2026-03-08 12:00:00,0.1223,50.93,33.55,58.97,4.091,0.1548,0.0191,7.233,3.74,370.1,144.3,13.44,47.5,False,Normal,0,train
PUMP_03,2026-03-08 13:00:00,0.1494,49.59,33.6,58.77,4.031,0.1504,0.0161,7.288,3.71,379.9,144.9,14.7,47.46,False,Normal,0,train
PUMP_03,2026-03-08 14:00:00,0.1339,48.94,34.65,56.76,4.008,0.1488,0.0174,7.11,4.74,380.9,147.3,12.62,47.42,False,Normal,0,train
PUMP_03,2026-03-08 15:00:00,0.1231,50.12,33.85,58.85,4.033,0.1426,0.019,7.264,3.82,385.5,145.0,14.63,47.38,False,Normal,0,train
PUMP_03,2026-03-08 16:00:00,0.1447,49.47,34.07,56.64,3.889,0.1388,0.0149,7.193,4.08,384.0,136.8,13.6,47.33,False,Normal,0,train
PUMP_03,2026-03-08 17:00:00,0.1216,48.47,34.26,57.13,3.967,0.1325,0.0122,7.18,4.31,372.0,125.7,13.07,47.29,False,Normal,0,train
PUMP_03,2026-03-08 18:00:00,0.1437,50.46,33.62,56.67,3.974,0.1361,0.0118,7.201,3.92,386.3,136.5,13.72,47.25,False,Normal,0,train
PUMP_03,2026-03-08 19:00:00,0.1622,50.03,32.77,57.45,3.999,0.1382,0.0153,7.165,4.01,374.0,120.0,12.7,47.21,False,Normal,0,train
PUMP_03,2026-03-08 20:00:00,0.1459,48.34,34.65,58.68,3.948,0.1402,0.0154,7.193,4.2,384.3,113.9,13.71,47.17,False,Normal,0,train
PUMP_03,2026-03-08 21:00:00,0.1394,49.05,34.07,58.32,3.932,0.1429,0.013,7.247,3.66,377.7,112.5,13.93,47.12,False,Normal,0,train
PUMP_03,2026-03-08 22:00:00,0.1426,49.72,33.23,57.02,3.872,0.1426,0.013,7.102,3.39,393.6,100.7,12.07,47.08,False,Normal,0,train
PUMP_03,2026-03-08 23:00:00,0.1611,47.71,34.47,58.23,4.035,0.1491,0.0099,7.275,3.71,377.0,103.5,14.37,47.04,False,Normal,0,train
PUMP_03,2026-03-09 00:00:00,0.1454,48.91,35.21,58.46,3.89,0.1494,0.0097,7.22,4.69,379.6,94.6,14.28,47.0,False,Normal,0,train
PUMP_03,2026-03-09 01:00:00,0.1456,50.95,34.72,59.15,4.08,0.1467,0.0075,7.194,3.77,380.8,102.3,13.28,46.96,False,Normal,0,train
PUMP_03,2026-03-09 02:00:00,0.141,49.27,35.25,58.43,4.026,0.1458,0.0079,7.247,4.05,378.8,97.7,14.23,46.92,False,Normal,0,train
PUMP_03,2026-03-09 03:00:00,0.1437,48.8,33.26,58.89,4.071,0.1466,0.0073,7.206,3.9,375.0,95.6,13.32,46.88,False,Normal,0,train
PUMP_03,2026-03-09 04:00:00,0.1721,51.62,34.15,58.08,3.929,0.1515,0.0123,7.161,5.08,391.0,111.0,14.08,46.83,False,Normal,0,train
PUMP_03,2026-03-09 05:00:00,0.1524,50.52,34.21,57.02,4.149,0.15,0.0114,7.134,4.82,376.9,109.9,12.9,46.79,False,Normal,0,train
PUMP_03,2026-03-09 06:00:00,0.1683,51.04,33.93,58.19,4.178,0.1538,0.0133,7.235,5.22,376.8,111.1,14.78,46.75,False,Normal,0,train
PUMP_03,2026-03-09 07:00:00,0.1692,48.82,33.8,59.46,4.002,0.1578,0.0138,7.08,5.57,379.5,114.4,12.65,46.71,False,Normal,0,train
PUMP_03,2026-03-09 08:00:00,0.1443,49.57,32.22,59.52,4.031,0.1583,0.0131,7.131,7.08,381.0,129.3,14.59,46.67,False,Normal,0,train
PUMP_03,2026-03-09 09:00:00,0.1451,49.98,35.02,54.9,3.999,0.1586,0.0128,7.082,5.82,379.6,138.0,12.88,46.62,False,Normal,0,train
PUMP_03,2026-03-09 10:00:00,0.1637,50.34,33.03,58.75,4.081,0.1572,0.0114,7.18,5.47,388.6,139.2,14.58,46.58,False,Normal,0,train
PUMP_03,2026-03-09 11:00:00,0.1547,53.43,34.54,57.41,4.063,0.1576,0.0112,7.163,3.98,387.5,143.0,13.2,46.54,False,Normal,0,train
PUMP_03,2026-03-09 12:00:00,0.1473,50.13,34.01,58.48,3.858,0.154,0.0104,7.118,5.22,390.1,150.4,13.46,46.5,False,Normal,0,train
PUMP_03,2026-03-09 13:00:00,0.1543,51.63,33.98,56.36,3.934,0.1516,0.0074,7.144,4.18,394.4,147.4,13.32,46.46,False,Normal,0,train
PUMP_03,2026-03-09 14:00:00,0.1602,53.43,33.88,57.48,4.031,0.1542,0.0072,7.202,3.66,390.6,141.5,13.74,46.42,False,Normal,0,train
PUMP_03,2026-03-09 15:00:00,0.1423,52.57,34.12,56.08,4.062,0.1538,0.0079,7.214,3.69,388.8,139.2,13.88,46.38,False,Normal,0,train
PUMP_03,2026-03-09 16:00:00,0.1328,50.24,34.38,57.48,4.012,0.1486,0.01,7.103,4.59,390.9,139.9,12.81,46.33,False,Normal,0,train
PUMP_03,2026-03-09 17:00:00,0.1421,51.72,34.57,58.73,3.864,0.1465,0.0097,7.165,3.98,392.7,134.5,13.46,46.29,False,Normal,0,train
PUMP_03,2026-03-09 18:00:00,0.1279,50.19,33.92,58.53,4.045,0.1433,0.0123,7.208,3.39,383.6,130.8,13.35,46.25,False,Normal,0,train
PUMP_03,2026-03-09 19:00:00,0.1425,49.94,33.28,60.58,4.146,0.1413,0.0111,7.26,3.92,381.7,121.5,14.48,46.21,False,Normal,0,train
PUMP_03,2026-03-09 20:00:00,0.1414,51.26,33.26,57.38,3.816,0.1382,0.0063,7.242,3.67,369.5,116.2,13.5,46.17,False,Normal,0,train
PUMP_03,2026-03-09 21:00:00,0.1307,51.33,34.62,56.95,4.075,0.1362,0.0065,7.177,4.14,376.5,108.9,13.09,46.12,False,Normal,0,train
PUMP_03,2026-03-09 22:00:00,0.1389,50.76,33.84,59.66,4.147,0.1372,0.0063,7.25,3.85,371.7,106.2,13.85,46.08,False,Normal,0,train
PUMP_03,2026-03-09 23:00:00,0.1425,49.75,33.39,55.94,4.075,0.1373,0.0064,7.184,3.37,373.0,101.3,12.52,46.04,False,Normal,0,train
PUMP_03,2026-03-10 00:00:00,0.161,49.28,33.55,58.23,3.994,0.1428,0.0099,7.044,3.97,381.8,94.8,11.06,46.0,False,Normal,0,train
PUMP_03,2026-03-10 01:00:00,0.1395,48.19,33.94,58.6,4.072,0.1423,0.01,7.272,3.98,396.6,94.2,15.33,45.96,False,Normal,0,train
PUMP_03,2026-03-10 02:00:00,0.1429,50.24,33.23,55.23,3.993,0.1426,0.01,7.223,3.5,381.0,97.1,13.56,45.92,False,Normal,0,train
PUMP_03,2026-03-10 03:00:00,0.1515,50.35,33.98,56.69,4.043,0.146,0.0086,7.209,3.22,381.7,98.8,13.17,45.88,False,Normal,0,train
PUMP_03,2026-03-10 04:00:00,0.1671,51.25,34.75,56.36,4.007,0.1508,0.0112,7.2,4.11,376.2,107.6,13.43,45.83,False,Normal,0,train
PUMP_03,2026-03-10 05:00:00,0.1706,47.81,33.93,59.0,4.009,0.1554,0.0128,7.215,3.89,374.8,108.3,13.45,45.79,False,Normal,0,train
PUMP_03,2026-03-10 06:00:00,0.1639,50.16,32.94,57.23,3.939,0.1559,0.0131,7.2,3.91,390.3,107.8,13.87,45.75,False,Normal,0,train
PUMP_03,2026-03-10 07:00:00,0.1704,49.7,34.52,57.69,3.963,0.1611,0.0113,7.186,4.3,376.0,115.3,13.31,45.71,False,Normal,0,train
PUMP_03,2026-03-10 08:00:00,0.1761,49.91,34.67,56.06,4.13,0.1666,0.0084,7.167,3.22,370.0,125.5,12.02,45.67,False,Normal,0,train
PUMP_03,2026-03-10 09:00:00,0.1594,51.87,34.7,57.03,3.95,0.1679,0.0058,7.204,4.02,381.2,135.4,13.63,45.62,False,Normal,0,train
PUMP_03,2026-03-10 10:00:00,0.143,51.92,34.04,57.05,3.844,0.1639,0.0118,7.156,4.27,377.9,134.8,12.89,45.58,False,Normal,0,train
PUMP_03,2026-03-10 11:00:00,0.1514,51.52,35.4,57.74,4.281,0.1607,0.0122,7.143,3.93,383.0,144.3,12.66,45.54,False,Normal,0,train
PUMP_03,2026-03-10 12:00:00,0.1296,50.14,34.44,57.63,3.965,0.155,0.0173,7.213,3.43,387.8,141.1,13.65,45.5,False,Normal,0,train
PUMP_03,2026-03-10 13:00:00,0.1533,49.72,35.79,59.76,3.979,0.1521,0.0156,7.249,3.74,381.8,145.6,14.18,45.46,False,Normal,0,train
PUMP_03,2026-03-10 14:00:00,0.1376,51.81,34.81,58.83,3.968,0.1457,0.011,7.16,3.82,381.1,145.8,12.78,45.42,False,Normal,0,train
PUMP_03,2026-03-10 15:00:00,0.1446,52.57,34.72,55.87,4.001,0.1432,0.0088,7.169,3.37,383.3,137.1,12.7,45.38,False,Normal,0,train
PUMP_03,2026-03-10 16:00:00,0.1401,52.4,33.63,59.22,3.939,0.1428,0.0089,7.115,4.15,393.5,139.3,12.81,45.33,False,Normal,0,train
PUMP_03,2026-03-10 17:00:00,0.1346,50.73,33.43,59.06,4.119,0.14,0.0083,7.134,4.0,391.4,139.0,12.92,45.29,False,Normal,0,train
PUMP_03,2026-03-10 18:00:00,0.1434,50.06,34.07,58.08,3.984,0.1423,0.0065,7.136,3.74,378.4,125.7,12.23,45.25,False,Normal,0,train
PUMP_03,2026-03-10 19:00:00,0.1385,51.04,33.88,59.18,3.916,0.1398,0.0037,7.249,4.39,384.7,120.3,14.75,45.21,False,Normal,0,train
PUMP_03,2026-03-10 20:00:00,0.1319,51.13,33.68,59.44,3.771,0.1388,0.0049,7.113,3.79,388.9,114.5,12.34,45.17,False,Normal,0,train
PUMP_03,2026-03-10 21:00:00,0.1265,49.4,33.92,57.42,4.088,0.1358,0.0061,7.223,4.59,383.5,107.9,14.43,45.12,False,Normal,0,train
PUMP_03,2026-03-10 22:00:00,0.1503,49.71,33.88,56.54,3.965,0.1375,0.0085,7.187,3.89,379.7,102.4,13.2,45.08,False,Normal,0,train
PUMP_03,2026-03-10 23:00:00,0.1293,54.57,33.62,58.68,4.03,0.1366,0.0091,7.23,3.62,377.5,98.1,13.61,45.04,False,Normal,0,train
PUMP_03,2026-03-11 00:00:00,0.1769,49.4,34.39,57.02,3.926,0.1422,0.019,7.258,3.63,380.5,89.6,14.19,45.0,False,Normal,0,train
PUMP_03,2026-03-11 01:00:00,0.1719,51.28,33.55,58.32,4.008,0.1478,0.0223,7.199,4.04,374.3,96.8,13.26,44.96,False,Normal,0,train
PUMP_03,2026-03-11 02:00:00,0.1312,49.23,33.97,56.75,3.998,0.1477,0.0224,7.257,3.57,384.5,91.6,14.29,44.92,False,Normal,0,train
PUMP_03,2026-03-11 03:00:00,0.1665,49.81,33.27,59.17,4.074,0.1544,0.0207,7.277,4.06,387.0,99.9,15.07,44.88,False,Normal,0,train
PUMP_03,2026-03-11 04:00:00,0.1757,48.62,34.06,57.09,4.013,0.1586,0.0223,7.267,3.84,378.0,105.1,14.38,44.83,False,Normal,0,train
PUMP_03,2026-03-11 05:00:00,0.1509,48.62,34.12,57.75,3.91,0.1622,0.0179,7.166,3.83,377.7,109.1,12.75,44.79,False,Normal,0,train
PUMP_03,2026-03-11 06:00:00,0.1653,50.93,33.42,57.67,4.192,0.1602,0.0166,7.102,3.98,374.7,110.0,11.69,44.75,False,Normal,0,train
PUMP_03,2026-03-11 07:00:00,0.1578,50.75,34.04,56.3,4.035,0.1579,0.0155,7.194,4.4,382.3,121.3,13.78,44.71,False,Normal,0,train
PUMP_03,2026-03-11 08:00:00,0.1689,52.76,33.94,59.3,3.924,0.1642,0.0087,7.209,3.78,379.9,125.6,13.49,44.67,False,Normal,0,train
PUMP_03,2026-03-11 09:00:00,0.1504,50.04,33.72,59.54,4.015,0.1615,0.0102,7.102,4.07,372.8,130.1,11.69,44.62,False,Normal,0,train
PUMP_03,2026-03-11 10:00:00,0.1702,50.23,33.73,57.83,4.031,0.1606,0.0088,7.203,4.18,394.6,145.9,14.28,44.58,False,Normal,0,train
PUMP_03,2026-03-11 11:00:00,0.1504,49.94,34.27,57.09,4.039,0.1605,0.0089,7.071,3.52,371.1,138.1,10.73,44.54,False,Normal,0,train
PUMP_03,2026-03-11 12:00:00,0.1452,48.54,34.02,57.72,4.029,0.1571,0.0104,7.277,4.21,372.8,146.1,14.58,44.5,False,Normal,0,train
PUMP_03,2026-03-11 13:00:00,0.1571,50.88,34.57,57.39,4.02,0.157,0.0104,7.224,4.33,384.7,151.1,14.31,44.46,False,Normal,0,train
PUMP_03,2026-03-11 14:00:00,0.1585,49.75,33.38,57.97,4.073,0.1553,0.0088,7.159,4.39,383.3,145.7,13.25,44.42,False,Normal,0,train
PUMP_03,2026-03-11 15:00:00,0.1079,47.85,33.89,57.63,4.058,0.1482,0.0215,7.206,3.56,376.4,139.2,13.14,44.38,False,Normal,0,train
PUMP_03,2026-03-11 16:00:00,0.0978,51.66,33.63,56.91,4.06,0.1362,0.0264,7.213,3.58,376.1,135.5,13.25,44.33,False,Normal,0,train
PUMP_03,2026-03-11 17:00:00,0.1455,49.14,34.04,59.36,3.858,0.1353,0.026,7.224,3.98,382.3,126.9,13.97,44.29,False,Normal,0,train
PUMP_03,2026-03-11 18:00:00,0.1301,50.5,34.16,57.74,3.861,0.1328,0.0256,7.203,3.96,381.9,126.8,13.6,44.25,False,Normal,0,train
PUMP_03,2026-03-11 19:00:00,0.1205,50.55,33.29,60.32,3.937,0.1267,0.0228,7.247,4.01,376.5,120.5,14.11,44.21,False,Normal,0,train
PUMP_03,2026-03-11 20:00:00,0.1357,50.32,34.36,58.13,3.98,0.1229,0.0178,7.137,3.86,385.0,112.5,12.59,44.17,False,Normal,0,train
PUMP_03,2026-03-11 21:00:00,0.1866,48.49,35.3,57.51,3.939,0.136,0.0296,7.194,4.07,382.9,113.2,13.57,44.12,False,Normal,0,train
PUMP_03,2026-03-11 22:00:00,0.125,52.09,34.1,57.66,3.919,0.1406,0.0242,7.289,2.98,386.7,102.2,14.49,44.08,False,Normal,0,train
PUMP_03,2026-03-11 23:00:00,0.1607,48.91,33.48,57.56,4.019,0.1431,0.0256,7.182,4.26,379.8,92.1,13.39,44.04,False,Normal,0,train
PUMP_03,2026-03-12 00:00:00,0.1386,46.32,33.82,57.87,3.93,0.1445,0.0249,7.212,4.59,384.1,101.9,14.27,44.0,False,Normal,0,train
PUMP_03,2026-03-12 01:00:00,0.1308,51.27,33.81,58.27,3.808,0.1462,0.0232,7.15,3.78,378.9,90.4,12.5,43.96,False,Normal,0,train
PUMP_03,2026-03-12 02:00:00,0.1458,51.22,33.6,56.65,3.891,0.1479,0.0227,7.308,4.08,382.7,98.0,15.39,43.92,False,Normal,0,train
PUMP_03,2026-03-12 03:00:00,0.1358,48.21,34.43,56.77,3.951,0.1394,0.0126,7.214,4.67,381.8,101.1,14.27,43.88,False,Normal,0,train
PUMP_03,2026-03-12 04:00:00,0.1351,49.99,32.91,58.94,3.979,0.1411,0.0108,7.137,4.01,384.2,102.2,12.68,43.83,False,Normal,0,train
PUMP_03,2026-03-12 05:00:00,0.1488,51.62,34.16,58.62,4.072,0.1392,0.0069,7.255,4.12,382.6,111.4,14.57,43.79,False,Normal,0,train
PUMP_03,2026-03-12 06:00:00,0.1436,52.12,34.77,56.11,4.035,0.14,0.0071,7.146,4.74,370.6,114.0,12.76,43.75,False,Normal,0,train
PUMP_03,2026-03-12 07:00:00,0.1575,50.92,34.74,58.63,3.84,0.1444,0.0084,7.234,4.81,376.9,118.7,14.49,43.71,False,Normal,0,train
PUMP_03,2026-03-12 08:00:00,0.1612,51.24,34.61,59.01,4.116,0.147,0.0109,7.251,3.58,380.4,118.3,14.04,43.67,False,Normal,0,train
PUMP_03,2026-03-12 09:00:00,0.1452,51.08,33.6,58.3,3.984,0.1486,0.0096,7.301,3.84,382.3,125.7,15.1,43.62,False,Normal,0,train
PUMP_03,2026-03-12 10:00:00,0.1644,49.79,34.87,56.02,4.006,0.1534,0.0088,7.211,4.36,384.1,148.9,14.1,43.58,False,Normal,0,train
PUMP_03,2026-03-12 11:00:00,0.1426,48.37,34.22,56.4,4.01,0.1524,0.0097,7.202,4.2,382.7,144.8,13.79,43.54,False,Normal,0,train
PUMP_03,2026-03-12 12:00:00,0.1477,49.61,34.85,57.94,3.932,0.1531,0.0091,7.099,4.28,376.5,149.3,11.93,43.5,False,Normal,0,train
PUMP_03,2026-03-12 13:00:00,0.1149,51.69,34.65,60.26,4.045,0.146,0.0176,7.177,2.95,384.6,155.2,12.59,43.46,False,Normal,0,train
PUMP_03,2026-03-12 14:00:00,0.1462,51.67,34.19,57.35,3.844,0.1435,0.016,7.164,3.22,376.0,142.9,12.21,43.42,False,Normal,0,train
PUMP_03,2026-03-12 15:00:00,0.1767,50.31,33.85,58.73,4.107,0.1488,0.0211,7.191,4.71,386.3,141.3,14.12,43.38,False,Normal,0,train
PUMP_03,2026-03-12 16:00:00,0.1533,49.5,35.42,57.23,4.015,0.1469,0.0199,7.174,4.31,386.6,131.3,13.58,43.33,False,Normal,0,train
PUMP_03,2026-03-12 17:00:00,0.1378,52.6,32.93,60.04,4.029,0.1461,0.0202,7.239,4.14,379.9,131.5,14.23,43.29,False,Normal,0,train
PUMP_03,2026-03-12 18:00:00,0.1226,50.19,33.9,58.05,4.042,0.1419,0.0223,7.172,3.5,376.8,125.4,12.57,43.25,False,Normal,0,train
PUMP_03,2026-03-12 19:00:00,0.1648,50.96,33.16,56.54,3.965,0.1502,0.0193,7.224,3.83,376.5,118.6,13.62,43.21,False,Normal,0,train
PUMP_03,2026-03-12 20:00:00,0.1389,48.19,34.07,57.02,4.102,0.149,0.0198,7.194,4.23,374.5,117.9,13.34,43.17,False,Normal,0,train
PUMP_03,2026-03-12 21:00:00,0.1328,49.92,34.21,56.92,3.942,0.1417,0.0151,7.169,3.45,375.4,110.6,12.42,43.12,False,Normal,0,train
PUMP_03,2026-03-12 22:00:00,0.1353,51.63,33.61,58.14,3.92,0.1387,0.0141,7.164,3.72,379.1,106.2,12.69,43.08,False,Normal,0,train
PUMP_03,2026-03-12 23:00:00,0.1785,47.95,33.66,57.16,4.012,0.1455,0.0214,7.212,4.15,377.2,93.7,13.67,43.04,False,Normal,0,train
PUMP_03,2026-03-13 00:00:00,0.1482,49.94,33.21,57.41,3.89,0.1498,0.0183,7.269,4.24,372.0,96.2,14.43,43.0,False,Normal,0,train
PUMP_03,2026-03-13 01:00:00,0.1593,50.61,34.27,60.34,3.955,0.1488,0.0175,7.163,3.79,377.6,96.6,12.67,42.96,False,Normal,0,train
PUMP_03,2026-03-13 02:00:00,0.152,52.14,33.72,57.3,4.021,0.151,0.0168,7.202,4.39,380.5,103.5,13.83,42.92,False,Normal,0,train
PUMP_03,2026-03-13 03:00:00,0.1561,51.46,34.25,58.21,4.059,0.1549,0.0142,7.224,4.38,378.3,99.0,14.08,42.88,False,Normal,0,train
PUMP_03,2026-03-13 04:00:00,0.1523,52.54,33.69,57.67,3.997,0.1577,0.0109,7.199,3.28,375.5,101.9,12.8,42.83,False,Normal,0,train
PUMP_03,2026-03-13 05:00:00,0.181,51.25,34.15,57.94,3.928,0.1581,0.0118,7.112,4.66,368.0,112.0,12.05,42.79,False,Normal,0,train
PUMP_03,2026-03-13 06:00:00,0.1607,51.33,34.44,58.8,3.973,0.1602,0.0108,7.224,4.47,385.7,112.7,14.45,42.75,False,Normal,0,train
PUMP_03,2026-03-13 07:00:00,0.1385,48.57,34.29,55.36,3.947,0.1568,0.014,7.125,4.08,379.8,122.1,12.34,42.71,False,Normal,0,train
PUMP_03,2026-03-13 08:00:00,0.1646,48.52,34.13,58.18,3.992,0.1589,0.0141,7.125,3.95,381.6,128.4,12.33,42.67,False,Normal,0,train
PUMP_03,2026-03-13 09:00:00,0.1553,52.52,33.94,57.55,3.95,0.1587,0.0141,7.135,4.32,380.9,130.6,12.71,42.62,False,Normal,0,train
PUMP_03,2026-03-13 10:00:00,0.1607,49.32,34.29,58.21,3.922,0.1601,0.0138,7.192,4.21,382.5,135.1,13.62,42.58,False,Normal,0,train
PUMP_03,2026-03-13 11:00:00,0.1476,49.19,33.64,57.76,3.912,0.1546,0.0098,7.152,3.89,381.2,141.5,12.7,42.54,False,Normal,0,train
PUMP_03,2026-03-13 12:00:00,0.1419,46.54,33.88,57.77,3.853,0.1514,0.0105,7.128,4.64,380.5,142.4,12.82,42.5,False,Normal,0,train
PUMP_03,2026-03-13 13:00:00,0.1608,51.59,34.21,58.35,4.087,0.1551,0.0088,7.219,3.16,383.8,139.0,13.37,42.46,False,Normal,0,train
PUMP_03,2026-03-13 14:00:00,0.1729,48.32,34.92,57.34,4.057,0.1565,0.0109,7.199,3.73,384.9,147.0,13.5,42.42,False,Normal,0,train
PUMP_03,2026-03-13 15:00:00,0.115,48.77,33.63,60.36,3.902,0.1498,0.0203,7.238,4.18,386.9,143.9,14.52,42.38,False,Normal,0,train
PUMP_03,2026-03-13 16:00:00,0.1426,51.64,33.47,56.85,4.052,0.1468,0.0197,7.164,3.98,375.8,134.7,12.73,42.33,False,Normal,0,train
PUMP_03,2026-03-13 17:00:00,0.1322,46.69,34.17,59.73,4.003,0.1442,0.0205,7.197,4.28,381.2,129.1,13.7,42.29,False,Normal,0,train
PUMP_03,2026-03-13 18:00:00,0.1263,52.04,34.72,56.51,3.897,0.1416,0.0218,7.24,3.44,372.0,128.4,13.42,42.25,False,Normal,0,train
PUMP_03,2026-03-13 19:00:00,0.108,48.76,34.49,57.68,3.916,0.1328,0.0231,7.134,3.9,377.6,127.0,12.28,42.21,False,Normal,0,train
PUMP_03,2026-03-13 20:00:00,0.1468,49.78,34.01,58.37,3.988,0.1285,0.0152,7.167,4.46,379.0,117.6,13.25,42.17,False,Normal,0,train
PUMP_03,2026-03-13 21:00:00,0.1357,48.84,34.74,56.88,4.059,0.1319,0.0138,7.25,3.4,383.7,112.3,14.03,42.12,False,Normal,0,train
PUMP_03,2026-03-13 22:00:00,0.1369,48.01,32.91,56.8,4.048,0.131,0.0131,7.201,3.9,379.4,101.1,13.42,42.08,False,Normal,0,train
PUMP_03,2026-03-13 23:00:00,0.1655,48.86,34.61,57.66,3.957,0.1365,0.0193,7.192,3.79,383.4,100.0,13.37,42.04,False,Normal,0,train
PUMP_03,2026-03-14 00:00:00,0.1434,48.76,33.81,59.07,4.037,0.1394,0.0188,7.198,4.15,378.3,95.3,13.5,42.0,False,Normal,0,train
PUMP_03,2026-03-14 01:00:00,0.1454,48.15,34.38,58.1,3.987,0.1456,0.0107,7.261,4.16,377.1,92.1,14.47,41.96,False,Normal,0,train
PUMP_03,2026-03-14 02:00:00,0.135,52.31,34.6,60.27,3.941,0.1436,0.0115,7.199,4.04,376.0,96.6,13.34,41.92,False,Normal,0,train
PUMP_03,2026-03-14 03:00:00,0.1435,48.55,34.12,58.68,4.077,0.145,0.0109,7.202,3.88,383.5,94.9,13.6,41.88,False,Normal,0,train
PUMP_03,2026-03-14 04:00:00,0.1807,47.17,34.04,57.45,4.012,0.1522,0.0172,7.199,4.03,378.1,99.3,13.43,41.83,False,Normal,0,train
PUMP_03,2026-03-14 05:00:00,0.1688,46.9,33.77,54.77,4.041,0.1528,0.0178,7.119,3.93,367.9,105.7,11.66,41.79,False,Normal,0,train
PUMP_03,2026-03-14 06:00:00,0.1793,50.65,35.01,56.14,3.912,0.1588,0.0199,7.225,3.99,383.2,112.2,14.03,41.75,False,Normal,0,train
PUMP_03,2026-03-14 07:00:00,0.1471,47.4,34.21,57.68,3.958,0.1591,0.0197,7.159,4.58,375.4,119.9,13.06,41.71,False,Normal,0,train
PUMP_03,2026-03-14 08:00:00,0.1641,49.73,34.13,56.12,4.066,0.1639,0.0158,7.137,3.52,381.0,118.2,12.19,41.67,False,Normal,0,train
PUMP_03,2026-03-14 09:00:00,0.1728,52.95,34.91,57.77,3.978,0.1688,0.0123,7.113,4.14,374.4,128.8,11.96,41.62,False,Normal,0,train
PUMP_03,2026-03-14 10:00:00,0.1637,50.27,33.7,58.27,3.982,0.166,0.0109,7.123,3.62,380.1,144.0,12.01,41.58,False,Normal,0,train
PUMP_03,2026-03-14 11:00:00,0.1763,50.49,33.85,57.65,3.915,0.1672,0.0117,7.087,4.78,365.6,141.6,11.63,41.54,False,Normal,0,train
PUMP_03,2026-03-14 12:00:00,0.156,49.21,34.56,57.67,4.016,0.1633,0.0107,7.149,4.04,379.8,146.4,12.7,41.5,False,Normal,0,train
PUMP_03,2026-03-14 13:00:00,0.1474,49.98,35.06,60.35,3.914,0.1634,0.0106,7.178,3.49,375.6,146.7,12.61,41.46,False,Normal,0,train
PUMP_03,2026-03-14 14:00:00,0.1097,49.68,34.03,58.08,4.029,0.1543,0.0243,7.253,3.91,373.7,143.7,14.02,41.42,False,Normal,0,train
PUMP_03,2026-03-14 15:00:00,0.1492,50.46,34.23,57.83,3.921,0.1504,0.0226,7.203,3.42,383.8,138.1,13.3,41.38,False,Normal,0,train
PUMP_03,2026-03-14 16:00:00,0.1503,52.49,33.05,56.81,3.983,0.1482,0.0216,7.213,3.75,379.4,135.5,13.5,41.33,False,Normal,0,train
PUMP_03,2026-03-14 17:00:00,0.1576,49.36,34.77,58.0,4.126,0.145,0.0178,7.264,4.25,378.8,140.3,14.65,41.29,False,Normal,0,train
PUMP_03,2026-03-14 18:00:00,0.1281,48.82,33.35,57.43,4.029,0.1404,0.018,7.057,4.54,376.4,124.3,11.45,41.25,False,Normal,0,train
PUMP_03,2026-03-14 19:00:00,0.1398,49.89,33.68,60.16,3.972,0.1391,0.0176,7.22,4.43,384.5,126.9,14.3,41.21,False,Normal,0,train
PUMP_03,2026-03-14 20:00:00,0.1175,51.44,34.11,58.68,4.069,0.1404,0.0151,7.216,3.96,377.8,111.9,13.63,41.17,False,Normal,0,train
PUMP_03,2026-03-14 21:00:00,0.1187,49.49,33.61,59.7,3.942,0.1353,0.0167,7.241,4.23,387.4,106.2,14.63,41.12,False,Normal,0,train
PUMP_03,2026-03-14 22:00:00,0.1527,50.4,32.84,58.25,3.921,0.1357,0.0171,7.11,4.32,386.1,102.6,12.55,41.08,False,Normal,0,train
PUMP_03,2026-03-14 23:00:00,0.1664,50.77,33.26,59.5,3.971,0.1372,0.0196,7.171,4.9,387.1,97.6,13.97,41.04,False,Normal,0,train
PUMP_03,2026-03-15 00:00:00,0.1695,53.23,34.06,56.8,4.088,0.1441,0.0227,7.153,3.76,384.8,92.1,12.79,41.0,False,Normal,0,train
PUMP_03,2026-03-15 01:00:00,0.1592,51.38,34.9,58.3,4.083,0.1473,0.0234,7.136,4.6,377.0,94.9,12.77,40.96,False,Normal,0,train
PUMP_03,2026-03-15 02:00:00,0.1857,48.69,34.85,56.96,3.96,0.1587,0.0225,7.316,3.56,380.3,90.0,15.06,40.92,False,Normal,0,train
PUMP_03,2026-03-15 03:00:00,0.1512,46.71,34.23,57.47,3.977,0.1641,0.0128,7.172,4.47,379.0,99.8,13.34,40.88,False,Normal,0,train
PUMP_03,2026-03-15 04:00:00,0.1721,50.23,34.09,58.05,4.034,0.1674,0.0118,7.246,3.75,384.2,103.2,14.24,40.83,False,Normal,0,train
PUMP_03,2026-03-15 05:00:00,0.1399,48.94,34.48,56.85,4.194,0.1629,0.0163,7.235,3.73,379.9,110.4,13.87,40.79,False,Normal,0,train
PUMP_03,2026-03-15 06:00:00,0.1128,49.27,34.8,56.25,3.981,0.1535,0.0255,7.128,3.89,378.8,111.5,12.22,40.75,False,Normal,0,train
PUMP_03,2026-03-15 07:00:00,0.1524,48.51,34.07,59.18,4.111,0.1524,0.0254,7.174,3.69,388.3,123.0,13.21,40.71,False,Normal,0,train
PUMP_03,2026-03-15 08:00:00,0.1569,49.24,34.09,55.98,4.02,0.1475,0.02,7.203,4.17,378.4,128.2,13.6,40.67,False,Normal,0,train
PUMP_03,2026-03-15 09:00:00,0.1606,49.21,34.12,60.03,4.068,0.1491,0.0207,7.22,4.49,376.9,133.0,14.03,40.62,False,Normal,0,train
PUMP_03,2026-03-15 10:00:00,0.1522,49.83,34.61,57.02,4.081,0.1458,0.0176,7.217,3.16,378.0,145.6,13.09,40.58,False,Normal,0,train
PUMP_03,2026-03-15 11:00:00,0.158,48.99,33.18,58.68,4.014,0.1488,0.0179,7.288,3.93,385.4,143.5,15.08,40.54,False,Normal,0,train
PUMP_03,2026-03-15 12:00:00,0.1761,48.92,34.01,58.75,3.998,0.1594,0.0088,7.246,3.57,380.9,142.3,13.96,40.5,False,Normal,0,train
PUMP_03,2026-03-15 13:00:00,0.1585,50.8,34.24,56.67,3.983,0.1604,0.0082,7.233,4.36,382.3,151.1,14.37,40.46,False,Normal,0,train
PUMP_03,2026-03-15 14:00:00,0.1335,50.0,32.86,58.55,4.028,0.1565,0.0138,7.248,4.57,381.2,146.2,14.72,40.42,False,Normal,0,train
PUMP_03,2026-03-15 15:00:00,0.1052,50.01,34.55,58.21,4.095,0.1472,0.0247,7.268,3.93,369.0,148.8,14.08,40.38,False,Normal,0,train
PUMP_03,2026-03-15 16:00:00,0.1252,49.93,34.65,58.76,4.106,0.1428,0.0261,7.169,3.72,374.7,130.3,12.58,40.33,False,Normal,0,train
PUMP_03,2026-03-15 17:00:00,0.1605,48.66,32.83,59.45,4.097,0.1432,0.0264,7.121,3.35,378.6,131.3,11.73,40.29,False,Normal,0,train
PUMP_03,2026-03-15 18:00:00,0.1324,52.16,33.75,58.98,3.963,0.1359,0.0209,7.17,4.78,381.6,125.3,13.63,40.25,False,Normal,0,train
PUMP_03,2026-03-15 19:00:00,0.1505,53.05,33.77,56.96,3.955,0.1346,0.0194,7.131,4.53,375.1,112.4,12.57,40.21,False,Normal,0,train
PUMP_03,2026-03-15 20:00:00,0.1509,51.86,33.47,57.84,3.934,0.1374,0.0205,7.151,3.21,374.9,114.2,11.95,40.17,False,Normal,0,train
PUMP_03,2026-03-15 21:00:00,0.1421,47.35,33.55,57.01,4.012,0.1436,0.0131,7.205,4.26,378.4,106.0,13.7,40.12,False,Normal,0,train
PUMP_03,2026-03-15 22:00:00,0.1437,49.01,33.69,57.31,4.075,0.1467,0.0096,7.172,3.56,386.6,94.3,13.02,40.08,False,Normal,0,train
PUMP_03,2026-03-15 23:00:00,0.1374,51.06,34.37,58.59,3.955,0.1428,0.0073,7.232,3.8,369.2,95.3,13.43,40.04,False,Normal,0,train
PUMP_03,2026-03-16 00:00:00,0.1834,48.87,34.75,58.73,3.985,0.1513,0.0165,7.215,3.5,366.7,101.4,12.84,40.0,False,Normal,0,train
PUMP_03,2026-03-16 01:00:00,0.1382,48.95,34.33,58.7,4.052,0.1493,0.0174,7.218,3.2,388.7,98.6,13.59,39.96,False,Normal,0,train
PUMP_03,2026-03-16 02:00:00,0.1718,47.94,33.45,58.35,3.974,0.1528,0.0197,7.137,3.98,372.3,93.0,12.16,39.92,False,Normal,0,train
PUMP_03,2026-03-16 03:00:00,0.1695,49.46,34.47,58.53,3.985,0.1573,0.0199,7.156,4.76,378.0,95.4,13.24,39.88,False,Normal,0,train
PUMP_03,2026-03-16 04:00:00,0.1679,48.77,34.36,57.45,4.089,0.1614,0.019,7.105,3.63,372.5,105.8,11.4,39.83,False,Normal,0,train
PUMP_03,2026-03-16 05:00:00,0.1579,46.41,32.24,59.62,4.002,0.1648,0.0154,7.228,4.36,378.5,99.6,14.14,39.79,False,Normal,0,train
PUMP_03,2026-03-16 06:00:00,0.1378,51.73,34.74,58.8,3.942,0.1572,0.0156,7.296,4.42,379.3,115.9,15.3,39.75,False,Normal,0,train
PUMP_03,2026-03-16 07:00:00,0.1424,50.63,34.08,57.97,4.008,0.1579,0.0146,7.209,4.29,388.1,112.7,14.18,39.71,False,Normal,0,train
PUMP_03,2026-03-16 08:00:00,0.147,48.0,34.1,59.35,4.035,0.1538,0.0134,7.213,4.8,383.6,133.0,14.42,39.67,False,Normal,0,train
PUMP_03,2026-03-16 09:00:00,0.1626,51.3,32.95,57.38,4.2,0.1526,0.012,7.173,4.38,373.6,135.1,13.07,39.62,False,Normal,0,train
PUMP_03,2026-03-16 10:00:00,0.1684,50.19,34.97,58.14,4.122,0.1527,0.0121,7.189,4.72,370.5,130.3,13.43,39.58,False,Normal,0,train
PUMP_03,2026-03-16 11:00:00,0.1573,51.74,34.2,59.07,4.255,0.1526,0.0121,7.264,3.54,382.5,140.1,14.3,39.54,False,Normal,0,train
PUMP_03,2026-03-16 12:00:00,0.1539,51.1,34.47,56.54,3.915,0.1553,0.0097,7.205,4.3,377.4,145.4,13.67,39.5,False,Normal,0,train
PUMP_03,2026-03-16 13:00:00,0.163,48.84,33.21,60.67,4.111,0.1587,0.0076,7.232,4.6,376.4,137.1,14.28,39.46,False,Normal,0,train
PUMP_03,2026-03-16 14:00:00,0.1137,51.0,34.31,57.29,4.124,0.1531,0.02,7.265,3.69,385.9,144.0,14.57,39.42,False,Normal,0,train
PUMP_03,2026-03-16 15:00:00,0.1098,51.07,34.32,57.46,4.002,0.1444,0.0258,7.255,2.61,371.2,143.6,13.04,39.38,False,Normal,0,train
PUMP_03,2026-03-16 16:00:00,0.1181,51.58,33.91,58.02,3.969,0.136,0.0245,7.202,3.49,378.2,129.4,13.09,39.33,False,Normal,0,train
PUMP_03,2026-03-16 17:00:00,0.1542,51.5,33.22,58.89,4.059,0.1354,0.024,7.205,3.71,383.2,135.5,13.51,39.29,False,Normal,0,train
PUMP_03,2026-03-16 18:00:00,0.1099,53.12,33.96,59.0,3.974,0.1281,0.024,7.181,4.22,374.1,126.0,13.1,39.25,False,Normal,0,train
PUMP_03,2026-03-16 19:00:00,0.1402,51.43,33.43,59.8,3.908,0.1243,0.0185,7.225,3.77,386.5,123.7,14.01,39.21,False,Normal,0,train
PUMP_03,2026-03-16 20:00:00,0.1277,48.82,33.58,57.92,3.887,0.1267,0.0178,7.179,4.0,374.9,112.6,12.96,39.17,False,Normal,0,train
PUMP_03,2026-03-16 21:00:00,0.1453,50.27,34.7,58.4,3.88,0.1326,0.0169,7.218,3.76,379.6,103.3,13.6,39.12,False,Normal,0,train
PUMP_03,2026-03-16 22:00:00,0.1429,48.43,34.05,56.15,4.019,0.1367,0.0157,7.252,3.95,376.5,97.7,14.15,39.08,False,Normal,0,train
PUMP_03,2026-03-16 23:00:00,0.1512,51.81,33.95,56.72,4.054,0.1362,0.0151,7.116,3.97,366.3,97.1,11.56,39.04,False,Normal,0,train
PUMP_03,2026-03-17 00:00:00,0.144,48.72,33.29,57.89,3.922,0.1419,0.0078,7.107,3.75,377.9,95.1,11.75,39.0,False,Normal,0,train
PUMP_03,2026-03-17 01:00:00,0.1632,53.35,33.97,58.43,4.039,0.1457,0.0116,7.198,4.33,384.0,99.3,13.86,38.96,False,Normal,0,train
PUMP_03,2026-03-17 02:00:00,0.177,49.56,33.91,57.94,4.038,0.1539,0.0136,7.233,4.55,374.8,94.7,14.21,38.92,False,Normal,0,train
PUMP_03,2026-03-17 03:00:00,0.176,49.93,33.41,58.63,4.028,0.159,0.0153,7.214,3.54,376.9,92.1,13.28,38.88,False,Normal,0,train
PUMP_03,2026-03-17 04:00:00,0.1532,49.3,34.65,57.93,4.054,0.1608,0.0136,7.139,4.09,377.4,100.5,12.48,38.83,False,Normal,0,train
PUMP_03,2026-03-17 05:00:00,0.1467,48.92,34.62,57.72,4.017,0.16,0.0144,7.245,3.43,382.7,101.4,13.93,38.79,False,Normal,0,train
PUMP_03,2026-03-17 06:00:00,0.1629,49.2,33.54,60.88,4.107,0.1632,0.0121,7.295,3.3,378.2,114.9,14.46,38.75,False,Normal,0,train
PUMP_03,2026-03-17 07:00:00,0.1893,50.35,34.24,57.68,4.05,0.1675,0.0161,7.157,4.41,380.1,122.3,13.1,38.71,False,Normal,0,train
PUMP_03,2026-03-17 08:00:00,0.1579,50.03,32.89,59.21,3.9,0.1643,0.0157,7.164,4.8,380.2,129.5,13.49,38.67,False,Normal,0,train
PUMP_03,2026-03-17 09:00:00,0.1697,49.36,34.19,56.43,4.147,0.1633,0.015,7.201,3.87,377.4,131.3,13.32,38.62,False,Normal,0,train
PUMP_03,2026-03-17 10:00:00,0.1668,50.46,34.47,58.15,3.923,0.1656,0.0142,7.194,4.73,388.4,134.9,14.26,38.58,False,Normal,0,train
PUMP_03,2026-03-17 11:00:00,0.1642,49.19,33.33,57.19,3.999,0.1685,0.0109,7.26,3.74,374.9,139.6,14.07,38.54,False,Normal,0,train
PUMP_03,2026-03-17 12:00:00,0.1691,49.99,34.01,60.38,4.204,0.1695,0.0106,7.214,3.91,383.5,143.8,13.81,38.5,False,Normal,0,train
PUMP_03,2026-03-17 13:00:00,0.1277,52.65,34.08,57.33,4.039,0.1592,0.016,7.185,4.67,386.4,143.0,14.0,38.46,False,Normal,0,train
PUMP_03,2026-03-17 14:00:00,0.1306,49.14,35.73,57.96,3.934,0.1547,0.0199,7.171,3.63,379.3,150.6,12.74,38.42,False,Normal,0,train
PUMP_03,2026-03-17 15:00:00,0.1436,49.54,35.55,57.01,4.027,0.1503,0.0188,6.91,11.85,380.3,140.2,17.25,38.38,False,Normal,0,train
PUMP_03,2026-03-17 16:00:00,0.1598,48.27,34.19,56.94,4.042,0.1492,0.0177,6.801,20.24,382.7,137.3,24.97,38.33,False,Normal,0,train
PUMP_03,2026-03-17 17:00:00,0.1588,49.49,33.6,57.91,4.016,0.1483,0.0169,6.763,20.09,378.1,129.5,25.27,38.29,False,Normal,0,train
PUMP_03,2026-03-17 18:00:00,0.1393,50.56,34.15,58.44,3.959,0.1433,0.0137,6.728,20.17,370.5,123.6,25.59,38.25,False,Normal,0,train
PUMP_03,2026-03-17 19:00:00,0.1553,49.21,34.68,59.27,3.898,0.1479,0.0119,6.737,19.51,378.8,114.9,25.31,38.21,False,Normal,0,train
PUMP_03,2026-03-17 20:00:00,0.135,48.3,33.0,57.31,3.907,0.1486,0.0107,6.727,20.88,388.2,109.4,26.83,38.17,False,Normal,0,train
PUMP_03,2026-03-17 21:00:00,0.1305,50.54,32.75,57.29,3.938,0.1464,0.013,6.858,12.98,436.3,115.0,21.21,38.12,False,Normal,0,train
PUMP_03,2026-03-17 22:00:00,0.1251,50.7,33.31,59.54,4.104,0.1407,0.0136,7.129,3.94,497.4,104.5,17.21,38.08,False,Normal,0,train
PUMP_03,2026-03-17 23:00:00,0.1454,50.92,34.46,59.91,3.902,0.1384,0.0108,7.19,3.72,500.8,97.0,18.17,38.04,False,Normal,0,train
PUMP_03,2026-03-18 00:00:00,0.1448,48.14,34.49,57.9,4.012,0.1394,0.0111,7.189,4.12,496.3,93.2,18.25,38.0,False,Normal,0,train
PUMP_03,2026-03-18 01:00:00,0.1676,52.06,34.27,58.56,4.112,0.1414,0.0151,7.199,4.35,497.1,99.9,18.62,37.96,False,Normal,0,train
PUMP_03,2026-03-18 02:00:00,0.1634,49.27,34.67,60.0,4.052,0.1461,0.017,7.285,3.89,494.8,92.5,19.57,37.92,False,Normal,0,train
PUMP_03,2026-03-18 03:00:00,0.1579,48.49,33.89,61.18,4.114,0.1507,0.0156,7.186,4.39,445.9,91.5,16.29,37.88,False,Normal,0,train
PUMP_03,2026-03-18 04:00:00,0.1595,51.54,33.84,58.5,3.953,0.1564,0.0094,7.162,4.11,377.3,104.2,12.86,37.83,False,Normal,0,train
PUMP_03,2026-03-18 05:00:00,0.1534,52.0,34.23,58.9,4.05,0.1578,0.008,7.203,3.96,378.4,103.8,13.45,37.79,False,Normal,0,train
PUMP_03,2026-03-18 06:00:00,0.1333,49.53,35.03,58.16,4.092,0.1559,0.0121,7.13,4.36,384.4,108.4,12.82,37.75,False,Normal,0,train
PUMP_03,2026-03-18 07:00:00,0.1419,48.75,34.25,56.22,4.075,0.1516,0.0116,7.208,3.8,379.0,115.6,13.44,37.71,False,Normal,0,train
PUMP_03,2026-03-18 08:00:00,0.1705,50.66,33.94,58.42,4.071,0.1528,0.0133,7.164,3.5,382.8,128.1,12.69,37.67,False,Normal,0,train
PUMP_03,2026-03-18 09:00:00,0.155,48.0,34.24,59.65,3.904,0.1523,0.0131,7.211,3.98,383.2,132.1,13.8,37.62,False,Normal,0,train
PUMP_03,2026-03-18 10:00:00,0.1353,53.83,34.85,57.1,4.053,0.1482,0.0141,7.191,4.01,379.6,133.7,13.35,37.58,False,Normal,0,train
PUMP_03,2026-03-18 11:00:00,0.1731,48.45,33.78,55.77,4.039,0.1515,0.0175,7.193,3.91,378.3,143.5,13.25,37.54,False,Normal,0,train
PUMP_03,2026-03-18 12:00:00,0.1755,50.53,33.73,58.71,3.988,0.1586,0.0172,7.231,4.48,373.4,140.8,14.06,37.5,False,Normal,0,train
PUMP_03,2026-03-18 13:00:00,0.1655,49.76,33.72,55.89,3.952,0.1625,0.0152,7.237,4.2,374.5,138.5,14.0,37.46,False,Normal,0,train
PUMP_03,2026-03-18 14:00:00,0.1514,48.62,34.49,56.11,4.036,0.1593,0.0152,7.302,3.95,383.0,138.9,15.22,37.42,False,Normal,0,train
PUMP_03,2026-03-18 15:00:00,0.1472,48.6,33.53,56.04,3.921,0.158,0.0159,7.235,4.0,383.0,141.7,14.18,37.38,False,Normal,0,train
PUMP_03,2026-03-18 16:00:00,0.141,51.69,34.38,55.6,3.965,0.159,0.0144,7.188,4.03,375.1,134.5,13.12,37.33,False,Normal,0,train
PUMP_03,2026-03-18 17:00:00,0.1428,50.55,33.12,59.27,4.075,0.1539,0.0137,7.168,4.21,382.0,132.9,13.22,37.29,False,Normal,0,train
PUMP_03,2026-03-18 18:00:00,0.1494,48.96,33.84,58.17,4.083,0.1495,0.0087,7.217,4.02,381.1,130.9,13.84,37.25,False,Normal,0,train
PUMP_03,2026-03-18 19:00:00,0.151,49.16,33.97,60.47,4.039,0.1471,0.0044,7.273,3.94,384.7,117.5,14.82,37.21,False,Normal,0,train
PUMP_03,2026-03-18 20:00:00,0.1482,48.78,35.07,58.88,3.963,0.1466,0.0039,7.243,3.47,390.8,124.2,14.26,37.17,False,Normal,0,train
PUMP_03,2026-03-18 21:00:00,0.0938,51.32,34.58,60.47,3.911,0.1377,0.0219,7.164,3.72,382.9,108.6,12.85,37.12,False,Normal,0,train
PUMP_03,2026-03-18 22:00:00,0.1623,51.38,33.79,57.23,3.938,0.1412,0.0241,7.223,4.11,376.5,101.6,13.8,37.08,False,Normal,0,train
PUMP_03,2026-03-18 23:00:00,0.1504,50.79,33.69,58.43,4.103,0.1425,0.0244,7.211,4.08,383.7,93.0,13.89,37.04,False,Normal,0,train
PUMP_03,2026-03-19 00:00:00,0.1296,50.38,33.6,56.47,4.016,0.1392,0.0246,7.252,3.41,374.8,94.5,13.71,37.0,False,Normal,0,train
PUMP_03,2026-03-19 01:00:00,0.1556,50.94,33.33,57.67,3.992,0.14,0.0251,7.215,3.78,391.1,94.0,14.05,36.96,False,Normal,0,train
PUMP_03,2026-03-19 02:00:00,0.1595,47.53,34.97,59.72,4.013,0.1419,0.0263,7.213,3.63,373.9,98.9,13.2,36.92,False,Normal,0,train
PUMP_03,2026-03-19 03:00:00,0.1335,50.41,33.55,57.95,4.055,0.1485,0.0138,7.141,4.55,382.2,96.0,13.03,36.88,False,Normal,0,train
PUMP_03,2026-03-19 04:00:00,0.149,51.6,35.03,57.72,3.918,0.1463,0.0121,7.24,4.1,380.0,104.1,14.2,36.83,False,Normal,0,train
PUMP_03,2026-03-19 05:00:00,0.1431,50.35,34.06,57.97,3.961,0.145,0.0119,7.13,4.17,377.9,107.7,12.42,36.79,False,Normal,0,train
PUMP_03,2026-03-19 06:00:00,0.1454,50.08,33.95,58.17,4.052,0.1477,0.0093,7.204,3.97,377.6,117.4,13.45,36.75,False,Normal,0,train
PUMP_03,2026-03-19 07:00:00,0.1682,49.05,34.06,58.17,4.019,0.1498,0.0124,7.172,3.75,386.8,124.2,13.17,36.71,False,Normal,0,train
PUMP_03,2026-03-19 08:00:00,0.1493,49.15,34.73,59.6,4.088,0.1481,0.0114,7.17,3.82,382.8,127.8,13.01,36.67,False,Normal,0,train
PUMP_03,2026-03-19 09:00:00,0.1585,49.22,33.49,57.13,4.06,0.1522,0.0094,7.229,4.2,379.2,135.6,14.07,36.62,False,Normal,0,train
PUMP_03,2026-03-19 10:00:00,0.1661,50.33,34.3,57.75,3.938,0.1551,0.0107,7.2,3.9,388.7,142.2,13.79,36.58,False,Normal,0,train
PUMP_03,2026-03-19 11:00:00,0.1461,49.27,33.98,58.12,3.733,0.1556,0.0101,7.08,4.2,379.4,143.8,11.7,36.54,False,Normal,0,train
PUMP_03,2026-03-19 12:00:00,0.1617,47.26,34.24,56.92,4.016,0.1583,0.0089,7.19,4.06,383.7,145.3,13.53,36.5,False,Normal,0,train
PUMP_03,2026-03-19 13:00:00,0.1677,51.2,33.88,57.46,3.916,0.1582,0.0088,7.181,4.12,373.3,146.6,12.99,36.46,False,Normal,0,train
PUMP_03,2026-03-19 14:00:00,0.1577,50.78,33.78,58.92,4.041,0.1596,0.0077,7.263,4.14,373.6,150.6,14.33,36.42,False,Normal,0,train
PUMP_03,2026-03-19 15:00:00,0.1519,50.53,34.32,57.01,4.127,0.1585,0.0084,7.138,3.79,383.5,142.1,12.51,36.38,False,Normal,0,train
PUMP_03,2026-03-19 16:00:00,0.1542,48.59,33.17,61.33,3.918,0.1566,0.0076,7.296,3.88,381.5,140.6,15.01,36.33,False,Normal,0,train
PUMP_03,2026-03-19 17:00:00,0.1463,49.26,34.84,59.96,4.052,0.1566,0.0075,7.243,4.36,390.7,129.8,14.89,36.29,False,Normal,0,train
PUMP_03,2026-03-19 18:00:00,0.1527,50.78,34.06,58.21,4.07,0.1551,0.0072,7.186,4.73,376.5,132.5,13.64,36.25,False,Normal,0,train
PUMP_03,2026-03-19 19:00:00,0.1227,50.04,33.67,58.69,4.028,0.1476,0.0127,7.179,4.37,383.4,121.8,13.56,36.21,False,Normal,0,train
PUMP_03,2026-03-19 20:00:00,0.1402,48.95,34.22,58.92,4.026,0.1447,0.0119,7.168,2.88,378.8,112.1,12.16,36.17,False,Normal,0,train
PUMP_03,2026-03-19 21:00:00,0.1488,51.95,33.58,58.67,3.834,0.1442,0.0116,7.216,3.7,384.2,107.2,13.72,36.12,False,Normal,0,train
PUMP_03,2026-03-19 22:00:00,0.1439,48.73,34.05,58.11,4.005,0.1424,0.0106,7.161,4.05,383.8,101.4,13.06,36.08,False,Normal,0,train
PUMP_03,2026-03-19 23:00:00,0.1849,45.52,34.05,61.3,3.999,0.1489,0.0205,7.194,3.56,379.9,98.4,13.09,36.04,False,Normal,0,train
PUMP_03,2026-03-20 00:00:00,0.1471,50.13,34.75,57.14,4.084,0.1479,0.0204,7.146,3.54,376.3,96.7,12.16,36.0,False,Normal,0,train
PUMP_03,2026-03-20 01:00:00,0.1259,50.19,34.17,57.54,4.077,0.1485,0.0196,7.236,3.83,378.3,94.2,13.88,35.96,False,Normal,0,train
PUMP_03,2026-03-20 02:00:00,0.1558,50.09,33.33,58.09,3.959,0.1511,0.0194,7.208,4.14,374.4,89.5,13.5,35.92,False,Normal,0,train
PUMP_03,2026-03-20 03:00:00,0.1695,50.6,34.35,58.77,3.848,0.1545,0.0207,7.177,4.25,381.8,105.4,13.37,35.88,False,Normal,0,train
PUMP_03,2026-03-20 04:00:00,0.1456,49.16,34.43,60.41,3.872,0.1548,0.0205,7.188,3.85,366.0,103.4,12.62,35.83,False,Normal,0,train
PUMP_03,2026-03-20 05:00:00,0.1591,51.54,33.03,58.0,4.113,0.1505,0.0149,7.165,3.82,377.1,108.6,12.7,35.79,False,Normal,0,train
PUMP_03,2026-03-20 06:00:00,0.1589,47.95,33.29,58.69,3.994,0.1525,0.0151,7.216,3.66,384.5,113.3,13.7,35.75,False,Normal,0,train
PUMP_03,2026-03-20 07:00:00,0.1588,49.97,35.21,58.46,3.884,0.158,0.0077,7.137,4.2,384.4,123.6,12.82,35.71,False,Normal,0,train
PUMP_03,2026-03-20 08:00:00,0.1497,49.06,33.8,57.9,3.894,0.1569,0.0084,7.245,4.18,371.9,126.7,14.01,35.67,False,Normal,0,train
PUMP_03,2026-03-20 09:00:00,0.1735,51.51,33.82,59.49,4.018,0.1576,0.0096,7.209,4.36,382.9,131.3,14.01,35.62,False,Normal,0,train
PUMP_03,2026-03-20 10:00:00,0.1875,48.81,33.98,58.51,4.01,0.1646,0.0136,7.178,4.05,374.3,136.7,12.94,35.58,False,Normal,0,train
PUMP_03,2026-03-20 11:00:00,0.14,50.11,33.62,59.19,4.132,0.1614,0.0169,7.229,3.48,378.1,146.7,13.52,35.54,False,Normal,0,train
PUMP_03,2026-03-20 12:00:00,0.1304,50.13,32.94,57.65,3.994,0.1566,0.0212,7.219,3.86,383.8,145.0,13.87,35.5,False,Normal,0,train
PUMP_03,2026-03-20 13:00:00,0.1408,50.29,33.33,57.35,4.031,0.1536,0.0221,7.148,4.34,375.1,144.9,12.7,35.46,False,Normal,0,train
PUMP_03,2026-03-20 14:00:00,0.1661,48.91,33.62,57.59,3.997,0.1564,0.0225,7.265,3.31,387.1,142.4,14.36,35.42,False,Normal,0,train
PUMP_03,2026-03-20 15:00:00,0.1391,50.55,33.7,58.36,4.066,0.1506,0.0217,7.075,3.97,381.3,140.4,11.53,35.38,False,Normal,0,train
PUMP_03,2026-03-20 16:00:00,0.1468,50.04,33.54,59.34,4.141,0.1439,0.0121,7.254,4.11,382.3,142.0,14.55,35.33,False,Normal,0,train
PUMP_03,2026-03-20 17:00:00,0.1267,50.52,33.1,60.52,4.076,0.1416,0.014,7.192,4.8,385.4,128.8,14.15,35.29,False,Normal,0,train
PUMP_03,2026-03-20 18:00:00,0.1668,52.36,33.67,58.21,4.158,0.1477,0.0159,7.25,3.76,384.5,129.1,14.31,35.25,False,Normal,0,train
PUMP_03,2026-03-20 19:00:00,0.1359,50.17,34.67,60.24,4.043,0.1469,0.0165,7.272,3.95,384.0,122.8,14.79,35.21,False,Normal,0,train
PUMP_03,2026-03-20 20:00:00,0.1451,48.51,33.6,58.75,3.873,0.1434,0.0135,7.179,4.68,376.7,114.4,13.49,35.17,False,Normal,0,train
PUMP_03,2026-03-20 21:00:00,0.131,52.94,33.89,57.2,3.934,0.142,0.0144,7.181,3.76,374.4,106.7,12.8,35.12,False,Normal,0,train
PUMP_03,2026-03-20 22:00:00,0.1316,51.47,34.87,58.14,4.066,0.1395,0.0148,7.216,4.43,378.6,96.4,13.99,35.08,False,Normal,0,train
PUMP_03,2026-03-20 23:00:00,0.1474,50.98,33.59,58.92,3.981,0.143,0.0135,7.143,4.16,382.4,101.0,12.8,35.04,False,Normal,0,train
PUMP_03,2026-03-21 00:00:00,0.1516,49.73,35.83,59.02,4.0,0.1404,0.0087,7.183,3.91,373.6,89.5,12.9,35.0,False,Normal,0,train
PUMP_03,2026-03-21 01:00:00,0.1655,51.11,34.54,57.42,3.935,0.1454,0.013,7.179,4.18,382.9,95.7,13.41,34.96,False,Normal,0,train
PUMP_03,2026-03-21 02:00:00,0.1297,46.91,34.05,57.57,4.116,0.1428,0.0145,7.141,3.94,381.9,96.1,12.59,34.92,False,Normal,0,train
PUMP_03,2026-03-21 03:00:00,0.1428,52.32,33.85,57.6,4.123,0.1448,0.0133,7.177,4.9,379.1,101.4,13.72,34.88,False,Normal,0,train
PUMP_03,2026-03-21 04:00:00,0.1484,51.34,34.81,57.76,3.982,0.1476,0.0117,7.238,3.17,380.3,98.7,13.54,34.83,False,Normal,0,train
PUMP_03,2026-03-21 05:00:00,0.1615,49.73,33.58,58.37,3.982,0.1499,0.013,7.234,3.89,380.3,103.7,13.98,34.79,False,Normal,0,train
PUMP_03,2026-03-21 06:00:00,0.1431,51.31,33.74,60.27,4.102,0.1485,0.0132,7.191,3.9,382.2,115.7,13.38,34.75,False,Normal,0,train
PUMP_03,2026-03-21 07:00:00,0.1582,50.93,34.96,57.49,4.084,0.1473,0.0116,7.203,3.95,383.7,119.3,13.67,34.71,False,Normal,0,train
PUMP_03,2026-03-21 08:00:00,0.149,48.49,33.77,56.03,3.87,0.1505,0.0078,7.185,4.43,394.4,118.4,14.16,34.67,False,Normal,0,train
PUMP_03,2026-03-21 09:00:00,0.155,50.27,33.72,55.96,4.054,0.1525,0.0069,7.112,3.82,380.8,132.5,12.0,34.62,False,Normal,0,train
PUMP_03,2026-03-21 10:00:00,0.1434,50.56,33.6,58.98,4.04,0.1517,0.0077,7.149,4.2,376.8,144.9,12.69,34.58,False,Normal,0,train
PUMP_03,2026-03-21 11:00:00,0.1374,49.8,32.84,57.35,4.015,0.1477,0.0079,7.248,4.09,370.5,143.8,13.93,34.54,False,Normal,0,train
PUMP_03,2026-03-21 12:00:00,0.1543,49.67,34.61,58.32,3.93,0.1495,0.0079,7.26,4.34,373.0,139.4,14.4,34.5,False,Normal,0,train
PUMP_03,2026-03-21 13:00:00,0.1641,51.35,33.97,57.15,3.932,0.1505,0.0094,7.157,3.95,376.2,146.9,12.62,34.46,False,Normal,0,train
PUMP_03,2026-03-21 14:00:00,0.1572,50.26,34.64,57.82,3.752,0.1519,0.0097,7.256,4.13,383.4,148.1,14.63,34.42,False,Normal,0,train
PUMP_03,2026-03-21 15:00:00,0.1596,52.82,33.9,57.61,3.947,0.1527,0.0102,7.14,3.95,378.0,134.8,12.42,34.38,False,Normal,0,train
PUMP_03,2026-03-21 16:00:00,0.1598,49.02,33.75,57.18,3.842,0.1554,0.0094,7.174,3.61,382.0,136.5,12.89,34.33,False,Normal,0,train
PUMP_03,2026-03-21 17:00:00,0.1379,50.61,33.6,59.48,3.957,0.1555,0.0092,7.194,4.64,376.3,137.7,13.7,34.29,False,Normal,0,train
PUMP_03,2026-03-21 18:00:00,0.1681,48.62,34.41,59.57,4.032,0.1578,0.0105,7.186,3.7,382.3,120.4,13.16,34.25,False,Normal,0,train
PUMP_03,2026-03-21 19:00:00,0.1517,51.02,33.52,58.77,3.907,0.1557,0.0102,7.165,3.81,384.4,118.9,12.99,34.21,False,Normal,0,train
PUMP_03,2026-03-21 20:00:00,0.1271,48.33,34.23,60.45,4.107,0.1507,0.0154,7.206,3.66,378.0,112.7,13.28,34.17,False,Normal,0,train
PUMP_03,2026-03-21 21:00:00,0.1329,50.43,34.02,56.42,4.156,0.1462,0.0162,7.239,4.16,382.2,105.8,14.32,34.12,False,Normal,0,train
PUMP_03,2026-03-21 22:00:00,0.1473,51.77,33.37,57.75,4.019,0.1442,0.0148,7.127,3.81,377.8,107.8,12.11,34.08,False,Normal,0,train
PUMP_03,2026-03-21 23:00:00,0.1606,50.08,33.73,57.58,4.049,0.148,0.0158,7.206,4.61,373.8,103.2,13.77,34.04,False,Normal,0,train
PUMP_03,2026-03-22 00:00:00,0.1466,48.51,34.01,58.85,3.871,0.1444,0.0123,7.248,4.21,382.8,94.6,14.54,34.0,False,Normal,0,train
PUMP_03,2026-03-22 01:00:00,0.138,51.42,33.81,56.49,4.015,0.1421,0.012,7.179,3.89,382.1,90.9,13.18,33.96,False,Normal,0,train
PUMP_03,2026-03-22 02:00:00,0.1669,50.54,35.14,58.8,3.888,0.1487,0.013,7.173,3.64,383.0,100.9,12.93,33.92,False,Normal,0,train
PUMP_03,2026-03-22 03:00:00,0.1403,49.87,34.14,56.27,3.862,0.15,0.0114,7.157,3.96,384.8,101.4,12.99,33.88,False,Normal,0,train
PUMP_03,2026-03-22 04:00:00,0.1632,48.55,33.88,58.9,3.899,0.1526,0.0125,7.3,4.21,378.8,102.3,15.19,33.83,False,Normal,0,train
PUMP_03,2026-03-22 05:00:00,0.1603,47.58,33.78,59.39,3.988,0.1526,0.0125,7.275,3.98,379.1,110.1,14.65,33.79,False,Normal,0,train
PUMP_03,2026-03-22 06:00:00,0.1399,53.38,33.86,56.64,3.997,0.1514,0.0134,7.185,3.94,378.6,116.1,13.17,33.75,False,Normal,0,train
PUMP_03,2026-03-22 07:00:00,0.1863,49.14,33.64,57.56,3.994,0.1595,0.0176,7.259,3.59,381.7,116.5,14.23,33.71,False,Normal,0,train
PUMP_03,2026-03-22 08:00:00,0.1589,48.51,33.51,59.43,3.907,0.1582,0.0172,7.174,4.9,379.3,124.1,13.68,33.67,False,Normal,0,train
PUMP_03,2026-03-22 09:00:00,0.1393,50.47,34.36,59.67,4.008,0.158,0.0174,7.192,3.92,380.6,132.5,13.35,33.62,False,Normal,0,train
PUMP_03,2026-03-22 10:00:00,0.1557,48.47,34.92,56.29,3.944,0.1567,0.0172,7.147,3.45,376.4,129.9,12.12,33.58,False,Normal,0,train
PUMP_03,2026-03-22 11:00:00,0.1266,50.75,33.73,58.45,4.01,0.1511,0.0209,7.108,3.57,374.9,140.3,11.51,33.54,False,Normal,0,train
PUMP_03,2026-03-22 12:00:00,0.1554,52.03,34.26,58.78,3.981,0.1537,0.0202,7.171,3.86,375.5,141.0,12.75,33.5,False,Normal,0,train
PUMP_03,2026-03-22 13:00:00,0.1603,48.41,33.6,57.99,3.856,0.1494,0.0135,7.179,4.78,382.1,145.7,13.79,33.46,False,Normal,0,train
PUMP_03,2026-03-22 14:00:00,0.1855,49.55,34.06,59.72,3.946,0.1538,0.02,7.221,3.93,379.8,139.6,13.78,33.42,False,Normal,0,train
PUMP_03,2026-03-22 15:00:00,0.1444,50.65,33.21,57.34,4.044,0.1546,0.0194,7.233,3.85,377.5,143.4,13.82,33.38,False,Normal,0,train
PUMP_03,2026-03-22 16:00:00,0.1315,48.17,33.49,57.5,4.067,0.1506,0.0215,7.194,4.34,383.3,138.6,13.78,33.33,False,Normal,0,train
PUMP_03,2026-03-22 17:00:00,0.1434,48.63,33.47,57.21,3.901,0.1534,0.0187,7.15,4.37,387.3,132.1,13.27,33.29,False,Normal,0,train
PUMP_03,2026-03-22 18:00:00,0.1616,49.82,33.91,58.29,3.939,0.1544,0.019,7.167,4.26,377.5,128.3,13.06,33.25,False,Normal,0,train
PUMP_03,2026-03-22 19:00:00,0.1479,52.94,33.3,57.68,3.964,0.1524,0.0189,7.28,4.08,374.6,122.4,14.6,33.21,False,Normal,0,train
PUMP_03,2026-03-22 20:00:00,0.1538,48.72,32.66,59.05,4.094,0.1471,0.0102,7.231,3.56,384.7,112.6,13.89,33.17,False,Normal,0,train
PUMP_03,2026-03-22 21:00:00,0.1543,49.58,33.18,57.58,4.038,0.1488,0.0105,7.271,3.7,380.1,107.6,14.43,33.12,False,Normal,0,train
PUMP_03,2026-03-22 22:00:00,0.1526,53.72,33.9,57.8,3.898,0.1523,0.0062,7.289,3.36,379.1,99.6,14.44,33.08,False,Normal,0,train
PUMP_03,2026-03-22 23:00:00,0.1264,51.19,33.52,58.3,4.039,0.1494,0.0121,7.167,3.91,385.1,95.6,13.12,33.04,False,Normal,0,train
PUMP_03,2026-03-23 00:00:00,0.1282,47.46,33.65,57.07,4.101,0.1439,0.013,7.241,3.83,378.7,102.2,13.98,33.0,False,Normal,0,train
PUMP_03,2026-03-23 01:00:00,0.1289,49.65,34.16,59.28,4.017,0.1407,0.0141,7.155,3.79,382.0,94.2,12.71,32.96,False,Normal,0,train
PUMP_03,2026-03-23 02:00:00,0.137,50.88,33.51,58.89,3.938,0.1379,0.0126,7.252,4.11,380.8,95.8,14.44,32.92,False,Normal,0,train
PUMP_03,2026-03-23 03:00:00,0.1408,52.17,33.95,58.85,4.068,0.1357,0.01,7.241,3.74,396.2,98.0,14.65,32.88,False,Normal,0,train
PUMP_03,2026-03-23 04:00:00,0.1866,52.09,35.28,56.84,4.015,0.1413,0.0229,7.094,3.86,379.3,103.8,11.69,32.83,False,Normal,0,train
PUMP_03,2026-03-23 05:00:00,0.1491,50.84,33.77,59.92,3.98,0.1451,0.0218,7.22,3.81,384.7,105.3,13.88,32.79,False,Normal,0,train
PUMP_03,2026-03-23 06:00:00,0.1615,51.08,33.88,55.84,4.071,0.1506,0.0208,7.157,3.99,378.7,111.7,12.75,32.75,False,Normal,0,train
PUMP_03,2026-03-23 07:00:00,0.156,48.05,34.23,58.95,4.0,0.1552,0.0179,7.183,4.15,382.3,123.7,13.42,32.71,False,Normal,0,train
PUMP_03,2026-03-23 08:00:00,0.1616,48.96,33.51,58.23,4.006,0.1593,0.0156,7.167,3.46,379.0,120.5,12.55,32.67,False,Normal,0,train
PUMP_03,2026-03-23 09:00:00,0.1581,48.05,33.64,58.87,4.069,0.1621,0.0128,7.245,4.18,384.0,133.2,14.52,32.62,False,Normal,0,train
PUMP_03,2026-03-23 10:00:00,0.1362,51.55,33.94,57.81,3.96,0.1538,0.0097,7.166,4.11,379.5,134.4,13.01,32.58,False,Normal,0,train
PUMP_03,2026-03-23 11:00:00,0.1616,50.56,34.12,58.17,3.907,0.1558,0.0099,7.136,4.17,382.5,133.6,12.7,32.54,False,Normal,0,train
PUMP_03,2026-03-23 12:00:00,0.1398,50.16,33.44,58.91,4.026,0.1522,0.0113,7.16,4.05,376.2,143.8,12.73,32.5,False,Normal,0,train
PUMP_03,2026-03-23 13:00:00,0.1367,52.32,34.33,58.07,4.125,0.149,0.0126,7.189,4.14,376.0,140.4,13.26,32.46,False,Normal,0,train
PUMP_03,2026-03-23 14:00:00,0.1404,50.81,34.93,58.33,3.818,0.1455,0.0113,7.221,3.83,370.6,138.8,13.32,32.42,False,Normal,0,train
PUMP_03,2026-03-23 15:00:00,0.1551,51.71,32.85,58.36,4.059,0.145,0.0107,7.26,4.18,381.8,152.0,14.66,32.38,False,Normal,0,train
PUMP_03,2026-03-23 16:00:00,0.132,51.13,34.23,60.7,4.003,0.1443,0.0115,7.226,4.46,376.8,139.8,14.1,32.33,False,Normal,0,train
PUMP_03,2026-03-23 17:00:00,0.1417,51.28,33.95,56.15,3.957,0.141,0.0078,7.229,3.8,391.0,134.8,14.29,32.29,False,Normal,0,train
PUMP_03,2026-03-23 18:00:00,0.146,48.44,33.82,59.62,3.948,0.142,0.008,7.237,3.82,377.6,126.3,13.86,32.25,False,Normal,0,train
PUMP_03,2026-03-23 19:00:00,0.1442,51.46,34.2,58.61,4.072,0.1432,0.0076,7.241,4.25,386.2,115.2,14.59,32.21,False,Normal,0,train
PUMP_03,2026-03-23 20:00:00,0.1444,50.71,34.83,58.46,4.054,0.1439,0.0074,7.252,3.78,385.7,112.9,14.41,32.17,False,Normal,0,train
PUMP_03,2026-03-23 21:00:00,0.1219,49.39,34.15,56.54,3.917,0.1384,0.0095,7.325,3.71,378.8,106.1,15.25,32.12,False,Normal,0,train
PUMP_03,2026-03-23 22:00:00,0.1469,51.03,34.58,59.45,4.024,0.1408,0.0095,7.24,4.17,376.3,94.6,14.11,32.08,False,Normal,0,train
PUMP_03,2026-03-23 23:00:00,0.1337,51.93,33.98,56.71,4.11,0.1395,0.0099,7.214,3.83,379.3,105.5,13.58,32.04,False,Normal,0,train
PUMP_03,2026-03-24 00:00:00,0.1236,49.85,34.22,59.83,4.056,0.1358,0.0111,7.177,4.49,385.7,95.5,13.71,32.0,False,Normal,0,train
PUMP_03,2026-03-24 01:00:00,0.1456,48.88,33.67,57.41,3.867,0.136,0.0113,7.215,3.81,391.4,91.7,14.09,31.96,False,Normal,0,train
PUMP_03,2026-03-24 02:00:00,0.1472,48.94,34.02,59.83,4.052,0.1365,0.0118,7.258,3.67,373.8,96.3,13.94,31.92,False,Normal,0,train
PUMP_03,2026-03-24 03:00:00,0.2015,47.91,33.84,57.22,3.9,0.1498,0.027,7.139,4.0,380.1,92.8,12.53,31.88,False,Normal,0,train
PUMP_03,2026-03-24 04:00:00,0.1733,49.75,34.06,56.95,4.017,0.1542,0.0286,7.263,4.17,377.0,98.6,14.5,31.83,False,Normal,0,train
PUMP_03,2026-03-24 05:00:00,0.1714,50.89,33.01,57.95,3.94,0.1604,0.0273,7.147,5.24,378.2,113.6,13.44,31.79,False,Normal,0,train
PUMP_03,2026-03-24 06:00:00,0.1539,52.6,33.33,57.17,4.032,0.1655,0.0212,7.092,7.59,388.5,111.5,14.64,31.75,False,Normal,0,train
PUMP_03,2026-03-24 07:00:00,0.1569,48.79,34.71,57.78,3.946,0.1674,0.0196,7.081,8.86,376.2,119.9,14.84,31.71,False,Normal,0,train
PUMP_03,2026-03-24 08:00:00,0.1972,50.54,34.84,60.09,3.916,0.1757,0.0199,6.965,11.77,372.0,126.9,15.97,31.67,False,Normal,0,train
PUMP_03,2026-03-24 09:00:00,0.1475,50.03,32.96,57.4,4.025,0.1667,0.018,6.948,12.96,381.0,131.8,17.45,31.62,False,Normal,0,train
PUMP_03,2026-03-24 10:00:00,0.1588,49.99,33.66,58.27,4.009,0.1643,0.0179,6.832,14.53,381.9,135.5,20.43,31.58,False,Normal,0,train
PUMP_03,2026-03-24 11:00:00,0.1802,47.71,33.55,59.97,4.066,0.1658,0.019,6.966,13.75,385.9,150.7,17.91,31.54,False,Normal,0,train
PUMP_03,2026-03-24 12:00:00,0.1391,48.48,34.15,58.35,3.958,0.1633,0.0216,6.996,11.19,400.7,141.2,16.26,31.5,False,Normal,0,train
PUMP_03,2026-03-24 13:00:00,0.1497,52.72,33.95,59.41,3.879,0.1621,0.0222,7.035,9.64,417.1,141.4,16.36,31.46,False,Normal,0,train
PUMP_03,2026-03-24 14:00:00,0.1447,51.51,34.41,58.73,4.054,0.1533,0.0147,7.113,7.13,425.5,146.1,16.2,31.42,False,Normal,0,train
PUMP_03,2026-03-24 15:00:00,0.1296,50.42,33.19,59.26,4.116,0.1503,0.0176,7.164,5.14,450.8,136.5,16.67,31.38,False,Normal,0,train
PUMP_03,2026-03-24 16:00:00,0.153,50.69,34.21,57.98,3.954,0.1494,0.0172,7.222,4.19,455.7,141.8,17.14,31.33,False,Normal,0,train
PUMP_03,2026-03-24 17:00:00,0.1236,51.12,33.8,58.76,4.039,0.14,0.0115,7.19,3.79,456.4,131.7,16.37,31.29,False,Normal,0,train
PUMP_03,2026-03-24 18:00:00,0.1516,49.33,33.56,60.23,3.975,0.142,0.0124,7.185,3.65,435.0,127.0,15.31,31.25,False,Normal,0,train
PUMP_03,2026-03-24 19:00:00,0.1468,49.39,34.27,57.67,4.155,0.1416,0.0121,7.112,3.82,420.4,121.2,13.64,31.21,False,Normal,0,train
PUMP_03,2026-03-24 20:00:00,0.1548,49.08,33.85,58.57,3.958,0.1432,0.0133,7.268,4.44,404.0,112.2,15.9,31.17,False,Normal,0,train
PUMP_03,2026-03-24 21:00:00,0.14,50.25,33.94,57.25,3.996,0.145,0.0117,7.142,4.44,379.1,111.2,12.84,31.12,False,Normal,0,train
PUMP_03,2026-03-24 22:00:00,0.1508,48.27,34.8,59.31,3.838,0.1446,0.0115,7.281,3.81,379.4,104.9,14.63,31.08,False,Normal,0,train
PUMP_03,2026-03-24 23:00:00,0.1628,49.0,34.04,56.06,4.126,0.1511,0.0077,7.188,4.2,379.0,100.4,13.41,31.04,False,Normal,0,train
PUMP_03,2026-03-25 00:00:00,0.1289,50.76,35.17,57.71,3.957,0.1474,0.0118,7.261,3.99,380.3,89.8,14.48,31.0,False,Normal,0,train
PUMP_03,2026-03-25 01:00:00,0.1345,49.47,32.6,59.27,4.104,0.1453,0.013,7.252,4.51,379.0,93.6,14.65,30.96,False,Normal,0,train
PUMP_03,2026-03-25 02:00:00,0.1637,47.37,33.99,57.88,3.946,0.1468,0.0147,7.248,4.08,387.1,95.4,14.62,30.92,False,Normal,0,train
PUMP_03,2026-03-25 03:00:00,0.1694,49.43,33.33,55.91,3.994,0.1517,0.0167,7.202,3.92,378.7,105.3,13.42,30.88,False,Normal,0,train
PUMP_03,2026-03-25 04:00:00,0.1607,50.82,33.44,57.14,3.937,0.1533,0.0171,7.14,4.64,375.8,96.7,12.82,30.83,False,Normal,0,train
PUMP_03,2026-03-25 05:00:00,0.1735,50.17,33.61,57.24,3.925,0.1551,0.0188,7.191,3.63,371.7,104.9,12.75,30.79,False,Normal,0,train
PUMP_03,2026-03-25 06:00:00,0.1546,47.47,34.55,59.95,3.977,0.1594,0.0139,7.184,4.13,377.8,117.9,13.24,30.75,False,Normal,0,train
PUMP_03,2026-03-25 07:00:00,0.1787,51.55,33.76,59.01,3.989,0.1668,0.0088,7.195,4.55,374.8,116.2,13.58,30.71,False,Normal,0,train
PUMP_03,2026-03-25 08:00:00,0.1576,49.63,33.32,59.13,3.971,0.1658,0.0096,7.139,4.27,373.5,123.8,12.43,30.67,False,Normal,0,train
PUMP_03,2026-03-25 09:00:00,0.1454,50.51,34.4,56.58,3.878,0.1617,0.0123,7.186,3.69,378.4,139.2,12.99,30.62,False,Normal,0,train
PUMP_03,2026-03-25 10:00:00,0.1764,51.57,33.29,58.06,4.023,0.1644,0.0137,7.054,3.67,385.7,139.1,11.17,30.58,False,Normal,0,train
PUMP_03,2026-03-25 11:00:00,0.165,49.81,35.0,59.93,3.843,0.163,0.013,7.185,3.44,384.7,145.1,13.06,30.54,False,Normal,0,train
PUMP_03,2026-03-25 12:00:00,0.1432,47.14,33.23,59.13,3.973,0.161,0.0151,7.206,4.59,373.6,147.0,13.75,30.5,False,Normal,0,train
PUMP_03,2026-03-25 13:00:00,0.141,52.63,33.83,57.45,3.874,0.1548,0.0141,7.161,3.55,380.2,145.5,12.56,30.46,False,Normal,0,train
PUMP_03,2026-03-25 14:00:00,0.154,46.69,35.15,59.0,4.072,0.1542,0.014,7.186,4.29,382.1,144.5,13.57,30.42,False,Normal,0,train
PUMP_03,2026-03-25 15:00:00,0.1279,49.5,33.81,56.52,4.099,0.1512,0.0176,7.208,3.43,382.9,145.2,13.35,30.38,False,Normal,0,train
PUMP_03,2026-03-25 16:00:00,0.1461,51.94,34.25,57.03,4.047,0.1462,0.0125,7.251,5.02,388.0,134.3,15.36,30.33,False,Normal,0,train
PUMP_03,2026-03-25 17:00:00,0.1378,48.95,33.93,55.8,3.962,0.1417,0.0087,7.253,3.46,374.2,139.4,13.72,30.29,False,Normal,0,train
PUMP_03,2026-03-25 18:00:00,0.1432,49.04,34.0,57.92,3.941,0.1417,0.0087,7.215,4.02,375.6,124.3,13.57,30.25,False,Normal,0,train
PUMP_03,2026-03-25 19:00:00,0.11,49.67,33.51,58.82,3.98,0.1365,0.0156,7.199,4.48,376.7,124.1,13.68,30.21,False,Normal,0,train
PUMP_03,2026-03-25 20:00:00,0.1277,49.73,34.27,56.9,3.996,0.1321,0.0132,7.218,3.72,381.8,115.6,13.66,30.17,False,Normal,0,train
PUMP_03,2026-03-25 21:00:00,0.1467,48.71,34.8,57.95,4.039,0.1352,0.0142,7.29,4.23,366.4,105.3,14.53,30.12,False,Normal,0,train
PUMP_03,2026-03-25 22:00:00,0.1608,49.05,32.83,57.05,4.032,0.1377,0.0174,7.225,3.89,378.9,104.3,13.77,30.08,False,Normal,0,train
PUMP_03,2026-03-25 23:00:00,0.1454,51.61,33.45,57.35,3.837,0.139,0.0177,7.213,4.16,371.1,98.9,13.45,30.04,False,Normal,0,train
PUMP_03,2026-03-26 00:00:00,0.1608,49.2,33.67,56.8,4.053,0.1419,0.0198,7.254,4.43,380.0,88.8,14.66,30.0,False,Normal,0,train
PUMP_03,2026-03-26 01:00:00,0.1304,50.75,33.47,59.55,4.031,0.1453,0.0142,7.202,3.83,390.4,94.7,13.85,29.96,False,Normal,0,train
PUMP_03,2026-03-26 02:00:00,0.1483,48.63,34.39,57.23,3.937,0.1487,0.0113,7.157,4.6,384.5,90.9,13.42,29.92,False,Normal,0,train
PUMP_03,2026-03-26 03:00:00,0.1613,52.08,33.64,57.76,3.923,0.1512,0.0123,7.223,4.14,373.9,100.4,13.71,29.88,False,Normal,0,train
PUMP_03,2026-03-26 04:00:00,0.1577,51.41,34.05,57.43,4.005,0.1506,0.0119,7.209,4.78,377.9,101.8,14.09,29.83,False,Normal,0,train
PUMP_03,2026-03-26 05:00:00,0.1711,49.87,34.89,58.44,4.014,0.1549,0.0141,7.189,3.67,375.6,111.0,12.91,29.79,False,Normal,0,train
PUMP_03,2026-03-26 06:00:00,0.1561,50.96,32.92,61.05,3.912,0.1541,0.0138,7.227,3.74,386.5,110.7,14.02,29.75,False,Normal,0,train
PUMP_03,2026-03-26 07:00:00,0.156,52.28,34.19,61.4,4.005,0.1584,0.0075,7.109,3.91,369.0,114.8,11.53,29.71,False,Normal,0,train
PUMP_03,2026-03-26 08:00:00,0.1685,48.5,33.93,57.8,4.015,0.1618,0.0066,7.173,3.51,377.8,122.2,12.64,29.67,False,Normal,0,train
PUMP_03,2026-03-26 09:00:00,0.149,48.42,33.93,58.56,4.069,0.1597,0.0084,7.156,4.37,376.5,140.6,12.91,29.62,False,Normal,0,train
PUMP_03,2026-03-26 10:00:00,0.1414,50.56,33.46,59.21,3.991,0.157,0.0113,7.161,3.97,374.1,149.8,12.61,29.58,False,Normal,0,train
PUMP_03,2026-03-26 11:00:00,0.1596,48.06,33.77,59.57,3.838,0.1551,0.0092,7.192,3.54,388.3,149.7,13.4,29.54,False,Normal,0,train
PUMP_03,2026-03-26 12:00:00,0.1355,47.67,34.0,58.82,4.02,0.1517,0.0122,7.154,3.67,372.2,138.0,12.22,29.5,False,Normal,0,train
PUMP_03,2026-03-26 13:00:00,0.1687,47.6,33.89,59.39,3.865,0.1538,0.014,7.284,3.65,374.0,139.5,14.35,29.46,False,Normal,0,train
PUMP_03,2026-03-26 14:00:00,0.1174,50.22,34.42,58.56,3.932,0.1453,0.0182,7.223,4.37,388.0,139.9,14.45,29.42,False,Normal,0,train
PUMP_03,2026-03-26 15:00:00,0.1385,46.95,33.34,57.31,3.892,0.1435,0.0183,7.16,4.18,379.5,144.7,12.97,29.38,False,Normal,0,train
PUMP_03,2026-03-26 16:00:00,0.1657,49.39,33.16,59.38,4.04,0.1476,0.0203,7.113,3.95,379.1,146.1,12.03,29.33,False,Normal,0,train
PUMP_03,2026-03-26 17:00:00,0.17,44.85,32.8,58.23,3.913,0.1493,0.0219,7.171,3.85,376.9,136.1,12.8,29.29,False,Normal,0,train
PUMP_03,2026-03-26 18:00:00,0.1386,50.66,34.08,58.46,4.08,0.1498,0.0215,7.184,3.9,380.0,127.2,13.17,29.25,False,Normal,0,train
PUMP_03,2026-03-26 19:00:00,0.1569,50.76,34.45,56.44,3.907,0.1478,0.02,7.168,4.71,377.9,116.3,13.4,29.21,False,Normal,0,train
PUMP_03,2026-03-26 20:00:00,0.153,49.68,33.3,57.14,3.839,0.1538,0.0133,7.327,3.91,376.3,112.4,15.32,29.17,False,Normal,0,train
PUMP_03,2026-03-26 21:00:00,0.1356,51.77,33.24,57.6,3.972,0.1533,0.014,7.117,4.34,373.0,107.9,12.12,29.12,False,Normal,0,train
PUMP_03,2026-03-26 22:00:00,0.152,51.19,35.13,58.7,3.894,0.151,0.0126,7.203,3.87,380.2,105.9,13.46,29.08,False,Normal,0,train
PUMP_03,2026-03-26 23:00:00,0.1345,48.81,34.77,60.22,4.105,0.1451,0.0099,7.194,4.67,377.0,96.4,13.74,29.04,False,Normal,0,train
PUMP_03,2026-03-27 00:00:00,0.1266,48.68,34.8,59.0,3.946,0.1431,0.0124,7.188,3.51,377.7,97.5,12.86,29.0,False,Normal,0,train
PUMP_03,2026-03-27 01:00:00,0.1602,51.33,34.21,57.84,4.092,0.1436,0.0132,7.103,4.32,383.3,96.1,12.31,28.96,False,Normal,0,train
PUMP_03,2026-03-27 02:00:00,0.1634,51.03,34.42,56.88,3.976,0.1454,0.0152,7.198,3.7,377.5,96.3,13.15,28.92,False,Normal,0,train
PUMP_03,2026-03-27 03:00:00,0.1393,49.6,33.83,59.56,4.028,0.146,0.0148,7.209,4.89,379.5,96.8,14.24,28.88,False,Normal,0,train
PUMP_03,2026-03-27 04:00:00,0.1565,47.36,33.15,58.45,3.958,0.1468,0.0153,7.213,5.08,388.4,102.8,14.81,28.83,False,Normal,0,train
PUMP_03,2026-03-27 05:00:00,0.1419,51.39,33.18,54.22,4.19,0.148,0.0143,7.188,4.59,381.9,107.1,13.8,28.79,False,Normal,0,train
PUMP_03,2026-03-27 06:00:00,0.1531,50.1,34.0,59.31,3.908,0.1524,0.0098,7.211,5.38,377.3,110.4,14.53,28.75,False,Normal,0,train
PUMP_03,2026-03-27 07:00:00,0.1531,49.91,34.56,58.51,3.756,0.1512,0.0091,7.025,6.83,374.5,123.5,12.45,28.71,False,Normal,0,train
PUMP_03,2026-03-27 08:00:00,0.1698,45.74,33.9,55.48,4.021,0.1523,0.011,7.082,7.98,379.3,132.8,14.37,28.67,False,Normal,0,train
PUMP_03,2026-03-27 09:00:00,0.1496,50.8,34.37,58.81,3.918,0.154,0.0092,7.219,7.95,383.9,133.2,16.73,28.62,False,Normal,0,train
PUMP_03,2026-03-27 10:00:00,0.1361,49.91,33.95,58.16,4.016,0.1506,0.0116,7.17,6.98,382.8,137.5,15.21,28.58,False,Normal,0,train
PUMP_03,2026-03-27 11:00:00,0.1783,49.19,34.18,56.48,3.994,0.1567,0.0151,7.058,6.32,388.9,144.7,13.21,28.54,False,Normal,0,train
PUMP_03,2026-03-27 12:00:00,0.1574,48.75,34.46,60.51,3.958,0.1574,0.015,7.148,6.4,389.4,144.9,14.74,28.5,False,Normal,0,train
PUMP_03,2026-03-27 13:00:00,0.1609,50.17,34.8,58.59,3.967,0.1587,0.0149,7.115,4.81,396.2,149.6,13.38,28.46,False,Normal,0,train
PUMP_03,2026-03-27 14:00:00,0.1541,50.7,34.17,57.48,4.033,0.1561,0.0139,7.178,4.02,400.1,144.6,14.01,28.42,False,Normal,0,train
PUMP_03,2026-03-27 15:00:00,0.157,49.43,35.16,57.12,3.971,0.1573,0.0135,7.3,3.75,407.6,144.0,16.08,28.38,False,Normal,0,train
PUMP_03,2026-03-27 16:00:00,0.1479,50.84,33.86,57.83,3.988,0.1593,0.0103,7.248,3.72,401.2,144.6,14.96,28.33,False,Normal,0,train
PUMP_03,2026-03-27 17:00:00,0.1473,48.27,34.79,57.87,3.96,0.1541,0.0055,7.124,3.82,404.5,137.6,13.18,28.29,False,Normal,0,train
PUMP_03,2026-03-27 18:00:00,0.1419,49.02,34.35,58.75,4.13,0.1515,0.007,7.162,3.71,394.2,125.8,13.28,28.25,False,Normal,0,train
PUMP_03,2026-03-27 19:00:00,0.1338,51.03,32.9,57.77,4.105,0.147,0.0084,7.2,4.22,384.4,124.3,13.84,28.21,False,Normal,0,train
PUMP_03,2026-03-27 20:00:00,0.1546,49.39,34.85,57.56,3.882,0.1471,0.0085,7.187,3.41,386.9,109.3,13.16,28.17,False,Normal,0,train
PUMP_03,2026-03-27 21:00:00,0.139,52.58,33.45,58.25,4.0,0.1441,0.0074,7.216,4.17,381.5,106.7,13.93,28.12,False,Normal,0,train
PUMP_03,2026-03-27 22:00:00,0.1468,50.42,33.85,57.54,3.935,0.1439,0.0073,7.161,3.75,380.6,105.7,12.73,28.08,False,Normal,0,train
PUMP_03,2026-03-27 23:00:00,0.153,48.25,34.52,57.92,3.9,0.1448,0.0081,7.182,4.01,379.6,104.5,13.2,28.04,False,Normal,0,train
PUMP_03,2026-03-28 00:00:00,0.1568,47.65,33.55,59.72,3.744,0.1473,0.0092,7.161,3.93,380.4,92.8,12.84,28.0,False,Normal,0,train
PUMP_03,2026-03-28 01:00:00,0.1374,51.18,33.96,57.48,3.974,0.1479,0.0083,7.182,3.8,375.3,94.9,12.87,27.96,False,Normal,0,train
PUMP_03,2026-03-28 02:00:00,0.158,49.09,34.39,57.85,3.98,0.1485,0.0089,7.235,4.49,379.2,95.9,14.37,27.92,False,Normal,0,train
PUMP_03,2026-03-28 03:00:00,0.1418,51.38,33.51,57.08,4.108,0.149,0.0084,7.215,3.85,378.5,98.0,13.57,27.88,False,Normal,0,train
PUMP_03,2026-03-28 04:00:00,0.1613,49.19,33.86,59.33,4.084,0.1514,0.0096,7.165,4.28,381.4,97.5,13.2,27.83,False,Normal,0,train
PUMP_03,2026-03-28 05:00:00,0.1714,50.36,33.79,55.97,4.039,0.1544,0.0127,7.257,4.29,385.2,109.5,14.82,27.79,False,Normal,0,train
PUMP_03,2026-03-28 06:00:00,0.187,49.5,34.58,57.0,4.059,0.1595,0.0185,7.253,3.89,384.5,108.4,14.46,27.75,False,Normal,0,train
PUMP_03,2026-03-28 07:00:00,0.1683,50.38,34.94,58.86,4.068,0.1646,0.0151,7.2,3.5,382.2,124.6,13.24,27.71,False,Normal,0,train
PUMP_03,2026-03-28 08:00:00,0.1716,51.09,33.34,57.82,4.039,0.1669,0.0149,7.187,3.65,371.0,131.9,12.67,27.67,False,Normal,0,train
PUMP_03,2026-03-28 09:00:00,0.1408,50.03,34.05,59.06,4.111,0.1667,0.0152,7.288,4.51,377.5,129.9,15.16,27.62,False,Normal,0,train
PUMP_03,2026-03-28 10:00:00,0.1631,50.99,33.69,57.77,3.898,0.167,0.0151,7.28,4.2,370.5,132.6,14.53,27.58,False,Normal,0,train
PUMP_03,2026-03-28 11:00:00,0.1359,47.45,34.02,57.19,3.961,0.1611,0.0194,7.124,4.06,385.1,141.5,12.54,27.54,False,Normal,0,train
PUMP_03,2026-03-28 12:00:00,0.168,50.62,35.06,57.85,3.95,0.158,0.0155,7.26,3.77,379.0,142.1,14.26,27.5,False,Normal,0,train
PUMP_03,2026-03-28 13:00:00,0.1314,50.03,34.23,56.45,3.956,0.1518,0.0177,7.286,4.69,378.9,144.2,15.32,27.46,False,Normal,0,train
PUMP_03,2026-03-28 14:00:00,0.1303,49.61,33.66,57.01,3.988,0.1449,0.0165,7.233,3.65,376.2,144.5,13.62,27.42,False,Normal,0,train
PUMP_03,2026-03-28 15:00:00,0.1542,46.41,33.18,59.1,4.131,0.1472,0.0167,7.177,4.06,386.0,137.9,13.41,27.38,False,Normal,0,train
PUMP_03,2026-03-28 16:00:00,0.1665,47.5,34.6,57.69,4.072,0.1477,0.0174,7.183,4.2,380.2,144.3,13.37,27.33,False,Normal,0,train
PUMP_03,2026-03-28 17:00:00,0.1562,50.34,33.72,57.96,4.098,0.1511,0.0166,7.286,3.48,379.1,129.9,14.46,27.29,False,Normal,0,train
PUMP_03,2026-03-28 18:00:00,0.1347,50.53,33.53,58.15,3.994,0.1455,0.0153,7.242,3.7,380.3,130.2,13.97,27.25,False,Normal,0,train
PUMP_03,2026-03-28 19:00:00,0.1255,50.61,34.18,56.12,3.99,0.1446,0.0166,7.227,3.82,380.7,116.4,13.84,27.21,False,Normal,0,train
PUMP_03,2026-03-28 20:00:00,0.1349,49.99,34.35,56.13,4.046,0.1453,0.0159,7.317,4.34,379.0,113.8,15.56,27.17,False,Normal,0,train
PUMP_03,2026-03-28 21:00:00,0.1448,48.2,33.78,58.46,4.035,0.1438,0.0153,7.15,3.82,386.0,109.3,12.82,27.12,False,Normal,0,train
PUMP_03,2026-03-28 22:00:00,0.1438,48.46,33.43,57.51,4.035,0.14,0.0106,7.195,3.43,385.9,102.9,13.27,27.08,False,Normal,0,train
PUMP_03,2026-03-28 23:00:00,0.132,46.84,34.82,57.74,4.185,0.136,0.0073,7.209,3.39,380.1,97.3,13.23,27.04,False,Normal,0,train
PUMP_03,2026-03-29 00:00:00,0.1693,50.19,34.41,58.74,4.047,0.1417,0.0154,7.189,3.69,375.8,93.9,12.94,27.0,False,Normal,0,train
PUMP_03,2026-03-29 01:00:00,0.1722,52.86,34.59,56.88,3.937,0.1495,0.0172,7.108,3.4,381.3,93.4,11.66,26.96,False,Normal,0,train
PUMP_03,2026-03-29 02:00:00,0.1833,49.86,33.79,57.32,3.944,0.1576,0.0201,7.25,4.31,376.7,93.2,14.38,26.92,False,Normal,0,train
PUMP_03,2026-03-29 03:00:00,0.1322,48.86,33.5,57.58,4.067,0.1555,0.0222,7.162,4.32,386.8,99.7,13.41,26.88,False,Normal,0,train
PUMP_03,2026-03-29 04:00:00,0.1465,50.04,33.68,58.4,4.061,0.1559,0.022,7.162,4.0,387.5,109.6,13.2,26.83,False,Normal,0,train
PUMP_03,2026-03-29 05:00:00,0.1634,49.8,33.09,57.57,4.078,0.1612,0.0186,7.182,3.89,383.2,108.9,13.27,26.79,False,Normal,0,train
PUMP_03,2026-03-29 06:00:00,0.1601,47.4,33.8,57.24,4.042,0.1596,0.0182,7.188,4.3,373.8,115.9,13.27,26.75,False,Normal,0,train
PUMP_03,2026-03-29 07:00:00,0.1529,50.38,33.59,60.03,3.917,0.1564,0.0172,7.194,4.28,377.3,124.3,13.49,26.71,False,Normal,0,train
PUMP_03,2026-03-29 08:00:00,0.1458,49.84,33.95,58.05,4.123,0.1502,0.0113,7.248,3.61,378.6,124.7,13.94,26.67,False,Normal,0,train
PUMP_03,2026-03-29 09:00:00,0.1421,49.74,34.03,58.79,4.107,0.1518,0.0085,7.258,3.66,375.4,125.3,14.01,26.62,False,Normal,0,train
PUMP_03,2026-03-29 10:00:00,0.1854,52.98,34.05,55.83,3.969,0.1583,0.0156,7.187,4.28,378.1,137.7,13.41,26.58,False,Normal,0,train
PUMP_03,2026-03-29 11:00:00,0.1312,49.85,33.65,56.45,4.029,0.1529,0.0187,7.17,4.11,380.8,145.1,13.13,26.54,False,Normal,0,train
PUMP_03,2026-03-29 12:00:00,0.1266,52.73,33.29,58.7,4.015,0.1473,0.021,7.194,4.24,382.3,152.2,13.66,26.5,False,Normal,0,train
PUMP_03,2026-03-29 13:00:00,0.1296,48.76,33.13,57.71,3.97,0.1434,0.0219,7.155,3.64,386.1,141.1,12.79,26.46,False,Normal,0,train
PUMP_03,2026-03-29 14:00:00,0.1479,47.73,34.12,57.54,3.907,0.1438,0.0219,7.199,3.7,379.5,148.5,13.25,26.42,False,Normal,0,train
PUMP_03,2026-03-29 15:00:00,0.1388,48.79,34.08,56.86,4.046,0.1432,0.022,7.153,4.19,378.2,142.7,12.8,26.38,False,Normal,0,train
PUMP_03,2026-03-29 16:00:00,0.1475,51.76,33.16,59.17,3.881,0.1369,0.0093,7.285,4.48,373.2,136.1,14.91,26.33,False,Normal,0,train
PUMP_03,2026-03-29 17:00:00,0.1297,48.86,34.86,58.79,3.952,0.1367,0.0095,7.16,5.01,381.4,128.3,13.63,26.29,False,Normal,0,train
PUMP_03,2026-03-29 18:00:00,0.1413,47.86,34.5,57.92,4.137,0.1391,0.0081,7.127,5.35,377.4,124.1,13.17,26.25,False,Normal,0,train
PUMP_03,2026-03-29 19:00:00,0.1416,50.51,33.39,58.29,4.033,0.1411,0.0067,7.189,5.53,378.6,122.3,14.34,26.21,False,Normal,0,train
PUMP_03,2026-03-29 20:00:00,0.165,49.42,34.16,57.63,4.031,0.144,0.0118,7.092,6.3,376.8,118.4,13.25,26.17,False,Normal,0,train
PUMP_03,2026-03-29 21:00:00,0.1696,50.86,33.92,57.18,3.976,0.1491,0.0153,7.118,5.28,377.0,96.6,12.96,26.12,False,Normal,0,train
PUMP_03,2026-03-29 22:00:00,0.1427,48.99,34.16,57.38,3.875,0.1483,0.0155,7.197,4.83,388.7,104.4,14.39,26.08,False,Normal,0,train
PUMP_03,2026-03-29 23:00:00,0.1602,48.62,34.1,58.92,4.033,0.1534,0.013,7.207,4.82,390.9,96.1,14.64,26.04,False,Normal,0,train
PUMP_03,2026-03-30 00:00:00,0.1524,52.49,34.4,57.53,4.04,0.1552,0.0116,7.252,3.56,399.0,93.9,14.82,26.0,False,Normal,0,train
PUMP_03,2026-03-30 01:00:00,0.1641,48.75,34.89,58.07,4.064,0.159,0.0098,7.064,4.26,385.6,96.7,11.73,25.96,False,Normal,0,train
PUMP_03,2026-03-30 02:00:00,0.1608,48.75,34.18,57.48,3.969,0.1583,0.0095,7.241,3.72,397.5,103.5,14.68,25.92,False,Normal,0,train
PUMP_03,2026-03-30 03:00:00,0.1681,50.69,34.32,59.13,3.967,0.158,0.0091,7.173,4.16,388.7,95.5,13.54,25.88,False,Normal,0,train
PUMP_03,2026-03-30 04:00:00,0.1715,45.82,34.88,57.22,4.045,0.1628,0.0067,7.141,4.93,385.5,101.9,13.45,25.83,False,Normal,0,train
PUMP_03,2026-03-30 05:00:00,0.166,51.1,33.68,59.83,3.899,0.1638,0.0067,7.114,4.32,382.1,101.2,12.43,25.79,False,Normal,0,train
PUMP_03,2026-03-30 06:00:00,0.1621,52.68,33.44,57.31,4.065,0.1654,0.004,7.172,4.06,384.8,115.3,13.3,25.75,False,Normal,0,train
PUMP_03,2026-03-30 07:00:00,0.1753,51.3,34.4,57.31,3.987,0.1673,0.0055,7.279,3.62,385.0,117.2,14.71,25.71,False,Normal,0,train
PUMP_03,2026-03-30 08:00:00,0.1566,48.44,33.27,60.4,4.023,0.1666,0.0067,7.248,3.93,384.9,132.8,14.43,25.67,False,Normal,0,train
PUMP_03,2026-03-30 09:00:00,0.1484,48.92,33.52,56.72,4.185,0.1633,0.0099,7.282,3.77,378.6,133.9,14.59,25.62,False,Normal,0,train
PUMP_03,2026-03-30 10:00:00,0.1317,50.1,34.9,57.96,3.978,0.1567,0.0152,7.194,3.42,388.7,136.5,13.37,25.58,False,Normal,0,train
PUMP_03,2026-03-30 11:00:00,0.159,50.55,32.97,59.21,4.011,0.1555,0.0146,7.205,3.15,382.7,140.5,13.1,25.54,False,Normal,0,train
PUMP_03,2026-03-30 12:00:00,0.1604,52.42,34.18,56.15,4.002,0.1552,0.0145,7.121,3.67,365.0,145.6,11.38,25.5,False,Normal,0,train
PUMP_03,2026-03-30 13:00:00,0.1216,52.35,33.13,58.31,3.842,0.1463,0.0161,7.121,3.99,380.0,147.8,12.23,25.46,False,Normal,0,train
PUMP_03,2026-03-30 14:00:00,0.1358,49.68,34.25,56.15,4.049,0.1428,0.0157,7.193,4.45,377.9,139.5,13.61,25.42,False,Normal,0,train
PUMP_03,2026-03-30 15:00:00,0.1542,49.2,35.1,58.04,3.813,0.1438,0.0162,7.131,3.7,378.2,141.1,12.12,25.38,False,Normal,0,train
PUMP_03,2026-03-30 16:00:00,0.1392,48.83,33.39,60.44,4.061,0.145,0.0154,7.156,4.13,383.0,137.7,13.01,25.33,False,Normal,0,train
PUMP_03,2026-03-30 17:00:00,0.1412,50.97,32.74,55.18,3.945,0.1421,0.0138,7.199,3.44,381.3,133.3,13.14,25.29,False,Normal,0,train
PUMP_03,2026-03-30 18:00:00,0.1537,51.62,34.21,57.91,3.941,0.141,0.0122,7.26,3.8,376.4,131.7,14.17,25.25,False,Normal,0,train
PUMP_03,2026-03-30 19:00:00,0.1387,50.1,33.62,57.45,3.997,0.1438,0.0081,7.197,3.14,387.3,114.3,13.16,25.21,False,Normal,0,train
PUMP_03,2026-03-30 20:00:00,0.1471,50.0,33.89,56.79,3.894,0.1457,0.0071,7.129,5.01,373.4,117.4,12.79,25.17,False,Normal,0,train
PUMP_03,2026-03-30 21:00:00,0.1267,53.17,34.22,56.16,3.991,0.1411,0.0091,7.106,4.2,373.0,109.0,11.84,25.12,False,Normal,0,train
PUMP_03,2026-03-30 22:00:00,0.1503,51.02,34.34,59.32,3.912,0.143,0.0097,7.204,4.13,374.8,100.3,13.44,25.08,False,Normal,0,train
PUMP_03,2026-03-30 23:00:00,0.1273,46.92,34.34,58.24,3.897,0.1406,0.0117,7.169,4.21,382.9,101.6,13.27,25.04,False,Normal,0,train
PUMP_03,2026-03-31 00:00:00,0.1305,49.95,33.98,55.77,3.983,0.1368,0.0102,7.206,5.01,382.5,94.3,14.4,25.0,False,Chemical,0,train
PUMP_03,2026-03-31 01:00:00,0.145,50.3,34.26,56.87,4.098,0.1378,0.0108,7.19,3.83,376.6,87.8,13.07,24.96,False,Chemical,0,train
PUMP_03,2026-03-31 02:00:00,0.1632,49.6,33.89,57.34,4.058,0.1405,0.0148,7.196,3.61,377.7,82.1,13.07,24.92,False,Chemical,0,train
PUMP_03,2026-03-31 03:00:00,0.1579,51.89,33.8,56.11,3.956,0.1457,0.0145,7.26,4.81,380.7,93.5,15.05,24.88,False,Chemical,0,train
PUMP_03,2026-03-31 04:00:00,0.1468,49.51,33.99,58.11,3.987,0.1451,0.0143,7.252,3.52,375.0,100.1,13.79,24.83,False,Chemical,0,train
PUMP_03,2026-03-31 05:00:00,0.1728,48.52,34.35,58.31,3.957,0.1527,0.015,7.218,4.54,384.0,108.2,14.33,24.79,False,Chemical,0,train
PUMP_03,2026-03-31 06:00:00,0.1648,48.93,33.61,58.29,3.904,0.1584,0.0108,7.155,4.0,387.9,115.9,13.1,24.75,False,Chemical,0,train
PUMP_03,2026-03-31 07:00:00,0.1753,51.01,34.13,60.42,3.916,0.1635,0.0104,7.172,4.21,379.2,119.0,13.16,24.71,False,Chemical,0,train
PUMP_03,2026-03-31 08:00:00,0.1453,47.97,33.72,56.87,4.021,0.1605,0.0128,7.237,3.47,381.9,120.8,13.8,24.67,False,Chemical,0,train
PUMP_03,2026-03-31 09:00:00,0.1786,49.26,33.56,57.43,3.942,0.1639,0.0146,7.264,5.09,380.8,131.0,15.31,24.62,False,Chemical,0,train
PUMP_03,2026-03-31 10:00:00,0.1787,51.27,34.63,57.37,3.995,0.1693,0.0128,7.135,3.9,387.1,136.8,12.69,24.58,False,Chemical,0,train
PUMP_03,2026-03-31 11:00:00,0.1663,47.96,34.22,59.03,3.918,0.1682,0.0127,7.275,3.79,390.1,148.6,14.96,24.54,False,Chemical,0,train
PUMP_03,2026-03-31 12:00:00,0.1573,48.44,34.23,58.89,4.063,0.1669,0.0135,7.159,4.3,378.7,146.4,12.99,24.5,False,Chemical,0,train
PUMP_03,2026-03-31 13:00:00,0.1549,47.46,33.43,56.64,4.051,0.1635,0.0135,7.231,3.83,380.7,138.4,13.91,24.46,False,Chemical,0,train
PUMP_03,2026-03-31 14:00:00,0.15,48.66,33.85,59.73,4.125,0.1643,0.0123,7.337,4.27,384.9,142.9,16.09,24.42,False,Chemical,0,train
PUMP_03,2026-03-31 15:00:00,0.1223,49.22,34.36,56.91,4.109,0.1549,0.0189,7.118,3.6,382.5,144.4,12.01,24.38,False,Chemical,0,train
PUMP_03,2026-03-31 16:00:00,0.1324,49.64,34.22,59.02,3.926,0.1472,0.0166,7.222,4.18,376.3,137.8,13.82,24.33,False,Chemical,0,train
PUMP_03,2026-03-31 17:00:00,0.1388,48.62,35.54,58.95,3.931,0.1426,0.0138,7.181,3.89,371.9,126.0,12.78,24.29,False,Chemical,0,train
PUMP_03,2026-03-31 18:00:00,0.1245,49.43,34.13,58.48,4.028,0.1372,0.0133,7.218,3.83,378.1,129.7,13.6,24.25,False,Chemical,0,train
PUMP_03,2026-03-31 19:00:00,0.1619,51.47,33.6,57.6,3.929,0.1383,0.0153,7.165,3.78,382.8,121.5,12.9,24.21,False,Chemical,0,train
PUMP_03,2026-03-31 20:00:00,0.1488,50.5,33.74,57.63,4.019,0.1381,0.0152,7.071,4.53,379.3,112.9,11.78,24.17,False,Chemical,0,train
PUMP_03,2026-03-31 21:00:00,0.1697,53.2,33.49,58.58,3.972,0.146,0.0174,7.157,4.05,376.2,104.3,12.69,24.12,False,Chemical,0,train
PUMP_03,2026-03-31 22:00:00,0.1569,48.99,33.61,58.63,4.073,0.1501,0.0165,7.212,4.13,378.7,106.4,13.72,24.08,False,Chemical,0,train
PUMP_03,2026-03-31 23:00:00,0.1265,49.33,34.06,58.85,4.076,0.148,0.0188,7.262,4.39,390.9,91.1,15.21,24.04,False,Chemical,0,train
PUMP_03,2026-04-01 00:00:00,0.1696,50.23,33.72,58.85,3.975,0.1556,0.0163,7.214,4.69,376.2,89.6,14.05,24.0,False,Chemical,0,train
PUMP_03,2026-04-01 01:00:00,0.1458,49.23,34.8,58.41,3.854,0.1529,0.0164,7.267,3.88,380.4,92.1,14.5,23.96,False,Chemical,0,train
PUMP_03,2026-04-01 02:00:00,0.1755,49.96,34.53,59.7,4.081,0.1573,0.0185,7.168,4.35,379.5,97.1,13.22,23.92,False,Chemical,0,train
PUMP_03,2026-04-01 03:00:00,0.1797,47.12,34.52,57.28,3.951,0.159,0.0202,7.164,3.92,392.0,92.9,13.36,23.88,False,Chemical,0,train
PUMP_03,2026-04-01 04:00:00,0.1789,49.44,33.85,58.05,3.998,0.1627,0.0217,7.209,4.21,375.0,100.1,13.59,23.83,False,Chemical,0,train
PUMP_03,2026-04-01 05:00:00,0.1758,51.32,34.55,57.33,3.989,0.1709,0.0128,7.173,4.74,378.6,106.1,13.52,23.79,False,Chemical,0,train
PUMP_03,2026-04-01 06:00:00,0.1665,52.86,34.61,60.93,4.031,0.1704,0.0129,7.247,3.39,383.0,114.9,13.95,23.75,False,Chemical,0,train
PUMP_03,2026-04-01 07:00:00,0.1595,52.17,34.96,58.92,3.95,0.1726,0.008,7.12,3.98,383.7,118.9,12.36,23.71,False,Chemical,0,train
PUMP_03,2026-04-01 08:00:00,0.1869,50.19,33.68,59.22,3.911,0.1746,0.0099,7.233,4.27,388.6,125.4,14.58,23.67,False,Chemical,0,train
PUMP_03,2026-04-01 09:00:00,0.1612,50.72,34.01,58.54,4.012,0.1715,0.0108,7.239,4.9,388.3,129.7,15.11,23.62,False,Chemical,0,train
PUMP_03,2026-04-01 10:00:00,0.1492,50.5,33.55,57.93,4.066,0.1665,0.0133,7.184,5.7,379.8,142.0,14.43,23.58,False,Chemical,0,train
PUMP_03,2026-04-01 11:00:00,0.1592,49.17,35.58,61.2,3.99,0.1638,0.0127,7.199,4.98,385.1,144.3,14.38,23.54,False,Chemical,0,train
PUMP_03,2026-04-01 12:00:00,0.1672,48.56,33.88,59.46,3.99,0.1639,0.0127,7.109,6.64,382.8,146.6,14.0,23.5,False,Chemical,0,train
PUMP_03,2026-04-01 13:00:00,0.1641,50.37,34.77,57.62,3.905,0.1646,0.0125,7.081,6.94,381.6,141.9,13.72,23.46,False,Chemical,0,train
PUMP_03,2026-04-01 14:00:00,0.1287,49.83,34.09,57.67,4.041,0.1549,0.0142,7.139,6.66,389.1,142.1,14.77,23.42,False,Chemical,0,train
PUMP_03,2026-04-01 15:00:00,0.1591,51.26,34.53,58.27,4.047,0.1546,0.0141,7.095,5.83,388.1,143.6,13.44,23.38,False,Chemical,0,train
PUMP_03,2026-04-01 16:00:00,0.1517,46.43,33.99,57.35,3.991,0.155,0.0139,7.159,5.76,398.2,135.3,14.83,23.33,False,Chemical,0,train
PUMP_03,2026-04-01 17:00:00,0.1352,49.74,34.55,57.58,3.922,0.151,0.0158,7.17,6.0,395.8,128.8,15.08,23.29,False,Chemical,0,train
PUMP_03,2026-04-01 18:00:00,0.1276,51.81,34.17,56.18,4.007,0.1444,0.0159,7.163,5.23,401.0,127.6,14.63,23.25,False,Chemical,0,train
PUMP_03,2026-04-01 19:00:00,0.1618,50.86,35.02,55.13,4.013,0.144,0.0154,7.198,4.52,387.6,114.8,14.15,23.21,False,Chemical,0,train
PUMP_03,2026-04-01 20:00:00,0.1643,48.53,34.18,60.37,3.997,0.15,0.0152,7.215,4.22,401.9,112.7,14.81,23.17,False,Chemical,0,train
PUMP_03,2026-04-01 21:00:00,0.1665,48.04,33.57,57.39,3.913,0.1512,0.0163,7.178,4.93,401.2,111.1,14.67,23.12,False,Chemical,0,train
PUMP_03,2026-04-01 22:00:00,0.1254,49.93,34.31,57.64,4.02,0.1468,0.0194,7.158,4.6,398.6,102.9,14.02,23.08,False,Chemical,0,train
PUMP_03,2026-04-01 23:00:00,0.1443,51.18,34.01,58.08,4.013,0.1483,0.0186,7.222,4.59,400.9,94.2,15.14,23.04,False,Chemical,0,train
PUMP_03,2026-04-02 00:00:00,0.1509,50.77,33.41,58.84,4.034,0.1522,0.0157,7.194,4.66,393.7,97.7,14.45,23.0,False,Chemical,0,train
PUMP_03,2026-04-02 01:00:00,0.1751,50.17,34.23,58.93,3.989,0.1544,0.018,7.203,4.47,380.1,92.6,13.87,22.96,False,Chemical,0,train
PUMP_03,2026-04-02 02:00:00,0.1671,50.96,33.63,59.23,4.103,0.1549,0.0184,7.208,4.42,389.1,99.2,14.31,22.92,False,Chemical,0,train
PUMP_03,2026-04-02 03:00:00,0.1537,50.39,33.86,58.69,4.0,0.1528,0.0175,7.186,4.17,390.8,100.4,13.84,22.88,False,Chemical,0,train
PUMP_03,2026-04-02 04:00:00,0.1611,50.9,34.02,57.68,4.112,0.1587,0.0113,7.161,4.55,383.8,100.9,13.42,22.83,False,Chemical,0,train
PUMP_03,2026-04-02 05:00:00,0.1704,51.41,32.78,59.52,4.018,0.163,0.0095,7.147,4.1,385.0,104.5,12.92,22.79,False,Chemical,0,train
PUMP_03,2026-04-02 06:00:00,0.1712,49.33,33.74,57.79,3.907,0.1664,0.0078,7.172,5.04,391.2,110.1,14.25,22.75,False,Chemical,0,train
PUMP_03,2026-04-02 07:00:00,0.1849,48.67,34.55,59.24,4.067,0.1681,0.0105,7.2,4.61,387.5,130.4,14.24,22.71,False,Chemical,0,train
PUMP_03,2026-04-02 08:00:00,0.1805,51.09,33.88,56.15,3.971,0.1703,0.0116,7.202,4.74,393.2,117.3,14.6,22.67,False,Chemical,0,train
PUMP_03,2026-04-02 09:00:00,0.1758,49.23,32.86,59.56,3.964,0.174,0.0084,7.182,4.91,388.9,125.5,14.22,22.62,False,Chemical,0,train
PUMP_03,2026-04-02 10:00:00,0.1435,47.08,33.95,56.93,4.083,0.171,0.0146,7.191,4.63,377.3,142.1,13.69,22.58,False,Chemical,0,train
PUMP_03,2026-04-02 11:00:00,0.142,52.14,34.29,56.26,3.9,0.1663,0.0188,7.118,4.51,388.7,145.2,12.9,22.54,False,Chemical,0,train
PUMP_03,2026-04-02 12:00:00,0.1351,50.38,33.82,56.44,3.86,0.1603,0.0224,7.149,5.09,386.7,145.6,13.73,22.5,False,Chemical,0,train
PUMP_03,2026-04-02 13:00:00,0.1538,50.31,33.84,58.24,3.982,0.1551,0.0189,7.205,5.79,392.0,137.0,15.33,22.46,False,Chemical,0,train
PUMP_03,2026-04-02 14:00:00,0.138,49.72,33.73,60.74,4.024,0.148,0.015,7.129,5.42,391.3,146.3,13.83,22.42,False,Chemical,0,train
PUMP_03,2026-04-02 15:00:00,0.1519,51.26,34.37,57.76,4.069,0.144,0.0075,7.177,5.6,384.7,137.7,14.45,22.38,False,Chemical,0,train
PUMP_03,2026-04-02 16:00:00,0.1524,48.08,33.51,57.87,4.012,0.1455,0.0082,7.172,4.59,390.6,137.3,13.91,22.33,False,Chemical,0,train
PUMP_03,2026-04-02 17:00:00,0.144,50.01,34.33,58.92,3.82,0.1459,0.008,7.163,5.07,392.5,134.1,14.17,22.29,False,Chemical,0,train
PUMP_03,2026-04-02 18:00:00,0.1536,50.42,33.84,57.31,3.922,0.149,0.0065,7.202,5.09,392.3,128.5,14.81,22.25,False,Chemical,0,train
PUMP_03,2026-04-02 19:00:00,0.1311,50.83,34.75,57.82,3.899,0.1452,0.0092,7.178,5.77,395.2,117.4,15.03,22.21,False,Chemical,0,train
PUMP_03,2026-04-02 20:00:00,0.1196,47.44,33.71,57.58,3.849,0.1421,0.0139,7.106,5.59,385.5,118.7,13.35,22.17,False,Chemical,0,train
PUMP_03,2026-04-02 21:00:00,0.1328,50.89,33.33,60.36,3.986,0.1389,0.0134,7.191,5.19,390.1,110.8,14.61,22.12,False,Chemical,0,train
PUMP_03,2026-04-02 22:00:00,0.158,49.37,34.37,58.09,4.041,0.1398,0.0146,7.139,4.37,380.0,98.5,12.79,22.08,False,Chemical,0,train
PUMP_03,2026-04-02 23:00:00,0.1755,49.02,34.3,58.9,4.078,0.1451,0.0208,7.096,4.85,397.3,96.4,13.15,22.04,False,Chemical,0,train
PUMP_03,2026-04-03 00:00:00,0.1727,47.66,34.25,57.15,4.04,0.1483,0.0236,7.2,5.6,392.3,92.8,15.13,22.0,False,Chemical,0,train
PUMP_03,2026-04-03 01:00:00,0.1501,53.35,34.51,56.63,3.955,0.1514,0.0221,7.103,5.25,391.5,94.7,13.3,21.96,False,Chemical,0,train
PUMP_03,2026-04-03 02:00:00,0.1699,49.81,33.4,58.8,4.087,0.1598,0.0164,7.144,5.36,391.7,98.4,14.04,21.92,False,Chemical,0,train
PUMP_03,2026-04-03 03:00:00,0.1368,50.37,33.53,58.3,3.983,0.1605,0.0151,7.175,5.68,395.0,90.9,14.9,21.88,False,Chemical,0,train
PUMP_03,2026-04-03 04:00:00,0.1824,48.42,34.79,59.24,4.005,0.1646,0.0174,7.156,5.92,398.0,94.4,14.89,21.83,False,Chemical,0,train
PUMP_03,2026-04-03 05:00:00,0.1681,47.71,34.26,56.94,3.947,0.1633,0.0167,7.128,5.19,391.6,104.2,13.66,21.79,False,Chemical,0,train
PUMP_03,2026-04-03 06:00:00,0.1725,51.22,33.73,57.89,3.98,0.1633,0.0167,7.108,5.77,395.4,118.9,13.91,21.75,False,Chemical,0,train
PUMP_03,2026-04-03 07:00:00,0.1316,47.98,32.94,56.45,3.966,0.1602,0.0208,7.119,6.2,395.6,121.0,14.4,21.71,False,Chemical,0,train
PUMP_03,2026-04-03 08:00:00,0.1662,51.96,33.25,57.41,3.889,0.1596,0.0205,7.102,6.16,382.9,132.8,13.57,21.67,False,Chemical,0,train
PUMP_03,2026-04-03 09:00:00,0.1854,52.7,33.43,56.27,4.051,0.1677,0.0193,7.149,5.41,390.7,131.9,14.12,21.62,False,Chemical,0,train
PUMP_03,2026-04-03 10:00:00,0.1601,48.84,33.66,57.66,4.013,0.164,0.018,7.127,5.77,396.7,134.3,14.27,21.58,False,Chemical,0,train
PUMP_03,2026-04-03 11:00:00,0.1519,49.31,34.18,59.57,4.064,0.1613,0.0185,7.085,5.99,400.9,134.9,13.92,21.54,False,Chemical,0,train
PUMP_03,2026-04-03 12:00:00,0.1469,46.19,33.18,56.97,3.944,0.157,0.0183,7.138,5.73,401.9,140.8,14.63,21.5,False,Chemical,0,train
PUMP_03,2026-04-03 13:00:00,0.1373,47.39,33.68,56.96,4.056,0.158,0.0168,7.12,5.65,389.2,142.5,13.76,21.46,False,Chemical,0,train
PUMP_03,2026-04-03 14:00:00,0.1471,50.95,33.24,57.8,3.874,0.1548,0.0167,7.164,5.1,400.6,134.4,14.55,21.42,False,Chemical,0,train
PUMP_03,2026-04-03 15:00:00,0.1254,51.88,33.75,57.78,4.043,0.1448,0.0121,7.168,5.47,401.1,138.3,14.9,21.38,False,Chemical,0,train
PUMP_03,2026-04-03 16:00:00,0.1488,48.83,35.43,58.92,4.054,0.1429,0.0099,7.216,5.58,398.3,134.3,15.62,21.33,False,Chemical,0,train
PUMP_03,2026-04-03 17:00:00,0.1577,49.05,34.71,56.44,3.917,0.1439,0.0111,7.18,5.38,386.4,132.6,14.42,21.29,False,Chemical,0,train
PUMP_03,2026-04-03 18:00:00,0.1343,47.63,34.34,55.0,4.089,0.1418,0.0116,7.093,5.97,394.1,126.3,13.75,21.25,False,Chemical,0,train
PUMP_03,2026-04-03 19:00:00,0.1468,48.3,33.69,58.08,4.125,0.1434,0.0115,7.038,6.3,397.7,121.3,13.25,21.21,False,Chemical,0,train
PUMP_03,2026-04-03 20:00:00,0.1411,51.99,33.35,60.03,3.954,0.1424,0.0114,7.069,5.82,396.2,107.0,13.36,21.17,False,Chemical,0,train
PUMP_03,2026-04-03 21:00:00,0.1496,50.47,33.95,57.77,4.116,0.1464,0.008,7.119,5.14,386.9,103.0,13.29,21.12,False,Chemical,0,train
PUMP_03,2026-04-03 22:00:00,0.1594,47.31,33.07,58.48,3.864,0.1482,0.0096,7.063,6.01,396.7,106.0,13.41,21.08,False,Chemical,0,train
PUMP_03,2026-04-03 23:00:00,0.1544,50.85,34.39,57.9,3.989,0.1476,0.009,7.112,6.21,393.7,97.3,14.2,21.04,False,Chemical,0,train
PUMP_03,2026-04-04 00:00:00,0.1637,53.56,33.88,58.89,3.791,0.1525,0.0083,7.143,6.21,401.6,99.2,15.04,21.0,False,Chemical,0,train
PUMP_03,2026-04-04 01:00:00,0.1612,49.41,33.98,57.65,4.074,0.1549,0.0084,7.112,5.88,401.4,94.4,14.3,20.96,False,Chemical,0,train
PUMP_03,2026-04-04 02:00:00,0.1688,49.0,33.0,57.91,3.878,0.1595,0.0068,7.01,10.75,401.9,96.6,16.09,20.92,False,Chemical,0,train
PUMP_03,2026-04-04 03:00:00,0.1627,50.88,34.03,59.97,3.844,0.1617,0.0048,6.834,16.18,397.7,100.5,22.22,20.88,False,Chemical,0,train
PUMP_03,2026-04-04 04:00:00,0.1646,51.52,33.86,59.38,4.021,0.1626,0.0048,6.684,20.94,400.0,100.1,28.04,20.83,False,Chemical,0,train
PUMP_03,2026-04-04 05:00:00,0.171,51.24,33.43,57.18,4.084,0.1653,0.0038,6.618,27.16,399.8,104.8,33.44,20.79,False,Chemical,0,train
PUMP_03,2026-04-04 06:00:00,0.16,49.54,34.14,57.21,3.969,0.1647,0.0044,6.411,31.04,405.1,110.8,39.7,20.75,False,Chemical,0,train
PUMP_03,2026-04-04 07:00:00,0.1676,49.39,33.77,57.3,4.012,0.1658,0.0041,6.417,31.77,398.2,119.7,39.82,20.71,False,Chemical,0,train
PUMP_03,2026-04-04 08:00:00,0.1466,47.43,34.19,56.66,4.142,0.1621,0.0085,6.597,26.33,433.3,128.8,34.61,20.67,False,Chemical,0,train
PUMP_03,2026-04-04 09:00:00,0.1313,48.18,34.38,57.35,3.926,0.1569,0.0151,6.728,22.32,474.8,130.9,31.43,20.62,False,Chemical,0,train
PUMP_03,2026-04-04 10:00:00,0.1579,50.57,33.36,57.87,3.923,0.1557,0.0147,6.805,17.33,509.7,142.3,28.15,20.58,False,Chemical,0,train
PUMP_03,2026-04-04 11:00:00,0.1422,49.23,34.08,57.09,4.089,0.1509,0.0133,7.063,11.54,555.3,148.6,23.9,20.54,False,Chemical,0,train
PUMP_03,2026-04-04 12:00:00,0.1807,50.41,34.07,58.64,4.021,0.1544,0.018,7.107,6.54,591.1,140.6,22.58,20.5,False,Chemical,0,train
PUMP_03,2026-04-04 13:00:00,0.1373,49.69,34.77,56.02,4.117,0.1493,0.0178,7.179,7.41,594.0,149.8,24.47,20.46,False,Chemical,0,train
PUMP_03,2026-04-04 14:00:00,0.1585,50.14,34.53,56.62,3.9,0.1513,0.0181,7.065,6.68,554.1,144.1,20.48,20.42,False,Chemical,0,train
PUMP_03,2026-04-04 15:00:00,0.1344,50.09,33.82,58.83,3.861,0.1518,0.0174,7.111,6.42,512.0,143.2,19.26,20.38,False,Chemical,0,train
PUMP_03,2026-04-04 16:00:00,0.1433,51.18,33.78,60.32,3.889,0.1494,0.0175,7.136,6.31,484.9,137.1,18.46,20.33,False,Chemical,0,train
PUMP_03,2026-04-04 17:00:00,0.1261,51.34,34.13,58.35,4.061,0.1467,0.0199,7.142,6.42,434.6,137.4,16.54,20.29,False,Chemical,0,train
PUMP_03,2026-04-04 18:00:00,0.1245,50.05,33.37,57.05,4.101,0.1374,0.0125,7.081,6.98,401.7,127.9,14.58,20.25,False,Chemical,0,train
PUMP_03,2026-04-04 19:00:00,0.1474,49.78,33.46,56.72,4.091,0.139,0.0132,7.039,6.9,401.2,118.6,13.84,20.21,False,Chemical,0,train
PUMP_03,2026-04-04 20:00:00,0.1384,50.04,33.77,57.61,4.05,0.1357,0.0092,7.144,6.15,406.6,111.9,15.21,20.17,False,Chemical,0,train
PUMP_03,2026-04-04 21:00:00,0.1573,48.92,32.62,59.58,4.107,0.1395,0.0126,7.109,7.33,409.7,102.7,15.62,20.12,False,Chemical,0,train
PUMP_03,2026-04-04 22:00:00,0.1671,51.74,33.46,58.68,3.958,0.1435,0.017,7.099,7.56,412.8,100.0,15.74,20.08,False,Chemical,0,train
PUMP_03,2026-04-04 23:00:00,0.1271,49.27,33.86,56.59,3.849,0.1436,0.0168,7.2,6.27,409.7,103.2,16.32,20.04,False,Chemical,0,train
PUMP_03,2026-04-05 00:00:00,0.1695,49.88,35.72,58.51,3.879,0.1511,0.0166,7.102,7.45,409.5,100.2,15.57,20.0,False,Chemical,0,train
PUMP_03,2026-04-05 01:00:00,0.1415,50.39,33.68,59.8,3.892,0.1502,0.0171,7.089,7.76,406.0,92.4,15.44,19.96,False,Chemical,0,train
PUMP_03,2026-04-05 02:00:00,0.1536,50.6,34.47,59.5,3.854,0.1527,0.0161,7.024,6.41,408.4,91.5,13.56,19.92,False,Chemical,0,train
PUMP_03,2026-04-05 03:00:00,0.1398,50.55,33.96,59.69,3.901,0.1498,0.0166,7.059,6.98,400.3,102.2,14.17,19.88,False,Chemical,0,train
PUMP_03,2026-04-05 04:00:00,0.1421,49.95,34.34,59.06,3.936,0.1456,0.0144,7.156,6.87,410.9,104.0,16.09,19.83,False,Chemical,0,train
PUMP_03,2026-04-05 05:00:00,0.1347,52.63,33.44,56.56,4.059,0.1469,0.0127,7.074,7.64,410.6,99.6,15.31,19.79,False,Chemical,0,train
PUMP_03,2026-04-05 06:00:00,0.1584,50.29,33.16,57.14,4.035,0.145,0.009,7.141,7.13,418.4,125.0,16.34,19.75,False,Chemical,0,train
PUMP_03,2026-04-05 07:00:00,0.1653,49.81,34.92,60.2,4.133,0.149,0.0119,7.044,7.15,409.0,120.0,14.41,19.71,False,Chemical,0,train
PUMP_03,2026-04-05 08:00:00,0.158,52.89,33.3,57.71,3.914,0.1497,0.0124,7.064,7.55,415.5,133.3,15.28,19.67,False,Chemical,0,train
PUMP_03,2026-04-05 09:00:00,0.1354,49.04,34.99,55.85,4.043,0.149,0.0132,7.061,8.04,407.5,133.2,15.26,19.62,False,Chemical,0,train
PUMP_03,2026-04-05 10:00:00,0.1311,52.9,33.89,58.86,4.119,0.1472,0.015,7.129,7.44,418.8,133.5,16.38,19.58,False,Chemical,0,train
PUMP_03,2026-04-05 11:00:00,0.1585,47.23,33.62,59.41,3.974,0.1511,0.0142,7.093,7.32,417.9,142.4,15.69,19.54,False,Chemical,0,train
PUMP_03,2026-04-05 12:00:00,0.1678,49.63,33.81,58.05,3.98,0.1527,0.0156,7.047,7.43,416.7,138.3,14.98,19.5,False,Chemical,0,train
PUMP_03,2026-04-05 13:00:00,0.1574,47.74,35.09,58.81,4.127,0.1514,0.0146,7.137,7.85,411.7,144.5,16.51,19.46,False,Chemical,0,train
PUMP_03,2026-04-05 14:00:00,0.1795,48.21,33.71,57.17,3.988,0.155,0.0186,7.125,7.1,410.7,139.8,15.75,19.42,False,Chemical,0,train
PUMP_03,2026-04-05 15:00:00,0.1492,50.94,33.91,57.61,4.132,0.1572,0.0165,7.116,7.67,410.3,140.8,15.99,19.38,False,Chemical,0,train
PUMP_03,2026-04-05 16:00:00,0.1532,50.7,34.73,56.0,3.9,0.1609,0.011,7.112,7.35,407.7,138.7,15.6,19.33,False,Chemical,0,train
PUMP_03,2026-04-05 17:00:00,0.1474,49.37,34.43,56.89,4.148,0.1591,0.0124,7.054,7.28,415.3,133.7,14.93,19.29,False,Chemical,0,train
PUMP_03,2026-04-05 18:00:00,0.1359,52.75,35.4,59.91,4.12,0.1538,0.0145,7.158,7.03,412.1,120.6,16.29,19.25,False,Chemical,0,train
PUMP_03,2026-04-05 19:00:00,0.1458,52.01,34.86,54.22,3.944,0.1518,0.0147,7.089,7.65,415.6,117.4,15.76,19.21,False,Chemical,0,train
PUMP_03,2026-04-05 20:00:00,0.1622,50.24,33.75,57.74,3.996,0.149,0.0087,7.106,8.33,415.0,105.6,16.49,19.17,False,Chemical,0,train
PUMP_03,2026-04-05 21:00:00,0.1647,47.62,34.95,57.57,3.923,0.1515,0.0108,7.111,7.15,409.1,110.0,15.49,19.12,False,Chemical,0,train
PUMP_03,2026-04-05 22:00:00,0.1592,51.78,33.02,58.93,3.983,0.1525,0.0113,7.043,8.2,420.2,103.1,15.61,19.08,False,Chemical,0,train
PUMP_03,2026-04-05 23:00:00,0.1803,49.63,34.65,55.66,3.898,0.158,0.0155,7.184,7.77,415.8,93.6,17.37,19.04,False,Chemical,0,train
PUMP_03,2026-04-06 00:00:00,0.1664,50.81,33.8,57.32,3.882,0.1631,0.0112,7.087,7.65,420.0,101.5,15.91,19.0,False,Chemical,0,train
PUMP_03,2026-04-06 01:00:00,0.1673,51.58,34.55,57.53,3.925,0.1667,0.0073,7.088,8.26,410.2,96.9,15.96,18.96,False,Chemical,0,train
PUMP_03,2026-04-06 02:00:00,0.1877,49.79,35.38,58.73,4.109,0.1709,0.0108,7.065,8.69,412.7,95.4,15.98,18.92,False,Chemical,0,train
PUMP_03,2026-04-06 03:00:00,0.1568,52.32,33.21,58.24,3.878,0.1696,0.0121,7.142,8.81,414.9,96.5,17.39,18.88,False,Chemical,0,train
PUMP_03,2026-04-06 04:00:00,0.1909,49.85,34.77,56.28,4.137,0.1749,0.0135,7.142,8.37,418.5,99.8,17.24,18.83,False,Chemical,0,train
PUMP_03,2026-04-06 05:00:00,0.1562,51.24,34.73,57.87,4.102,0.1709,0.015,7.089,8.28,417.2,104.3,16.28,18.79,False,Chemical,0,train
PUMP_03,2026-04-06 06:00:00,0.1675,51.58,34.63,57.35,4.135,0.1711,0.015,7.007,8.51,424.9,118.2,15.44,18.75,False,Chemical,0,train
PUMP_03,2026-04-06 07:00:00,0.1439,51.83,33.65,58.84,4.058,0.1672,0.0187,7.071,9.39,423.7,121.1,17.03,18.71,False,Chemical,0,train
PUMP_03,2026-04-06 08:00:00,0.1746,53.09,34.19,58.0,4.163,0.165,0.0165,7.074,8.33,415.2,122.3,15.99,18.67,False,Chemical,0,train
PUMP_03,2026-04-06 09:00:00,0.1895,49.25,33.67,60.4,3.917,0.1704,0.0185,7.054,8.95,434.0,137.7,16.88,18.62,False,Chemical,0,train
PUMP_03,2026-04-06 10:00:00,0.1538,48.8,34.51,57.52,4.142,0.1642,0.0164,7.019,8.56,419.3,137.3,15.43,18.58,False,Chemical,0,train
PUMP_03,2026-04-06 11:00:00,0.1616,50.03,33.48,57.64,4.277,0.1652,0.016,6.982,8.75,426.6,138.0,15.85,18.54,False,Chemical,0,train
PUMP_03,2026-04-06 12:00:00,0.1602,55.09,34.01,57.69,4.014,0.1639,0.0161,7.121,10.21,419.1,152.1,18.22,18.5,False,Chemical,0,train
PUMP_03,2026-04-06 13:00:00,0.1581,52.57,34.66,58.11,4.031,0.1663,0.0133,7.079,9.72,424.1,140.6,17.4,18.46,False,Chemical,0,train
PUMP_03,2026-04-06 14:00:00,0.1436,49.73,33.85,59.36,3.963,0.1611,0.0153,7.031,10.24,426.1,140.8,17.09,18.42,False,Chemical,0,train
PUMP_03,2026-04-06 15:00:00,0.1582,50.05,34.06,57.83,4.043,0.1559,0.0066,6.989,10.64,414.3,141.7,16.55,18.38,False,Chemical,0,train
PUMP_03,2026-04-06 16:00:00,0.1799,50.56,33.76,57.89,4.053,0.1603,0.0116,7.046,9.85,432.8,139.0,17.33,18.33,False,Chemical,0,train
PUMP_03,2026-04-06 17:00:00,0.1482,51.01,34.46,58.81,3.85,0.158,0.0126,7.043,9.85,422.3,129.5,16.85,18.29,False,Chemical,0,train
PUMP_03,2026-04-06 18:00:00,0.1593,51.58,34.23,57.25,4.089,0.1579,0.0125,7.022,9.44,427.5,117.6,16.45,18.25,False,Chemical,0,train
PUMP_03,2026-04-06 19:00:00,0.1599,51.65,33.88,59.15,4.13,0.1582,0.0126,7.066,9.71,427.9,120.1,17.34,18.21,False,Chemical,0,train
PUMP_03,2026-04-06 20:00:00,0.152,52.44,33.95,57.95,3.972,0.1596,0.011,7.081,9.39,431.2,109.3,17.51,18.17,False,Chemical,0,train
PUMP_03,2026-04-06 21:00:00,0.1641,53.66,34.43,57.33,4.009,0.1606,0.0111,7.095,8.83,433.5,106.1,17.43,18.12,False,Chemical,0,train
PUMP_03,2026-04-06 22:00:00,0.1566,50.47,33.71,56.22,4.112,0.1567,0.0058,7.015,9.93,428.7,99.1,16.72,18.08,False,Chemical,0,train
PUMP_03,2026-04-06 23:00:00,0.1714,50.37,34.33,57.11,3.971,0.1606,0.0066,7.079,9.16,437.2,94.0,17.57,18.04,False,Chemical,0,train
PUMP_03,2026-04-07 00:00:00,0.1671,50.16,34.38,58.2,4.106,0.1618,0.0071,7.069,10.88,431.8,94.8,18.38,18.0,False,Chemical,0,train
PUMP_03,2026-04-07 01:00:00,0.1501,50.31,34.46,58.34,4.07,0.1602,0.0086,6.978,13.02,429.7,92.5,19.03,17.96,False,Chemical,0,train
PUMP_03,2026-04-07 02:00:00,0.147,51.29,34.06,58.12,4.235,0.1594,0.0097,7.072,12.18,433.2,92.5,19.4,17.92,False,Chemical,0,train
PUMP_03,2026-04-07 03:00:00,0.1444,51.71,34.75,56.7,4.039,0.1561,0.0111,6.952,12.37,435.8,102.2,19.26,17.88,False,Chemical,0,train
PUMP_03,2026-04-07 04:00:00,0.1723,53.36,34.97,58.23,4.008,0.1587,0.0129,6.873,12.75,419.6,98.3,20.1,17.83,False,Chemical,0,train
PUMP_03,2026-04-07 05:00:00,0.1923,49.72,34.79,56.63,4.071,0.1622,0.0186,6.915,12.09,436.0,106.5,19.65,17.79,False,Chemical,0,train
PUMP_03,2026-04-07 06:00:00,0.1697,51.34,34.54,56.98,4.062,0.1626,0.0187,6.969,11.02,439.7,113.4,18.2,17.75,False,Chemical,0,train
PUMP_03,2026-04-07 07:00:00,0.177,49.56,33.57,59.82,4.184,0.1671,0.0184,7.075,10.39,444.9,113.2,18.68,17.71,False,Chemical,0,train
PUMP_03,2026-04-07 08:00:00,0.1703,51.44,35.44,58.36,4.181,0.171,0.0155,7.087,10.35,454.2,122.0,19.23,17.67,False,Chemical,0,train
PUMP_03,2026-04-07 09:00:00,0.1665,54.86,34.47,59.04,3.998,0.1747,0.0093,7.051,10.03,452.0,132.3,18.34,17.62,False,Chemical,0,train
PUMP_03,2026-04-07 10:00:00,0.2104,50.66,34.63,60.23,4.042,0.181,0.0171,7.057,10.2,457.3,137.4,18.78,17.58,False,Chemical,0,train
PUMP_03,2026-04-07 11:00:00,0.1634,54.57,34.03,58.45,4.003,0.1762,0.0174,7.137,9.97,454.2,138.5,19.76,17.54,False,Chemical,0,train
PUMP_03,2026-04-07 12:00:00,0.153,49.65,34.34,59.68,3.99,0.1734,0.0198,6.998,9.65,444.2,144.0,16.96,17.5,False,Chemical,0,train
PUMP_03,2026-04-07 13:00:00,0.1577,50.23,35.18,59.01,3.8,0.1702,0.0206,7.035,10.54,429.3,146.1,17.48,17.46,False,Chemical,0,train
PUMP_03,2026-04-07 14:00:00,0.1703,50.42,34.95,57.69,4.197,0.1702,0.0206,7.014,9.55,426.8,146.5,16.36,17.42,False,Chemical,0,train
PUMP_03,2026-04-07 15:00:00,0.1589,51.22,34.3,58.39,4.009,0.169,0.0211,6.977,10.37,436.1,144.3,17.47,17.38,False,Chemical,0,train
PUMP_03,2026-04-07 16:00:00,0.1707,50.74,35.42,57.67,4.028,0.1623,0.0071,6.933,9.83,430.2,142.5,17.55,17.33,False,Chemical,0,train
PUMP_03,2026-04-07 17:00:00,0.1549,52.14,33.9,59.32,4.287,0.1609,0.0077,7.097,9.91,435.3,132.9,18.3,17.29,False,Chemical,0,train
PUMP_03,2026-04-07 18:00:00,0.1571,46.89,33.51,59.79,4.015,0.1616,0.007,6.993,10.36,441.2,120.9,17.41,17.25,False,Chemical,0,train
PUMP_03,2026-04-07 19:00:00,0.1561,49.56,33.37,56.97,4.053,0.1613,0.0072,7.017,11.01,433.4,118.8,17.7,17.21,False,Chemical,0,train
PUMP_03,2026-04-07 20:00:00,0.1668,53.89,35.01,57.56,4.09,0.1607,0.0065,7.05,10.82,438.2,108.5,18.29,17.17,False,Chemical,0,train
PUMP_03,2026-04-07 21:00:00,0.181,48.95,34.13,58.2,4.097,0.1644,0.0103,6.967,10.44,435.0,110.9,17.62,17.12,False,Chemical,0,train
PUMP_03,2026-04-07 22:00:00,0.1851,50.55,34.47,57.66,4.022,0.1668,0.0133,6.984,10.38,433.8,107.8,17.27,17.08,False,Chemical,0,train
PUMP_03,2026-04-07 23:00:00,0.1968,52.02,35.22,58.37,4.162,0.1738,0.0164,7.023,10.72,428.3,98.3,17.38,17.04,False,Chemical,0,train
PUMP_03,2026-04-08 00:00:00,0.1591,51.05,34.77,59.1,4.086,0.1742,0.016,7.0,11.01,436.3,100.5,17.56,17.0,False,Chemical,0,train
PUMP_03,2026-04-08 01:00:00,0.1662,49.86,33.87,60.22,4.084,0.1758,0.0142,6.957,9.81,436.2,99.4,17.4,16.96,False,Chemical,0,train
PUMP_03,2026-04-08 02:00:00,0.171,51.82,35.57,58.08,4.022,0.1765,0.0138,7.05,10.52,433.1,97.1,17.87,16.92,False,Chemical,0,train
PUMP_03,2026-04-08 03:00:00,0.1872,52.43,34.43,58.04,4.067,0.1776,0.0144,6.995,10.2,427.8,100.5,16.72,16.88,False,Chemical,0,train
PUMP_03,2026-04-08 04:00:00,0.1732,50.3,34.58,59.16,4.156,0.1756,0.0139,7.023,10.59,430.1,106.1,17.37,16.83,False,Chemical,0,train
PUMP_03,2026-04-08 05:00:00,0.1805,51.82,34.2,58.66,4.158,0.1729,0.01,7.018,10.23,447.8,101.9,17.77,16.79,False,Chemical,0,train
PUMP_03,2026-04-08 06:00:00,0.202,52.52,33.96,56.86,4.047,0.18,0.0131,7.062,10.06,439.6,114.5,18.02,16.75,False,Chemical,0,train
PUMP_03,2026-04-08 07:00:00,0.2079,52.87,34.78,57.71,4.02,0.187,0.0152,7.029,10.31,432.7,122.2,17.39,16.71,False,Chemical,0,train
PUMP_03,2026-04-08 08:00:00,0.2018,51.83,33.79,58.34,4.154,0.1921,0.0138,6.967,10.68,437.3,120.7,17.89,16.67,False,Chemical,0,train
PUMP_03,2026-04-08 09:00:00,0.1951,53.86,34.61,59.7,4.109,0.1934,0.0137,7.067,11.19,440.9,140.1,18.94,16.62,False,Chemical,0,train
PUMP_03,2026-04-08 10:00:00,0.1788,51.38,35.63,60.11,4.156,0.1944,0.0121,6.984,10.68,443.6,142.0,17.89,16.58,False,Chemical,0,train
PUMP_03,2026-04-08 11:00:00,0.1871,49.86,35.14,57.52,4.01,0.1955,0.0108,6.965,10.72,440.6,146.1,18.09,16.54,False,Chemical,0,train
PUMP_03,2026-04-08 12:00:00,0.2019,51.02,34.82,57.88,4.087,0.1954,0.0108,6.956,11.28,452.4,145.8,19.11,16.5,False,Chemical,0,val
PUMP_03,2026-04-08 13:00:00,0.1926,53.19,34.05,59.85,4.16,0.1929,0.0089,6.886,11.29,453.1,141.2,20.28,16.46,False,Chemical,0,val
PUMP_03,2026-04-08 14:00:00,0.194,50.05,34.68,58.27,4.034,0.1916,0.0079,6.971,11.91,445.2,139.1,19.02,16.42,False,Chemical,0,val
PUMP_03,2026-04-08 15:00:00,0.1935,48.05,34.25,59.27,4.244,0.1913,0.0077,7.019,11.66,441.9,141.3,18.55,16.38,False,Chemical,0,val
PUMP_03,2026-04-08 16:00:00,0.1732,52.12,35.6,58.62,4.225,0.1904,0.0097,6.93,10.93,446.2,140.5,19.03,16.33,False,Chemical,0,val
PUMP_03,2026-04-08 17:00:00,0.1872,50.79,34.46,58.9,4.079,0.1904,0.0097,7.082,11.13,438.1,134.7,19.02,16.29,False,Chemical,0,val
PUMP_03,2026-04-08 18:00:00,0.1722,54.85,34.29,58.38,4.081,0.1854,0.0102,6.883,11.76,450.2,133.3,20.53,16.25,False,Chemical,0,val
PUMP_03,2026-04-08 19:00:00,0.1877,51.89,34.64,60.23,4.124,0.1846,0.0097,6.954,11.16,446.6,118.8,18.82,16.21,False,Chemical,0,val
PUMP_03,2026-04-08 20:00:00,0.1987,53.37,34.31,57.04,4.113,0.1854,0.0107,6.917,11.44,440.2,112.1,19.34,16.17,False,Chemical,0,val
PUMP_03,2026-04-08 21:00:00,0.2057,50.8,34.93,58.44,4.198,0.1874,0.0134,7.036,10.94,443.8,107.5,18.4,16.12,False,Chemical,0,val
PUMP_03,2026-04-08 22:00:00,0.1939,52.45,35.89,60.16,4.032,0.1909,0.0115,7.021,11.16,450.1,97.7,18.58,16.08,False,Chemical,0,val
PUMP_03,2026-04-08 23:00:00,0.1939,52.14,34.82,58.69,4.034,0.192,0.0114,6.974,12.25,439.4,104.4,18.97,16.04,False,Chemical,0,val
PUMP_03,2026-04-09 00:00:00,0.2119,53.67,34.27,58.82,4.127,0.1986,0.0088,6.914,11.87,443.8,94.9,19.84,16.0,False,Chemical,0,val
PUMP_03,2026-04-09 01:00:00,0.1813,51.91,34.74,60.11,4.146,0.1976,0.0106,6.924,11.61,446.4,96.0,19.61,15.96,False,Chemical,0,val
PUMP_03,2026-04-09 02:00:00,0.2189,50.86,34.08,59.53,4.105,0.2009,0.0138,6.995,11.72,454.1,99.1,18.88,15.92,False,Chemical,0,val
PUMP_03,2026-04-09 03:00:00,0.2018,53.22,36.58,60.0,4.181,0.2003,0.0136,6.947,12.66,458.4,95.3,20.48,15.88,False,Chemical,0,val
PUMP_03,2026-04-09 04:00:00,0.2041,50.61,35.95,60.44,4.22,0.202,0.0133,6.951,11.77,452.2,103.4,19.53,15.83,False,Chemical,0,val
PUMP_03,2026-04-09 05:00:00,0.1968,50.48,35.63,57.28,4.172,0.2025,0.013,6.974,12.28,435.0,107.5,18.81,15.79,False,Chemical,0,val
PUMP_03,2026-04-09 06:00:00,0.1869,51.66,35.34,58.48,4.143,0.1983,0.0134,6.955,12.5,445.7,117.4,19.7,15.75,False,Chemical,0,val
PUMP_03,2026-04-09 07:00:00,0.2268,51.26,34.8,58.05,4.098,0.2059,0.0146,6.887,12.79,469.3,120.0,21.98,15.71,False,Chemical,0,val
PUMP_03,2026-04-09 08:00:00,0.2103,51.8,34.83,59.44,4.123,0.2044,0.0135,6.906,11.93,453.1,115.0,20.4,15.67,False,Chemical,0,val
PUMP_03,2026-04-09 09:00:00,0.1977,50.79,34.79,60.31,4.009,0.2038,0.0137,6.906,11.77,439.8,128.8,19.74,15.62,False,Chemical,0,val
PUMP_03,2026-04-09 10:00:00,0.207,53.5,36.36,56.07,4.024,0.2043,0.0138,6.933,11.95,465.2,131.7,20.49,15.58,False,Chemical,0,val
PUMP_03,2026-04-09 11:00:00,0.1949,53.5,34.83,57.19,4.222,0.2039,0.014,6.972,12.74,447.2,149.4,19.66,15.54,False,Chemical,0,val
PUMP_03,2026-04-09 12:00:00,0.1723,53.11,34.62,56.61,4.263,0.2015,0.0182,6.969,13.3,457.3,149.8,20.54,15.5,False,Chemical,0,val
PUMP_03,2026-04-09 13:00:00,0.1932,52.98,34.91,58.08,4.015,0.1959,0.0134,7.024,12.87,449.2,136.4,19.77,15.46,False,Chemical,0,val
PUMP_03,2026-04-09 14:00:00,0.173,49.14,35.29,59.16,4.169,0.1897,0.014,6.892,12.36,466.5,140.1,21.48,15.42,False,Chemical,0,val
PUMP_03,2026-04-09 15:00:00,0.1961,52.11,32.9,61.06,4.005,0.1894,0.0139,6.976,13.16,448.9,136.1,19.96,15.38,False,Chemical,0,val
PUMP_03,2026-04-09 16:00:00,0.2154,53.24,35.24,57.56,4.26,0.1908,0.0162,6.92,12.56,453.6,138.5,20.63,15.33,False,Chemical,0,val
PUMP_03,2026-04-09 17:00:00,0.1815,53.99,33.49,62.01,4.129,0.1886,0.0165,7.057,12.47,462.3,128.7,20.57,15.29,False,Chemical,0,val
PUMP_03,2026-04-09 18:00:00,0.2033,51.69,35.91,59.78,4.333,0.1938,0.0151,6.951,12.73,454.8,125.4,20.32,15.25,False,Chemical,0,val
PUMP_03,2026-04-09 19:00:00,0.1828,53.98,34.01,59.84,4.082,0.192,0.0158,6.926,12.69,460.5,114.5,20.92,15.21,False,Chemical,0,val
PUMP_03,2026-04-09 20:00:00,0.1937,52.51,34.57,60.04,4.094,0.1955,0.0128,6.967,12.71,462.8,115.3,20.38,15.17,False,Chemical,0,val
PUMP_03,2026-04-09 21:00:00,0.183,48.2,33.91,57.5,4.168,0.1933,0.0137,6.961,13.54,460.1,100.8,20.94,15.12,False,Chemical,0,val
PUMP_03,2026-04-09 22:00:00,0.2081,51.94,36.16,58.5,4.21,0.1921,0.0115,6.93,12.9,454.2,112.3,20.74,15.08,False,Chemical,0,val
PUMP_03,2026-04-09 23:00:00,0.222,50.86,35.08,57.99,4.204,0.1988,0.0153,6.977,12.54,456.3,104.4,19.82,15.04,False,Chemical,0,val
PUMP_03,2026-04-10 00:00:00,0.2079,51.22,36.44,60.01,4.219,0.1996,0.0157,7.022,13.47,458.9,105.8,20.56,15.0,False,Chemical,0,val
PUMP_03,2026-04-10 01:00:00,0.2163,53.74,36.31,58.16,4.124,0.2052,0.0145,6.99,12.91,464.3,97.4,20.21,14.96,False,Chemical,0,val
PUMP_03,2026-04-10 02:00:00,0.2193,52.63,35.88,59.0,4.223,0.2094,0.0142,6.774,18.62,465.9,102.1,27.73,14.92,False,Chemical,0,val
PUMP_03,2026-04-10 03:00:00,0.2102,51.43,34.3,58.47,4.323,0.214,0.0061,6.822,20.98,463.4,101.9,28.51,14.88,False,Chemical,0,val
PUMP_03,2026-04-10 04:00:00,0.2358,51.22,35.25,61.0,4.211,0.2186,0.01,6.755,20.47,466.5,98.3,29.34,14.83,False,Chemical,0,val
PUMP_03,2026-04-10 05:00:00,0.21,52.92,35.98,58.57,4.083,0.2166,0.0104,6.675,20.64,455.5,106.0,30.3,14.79,False,Chemical,0,val
PUMP_03,2026-04-10 06:00:00,0.1952,52.01,35.41,57.99,4.184,0.2145,0.0134,6.731,20.9,465.5,115.2,30.0,14.75,False,Chemical,0,val
PUMP_03,2026-04-10 07:00:00,0.2052,53.35,34.97,59.91,3.995,0.2126,0.0138,6.715,20.83,464.3,124.6,30.15,14.71,False,Chemical,0,val
PUMP_03,2026-04-10 08:00:00,0.2279,51.09,35.41,59.27,4.21,0.214,0.015,6.858,15.2,507.9,126.4,25.73,14.67,False,Chemical,0,val
PUMP_03,2026-04-10 09:00:00,0.2119,51.79,35.48,61.05,4.022,0.2143,0.015,6.946,12.86,521.4,134.7,23.25,14.62,False,Chemical,0,val
PUMP_03,2026-04-10 10:00:00,0.2177,50.7,34.34,59.75,4.214,0.2113,0.0111,6.835,13.79,513.0,136.3,25.33,14.58,False,Chemical,0,val
PUMP_03,2026-04-10 11:00:00,0.2109,51.58,34.9,59.72,4.155,0.2115,0.0111,7.007,14.57,518.2,140.0,23.57,14.54,False,Chemical,0,val
PUMP_03,2026-04-10 12:00:00,0.2153,55.7,35.64,60.46,4.24,0.2148,0.0077,6.956,14.23,526.0,138.3,24.25,14.5,False,Chemical,0,val
PUMP_03,2026-04-10 13:00:00,0.227,51.35,35.79,59.98,4.165,0.2184,0.0074,6.832,13.9,521.4,146.8,25.81,14.46,False,Chemical,0,val
PUMP_03,2026-04-10 14:00:00,0.2317,51.77,35.42,60.39,4.276,0.2191,0.0084,6.952,14.3,479.7,142.2,22.43,14.42,False,Chemical,0,val
PUMP_03,2026-04-10 15:00:00,0.1929,51.27,35.05,60.31,4.211,0.2159,0.0136,6.942,14.42,462.9,136.5,21.97,14.38,False,Chemical,0,val
PUMP_03,2026-04-10 16:00:00,0.2205,52.26,35.19,59.08,4.255,0.2164,0.0138,6.992,13.9,472.3,135.3,21.21,14.33,False,Chemical,0,val
PUMP_03,2026-04-10 17:00:00,0.2091,52.45,34.86,58.05,4.137,0.2161,0.0139,7.003,14.8,463.2,133.6,21.38,14.29,False,Chemical,0,val
PUMP_03,2026-04-10 18:00:00,0.1881,54.41,35.27,59.29,4.135,0.2116,0.018,7.01,14.43,469.8,129.1,21.5,14.25,False,Chemical,0,val
PUMP_03,2026-04-10 19:00:00,0.2149,52.0,35.85,57.11,4.06,0.2095,0.0166,6.899,14.31,468.8,119.3,22.83,14.21,False,Chemical,0,val
PUMP_03,2026-04-10 20:00:00,0.2368,52.81,36.81,58.65,4.082,0.2104,0.018,6.938,15.13,473.8,117.8,22.98,14.17,False,Chemical,0,val
PUMP_03,2026-04-10 21:00:00,0.2003,49.85,34.65,59.08,4.183,0.2116,0.0168,6.886,13.73,469.4,113.5,22.67,14.12,False,Chemical,0,val
PUMP_03,2026-04-10 22:00:00,0.2107,51.39,36.14,61.13,4.182,0.21,0.0162,6.957,14.15,471.3,101.2,21.9,14.08,False,Chemical,0,val
PUMP_03,2026-04-10 23:00:00,0.1931,54.34,35.63,59.4,4.21,0.2073,0.0177,6.798,14.95,469.0,102.2,24.9,14.04,False,Chemical,0,val
PUMP_03,2026-04-11 00:00:00,0.2187,51.46,34.45,61.71,4.125,0.2124,0.0153,6.84,15.02,472.9,93.2,24.44,14.0,False,Chemical,0,val
PUMP_03,2026-04-11 01:00:00,0.2261,53.92,35.36,60.19,4.195,0.2143,0.0163,6.881,15.48,475.7,89.8,24.23,13.96,False,Chemical,0,val
PUMP_03,2026-04-11 02:00:00,0.2564,51.4,35.33,57.68,4.291,0.2176,0.0225,6.898,13.98,473.5,92.1,22.82,13.92,False,Chemical,0,val
PUMP_03,2026-04-11 03:00:00,0.2155,52.56,35.45,61.03,4.22,0.2201,0.0209,6.907,15.29,474.2,94.9,23.62,13.88,False,Chemical,0,val
PUMP_03,2026-04-11 04:00:00,0.2463,55.42,36.09,60.92,4.19,0.226,0.0227,6.961,14.52,477.2,100.6,22.34,13.83,False,Chemical,0,val
PUMP_03,2026-04-11 05:00:00,0.238,53.99,36.66,57.67,4.212,0.2335,0.0162,6.863,15.25,482.0,115.4,24.62,13.79,False,Chemical,0,val
PUMP_03,2026-04-11 06:00:00,0.268,49.97,36.27,60.57,4.29,0.2417,0.0194,6.829,15.12,481.3,111.4,25.04,13.75,False,Chemical,0,val
PUMP_03,2026-04-11 07:00:00,0.2375,57.76,35.63,61.45,4.206,0.2436,0.018,6.872,15.55,471.7,118.5,24.25,13.71,False,Chemical,0,val
PUMP_03,2026-04-11 08:00:00,0.2338,51.39,35.71,57.17,4.152,0.2398,0.0172,6.859,15.19,482.5,127.1,24.65,13.67,False,Chemical,0,val
PUMP_03,2026-04-11 09:00:00,0.2463,55.78,36.78,58.46,4.155,0.245,0.0124,6.916,15.75,486.1,127.2,24.3,13.62,False,Chemical,0,val
PUMP_03,2026-04-11 10:00:00,0.2396,52.34,34.91,60.91,4.154,0.2439,0.0125,6.962,15.08,483.4,138.3,22.97,13.58,False,Chemical,0,val
PUMP_03,2026-04-11 11:00:00,0.2446,51.19,36.3,59.58,4.154,0.245,0.0122,6.956,15.45,468.4,144.3,22.7,13.54,False,Chemical,0,val
PUMP_03,2026-04-11 12:00:00,0.2371,52.38,34.88,61.59,4.264,0.2398,0.0048,6.937,15.62,482.4,150.1,23.71,13.5,False,Chemical,0,val
PUMP_03,2026-04-11 13:00:00,0.2046,52.11,34.67,60.97,4.339,0.2343,0.0153,6.852,16.28,488.5,150.3,25.79,13.46,False,Chemical,0,val
PUMP_03,2026-04-11 14:00:00,0.2329,52.29,35.98,60.85,4.172,0.2342,0.0153,6.871,16.01,480.0,145.6,24.94,13.42,False,Chemical,0,val
PUMP_03,2026-04-11 15:00:00,0.2312,53.23,34.62,61.28,4.134,0.2317,0.0141,6.898,15.83,497.3,140.8,25.1,13.38,False,Chemical,0,val
PUMP_03,2026-04-11 16:00:00,0.2117,53.89,35.39,58.91,4.107,0.227,0.0155,6.837,16.07,472.5,137.0,25.22,13.33,False,Chemical,0,val
PUMP_03,2026-04-11 17:00:00,0.2269,55.33,36.47,59.54,4.348,0.2241,0.013,6.839,16.32,484.7,134.1,25.86,13.29,False,Chemical,0,val
PUMP_03,2026-04-11 18:00:00,0.1954,53.55,35.11,62.26,4.289,0.2171,0.0155,6.89,16.1,488.2,126.3,25.04,13.25,False,Chemical,0,val
PUMP_03,2026-04-11 19:00:00,0.2278,53.37,36.75,59.52,4.159,0.221,0.0146,6.801,15.61,486.0,119.6,26.02,13.21,False,Chemical,1,val
PUMP_03,2026-04-11 20:00:00,0.2359,52.2,34.33,61.28,4.227,0.2215,0.0151,6.922,16.34,486.5,109.8,24.62,13.17,False,Chemical,1,val
PUMP_03,2026-04-11 21:00:00,0.2424,52.89,36.33,59.74,4.33,0.2234,0.0171,6.846,16.14,481.2,110.2,25.49,13.12,False,Chemical,1,val
PUMP_03,2026-04-11 22:00:00,0.2413,52.58,34.89,59.08,4.214,0.2283,0.0174,6.891,16.08,484.1,103.5,24.84,13.08,False,Chemical,1,val
PUMP_03,2026-04-11 23:00:00,0.2206,51.3,35.61,58.83,4.29,0.2272,0.0177,6.872,15.98,490.4,95.3,25.33,13.04,False,Chemical,1,val
PUMP_03,2026-04-12 00:00:00,0.2152,57.22,35.87,60.7,4.21,0.2305,0.0112,6.923,16.59,477.6,101.8,24.42,13.0,False,Chemical,1,val
PUMP_03,2026-04-12 01:00:00,0.2547,53.78,35.59,61.62,4.201,0.235,0.0147,6.752,16.63,493.3,95.8,27.84,12.96,False,Chemical,1,val
PUMP_03,2026-04-12 02:00:00,0.2498,53.83,35.62,60.66,4.015,0.2373,0.0159,6.919,16.12,488.8,90.2,24.61,12.92,False,Chemical,1,val
PUMP_03,2026-04-12 03:00:00,0.2539,55.3,34.92,60.39,4.196,0.2393,0.0173,6.916,16.12,492.7,102.1,24.82,12.88,False,Chemical,1,val
PUMP_03,2026-04-12 04:00:00,0.274,49.63,36.65,58.73,4.187,0.2447,0.0225,6.867,17.39,494.8,99.6,26.59,12.83,False,Chemical,1,val
PUMP_03,2026-04-12 05:00:00,0.2264,56.89,35.08,60.12,4.274,0.2457,0.0213,6.877,17.05,509.8,105.9,26.82,12.79,False,Chemical,1,val
PUMP_03,2026-04-12 06:00:00,0.2787,52.27,35.09,60.36,4.254,0.2563,0.0188,6.878,16.81,498.8,112.8,26.16,12.75,False,Chemical,1,val
PUMP_03,2026-04-12 07:00:00,0.2436,52.27,35.79,59.1,4.252,0.2544,0.0195,6.802,17.09,486.4,123.5,27.07,12.71,False,Chemical,1,val
PUMP_03,2026-04-12 08:00:00,0.2641,52.81,35.44,60.7,4.314,0.2568,0.0197,6.848,16.73,503.8,126.2,26.81,12.67,False,Chemical,1,val
PUMP_03,2026-04-12 09:00:00,0.2507,55.13,36.38,59.37,4.053,0.2562,0.0198,6.887,16.92,480.0,135.0,25.31,12.62,False,Chemical,1,val
PUMP_03,2026-04-12 10:00:00,0.2444,56.9,35.57,59.74,4.238,0.2513,0.0181,6.752,17.06,492.0,131.4,28.09,12.58,False,Chemical,1,val
PUMP_03,2026-04-12 11:00:00,0.2253,56.17,35.91,61.16,4.15,0.2511,0.0184,6.863,17.51,495.7,137.2,26.78,12.54,False,Chemical,1,val
PUMP_03,2026-04-12 12:00:00,0.236,53.01,35.99,62.17,4.145,0.244,0.0131,6.841,16.63,493.8,144.3,26.42,12.5,False,Chemical,1,val
PUMP_03,2026-04-12 13:00:00,0.2513,51.07,36.52,62.08,4.224,0.2453,0.0135,6.867,16.86,497.5,142.1,26.33,12.46,False,Chemical,1,val
PUMP_03,2026-04-12 14:00:00,0.2479,53.17,35.64,60.12,4.251,0.2426,0.0102,6.77,16.85,495.8,143.3,27.8,12.42,False,Chemical,1,val
PUMP_03,2026-04-12 15:00:00,0.2556,52.87,34.96,60.97,4.292,0.2434,0.0111,6.794,17.75,503.7,144.6,28.37,12.38,False,Chemical,1,val
PUMP_03,2026-04-12 16:00:00,0.2301,51.39,35.5,61.09,4.288,0.241,0.0123,6.76,17.44,495.5,134.5,28.37,12.33,False,Chemical,1,val
PUMP_03,2026-04-12 17:00:00,0.2514,54.76,36.68,61.1,4.189,0.2454,0.01,6.757,17.18,498.0,129.6,28.33,12.29,False,Chemical,1,val
PUMP_03,2026-04-12 18:00:00,0.2417,53.92,36.22,60.52,4.242,0.2463,0.0092,6.867,17.53,508.0,126.9,27.23,12.25,False,Chemical,1,val
PUMP_03,2026-04-12 19:00:00,0.2513,54.7,35.81,61.94,4.374,0.2463,0.0092,6.794,17.44,504.6,111.5,28.2,12.21,False,Chemical,1,val
PUMP_03,2026-04-12 20:00:00,0.2512,55.07,36.08,59.67,4.39,0.2469,0.0094,6.788,17.19,499.6,117.6,27.9,12.17,False,Chemical,1,val
PUMP_03,2026-04-12 21:00:00,0.2388,55.03,35.9,59.06,4.239,0.2441,0.0088,6.874,18.34,503.4,108.0,27.49,12.12,False,Chemical,1,val
PUMP_03,2026-04-12 22:00:00,0.2525,53.94,36.55,60.87,4.273,0.2478,0.006,6.8,17.85,511.0,102.7,28.65,12.08,False,Chemical,1,val
PUMP_03,2026-04-12 23:00:00,0.2589,56.53,36.29,60.09,4.195,0.2491,0.0075,6.864,18.49,495.4,96.2,27.43,12.04,False,Chemical,1,val
PUMP_03,2026-04-13 00:00:00,0.2671,53.36,35.94,62.78,4.351,0.2533,0.0094,6.761,17.47,497.5,98.6,28.45,12.0,False,Chemical,1,val
PUMP_03,2026-04-13 01:00:00,0.2813,53.17,36.67,59.94,4.456,0.2583,0.0146,6.794,18.32,500.7,94.4,28.65,11.96,False,Chemical,1,val
PUMP_03,2026-04-13 02:00:00,0.2524,53.81,36.84,61.76,4.23,0.2585,0.0145,6.764,17.62,505.3,100.8,28.82,11.92,False,Chemical,1,val
PUMP_03,2026-04-13 03:00:00,0.2472,54.99,35.6,61.11,4.369,0.2599,0.0125,6.835,19.24,509.7,91.5,29.01,11.88,False,Chemical,1,val
PUMP_03,2026-04-13 04:00:00,0.2864,55.24,35.63,58.88,4.336,0.2656,0.0157,6.795,17.65,501.6,102.6,28.2,11.83,False,Chemical,1,val
PUMP_03,2026-04-13 05:00:00,0.2496,53.74,37.63,61.29,4.266,0.264,0.0169,6.84,19.13,501.4,107.7,28.51,11.79,False,Chemical,1,val
PUMP_03,2026-04-13 06:00:00,0.2855,53.8,36.58,59.82,4.226,0.2671,0.0191,6.809,18.48,500.2,114.8,28.49,11.75,False,Chemical,1,val
PUMP_03,2026-04-13 07:00:00,0.2568,56.27,37.22,63.5,4.481,0.263,0.0181,6.702,18.48,502.7,125.6,30.31,11.71,False,Chemical,1,val
PUMP_03,2026-04-13 08:00:00,0.2608,52.38,36.77,59.69,4.347,0.2644,0.0174,6.784,18.87,504.7,121.0,29.35,11.67,False,Chemical,1,val
PUMP_03,2026-04-13 09:00:00,0.2683,58.49,36.52,59.55,4.364,0.2679,0.0152,6.719,18.33,497.8,126.9,29.74,11.62,False,Chemical,1,val
PUMP_03,2026-04-13 10:00:00,0.2464,53.95,34.98,58.06,4.272,0.2612,0.0142,6.811,19.09,506.5,136.3,29.16,11.58,False,Chemical,1,val
PUMP_03,2026-04-13 11:00:00,0.2521,54.13,35.55,59.78,4.296,0.2616,0.0139,6.819,19.19,504.7,134.1,29.02,11.54,False,Chemical,1,val
PUMP_03,2026-04-13 12:00:00,0.2397,55.02,36.69,61.59,4.196,0.254,0.0102,6.823,18.93,509.8,153.4,29.0,11.5,False,Chemical,1,val
PUMP_03,2026-04-13 13:00:00,0.2731,55.29,35.77,59.5,4.356,0.2567,0.0129,6.781,19.1,519.7,148.7,30.19,11.46,False,Chemical,1,val
PUMP_03,2026-04-13 14:00:00,0.2613,53.55,36.24,61.38,4.268,0.2568,0.013,6.704,19.84,503.9,146.2,31.29,11.42,False,Chemical,1,val
PUMP_03,2026-04-13 15:00:00,0.2604,55.07,36.89,61.09,4.218,0.2555,0.0119,6.794,19.41,517.6,144.8,30.11,11.38,False,Chemical,1,val
PUMP_03,2026-04-13 16:00:00,0.2585,53.19,36.44,59.63,4.233,0.2575,0.0111,6.802,18.91,521.5,142.8,29.8,11.33,False,Chemical,1,val
PUMP_03,2026-04-13 17:00:00,0.259,53.72,36.62,60.67,4.497,0.2587,0.0108,6.77,19.59,518.7,130.0,30.67,11.29,False,Chemical,1,val
PUMP_03,2026-04-13 18:00:00,0.2525,52.25,37.23,59.71,4.282,0.2608,0.0068,6.782,19.15,516.2,125.0,30.08,11.25,False,Chemical,1,val
PUMP_03,2026-04-13 19:00:00,0.2752,54.9,37.3,61.89,4.337,0.2612,0.0075,6.681,19.15,521.7,121.4,31.92,11.21,False,Chemical,1,val
PUMP_03,2026-04-13 20:00:00,0.2362,54.45,36.39,58.69,4.214,0.257,0.0127,6.777,19.72,518.9,111.5,30.67,11.17,False,Chemical,1,val
PUMP_03,2026-04-13 21:00:00,0.2435,51.73,37.21,61.78,4.297,0.2542,0.0136,6.766,19.19,522.0,103.8,30.6,11.12,False,Chemical,1,val
PUMP_03,2026-04-13 22:00:00,0.2884,53.76,35.88,60.05,4.205,0.2591,0.0196,6.708,19.69,517.7,100.2,31.68,11.08,False,Chemical,1,val
PUMP_03,2026-04-13 23:00:00,0.2752,54.77,36.61,61.08,4.346,0.2618,0.0207,6.793,20.01,512.5,99.9,30.33,11.04,False,Chemical,1,val
PUMP_03,2026-04-14 00:00:00,0.2443,56.14,36.83,61.52,4.246,0.2605,0.0217,6.74,20.58,524.2,99.5,32.07,11.0,False,Chemical,1,val
PUMP_03,2026-04-14 01:00:00,0.2829,52.96,36.45,61.15,4.385,0.2618,0.0229,6.774,20.15,532.1,89.9,31.55,10.96,False,Chemical,1,val
PUMP_03,2026-04-14 02:00:00,0.2575,54.46,36.39,63.47,4.18,0.2653,0.0196,6.785,19.38,518.0,95.1,30.25,10.92,False,Chemical,1,val
PUMP_03,2026-04-14 03:00:00,0.3037,53.29,35.87,60.52,4.274,0.2753,0.0215,6.775,19.52,520.5,98.1,30.61,10.88,False,Chemical,1,val
PUMP_03,2026-04-14 04:00:00,0.3005,56.07,36.54,59.4,4.421,0.2774,0.0235,6.69,20.81,521.6,96.8,32.93,10.83,False,Chemical,1,val
PUMP_03,2026-04-14 05:00:00,0.3199,54.01,35.61,63.67,4.452,0.2848,0.0291,6.693,21.44,514.4,109.3,33.02,10.79,False,Chemical,1,val
PUMP_03,2026-04-14 06:00:00,0.2852,55.82,36.51,61.53,4.332,0.2916,0.0215,6.763,23.02,518.1,113.1,33.16,10.75,False,Chemical,1,val
PUMP_03,2026-04-14 07:00:00,0.2719,54.54,36.65,61.29,4.302,0.2898,0.0228,6.66,25.55,524.6,116.2,36.85,10.71,False,Chemical,1,val
PUMP_03,2026-04-14 08:00:00,0.2819,52.55,37.07,63.81,4.345,0.2938,0.0174,6.588,27.82,523.3,124.5,39.54,10.67,False,Chemical,1,val
PUMP_03,2026-04-14 09:00:00,0.2815,55.04,35.94,59.58,4.502,0.2902,0.0173,6.478,30.41,524.5,134.6,43.16,10.62,False,Chemical,1,val
PUMP_03,2026-04-14 10:00:00,0.2938,53.4,36.87,61.07,4.319,0.289,0.0167,6.413,30.71,525.2,141.6,44.44,10.58,False,Chemical,1,val
PUMP_03,2026-04-14 11:00:00,0.259,56.89,37.02,59.89,4.343,0.2789,0.012,6.495,29.01,535.8,143.0,42.39,10.54,False,Chemical,1,val
PUMP_03,2026-04-14 12:00:00,0.2847,57.97,36.68,61.08,4.26,0.2788,0.012,6.533,26.8,546.6,151.8,40.68,10.5,False,Chemical,1,val
PUMP_03,2026-04-14 13:00:00,0.2678,56.23,36.98,59.52,4.292,0.2781,0.0125,6.612,24.36,569.3,149.5,38.65,10.46,False,Chemical,1,val
PUMP_03,2026-04-14 14:00:00,0.2738,54.35,36.89,61.37,4.384,0.2768,0.0125,6.584,23.34,580.0,146.4,38.83,10.42,False,Chemical,1,val
PUMP_03,2026-04-14 15:00:00,0.301,55.37,35.19,61.3,4.422,0.28,0.016,6.781,21.01,594.5,138.8,34.65,10.38,False,Chemical,1,val
PUMP_03,2026-04-14 16:00:00,0.2946,55.81,36.21,61.26,4.377,0.2801,0.0162,6.597,20.57,601.7,142.2,37.58,10.33,False,Chemical,1,val
PUMP_03,2026-04-14 17:00:00,0.2904,57.04,38.07,58.6,4.422,0.2854,0.0126,6.772,21.51,586.5,129.4,34.81,10.29,False,Chemical,1,val
PUMP_03,2026-04-14 18:00:00,0.2895,55.16,37.19,62.27,4.278,0.2862,0.0127,6.771,20.8,580.2,129.5,34.07,10.25,False,Chemical,1,val
PUMP_03,2026-04-14 19:00:00,0.2772,56.09,36.46,61.09,4.272,0.2878,0.0104,6.841,20.61,561.4,110.2,32.03,10.21,False,Chemical,1,val
PUMP_03,2026-04-14 20:00:00,0.2823,52.99,37.05,64.55,4.426,0.2892,0.0085,6.71,21.35,553.7,111.6,34.32,10.17,False,Chemical,1,val
PUMP_03,2026-04-14 21:00:00,0.2619,55.91,37.28,60.85,4.326,0.2826,0.0119,6.695,21.73,533.4,101.9,33.99,10.12,False,Chemical,1,val
PUMP_03,2026-04-14 22:00:00,0.2699,54.29,37.79,60.67,4.273,0.2785,0.0112,6.725,22.1,532.9,101.2,33.75,10.08,False,Chemical,1,val
PUMP_03,2026-04-14 23:00:00,0.2936,55.68,36.65,61.65,4.385,0.2791,0.0119,6.744,20.94,535.5,92.2,32.73,10.04,False,Chemical,1,val
PUMP_03,2026-04-15 00:00:00,0.2784,54.09,36.55,60.0,4.378,0.2772,0.0108,6.71,22.23,538.8,96.0,34.32,10.0,False,Chemical,1,val
PUMP_03,2026-04-15 01:00:00,0.309,56.3,36.62,62.97,4.358,0.2825,0.0169,6.594,23.88,535.9,96.9,37.21,9.96,False,Chemical,1,val
PUMP_03,2026-04-15 02:00:00,0.3012,56.67,36.6,60.41,4.502,0.2857,0.0185,6.64,25.0,536.5,93.3,37.28,9.92,False,Chemical,1,val
PUMP_03,2026-04-15 03:00:00,0.3004,55.4,36.59,60.56,4.528,0.2921,0.015,6.56,27.36,534.9,97.1,40.15,9.88,False,Chemical,1,val
PUMP_03,2026-04-15 04:00:00,0.2983,54.48,37.09,62.58,4.457,0.2968,0.0103,6.465,29.19,528.2,103.2,42.67,9.83,False,Chemical,1,val
PUMP_03,2026-04-15 05:00:00,0.316,56.68,36.74,61.91,4.417,0.3006,0.0127,6.412,28.76,538.2,107.3,43.64,9.79,False,Chemical,1,val
PUMP_03,2026-04-15 06:00:00,0.3207,58.19,36.97,61.91,4.495,0.3076,0.0092,6.614,29.34,532.4,118.9,40.56,9.75,False,Chemical,1,val
PUMP_03,2026-04-15 07:00:00,0.2978,58.77,38.15,60.07,4.4,0.3057,0.01,6.589,27.31,551.3,117.3,40.33,9.71,False,Chemical,1,val
PUMP_03,2026-04-15 08:00:00,0.3031,56.52,36.47,62.89,4.374,0.306,0.0098,6.612,26.49,560.2,128.6,39.76,9.67,False,Chemical,1,val
PUMP_03,2026-04-15 09:00:00,0.3074,56.37,37.27,60.51,4.345,0.3072,0.0094,6.626,25.15,574.2,133.5,39.17,9.62,False,Chemical,1,val
PUMP_03,2026-04-15 10:00:00,0.3139,54.02,36.4,59.7,4.331,0.3098,0.0086,6.707,23.19,585.8,131.3,37.0,9.58,False,Chemical,1,val
PUMP_03,2026-04-15 11:00:00,0.3122,58.0,37.66,62.23,4.47,0.3092,0.0082,6.638,22.42,597.3,142.0,38.04,9.54,False,Chemical,1,val
PUMP_03,2026-04-15 12:00:00,0.3044,52.58,37.79,61.55,4.278,0.3065,0.006,6.698,22.79,597.2,143.8,37.34,9.5,False,Chemical,1,val
PUMP_03,2026-04-15 13:00:00,0.3148,57.88,36.62,61.55,4.353,0.3093,0.005,6.698,22.6,582.0,143.0,36.57,9.46,False,Chemical,1,val
PUMP_03,2026-04-15 14:00:00,0.3007,56.17,36.74,62.66,4.375,0.3089,0.0057,6.632,21.91,578.5,151.2,36.99,9.42,False,Chemical,1,val
PUMP_03,2026-04-15 15:00:00,0.2806,52.52,37.57,61.49,4.293,0.3044,0.013,6.676,23.06,575.9,146.8,36.99,9.38,False,Chemical,1,val
PUMP_03,2026-04-15 16:00:00,0.3209,56.71,37.03,59.8,4.376,0.3056,0.0142,6.659,23.33,553.3,134.6,36.51,9.33,False,Chemical,1,val
PUMP_03,2026-04-15 17:00:00,0.3155,56.0,38.06,61.51,4.417,0.3062,0.0146,6.639,23.45,550.9,135.0,36.82,9.29,False,Chemical,1,val
PUMP_03,2026-04-15 18:00:00,0.2807,55.6,36.51,62.29,4.495,0.3022,0.018,6.648,22.64,548.5,129.4,36.0,9.25,False,Chemical,1,val
PUMP_03,2026-04-15 19:00:00,0.3053,55.91,37.89,62.18,4.374,0.3006,0.017,6.587,23.42,551.1,120.6,37.63,9.21,False,Chemical,1,val
PUMP_03,2026-04-15 20:00:00,0.324,56.32,38.61,61.77,4.425,0.3045,0.0195,6.723,23.87,540.4,109.1,35.32,9.17,False,Chemical,1,val
PUMP_03,2026-04-15 21:00:00,0.3025,56.35,37.52,64.9,4.3,0.3082,0.0159,6.746,24.35,535.7,103.7,35.1,9.12,False,Chemical,1,val
PUMP_03,2026-04-15 22:00:00,0.3216,54.2,36.92,64.03,4.324,0.3083,0.016,6.62,23.61,539.4,104.4,36.76,9.08,False,Chemical,1,val
PUMP_03,2026-04-15 23:00:00,0.33,57.06,36.85,60.62,4.272,0.3107,0.0182,6.719,23.9,547.5,100.4,35.7,9.04,False,Chemical,1,val
PUMP_03,2026-04-16 00:00:00,0.3209,55.92,37.24,60.44,4.505,0.3174,0.011,6.66,23.19,558.2,94.7,36.6,9.0,False,Chemical,1,val
PUMP_03,2026-04-16 01:00:00,0.3525,58.91,37.76,63.69,4.403,0.3252,0.0162,6.659,23.22,553.4,100.3,36.44,8.96,False,Chemical,1,val
PUMP_03,2026-04-16 02:00:00,0.3335,57.85,36.48,63.4,4.449,0.3268,0.0165,6.592,24.14,550.9,101.8,38.05,8.92,False,Chemical,1,val
PUMP_03,2026-04-16 03:00:00,0.3283,58.06,37.21,63.92,4.475,0.3311,0.0116,6.627,23.02,556.4,104.3,36.93,8.88,False,Chemical,1,val
PUMP_03,2026-04-16 04:00:00,0.3267,59.43,37.49,61.64,4.501,0.332,0.0109,6.679,23.98,556.0,108.3,36.75,8.83,False,Chemical,1,val
PUMP_03,2026-04-16 05:00:00,0.3305,57.77,38.36,62.0,4.599,0.3321,0.0109,6.601,24.57,548.2,107.4,38.08,8.79,False,Chemical,1,val
PUMP_03,2026-04-16 06:00:00,0.324,56.49,38.57,60.08,4.437,0.3326,0.0103,6.611,24.36,558.0,108.2,38.2,8.75,False,Chemical,1,val
PUMP_03,2026-04-16 07:00:00,0.3164,52.91,37.39,62.41,4.386,0.3266,0.0059,6.62,24.44,560.6,118.7,38.21,8.71,False,Chemical,1,val
PUMP_03,2026-04-16 08:00:00,0.3195,57.14,36.82,61.5,4.501,0.3242,0.0054,6.473,24.22,567.6,126.0,40.71,8.67,False,Chemical,1,val
PUMP_03,2026-04-16 09:00:00,0.3302,59.41,37.59,61.35,4.637,0.3246,0.0057,6.657,24.16,557.5,130.0,37.29,8.62,False,Chemical,1,val
PUMP_03,2026-04-16 10:00:00,0.3433,58.2,37.63,63.42,4.407,0.3273,0.0096,6.671,25.27,567.0,136.2,38.25,8.58,False,Chemical,1,val
PUMP_03,2026-04-16 11:00:00,0.3347,56.13,38.26,62.14,4.389,0.328,0.0101,6.655,24.98,557.3,137.0,37.9,8.54,False,Chemical,1,val
PUMP_03,2026-04-16 12:00:00,0.3307,57.02,37.3,63.34,4.251,0.3291,0.0099,6.681,24.91,571.7,147.0,38.02,8.5,False,Chemical,1,val
PUMP_03,2026-04-16 13:00:00,0.3583,56.13,36.99,62.25,4.292,0.3361,0.0133,6.61,24.67,557.8,151.5,38.42,8.46,False,Chemical,1,val
PUMP_03,2026-04-16 14:00:00,0.3503,57.46,37.59,63.06,4.574,0.3412,0.0114,6.72,24.51,564.7,153.7,36.83,8.42,False,Chemical,1,val
PUMP_03,2026-04-16 15:00:00,0.3102,56.27,37.42,60.85,4.449,0.3379,0.0169,6.585,25.26,563.6,142.6,39.47,8.38,False,Chemical,1,val
PUMP_03,2026-04-16 16:00:00,0.3339,59.23,37.42,61.26,4.374,0.3364,0.0167,6.614,24.79,570.4,137.0,38.96,8.33,False,Chemical,1,val
PUMP_03,2026-04-16 17:00:00,0.3054,57.29,37.14,63.02,4.468,0.3315,0.021,6.607,25.02,570.5,132.4,39.25,8.29,False,Chemical,1,val
PUMP_03,2026-04-16 18:00:00,0.3279,57.54,36.92,64.53,4.678,0.331,0.0211,6.63,25.32,559.2,131.9,38.62,8.25,False,Chemical,1,test
PUMP_03,2026-04-16 19:00:00,0.3046,55.95,38.06,63.08,4.473,0.322,0.0184,6.605,25.28,563.5,125.4,39.16,8.21,False,Chemical,1,test
PUMP_03,2026-04-16 20:00:00,0.318,56.6,37.87,62.56,4.628,0.3167,0.0122,6.61,25.9,576.5,112.6,40.07,8.17,False,Chemical,1,test
PUMP_03,2026-04-16 21:00:00,0.339,55.53,37.25,64.37,4.402,0.3215,0.0145,6.576,24.94,567.1,112.3,39.54,8.12,False,Chemical,1,test
PUMP_03,2026-04-16 22:00:00,0.3259,59.43,38.25,62.33,4.597,0.3201,0.0135,6.583,25.64,571.4,103.0,40.09,8.08,False,Chemical,1,test
PUMP_03,2026-04-16 23:00:00,0.3199,56.57,36.67,61.66,4.437,0.3226,0.0115,6.491,26.56,562.7,95.4,41.84,8.04,False,Chemical,1,test
PUMP_03,2026-04-17 00:00:00,0.3294,57.62,37.55,62.64,4.423,0.3228,0.0116,6.641,26.14,567.6,95.2,39.37,8.0,False,Chemical,1,test
PUMP_03,2026-04-17 01:00:00,0.3291,55.09,37.94,63.11,4.412,0.3269,0.0076,6.548,25.76,566.3,101.8,40.52,7.96,False,Chemical,1,test
PUMP_03,2026-04-17 02:00:00,0.3528,55.6,38.5,61.16,4.464,0.3327,0.0116,6.573,26.24,575.2,98.7,40.84,7.92,False,Chemical,1,test
PUMP_03,2026-04-17 03:00:00,0.3677,57.11,37.52,62.86,4.57,0.3375,0.0186,6.545,25.88,575.7,96.3,41.06,7.88,False,Chemical,1,test
PUMP_03,2026-04-17 04:00:00,0.3493,57.06,38.55,60.66,4.456,0.3414,0.0181,6.626,26.51,579.4,106.1,40.35,7.83,False,Chemical,1,test
PUMP_03,2026-04-17 05:00:00,0.3697,57.93,37.5,62.4,4.583,0.3497,0.0177,6.568,26.33,568.6,110.4,40.71,7.79,False,Chemical,1,test
PUMP_03,2026-04-17 06:00:00,0.3469,60.62,38.4,62.59,4.442,0.3526,0.0149,6.47,25.74,577.5,112.3,42.23,7.75,False,Chemical,1,test
PUMP_03,2026-04-17 07:00:00,0.3547,54.62,38.94,62.77,4.496,0.3568,0.0096,6.604,26.27,575.4,117.0,40.36,7.71,False,Chemical,1,test
PUMP_03,2026-04-17 08:00:00,0.3829,59.15,37.35,60.48,4.462,0.3619,0.0139,6.55,26.43,563.7,122.0,40.85,7.67,False,Chemical,1,test
PUMP_03,2026-04-17 09:00:00,0.3529,58.47,38.06,62.97,4.652,0.3594,0.014,6.584,26.54,578.3,125.9,40.99,7.62,False,Chemical,1,test
PUMP_03,2026-04-17 10:00:00,0.3705,56.83,38.31,63.93,4.551,0.3629,0.0136,6.625,26.56,582.8,135.1,40.55,7.58,False,Chemical,1,test
PUMP_03,2026-04-17 11:00:00,0.3423,57.15,37.26,64.59,4.535,0.3584,0.0154,6.531,26.75,584.9,140.9,42.26,7.54,False,Chemical,1,test
PUMP_03,2026-04-17 12:00:00,0.3512,59.52,38.29,64.67,4.493,0.3591,0.0148,6.576,26.77,577.6,149.2,41.26,7.5,False,Chemical,1,test
PUMP_03,2026-04-17 13:00:00,0.337,57.78,37.71,62.98,4.471,0.3561,0.0174,6.537,26.4,582.7,148.3,41.83,7.46,False,Chemical,1,test
PUMP_03,2026-04-17 14:00:00,0.3495,57.43,37.56,65.95,4.439,0.3506,0.0115,6.623,26.6,582.0,144.9,40.57,7.42,False,Chemical,1,test
PUMP_03,2026-04-17 15:00:00,0.351,56.38,37.84,62.09,4.628,0.3502,0.0114,6.575,26.76,576.3,134.2,41.21,7.38,False,Chemical,1,test
PUMP_03,2026-04-17 16:00:00,0.3582,56.74,37.81,62.15,4.396,0.3482,0.0075,6.568,26.99,576.3,138.9,41.49,7.33,False,Chemical,1,test
PUMP_03,2026-04-17 17:00:00,0.3381,56.21,38.61,63.07,4.499,0.3475,0.0083,6.504,26.94,581.3,125.9,42.67,7.29,False,Chemical,1,test
PUMP_03,2026-04-17 18:00:00,0.345,59.4,38.15,64.06,4.601,0.3465,0.0081,6.602,27.57,581.2,130.0,41.55,7.25,False,Chemical,1,test
PUMP_03,2026-04-17 19:00:00,0.3667,56.93,39.56,63.87,4.399,0.3514,0.01,6.606,26.83,583.5,123.6,41.07,7.21,False,Chemical,1,test
PUMP_03,2026-04-17 20:00:00,0.3327,56.36,37.87,60.28,4.55,0.3486,0.0127,6.521,26.6,581.8,113.7,42.19,7.17,False,Chemical,1,test
PUMP_03,2026-04-17 21:00:00,0.3163,58.45,38.49,61.99,4.468,0.3428,0.0181,6.565,28.17,585.7,110.8,42.76,7.12,False,Chemical,1,test
PUMP_03,2026-04-17 22:00:00,0.3467,57.0,38.14,64.09,4.543,0.3409,0.0167,6.584,27.15,580.1,106.4,41.5,7.08,False,Chemical,1,test
PUMP_03,2026-04-17 23:00:00,0.3691,60.59,37.48,62.13,4.53,0.3461,0.0201,6.663,28.0,593.8,98.8,41.4,7.04,False,Chemical,1,test
PUMP_03,2026-04-18 00:00:00,0.3648,58.37,39.23,63.07,4.365,0.3494,0.0215,6.569,27.89,577.8,95.3,42.16,7.0,False,Chemical,1,test
PUMP_03,2026-04-18 01:00:00,0.3528,58.65,38.36,63.68,4.599,0.3471,0.0199,6.547,27.42,587.3,89.7,42.58,6.96,False,Chemical,1,test
PUMP_03,2026-04-18 02:00:00,0.3717,58.7,37.84,63.85,4.472,0.3536,0.0207,6.537,27.77,587.4,94.4,42.99,6.92,False,Chemical,1,test
PUMP_03,2026-04-18 03:00:00,0.3682,59.28,38.57,64.33,4.51,0.3622,0.0101,6.538,27.8,588.5,94.4,43.05,6.88,False,Chemical,1,test
PUMP_03,2026-04-18 04:00:00,0.3528,59.53,38.97,64.85,4.56,0.3632,0.0084,6.578,28.14,585.8,98.3,42.52,6.83,False,Chemical,1,test
PUMP_03,2026-04-18 05:00:00,0.3732,58.55,37.86,64.1,4.589,0.3639,0.0091,6.493,27.78,583.2,104.6,43.52,6.79,False,Chemical,1,test
PUMP_03,2026-04-18 06:00:00,0.3909,57.02,38.42,61.9,4.597,0.3683,0.0143,6.582,28.1,592.7,105.7,42.73,6.75,False,Chemical,1,test
PUMP_03,2026-04-18 07:00:00,0.3762,58.35,39.04,64.1,4.627,0.3722,0.0123,6.456,28.25,591.3,123.9,44.79,6.71,False,Chemical,1,test
PUMP_03,2026-04-18 08:00:00,0.3577,58.71,38.53,64.72,4.369,0.3698,0.0137,6.564,28.79,595.0,127.3,43.6,6.67,False,Chemical,1,test
PUMP_03,2026-04-18 09:00:00,0.4057,56.22,38.79,63.99,4.608,0.3761,0.0199,6.575,28.28,585.6,137.1,42.66,6.62,False,Chemical,1,test
PUMP_03,2026-04-18 10:00:00,0.3639,55.55,38.32,65.02,4.573,0.3779,0.0177,6.566,28.14,603.2,140.9,43.45,6.58,False,Chemical,1,test
PUMP_03,2026-04-18 11:00:00,0.383,56.92,37.55,63.78,4.53,0.3796,0.0177,6.537,28.4,595.0,143.6,43.76,6.54,False,Chemical,1,test
PUMP_03,2026-04-18 12:00:00,0.3884,55.86,38.37,63.37,4.598,0.3792,0.0174,6.54,28.85,581.0,147.3,43.43,6.5,False,Chemical,1,test
PUMP_03,2026-04-18 13:00:00,0.3807,58.09,38.2,62.53,4.654,0.3799,0.0173,6.498,28.09,597.9,145.6,44.27,6.46,False,Chemical,1,test
PUMP_03,2026-04-18 14:00:00,0.3695,57.71,38.49,66.01,4.512,0.3819,0.0148,6.459,29.36,595.4,149.4,45.68,6.42,False,Chemical,1,test
PUMP_03,2026-04-18 15:00:00,0.3447,59.04,38.25,62.34,4.697,0.3717,0.016,6.526,28.98,592.9,139.6,44.25,6.38,False,Chemical,1,test
PUMP_03,2026-04-18 16:00:00,0.389,60.01,38.7,63.62,4.68,0.3759,0.0168,6.514,29.24,605.5,137.6,45.13,6.33,False,Chemical,1,test
PUMP_03,2026-04-18 17:00:00,0.3539,59.42,38.41,63.22,4.62,0.371,0.0185,6.554,29.24,604.7,131.4,44.46,6.29,False,Chemical,1,test
PUMP_03,2026-04-18 18:00:00,0.3867,59.68,39.13,62.07,4.495,0.3707,0.0182,6.499,28.98,602.6,134.5,45.08,6.25,False,Chemical,1,test
PUMP_03,2026-04-18 19:00:00,0.3902,60.49,39.03,64.77,4.768,0.3723,0.0196,6.511,28.9,602.1,117.5,44.8,6.21,False,Chemical,1,test
PUMP_03,2026-04-18 20:00:00,0.3573,58.62,38.13,64.32,4.621,0.3703,0.0205,6.515,29.14,605.0,118.7,45.03,6.17,False,Chemical,1,test
PUMP_03,2026-04-18 21:00:00,0.3597,55.24,39.46,64.04,4.613,0.3728,0.0175,6.527,28.91,595.4,102.0,44.28,6.12,False,Chemical,1,test
PUMP_03,2026-04-18 22:00:00,0.3755,56.57,38.29,63.02,4.613,0.3706,0.0158,6.543,29.74,605.0,102.7,45.0,6.08,False,Chemical,1,test
PUMP_03,2026-04-18 23:00:00,0.3986,59.98,38.07,64.48,4.651,0.378,0.0168,6.446,29.63,611.0,97.6,46.73,6.04,False,Chemical,1,test
PUMP_03,2026-04-19 00:00:00,0.3795,59.57,39.4,63.52,4.684,0.3768,0.0163,6.526,29.17,610.8,91.8,45.12,6.0,False,Chemical,1,test
PUMP_03,2026-04-19 01:00:00,0.3935,60.36,38.44,64.43,4.61,0.3774,0.0169,6.267,37.05,601.2,92.3,54.37,5.96,False,Chemical,1,test
PUMP_03,2026-04-19 02:00:00,0.3881,63.62,38.87,65.6,4.515,0.3825,0.0141,6.116,44.32,608.1,97.9,62.18,5.92,False,Chemical,1,test
PUMP_03,2026-04-19 03:00:00,0.4105,59.73,38.06,60.97,4.7,0.3909,0.0128,5.964,51.35,602.4,97.0,68.35,5.88,False,Chemical,1,test
PUMP_03,2026-04-19 04:00:00,0.3919,59.3,38.63,65.14,4.555,0.3937,0.0104,5.577,57.59,609.6,98.5,74.84,5.83,False,Chemical,1,test
PUMP_03,2026-04-19 05:00:00,0.3926,60.0,38.81,66.81,4.543,0.3927,0.0101,5.74,59.06,605.8,111.1,72.06,5.79,False,Chemical,1,test
PUMP_03,2026-04-19 06:00:00,0.3894,57.74,38.66,66.05,4.621,0.3943,0.0082,5.671,57.91,606.0,113.4,73.18,5.75,False,Chemical,1,test
PUMP_03,2026-04-19 07:00:00,0.3896,60.7,38.61,64.94,4.592,0.3937,0.0084,5.844,50.28,666.0,121.3,72.92,5.71,False,Chemical,1,test
PUMP_03,2026-04-19 08:00:00,0.4216,59.35,38.96,65.51,4.662,0.3993,0.0135,6.053,45.09,709.0,130.8,67.92,5.67,False,Chemical,1,test
PUMP_03,2026-04-19 09:00:00,0.3998,62.17,39.56,63.04,4.68,0.3975,0.0124,6.212,37.37,757.2,138.7,61.99,5.62,False,Chemical,1,test
PUMP_03,2026-04-19 10:00:00,0.3899,57.29,38.42,64.38,4.599,0.3971,0.0126,6.491,31.3,815.1,128.5,55.05,5.58,False,Chemical,1,test
PUMP_03,2026-04-19 11:00:00,0.3778,59.74,37.49,63.94,4.649,0.3947,0.0149,6.412,30.52,806.7,141.2,55.78,5.54,False,Chemical,1,test
PUMP_03,2026-04-19 12:00:00,0.3973,58.83,39.77,63.58,4.603,0.396,0.0147,6.521,30.76,813.3,137.4,54.2,5.5,False,Chemical,1,test
PUMP_03,2026-04-19 13:00:00,0.3875,58.22,38.65,65.36,4.706,0.3956,0.0149,6.493,30.45,755.0,155.9,52.55,5.46,False,Chemical,1,test
PUMP_03,2026-04-19 14:00:00,0.3833,60.79,38.73,63.96,4.687,0.3893,0.0083,6.467,31.57,709.1,144.8,51.84,5.42,False,Chemical,1,test
PUMP_03,2026-04-19 15:00:00,0.3859,59.42,38.76,62.0,4.708,0.3869,0.0065,6.351,31.61,674.8,145.5,52.29,5.38,False,Chemical,1,test
PUMP_03,2026-04-19 16:00:00,0.3988,61.94,38.32,64.78,4.631,0.3884,0.0082,6.385,30.98,616.3,135.2,48.88,5.33,False,Chemical,1,test
PUMP_03,2026-04-19 17:00:00,0.3797,59.19,38.9,64.24,4.677,0.3888,0.0077,6.444,31.31,615.6,131.1,48.13,5.29,False,Chemical,1,test
PUMP_03,2026-04-19 18:00:00,0.3932,59.44,38.99,65.13,4.7,0.3881,0.0069,6.444,31.7,624.3,130.9,48.76,5.25,False,Chemical,1,test
PUMP_03,2026-04-19 19:00:00,0.4125,63.09,39.44,63.84,4.722,0.3922,0.0121,6.49,31.34,628.9,122.1,47.97,5.21,False,Chemical,1,test
PUMP_03,2026-04-19 20:00:00,0.3931,58.09,38.87,62.29,4.718,0.3939,0.0113,6.295,32.16,622.9,120.2,51.42,5.17,False,Chemical,1,test
PUMP_03,2026-04-19 21:00:00,0.3881,58.98,37.76,63.21,4.657,0.3942,0.011,6.4,31.67,627.6,104.2,49.58,5.12,False,Chemical,1,test
PUMP_03,2026-04-19 22:00:00,0.423,55.56,38.44,63.31,4.578,0.3983,0.0162,6.477,31.6,620.5,101.5,48.0,5.08,False,Chemical,1,test
PUMP_03,2026-04-19 23:00:00,0.4094,59.57,39.94,63.2,4.713,0.4032,0.0138,6.416,31.26,624.4,100.4,48.91,5.04,False,Chemical,1,test
PUMP_03,2026-04-20 00:00:00,0.4118,61.32,38.78,63.79,4.712,0.4063,0.0131,6.407,31.47,624.9,98.5,49.23,5.0,False,Chemical,1,test
PUMP_03,2026-04-20 01:00:00,0.4259,60.94,39.64,65.36,4.591,0.4085,0.0153,6.347,32.32,627.3,96.7,50.88,4.96,False,Chemical,1,test
PUMP_03,2026-04-20 02:00:00,0.4203,60.58,38.9,62.86,4.749,0.4131,0.0138,6.478,32.27,631.4,90.6,48.91,4.92,False,Chemical,1,test
PUMP_03,2026-04-20 03:00:00,0.4258,59.1,39.84,65.6,4.697,0.4194,0.0071,6.398,32.6,620.0,94.6,49.95,4.88,False,Chemical,1,test
PUMP_03,2026-04-20 04:00:00,0.4039,60.17,39.44,63.05,4.677,0.4162,0.0092,6.475,32.14,623.7,103.7,48.56,4.83,False,Chemical,1,test
PUMP_03,2026-04-20 05:00:00,0.417,59.9,38.53,64.14,4.707,0.4174,0.0085,6.491,31.8,626.6,101.3,48.18,4.79,False,Chemical,1,test
PUMP_03,2026-04-20 06:00:00,0.459,60.53,38.72,64.58,4.767,0.4253,0.0184,6.481,32.35,625.0,110.0,48.66,4.75,False,Chemical,1,test
PUMP_03,2026-04-20 07:00:00,0.4162,60.85,38.55,64.29,4.82,0.4237,0.0187,6.411,33.46,631.8,120.1,50.84,4.71,False,Chemical,1,test
PUMP_03,2026-04-20 08:00:00,0.433,60.1,40.01,65.43,4.694,0.4258,0.019,6.385,32.35,632.6,123.4,50.5,4.67,False,Chemical,1,test
PUMP_03,2026-04-20 09:00:00,0.4576,60.71,38.73,64.58,4.683,0.4311,0.023,6.379,32.82,632.6,133.4,50.93,4.62,False,Chemical,1,test
PUMP_03,2026-04-20 10:00:00,0.4408,60.57,39.29,64.55,4.753,0.4373,0.0188,6.503,31.96,631.1,137.3,48.29,4.58,False,Chemical,1,test
PUMP_03,2026-04-20 11:00:00,0.4336,59.75,39.48,61.91,4.6,0.44,0.0163,6.391,32.82,640.7,138.5,51.07,4.54,False,Chemical,1,test
PUMP_03,2026-04-20 12:00:00,0.4157,60.92,39.69,65.27,4.779,0.4328,0.0158,6.452,32.95,635.9,141.1,50.0,4.5,False,Chemical,1,test
PUMP_03,2026-04-20 13:00:00,0.4169,58.93,39.3,67.07,4.604,0.4329,0.0157,6.421,33.35,634.9,150.1,50.73,4.46,False,Chemical,1,test
PUMP_03,2026-04-20 14:00:00,0.4204,61.16,38.65,64.25,4.606,0.4308,0.0165,6.373,33.18,636.8,145.7,51.45,4.42,False,Chemical,1,test
PUMP_03,2026-04-20 15:00:00,0.4291,59.27,38.9,65.66,4.843,0.4261,0.0101,6.379,32.8,641.0,142.6,51.27,4.38,False,Chemical,1,test
PUMP_03,2026-04-20 16:00:00,0.4427,60.94,39.01,63.91,4.555,0.4264,0.0106,6.448,33.23,639.2,137.9,50.39,4.33,False,Chemical,1,test
PUMP_03,2026-04-20 17:00:00,0.4255,61.72,38.08,66.11,4.829,0.425,0.01,6.388,33.51,634.6,128.9,51.36,4.29,False,Chemical,1,test
PUMP_03,2026-04-20 18:00:00,0.416,59.68,39.95,65.58,4.852,0.4251,0.01,6.361,33.29,648.6,124.2,52.22,4.25,False,Chemical,1,test
PUMP_03,2026-04-20 19:00:00,0.4245,62.66,40.02,64.54,4.757,0.4264,0.0092,6.341,33.44,642.9,110.4,52.42,4.21,False,Chemical,1,test
PUMP_03,2026-04-20 20:00:00,0.4359,63.84,39.09,64.49,4.781,0.429,0.0093,6.394,34.28,635.7,111.0,51.84,4.17,False,Chemical,1,test
PUMP_03,2026-04-20 21:00:00,0.4359,60.22,40.54,65.81,4.61,0.4301,0.0098,6.35,33.72,633.2,105.0,52.06,4.12,False,Chemical,1,test
PUMP_03,2026-04-20 22:00:00,0.4303,61.02,39.72,65.12,4.699,0.428,0.0076,6.403,34.25,646.6,104.5,52.14,4.08,False,Chemical,1,test
PUMP_03,2026-04-20 23:00:00,0.4208,63.1,40.31,63.62,4.77,0.4272,0.0082,6.498,34.1,650.4,95.9,50.67,4.04,False,Chemical,1,test
PUMP_03,2026-04-21 00:00:00,0.4575,58.63,40.29,63.29,4.771,0.4342,0.0129,6.394,33.77,647.1,99.0,51.97,4.0,False,Chemical,1,test
PUMP_03,2026-04-21 01:00:00,0.4411,61.42,39.77,65.86,4.783,0.4369,0.0122,6.455,34.23,648.7,94.0,51.37,3.96,False,Chemical,1,test
PUMP_03,2026-04-21 02:00:00,0.4523,60.97,38.66,64.26,4.777,0.4396,0.0137,6.327,34.57,649.7,96.4,53.71,3.92,False,Chemical,1,test
PUMP_03,2026-04-21 03:00:00,0.4417,62.81,40.02,65.25,4.755,0.4406,0.0136,6.394,35.25,647.3,98.2,53.01,3.88,False,Chemical,1,test
PUMP_03,2026-04-21 04:00:00,0.4441,61.14,40.23,65.94,4.659,0.4429,0.0126,6.42,34.34,639.8,105.1,51.64,3.83,False,Chemical,1,test
PUMP_03,2026-04-21 05:00:00,0.4642,62.23,39.55,63.82,4.787,0.4502,0.0094,6.424,34.71,645.5,112.3,52.08,3.79,False,Chemical,1,test
PUMP_03,2026-04-21 06:00:00,0.4392,60.36,40.06,64.07,4.671,0.4471,0.0096,6.416,35.2,653.8,109.6,52.9,3.75,False,Chemical,1,test
PUMP_03,2026-04-21 07:00:00,0.4416,63.07,39.97,67.27,4.736,0.4472,0.0095,6.35,35.44,653.6,127.0,54.11,3.71,False,Chemical,1,test
PUMP_03,2026-04-21 08:00:00,0.4818,60.01,39.44,64.85,4.879,0.4521,0.0172,6.391,34.78,650.6,123.0,52.86,3.67,False,Chemical,1,test
PUMP_03,2026-04-21 09:00:00,0.4712,63.04,39.97,66.6,4.646,0.457,0.0178,6.293,35.07,649.7,131.8,54.6,3.62,False,Chemical,1,test
PUMP_03,2026-04-21 10:00:00,0.4641,61.89,39.75,68.41,4.764,0.4604,0.0168,6.422,35.67,654.1,135.6,53.15,3.58,False,Chemical,1,test
PUMP_03,2026-04-21 11:00:00,0.4405,58.29,40.31,65.72,4.846,0.4564,0.0184,6.291,35.53,652.4,147.7,55.07,3.54,False,Chemical,1,test
PUMP_03,2026-04-21 12:00:00,0.4585,61.96,39.75,64.43,4.831,0.4596,0.0164,6.399,35.84,654.6,139.9,53.65,3.5,False,Chemical,1,test
PUMP_03,2026-04-21 13:00:00,0.4526,62.82,39.7,65.64,4.807,0.4614,0.0144,6.385,35.99,656.5,147.9,54.05,3.46,False,Chemical,1,test
PUMP_03,2026-04-21 14:00:00,0.4459,60.11,39.17,65.29,4.732,0.4555,0.0114,6.382,35.84,652.8,135.3,53.84,3.42,False,Chemical,1,test
PUMP_03,2026-04-21 15:00:00,0.4503,60.73,41.5,65.63,4.894,0.452,0.0085,6.431,35.77,661.5,144.9,53.37,3.38,False,Chemical,1,test
PUMP_03,2026-04-21 16:00:00,0.4297,62.18,39.93,66.43,4.694,0.4462,0.0101,6.372,35.75,657.6,136.9,54.14,3.33,False,Chemical,1,test
PUMP_03,2026-04-21 17:00:00,0.4203,61.33,39.54,66.6,4.85,0.4429,0.0147,6.244,36.23,661.7,131.0,56.69,3.29,False,Chemical,1,test
PUMP_03,2026-04-21 18:00:00,0.4566,62.63,40.61,63.23,4.81,0.4426,0.0144,6.33,36.6,660.4,123.7,55.52,3.25,False,Chemical,1,test
PUMP_03,2026-04-21 19:00:00,0.4561,61.87,40.38,67.09,4.738,0.4432,0.0149,6.194,37.6,668.7,119.7,58.75,3.21,False,Chemical,1,test
PUMP_03,2026-04-21 20:00:00,0.4596,60.25,40.62,66.02,4.773,0.4454,0.0164,6.269,37.69,664.5,112.1,57.42,3.17,False,Chemical,1,test
PUMP_03,2026-04-21 21:00:00,0.4702,65.77,40.71,65.03,4.952,0.4488,0.0193,6.239,38.17,664.7,101.5,58.25,3.12,False,Chemical,1,test
PUMP_03,2026-04-21 22:00:00,0.4696,61.81,41.0,66.63,4.717,0.4554,0.0183,6.295,37.59,666.9,99.2,57.04,3.08,False,Chemical,1,test
PUMP_03,2026-04-21 23:00:00,0.4877,62.56,39.72,64.51,4.672,0.4666,0.0121,6.226,38.36,677.8,101.5,59.15,3.04,False,Chemical,1,test
PUMP_03,2026-04-22 00:00:00,0.4869,65.07,40.47,64.6,4.765,0.4717,0.0133,6.232,37.42,669.8,94.2,58.06,3.0,False,Chemical,1,test
PUMP_03,2026-04-22 01:00:00,0.4739,63.76,39.46,67.1,4.852,0.4746,0.0109,6.304,37.36,674.2,91.8,57.06,2.96,False,Chemical,1,test
PUMP_03,2026-04-22 02:00:00,0.479,63.33,40.25,65.94,4.936,0.4779,0.008,6.346,37.7,677.6,96.0,56.76,2.92,False,Chemical,1,test
PUMP_03,2026-04-22 03:00:00,0.4832,64.14,40.86,67.77,4.827,0.48,0.0073,6.295,37.25,670.8,100.3,56.97,2.88,False,Chemical,1,test
PUMP_03,2026-04-22 04:00:00,0.4596,63.43,39.94,65.1,4.698,0.4784,0.0105,6.409,36.66,680.5,104.9,55.14,2.83,False,Chemical,1,test
PUMP_03,2026-04-22 05:00:00,0.4986,63.47,41.84,66.3,4.839,0.4802,0.0131,6.273,36.66,684.5,108.9,57.49,2.79,False,Chemical,1,test
PUMP_03,2026-04-22 06:00:00,0.4952,63.54,40.54,66.44,4.903,0.4816,0.0143,6.321,37.11,681.1,118.4,56.89,2.75,False,Chemical,1,test
PUMP_03,2026-04-22 07:00:00,0.4624,62.49,39.47,66.49,4.863,0.4797,0.0162,6.301,37.06,684.4,120.2,57.31,2.71,False,Chemical,1,test
PUMP_03,2026-04-22 08:00:00,0.5107,64.4,41.0,66.78,4.88,0.485,0.0205,6.264,36.81,678.9,125.5,57.49,2.67,False,Chemical,1,test
PUMP_03,2026-04-22 09:00:00,0.4806,63.84,41.93,66.62,4.693,0.4845,0.0206,6.344,37.19,675.6,136.0,56.34,2.62,False,Chemical,1,test
PUMP_03,2026-04-22 10:00:00,0.4843,59.43,39.28,66.12,4.739,0.4886,0.0167,6.232,36.5,678.4,134.8,57.77,2.58,False,Chemical,1,test
PUMP_03,2026-04-22 11:00:00,0.4828,64.2,41.08,63.79,4.839,0.486,0.0161,6.17,38.06,676.7,140.0,59.79,2.54,False,Chemical,1,test
PUMP_03,2026-04-22 12:00:00,0.481,61.78,40.08,67.19,4.943,0.4836,0.0155,6.264,38.13,674.3,137.8,58.22,2.5,False,Chemical,1,test
PUMP_03,2026-04-22 13:00:00,0.5181,63.38,40.66,63.33,4.792,0.4929,0.0169,6.255,38.46,675.9,152.3,58.67,2.46,False,Chemical,1,test
PUMP_03,2026-04-22 14:00:00,0.477,60.56,39.93,64.73,4.875,0.4873,0.0153,6.318,38.14,665.5,152.5,57.0,2.42,False,Chemical,1,test
PUMP_03,2026-04-22 15:00:00,0.4752,62.24,41.26,65.4,4.875,0.4864,0.0159,6.2,37.92,686.3,141.0,59.61,2.38,False,Chemical,1,test
PUMP_03,2026-04-22 16:00:00,0.48,62.61,40.58,67.36,4.781,0.4857,0.0161,6.286,38.61,678.2,140.7,58.38,2.33,False,Chemical,1,test
PUMP_03,2026-04-22 17:00:00,0.4672,64.01,41.49,66.03,4.809,0.4831,0.0178,6.277,38.02,674.9,135.3,57.97,2.29,False,Chemical,1,test
PUMP_03,2026-04-22 18:00:00,0.4852,62.37,40.2,68.58,4.869,0.4838,0.0178,6.27,37.87,679.1,127.2,58.15,2.25,False,Chemical,1,test
PUMP_03,2026-04-22 19:00:00,0.47,60.05,40.72,64.7,4.845,0.4758,0.0066,6.304,38.44,690.6,124.9,58.5,2.21,False,Chemical,1,test
PUMP_03,2026-04-22 20:00:00,0.4921,62.61,39.48,65.07,4.943,0.4783,0.0094,6.247,38.76,683.1,108.5,59.31,2.17,False,Chemical,1,test
PUMP_03,2026-04-22 21:00:00,0.4717,62.82,42.45,63.72,4.847,0.4777,0.0097,6.248,38.38,684.9,106.8,59.09,2.12,False,Chemical,1,test
PUMP_03,2026-04-22 22:00:00,0.4818,64.39,42.06,65.07,4.954,0.478,0.0099,6.265,38.38,694.9,94.0,59.24,2.08,False,Chemical,1,test
PUMP_03,2026-04-22 23:00:00,0.4792,63.71,42.25,65.72,4.858,0.48,0.0083,6.235,38.74,689.6,94.3,59.75,2.04,False,Chemical,1,test
PUMP_03,2026-04-23 00:00:00,0.4901,62.39,41.88,68.27,4.891,0.4808,0.0091,6.17,39.17,684.8,89.3,60.9,2.0,False,Chemical,1,test
PUMP_03,2026-04-23 01:00:00,0.4751,64.0,40.63,67.79,4.957,0.4817,0.0081,6.214,39.05,678.7,87.6,59.85,1.96,False,Chemical,1,test
PUMP_03,2026-04-23 02:00:00,0.4689,66.38,40.98,66.85,4.887,0.4778,0.0077,6.219,40.26,691.3,93.9,61.15,1.92,False,Chemical,1,test
PUMP_03,2026-04-23 03:00:00,0.504,65.44,41.21,66.23,4.865,0.4832,0.0124,6.201,39.25,685.6,99.8,60.5,1.88,False,Chemical,1,test
PUMP_03,2026-04-23 04:00:00,0.4886,60.86,41.28,67.55,4.897,0.4843,0.0126,6.21,39.71,693.1,99.7,60.98,1.83,False,Chemical,1,test
PUMP_03,2026-04-23 05:00:00,0.5399,67.49,40.43,68.19,4.977,0.4944,0.0254,6.232,38.93,690.5,105.3,59.97,1.79,False,Chemical,1,test
PUMP_03,2026-04-23 06:00:00,0.5101,65.6,40.42,65.91,4.935,0.4978,0.0261,6.166,41.28,693.7,110.6,62.81,1.75,False,Chemical,1,test
PUMP_03,2026-04-23 07:00:00,0.527,66.25,40.33,66.06,4.74,0.5064,0.0256,6.159,43.09,697.0,120.6,64.33,1.71,False,Chemical,1,test
PUMP_03,2026-04-23 08:00:00,0.5212,61.64,40.9,66.23,4.857,0.5151,0.0181,6.119,44.71,684.8,124.1,65.59,1.67,False,Chemical,1,test
PUMP_03,2026-04-23 09:00:00,0.5003,63.35,40.99,64.7,4.861,0.5145,0.0186,5.891,47.67,695.0,128.5,71.73,1.62,False,Chemical,1,test
PUMP_03,2026-04-23 10:00:00,0.5091,64.9,40.94,68.26,4.968,0.5179,0.0143,5.889,48.58,695.1,141.4,72.41,1.58,False,Chemical,1,test
PUMP_03,2026-04-23 11:00:00,0.5253,62.38,41.38,66.14,4.771,0.5155,0.0106,5.777,50.43,697.6,138.2,75.3,1.54,False,Chemical,1,test
PUMP_03,2026-04-23 12:00:00,0.523,64.9,40.43,66.52,4.95,0.5176,0.0106,5.922,49.16,709.8,139.1,72.91,1.5,False,Chemical,1,test
PUMP_03,2026-04-23 13:00:00,0.5245,66.61,40.77,68.65,4.981,0.5172,0.0102,5.976,47.67,724.1,148.0,71.58,1.46,False,Chemical,1,test
PUMP_03,2026-04-23 14:00:00,0.5005,63.71,40.85,66.28,4.985,0.5138,0.0119,6.036,46.42,730.5,137.4,70.02,1.42,False,Chemical,1,test
PUMP_03,2026-04-23 15:00:00,0.5183,66.81,41.82,68.48,4.93,0.5168,0.01,6.13,44.32,744.6,146.6,67.64,1.38,False,Chemical,1,test
PUMP_03,2026-04-23 16:00:00,0.5001,65.36,41.48,64.89,4.811,0.5153,0.0119,6.129,42.25,754.8,133.6,66.62,1.33,False,Chemical,1,test
PUMP_03,2026-04-23 17:00:00,0.5246,61.57,41.58,67.7,4.923,0.5152,0.0117,6.159,41.56,779.4,132.8,66.68,1.29,False,Chemical,1,test
PUMP_03,2026-04-23 18:00:00,0.525,63.1,40.85,66.52,5.064,0.5155,0.012,6.186,41.43,772.2,122.5,65.86,1.25,False,Chemical,1,test
PUMP_03,2026-04-23 19:00:00,0.4913,66.11,41.46,65.19,4.902,0.51,0.0145,6.159,41.0,753.5,120.1,65.22,1.21,False,Chemical,1,test
PUMP_03,2026-04-23 20:00:00,0.5183,62.95,40.99,65.75,5.127,0.5129,0.0139,6.107,40.45,750.8,111.4,65.55,1.17,False,Chemical,1,test
PUMP_03,2026-04-23 21:00:00,0.5006,66.17,41.04,67.31,5.021,0.51,0.0144,6.226,41.79,731.4,103.6,63.78,1.12,False,Chemical,1,test
PUMP_03,2026-04-23 22:00:00,0.5328,65.51,41.73,66.02,4.948,0.5154,0.016,6.196,41.72,720.8,95.9,63.76,1.08,False,Chemical,1,test
PUMP_03,2026-04-23 23:00:00,0.5071,65.11,41.14,67.67,4.98,0.5125,0.0156,6.245,41.41,699.8,96.2,61.89,1.04,False,Chemical,1,test
PUMP_03,2026-04-24 00:00:00,0.5327,63.83,41.49,66.34,4.996,0.5138,0.0171,6.108,41.95,705.7,97.8,64.71,1.0,False,Chemical,1,test
PUMP_03,2026-04-24 01:00:00,0.5428,65.2,41.42,65.32,4.923,0.5224,0.0165,6.086,41.38,713.4,97.7,64.98,0.96,False,Chemical,1,test
PUMP_03,2026-04-24 02:00:00,0.5364,67.32,40.9,68.46,4.939,0.5254,0.0172,6.117,41.3,716.7,93.0,64.56,0.92,False,Chemical,1,test
PUMP_03,2026-04-24 03:00:00,0.5516,64.26,41.29,67.68,5.135,0.5339,0.015,6.181,41.85,709.7,95.5,63.63,0.88,False,Chemical,1,test
PUMP_03,2026-04-24 04:00:00,0.546,65.81,41.32,65.2,5.098,0.5361,0.0157,6.201,41.27,715.9,101.6,63.16,0.83,False,Chemical,1,test
PUMP_03,2026-04-24 05:00:00,0.5673,67.95,41.45,68.17,4.952,0.5461,0.0124,6.17,41.55,719.5,107.5,64.02,0.79,False,Chemical,1,test
PUMP_03,2026-04-24 06:00:00,0.5289,65.38,40.63,67.57,4.923,0.5455,0.0133,6.16,42.31,708.7,113.5,64.26,0.75,False,Chemical,1,test
PUMP_03,2026-04-24 07:00:00,0.5406,64.3,41.3,66.94,4.861,0.5451,0.0134,6.192,42.3,715.9,118.3,64.03,0.71,False,Chemical,1,test
PUMP_03,2026-04-24 08:00:00,0.5179,64.34,42.31,67.01,5.164,0.542,0.0173,6.124,41.75,716.1,125.0,64.76,0.67,False,Chemical,1,test
PUMP_03,2026-04-24 09:00:00,0.5419,62.01,42.05,69.12,5.077,0.5404,0.0167,6.196,42.25,721.5,131.4,64.16,0.62,False,Chemical,1,test
PUMP_03,2026-04-24 10:00:00,0.5277,63.37,41.57,67.93,5.098,0.5374,0.0172,6.222,42.61,712.8,128.0,63.64,0.58,False,Chemical,1,test
PUMP_03,2026-04-24 11:00:00,0.5236,65.74,41.13,69.24,4.958,0.5301,0.0095,6.038,44.05,719.5,140.0,67.87,0.54,False,Chemical,1,test
PUMP_03,2026-04-24 12:00:00,0.5198,66.74,41.92,68.18,4.956,0.5286,0.0104,6.05,45.0,717.6,147.3,68.26,0.5,False,Chemical,1,test
PUMP_03,2026-04-24 13:00:00,0.5347,64.7,42.47,67.92,4.934,0.5276,0.0092,5.982,46.06,721.9,150.6,70.27,0.46,False,Chemical,1,test
PUMP_03,2026-04-24 14:00:00,0.5445,66.82,42.82,66.76,4.758,0.532,0.01,5.981,46.38,726.8,148.9,70.72,0.42,False,Chemical,1,test
PUMP_03,2026-04-24 15:00:00,0.547,66.78,41.62,67.89,4.944,0.5329,0.0112,6.046,46.45,729.0,142.0,69.82,0.38,False,Chemical,1,test
PUMP_03,2026-04-24 16:00:00,0.5546,64.33,41.33,68.96,5.043,0.5374,0.0138,5.957,45.87,733.2,132.9,71.02,0.33,False,Chemical,1,test
PUMP_03,2026-04-24 17:00:00,0.554,64.64,42.28,67.86,5.041,0.5424,0.0133,6.028,44.44,730.2,130.3,68.75,0.29,False,Chemical,1,test
PUMP_03,2026-04-24 18:00:00,0.5239,63.57,42.23,70.12,4.975,0.5431,0.0119,6.142,44.31,740.0,123.4,67.25,0.25,False,Chemical,1,test
PUMP_03,2026-04-24 19:00:00,0.5313,66.75,42.05,69.05,5.08,0.5426,0.0124,6.106,44.34,750.6,114.4,68.27,0.21,False,Chemical,1,test
PUMP_03,2026-04-24 20:00:00,0.5476,65.69,41.69,66.42,4.977,0.5431,0.0126,6.15,43.67,754.3,109.8,67.26,0.17,False,Chemical,1,test
PUMP_03,2026-04-24 21:00:00,0.5507,67.07,41.31,67.31,5.096,0.5437,0.0129,6.044,43.96,750.9,104.6,69.02,0.12,False,Chemical,1,test
PUMP_03,2026-04-24 22:00:00,0.5717,65.7,42.52,68.73,5.098,0.5465,0.017,6.109,44.08,744.1,96.7,67.78,0.08,False,Chemical,1,test
PUMP_03,2026-04-24 23:00:00,0.5503,64.43,42.68,66.12,5.106,0.5459,0.0168,6.197,44.77,722.9,102.1,65.97,0.04,False,Chemical,1,test
PUMP_03,2026-04-25 00:00:00,0.5701,67.06,41.95,67.85,5.05,0.5536,0.0152,6.067,43.55,729.1,98.3,67.46,0.0,False,Chemical,1,test
PUMP_04,2026-03-01 00:00:00,0.1376,47.64,34.54,58.62,4.075,0.1376,0.0,7.195,4.15,385.2,94.0,13.75,85.0,False,Normal,0,train
PUMP_04,2026-03-01 01:00:00,0.1748,52.48,34.57,57.14,3.882,0.1562,0.0263,7.196,3.55,391.2,97.9,13.58,84.96,False,Normal,0,train
PUMP_04,2026-03-01 02:00:00,0.1681,49.8,34.53,58.0,4.006,0.1602,0.0198,7.062,3.94,385.9,102.3,11.51,84.92,False,Normal,0,train
PUMP_04,2026-03-01 03:00:00,0.1748,49.68,34.06,56.63,4.058,0.1638,0.0178,7.251,4.41,373.9,98.0,14.35,84.88,False,Normal,0,train
PUMP_04,2026-03-01 04:00:00,0.166,52.5,34.37,59.57,4.026,0.1643,0.0154,7.174,4.91,384.4,97.8,13.9,84.83,False,Normal,0,train
PUMP_04,2026-03-01 05:00:00,0.1634,49.48,33.46,56.92,3.992,0.1641,0.0138,7.197,4.08,376.8,110.3,13.38,84.79,False,Normal,0,train
PUMP_04,2026-03-01 06:00:00,0.1743,48.23,33.75,57.11,4.11,0.1702,0.005,7.171,3.67,387.0,113.5,13.1,84.75,False,Normal,0,train
PUMP_04,2026-03-01 07:00:00,0.1734,47.92,34.68,59.37,4.067,0.17,0.0048,7.19,3.88,383.2,126.1,13.39,84.71,False,Normal,0,train
PUMP_04,2026-03-01 08:00:00,0.1632,49.99,35.22,58.33,4.176,0.1692,0.0056,7.264,3.45,374.9,126.7,13.92,84.67,False,Normal,0,train
PUMP_04,2026-03-01 09:00:00,0.1585,51.31,34.2,60.15,3.91,0.1665,0.0062,7.204,4.3,385.5,132.2,14.0,84.62,False,Normal,0,train
PUMP_04,2026-03-01 10:00:00,0.1694,49.57,32.02,59.07,3.958,0.167,0.0063,7.306,4.05,382.6,138.1,15.34,84.58,False,Normal,0,train
PUMP_04,2026-03-01 11:00:00,0.137,49.83,34.21,59.32,3.995,0.1626,0.0139,7.231,3.64,382.0,142.9,13.84,84.54,False,Normal,0,train
PUMP_04,2026-03-01 12:00:00,0.1455,48.83,34.85,56.75,4.104,0.1578,0.0141,7.235,3.95,380.1,136.2,14.03,84.5,False,Normal,0,train
PUMP_04,2026-03-01 13:00:00,0.1265,49.22,33.82,58.42,4.059,0.15,0.0165,7.19,4.31,377.4,141.8,13.44,84.46,False,Normal,0,train
PUMP_04,2026-03-01 14:00:00,0.1307,52.36,33.4,60.19,3.968,0.1446,0.0167,7.197,4.05,383.1,148.6,13.61,84.42,False,Normal,0,train
PUMP_04,2026-03-01 15:00:00,0.1461,49.79,34.58,56.69,3.922,0.1425,0.0153,7.252,3.75,391.0,139.0,14.61,84.38,False,Normal,0,train
PUMP_04,2026-03-01 16:00:00,0.153,48.84,33.79,58.01,3.913,0.1398,0.0101,7.259,4.44,389.5,137.6,15.15,84.33,False,Normal,0,train
PUMP_04,2026-03-01 17:00:00,0.1677,52.46,33.78,57.88,4.139,0.1449,0.015,7.213,4.16,379.1,131.6,13.79,84.29,False,Normal,0,train
PUMP_04,2026-03-01 18:00:00,0.1383,49.58,33.0,58.33,3.998,0.1437,0.0152,7.228,3.72,369.5,123.7,13.31,84.25,False,Normal,0,train
PUMP_04,2026-03-01 19:00:00,0.1343,49.73,33.01,58.91,4.016,0.145,0.0137,7.193,4.04,377.3,119.4,13.3,84.21,False,Normal,0,train
PUMP_04,2026-03-01 20:00:00,0.1402,49.61,34.5,58.16,3.92,0.1466,0.0122,7.211,3.18,380.7,109.4,13.13,84.17,False,Normal,0,train
PUMP_04,2026-03-01 21:00:00,0.1466,47.55,33.26,60.43,4.002,0.1467,0.0122,7.204,4.13,381.4,101.6,13.72,84.12,False,Normal,0,train
PUMP_04,2026-03-01 22:00:00,0.172,49.36,35.06,55.17,3.931,0.1498,0.0161,7.202,5.14,384.5,103.1,14.52,84.08,False,Normal,0,train
PUMP_04,2026-03-01 23:00:00,0.1475,50.3,35.2,54.78,4.011,0.1465,0.0135,7.25,4.46,383.6,104.8,14.78,84.04,False,Normal,0,train
PUMP_04,2026-03-02 00:00:00,0.1336,49.35,33.37,57.7,3.973,0.1457,0.0142,7.197,3.96,383.7,98.8,13.58,84.0,False,Normal,0,train
PUMP_04,2026-03-02 01:00:00,0.1584,51.46,33.59,59.53,3.943,0.1497,0.0137,7.169,4.12,376.8,98.1,12.95,83.96,False,Normal,0,train
PUMP_04,2026-03-02 02:00:00,0.1563,48.48,34.42,57.81,4.096,0.1524,0.013,7.187,4.24,377.4,100.1,13.35,83.92,False,Normal,0,train
PUMP_04,2026-03-02 03:00:00,0.1565,50.41,34.92,57.49,4.102,0.154,0.0128,7.186,4.27,374.6,99.2,13.23,83.88,False,Normal,0,train
PUMP_04,2026-03-02 04:00:00,0.1546,49.2,34.1,55.72,4.04,0.1512,0.0094,7.222,3.98,381.3,102.4,13.89,83.83,False,Normal,0,train
PUMP_04,2026-03-02 05:00:00,0.1907,51.38,33.61,57.63,3.856,0.1584,0.0183,7.172,3.15,384.3,104.1,12.64,83.79,False,Normal,0,train
PUMP_04,2026-03-02 06:00:00,0.1524,52.27,33.77,57.36,3.915,0.1615,0.0145,7.256,3.88,385.3,116.7,14.54,83.75,False,Normal,0,train
PUMP_04,2026-03-02 07:00:00,0.1366,51.81,34.07,57.8,3.919,0.1579,0.0177,7.187,3.79,367.5,121.1,12.61,83.71,False,Normal,0,train
PUMP_04,2026-03-02 08:00:00,0.1497,50.09,33.68,57.83,4.15,0.1568,0.0181,7.278,3.98,382.4,123.7,14.84,83.67,False,Normal,0,train
PUMP_04,2026-03-02 09:00:00,0.1497,49.93,34.73,58.83,4.085,0.1556,0.0183,7.201,3.72,374.8,131.2,13.11,83.62,False,Normal,0,train
PUMP_04,2026-03-02 10:00:00,0.136,49.82,33.58,57.48,4.109,0.1525,0.02,7.226,4.27,383.0,133.2,14.23,83.58,False,Normal,0,train
PUMP_04,2026-03-02 11:00:00,0.1498,48.36,34.28,56.98,3.94,0.1457,0.0074,7.25,4.83,374.8,143.8,14.66,83.54,False,Normal,0,train
PUMP_04,2026-03-02 12:00:00,0.1742,51.33,34.46,58.02,3.877,0.1493,0.0138,7.261,4.41,383.7,150.3,14.92,83.5,False,Normal,0,train
PUMP_04,2026-03-02 13:00:00,0.1284,46.79,34.01,57.98,4.081,0.148,0.0156,7.231,4.0,376.8,140.5,13.86,83.46,False,Normal,0,train
PUMP_04,2026-03-02 14:00:00,0.1242,49.38,33.86,56.53,3.819,0.1437,0.0183,7.331,4.63,376.9,148.3,15.91,83.42,False,Normal,0,train
PUMP_04,2026-03-02 15:00:00,0.1541,52.4,33.99,58.45,4.006,0.1444,0.0187,7.2,4.4,384.0,146.5,13.95,83.38,False,Normal,0,train
PUMP_04,2026-03-02 16:00:00,0.1383,47.53,33.48,56.48,4.048,0.1448,0.0185,7.125,4.32,377.2,133.0,12.4,83.33,False,Normal,0,train
PUMP_04,2026-03-02 17:00:00,0.1346,50.69,34.46,58.78,3.91,0.1423,0.0187,7.198,3.79,384.8,124.2,13.53,83.29,False,Normal,0,train
PUMP_04,2026-03-02 18:00:00,0.1562,51.11,33.92,57.37,4.121,0.1393,0.0132,7.24,3.97,383.7,126.7,14.27,83.25,False,Normal,0,train
PUMP_04,2026-03-02 19:00:00,0.132,49.12,33.85,56.63,3.977,0.1399,0.0127,7.223,4.26,379.4,119.3,14.02,83.21,False,Normal,0,train
PUMP_04,2026-03-02 20:00:00,0.1179,48.4,33.34,61.33,4.026,0.1388,0.0144,7.149,4.89,377.7,112.6,13.21,83.17,False,Normal,0,train
PUMP_04,2026-03-02 21:00:00,0.1549,47.45,35.17,58.13,4.043,0.139,0.0146,7.183,4.6,386.4,112.0,13.91,83.12,False,Normal,0,train
PUMP_04,2026-03-02 22:00:00,0.1441,49.26,34.51,59.27,4.015,0.14,0.0147,7.16,4.26,384.1,100.9,13.21,83.08,False,Normal,0,train
PUMP_04,2026-03-02 23:00:00,0.1457,48.79,33.12,57.91,3.955,0.1418,0.0146,7.167,4.09,388.2,108.0,13.37,83.04,False,Normal,0,train
PUMP_04,2026-03-03 00:00:00,0.1208,47.8,34.34,59.58,3.935,0.1359,0.0148,7.195,4.33,371.3,89.7,13.29,83.0,False,Normal,0,train
PUMP_04,2026-03-03 01:00:00,0.1376,51.46,33.63,58.88,4.03,0.1368,0.0147,7.223,4.24,378.6,91.5,13.98,82.96,False,Normal,0,train
PUMP_04,2026-03-03 02:00:00,0.152,48.67,33.45,57.67,4.05,0.1425,0.0123,7.164,4.64,377.7,92.4,13.27,82.92,False,Normal,0,train
PUMP_04,2026-03-03 03:00:00,0.1411,50.65,33.56,59.17,4.078,0.1402,0.0107,7.168,3.59,382.6,97.6,12.81,82.88,False,Normal,0,train
PUMP_04,2026-03-03 04:00:00,0.173,48.67,34.31,59.43,3.988,0.145,0.0173,7.236,4.04,375.3,108.0,13.9,82.83,False,Normal,0,train
PUMP_04,2026-03-03 05:00:00,0.1587,50.77,33.91,57.5,4.006,0.1472,0.0182,7.157,4.33,376.0,103.0,12.88,82.79,False,Normal,0,train
PUMP_04,2026-03-03 06:00:00,0.1564,50.28,33.97,57.98,3.929,0.1531,0.0128,7.155,4.59,380.2,109.9,13.2,82.75,False,Normal,0,train
PUMP_04,2026-03-03 07:00:00,0.1743,51.52,34.17,60.51,4.082,0.1592,0.0127,7.31,4.8,370.6,117.5,15.43,82.71,False,Normal,0,train
PUMP_04,2026-03-03 08:00:00,0.1499,47.57,34.56,58.24,3.932,0.1589,0.013,7.174,3.44,369.9,126.1,12.27,82.67,False,Normal,0,train
PUMP_04,2026-03-03 09:00:00,0.1629,48.82,35.39,59.34,4.047,0.1625,0.0096,7.109,3.74,379.4,133.1,11.83,82.62,False,Normal,0,train
PUMP_04,2026-03-03 10:00:00,0.155,51.35,33.84,58.99,4.081,0.1595,0.0084,7.138,4.0,393.3,136.1,13.06,82.58,False,Normal,0,train
PUMP_04,2026-03-03 11:00:00,0.1652,48.99,33.75,59.31,4.08,0.1606,0.0087,7.1,3.53,380.6,136.5,11.6,82.54,False,Normal,0,train
PUMP_04,2026-03-03 12:00:00,0.1566,49.38,34.06,59.2,3.891,0.1606,0.0087,7.282,4.69,378.1,143.8,15.22,82.5,False,Normal,0,train
PUMP_04,2026-03-03 13:00:00,0.1568,50.79,34.42,54.73,3.876,0.1577,0.0055,7.196,4.07,382.2,150.7,13.58,82.46,False,Normal,0,train
PUMP_04,2026-03-03 14:00:00,0.1374,49.52,34.66,57.37,3.926,0.1556,0.0098,7.148,4.49,382.9,147.8,13.13,82.42,False,Normal,0,train
PUMP_04,2026-03-03 15:00:00,0.1345,50.13,33.4,57.64,3.915,0.1509,0.0122,7.228,3.95,379.4,139.8,13.89,82.38,False,Normal,0,train
PUMP_04,2026-03-03 16:00:00,0.14,49.79,35.45,58.35,4.169,0.1484,0.0127,7.286,4.19,376.6,138.0,14.86,82.33,False,Normal,0,train
PUMP_04,2026-03-03 17:00:00,0.1497,49.46,33.29,56.94,4.03,0.1458,0.0098,7.191,3.48,372.2,134.5,12.67,82.29,False,Normal,0,train
PUMP_04,2026-03-03 18:00:00,0.1457,47.9,34.53,57.87,3.899,0.144,0.0084,7.282,3.6,384.5,130.0,14.71,82.25,False,Normal,0,train
PUMP_04,2026-03-03 19:00:00,0.152,49.27,34.45,56.49,3.92,0.1432,0.007,7.183,3.61,377.6,126.1,12.86,82.21,False,Normal,0,train
PUMP_04,2026-03-03 20:00:00,0.1287,50.78,33.16,55.58,4.125,0.1418,0.0091,7.141,3.34,382.4,114.6,12.2,82.17,False,Normal,0,train
PUMP_04,2026-03-03 21:00:00,0.123,49.49,34.16,61.22,4.104,0.1398,0.0117,7.29,4.44,385.3,102.8,15.47,82.12,False,Normal,0,train
PUMP_04,2026-03-03 22:00:00,0.1378,50.71,32.95,57.48,3.894,0.1395,0.0118,7.164,4.02,378.5,96.2,12.87,82.08,False,Normal,0,train
PUMP_04,2026-03-03 23:00:00,0.1377,49.48,33.5,59.53,4.062,0.1375,0.0106,7.172,4.45,372.7,100.8,13.06,82.04,False,Normal,0,train
PUMP_04,2026-03-04 00:00:00,0.1359,50.69,33.96,59.08,3.975,0.1358,0.0098,7.252,3.98,378.9,90.1,14.27,82.0,False,Normal,0,train
PUMP_04,2026-03-04 01:00:00,0.1495,49.04,34.08,57.5,3.984,0.1354,0.009,7.202,4.48,379.2,98.3,13.83,81.96,False,Normal,0,train
PUMP_04,2026-03-04 02:00:00,0.1359,48.22,34.75,59.83,3.892,0.1366,0.0084,7.194,4.41,382.5,93.5,13.8,81.92,False,Normal,0,train
PUMP_04,2026-03-04 03:00:00,0.1487,51.27,33.58,56.93,3.968,0.1409,0.0064,7.187,3.98,377.1,93.5,13.16,81.88,False,Normal,0,train
PUMP_04,2026-03-04 04:00:00,0.1442,48.32,34.22,57.91,3.917,0.142,0.0063,7.167,4.1,376.9,104.4,12.91,81.83,False,Normal,0,train
PUMP_04,2026-03-04 05:00:00,0.1422,48.93,34.56,58.73,4.101,0.1427,0.006,7.209,4.17,378.1,103.4,13.68,81.79,False,Normal,0,train
PUMP_04,2026-03-04 06:00:00,0.1416,49.98,33.97,58.04,3.923,0.1437,0.005,7.224,4.47,381.9,115.4,14.3,81.75,False,Normal,0,train
PUMP_04,2026-03-04 07:00:00,0.145,47.26,34.0,57.81,4.093,0.1429,0.0043,7.189,4.01,384.5,120.7,13.52,81.71,False,Normal,0,train
PUMP_04,2026-03-04 08:00:00,0.1664,49.11,33.13,55.66,3.969,0.148,0.0093,7.228,4.17,391.7,118.9,14.56,81.67,False,Normal,0,train
PUMP_04,2026-03-04 09:00:00,0.1528,48.98,33.03,58.92,3.846,0.1487,0.0096,7.221,3.43,389.6,138.2,13.84,81.62,False,Normal,0,train
PUMP_04,2026-03-04 10:00:00,0.1567,49.56,33.5,59.1,3.947,0.1508,0.0097,7.219,3.67,379.3,142.9,13.55,81.58,False,Normal,0,train
PUMP_04,2026-03-04 11:00:00,0.1495,49.61,34.84,57.42,3.898,0.152,0.0089,7.186,3.73,376.4,145.5,12.93,81.54,False,Normal,0,train
PUMP_04,2026-03-04 12:00:00,0.1595,49.26,34.84,59.12,4.035,0.155,0.0076,7.181,4.23,376.9,148.0,13.23,81.5,False,Normal,0,train
PUMP_04,2026-03-04 13:00:00,0.1549,49.71,34.75,58.3,3.902,0.1566,0.0059,7.219,3.74,373.4,142.1,13.34,81.46,False,Normal,0,train
PUMP_04,2026-03-04 14:00:00,0.153,52.16,34.22,59.33,3.959,0.1544,0.0035,7.109,5.15,380.6,148.8,12.88,81.42,False,Normal,0,train
PUMP_04,2026-03-04 15:00:00,0.1401,53.49,34.31,58.94,4.021,0.1523,0.0069,7.27,6.57,375.0,144.7,16.22,81.38,False,Normal,0,train
PUMP_04,2026-03-04 16:00:00,0.1408,50.72,33.75,57.64,3.899,0.1496,0.0078,6.958,8.11,374.5,129.3,13.63,81.33,False,Normal,0,train
PUMP_04,2026-03-04 17:00:00,0.1226,49.48,33.78,60.52,4.106,0.1452,0.0135,7.055,8.46,374.8,128.6,14.09,81.29,False,Normal,0,train
PUMP_04,2026-03-04 18:00:00,0.1295,48.61,32.78,56.93,4.011,0.1402,0.0127,7.109,8.17,384.4,123.4,15.15,81.25,False,Normal,0,train
PUMP_04,2026-03-04 19:00:00,0.1514,48.86,34.13,54.37,4.001,0.1396,0.0119,7.12,8.01,379.6,125.9,15.01,81.21,False,Normal,0,train
PUMP_04,2026-03-04 20:00:00,0.133,49.61,34.28,54.86,3.874,0.1362,0.0101,7.072,7.19,380.9,109.7,13.72,81.17,False,Normal,0,train
PUMP_04,2026-03-04 21:00:00,0.1391,51.66,33.63,58.53,3.953,0.1361,0.01,7.125,6.14,403.1,105.2,14.77,81.12,False,Normal,0,train
PUMP_04,2026-03-04 22:00:00,0.154,48.42,34.55,55.28,3.972,0.1383,0.0124,7.202,4.04,415.1,97.2,15.04,81.08,False,Normal,0,train
PUMP_04,2026-03-04 23:00:00,0.1509,50.5,34.74,57.24,3.896,0.143,0.0105,7.132,3.51,406.9,96.4,13.19,81.04,False,Normal,0,train
PUMP_04,2026-03-05 00:00:00,0.1501,49.18,33.33,59.34,4.063,0.1464,0.0084,7.14,3.47,405.3,100.0,13.22,81.0,False,Normal,0,train
PUMP_04,2026-03-05 01:00:00,0.1489,51.4,35.39,54.99,3.996,0.146,0.0081,7.244,3.89,404.8,89.3,15.16,80.96,False,Normal,0,train
PUMP_04,2026-03-05 02:00:00,0.1671,49.4,34.33,57.71,3.924,0.1517,0.0091,7.241,3.54,402.8,97.7,14.78,80.92,False,Normal,0,train
PUMP_04,2026-03-05 03:00:00,0.1471,48.82,34.93,57.91,3.965,0.153,0.0073,7.201,3.04,395.1,94.8,13.47,80.88,False,Normal,0,train
PUMP_04,2026-03-05 04:00:00,0.1634,48.92,33.59,56.15,3.996,0.1546,0.0084,7.238,3.88,380.8,109.9,14.07,80.83,False,Normal,0,train
PUMP_04,2026-03-05 05:00:00,0.1554,52.56,34.87,58.3,4.152,0.1553,0.0082,7.205,4.15,373.3,108.0,13.4,80.79,False,Normal,0,train
PUMP_04,2026-03-05 06:00:00,0.168,49.88,34.4,57.77,4.024,0.1583,0.0092,7.161,4.55,385.3,113.2,13.49,80.75,False,Normal,0,train
PUMP_04,2026-03-05 07:00:00,0.1689,51.59,33.82,58.74,3.928,0.1616,0.0087,7.142,3.99,379.7,117.7,12.56,80.71,False,Normal,0,train
PUMP_04,2026-03-05 08:00:00,0.1602,50.48,33.34,57.94,3.939,0.1605,0.0083,7.231,4.12,379.0,127.3,14.04,80.67,False,Normal,0,train
PUMP_04,2026-03-05 09:00:00,0.1727,50.86,34.01,57.41,3.96,0.1648,0.0063,7.166,4.21,382.2,126.6,13.19,80.62,False,Normal,0,train
PUMP_04,2026-03-05 10:00:00,0.1653,49.39,34.47,58.43,4.038,0.1651,0.0063,7.24,4.03,385.2,138.1,14.39,80.58,False,Normal,0,train
PUMP_04,2026-03-05 11:00:00,0.1482,49.78,34.05,59.52,4.024,0.1639,0.0087,7.185,3.73,374.3,139.3,12.83,80.54,False,Normal,0,train
PUMP_04,2026-03-05 12:00:00,0.1531,48.36,34.05,59.66,4.03,0.1614,0.0094,7.265,4.87,373.3,141.6,14.87,80.5,False,Normal,0,train
PUMP_04,2026-03-05 13:00:00,0.1512,48.44,33.71,58.72,3.984,0.1584,0.0094,7.152,3.6,379.8,153.2,12.45,80.46,False,Normal,0,train
PUMP_04,2026-03-05 14:00:00,0.1592,49.59,33.21,58.99,3.867,0.1583,0.0093,7.143,4.17,379.8,149.8,12.7,80.42,False,Normal,0,train
PUMP_04,2026-03-05 15:00:00,0.121,49.44,34.11,57.21,4.035,0.1497,0.0153,7.21,3.69,384.5,147.5,13.63,80.38,False,Normal,0,train
PUMP_04,2026-03-05 16:00:00,0.1573,49.73,33.44,57.68,3.93,0.1483,0.014,7.183,4.05,386.3,141.1,13.52,80.33,False,Normal,0,train
PUMP_04,2026-03-05 17:00:00,0.1169,51.1,34.57,58.56,4.035,0.1431,0.019,7.207,4.16,377.5,134.1,13.63,80.29,False,Normal,0,train
PUMP_04,2026-03-05 18:00:00,0.1466,52.73,34.5,58.3,3.893,0.142,0.0185,7.196,3.92,381.6,132.3,13.45,80.25,False,Normal,0,train
PUMP_04,2026-03-05 19:00:00,0.1468,48.46,35.0,58.73,3.991,0.1413,0.0181,7.174,3.51,382.3,121.3,12.84,80.21,False,Normal,0,train
PUMP_04,2026-03-05 20:00:00,0.1383,50.51,33.77,59.73,4.051,0.1378,0.0159,7.187,3.86,382.8,116.0,13.3,80.17,False,Normal,0,train
PUMP_04,2026-03-05 21:00:00,0.1516,49.06,33.97,57.86,4.151,0.1429,0.0142,7.091,4.45,371.9,113.0,11.73,80.12,False,Normal,0,train
PUMP_04,2026-03-05 22:00:00,0.1272,47.46,33.12,56.22,3.949,0.1379,0.0134,7.274,3.4,382.6,105.6,14.38,80.08,False,Normal,0,train
PUMP_04,2026-03-05 23:00:00,0.1354,53.48,33.67,56.93,4.108,0.141,0.009,7.168,4.65,375.8,100.1,13.27,80.04,False,Normal,0,train
PUMP_04,2026-03-06 00:00:00,0.1341,49.83,34.0,58.25,4.075,0.1389,0.0089,7.222,4.04,382.9,99.0,13.99,80.0,False,Normal,0,train
PUMP_04,2026-03-06 01:00:00,0.1426,49.37,34.05,57.55,3.964,0.1382,0.0083,7.096,4.29,374.2,95.4,11.79,79.96,False,Normal,0,train
PUMP_04,2026-03-06 02:00:00,0.1705,51.28,33.77,56.53,3.994,0.1436,0.0156,7.156,3.58,380.3,97.9,12.51,79.92,False,Normal,0,train
PUMP_04,2026-03-06 03:00:00,0.1754,53.55,33.62,57.95,3.949,0.1475,0.0203,7.212,3.94,378.5,100.8,13.59,79.88,False,Normal,0,train
PUMP_04,2026-03-06 04:00:00,0.1572,50.4,34.15,57.11,3.935,0.1525,0.0179,7.29,3.73,390.6,97.4,15.2,79.83,False,Normal,0,train
PUMP_04,2026-03-06 05:00:00,0.1624,53.75,33.82,58.7,3.877,0.157,0.016,7.222,4.12,375.5,104.6,13.75,79.79,False,Normal,0,train
PUMP_04,2026-03-06 06:00:00,0.1886,49.92,34.79,59.82,3.914,0.1661,0.0159,7.115,7.49,375.1,116.4,14.38,79.75,False,Normal,0,train
PUMP_04,2026-03-06 07:00:00,0.1534,51.47,34.15,59.4,3.79,0.1679,0.013,6.927,12.42,387.3,120.5,17.66,79.71,False,Normal,0,train
PUMP_04,2026-03-06 08:00:00,0.1485,48.74,33.68,56.89,4.005,0.1642,0.0151,6.83,17.73,384.2,126.4,22.81,79.67,False,Normal,0,train
PUMP_04,2026-03-06 09:00:00,0.1707,48.75,34.65,57.25,4.115,0.1635,0.0145,6.769,18.97,381.2,133.7,24.52,79.62,False,Normal,0,train
PUMP_04,2026-03-06 10:00:00,0.1471,50.42,33.4,56.15,4.014,0.1618,0.0159,6.795,18.86,377.4,129.7,23.88,79.58,False,Normal,0,train
PUMP_04,2026-03-06 11:00:00,0.138,51.94,33.77,59.34,3.999,0.1577,0.0186,6.841,18.85,374.0,141.0,22.99,79.54,False,Normal,0,train
PUMP_04,2026-03-06 12:00:00,0.163,49.21,33.37,58.17,3.946,0.1534,0.0118,6.874,15.37,405.6,143.5,21.35,79.5,False,Normal,0,train
PUMP_04,2026-03-06 13:00:00,0.1677,51.36,33.85,59.92,4.148,0.1558,0.0131,7.028,9.99,439.0,145.7,17.4,79.46,False,Normal,0,train
PUMP_04,2026-03-06 14:00:00,0.1376,50.53,34.82,58.73,4.079,0.154,0.015,7.128,6.18,468.4,147.6,17.56,79.42,False,Normal,0,train
PUMP_04,2026-03-06 15:00:00,0.1424,49.56,34.11,57.47,3.894,0.1493,0.013,7.186,3.06,482.3,140.2,16.88,79.38,False,Normal,0,train
PUMP_04,2026-03-06 16:00:00,0.1546,51.06,32.96,55.87,4.163,0.1506,0.0131,7.256,3.95,482.0,143.1,18.62,79.33,False,Normal,0,train
PUMP_04,2026-03-06 17:00:00,0.1289,48.79,33.77,58.37,4.119,0.149,0.0152,7.222,3.88,489.7,128.6,18.33,79.29,False,Normal,0,train
PUMP_04,2026-03-06 18:00:00,0.154,51.53,34.16,60.53,3.913,0.1475,0.0139,7.215,3.79,449.9,129.2,16.51,79.25,False,Normal,0,train
PUMP_04,2026-03-06 19:00:00,0.1621,49.64,34.17,59.02,4.06,0.1466,0.0124,7.193,4.3,424.9,117.9,15.47,79.21,False,Normal,0,train
PUMP_04,2026-03-06 20:00:00,0.1228,51.08,33.9,57.85,3.982,0.1441,0.0156,7.156,3.95,394.0,118.2,13.35,79.17,False,Normal,0,train
PUMP_04,2026-03-06 21:00:00,0.1228,50.31,34.46,59.01,3.839,0.1409,0.0179,7.234,3.94,379.5,108.4,13.98,79.12,False,Normal,0,train
PUMP_04,2026-03-06 22:00:00,0.1208,50.13,34.35,58.88,3.924,0.1352,0.0181,7.241,3.69,383.1,97.5,14.07,79.08,False,Normal,0,train
PUMP_04,2026-03-06 23:00:00,0.1396,44.92,33.91,59.52,4.058,0.137,0.0178,7.244,3.84,381.9,98.8,14.17,79.04,False,Normal,0,train
PUMP_04,2026-03-07 00:00:00,0.1311,49.15,34.14,56.98,4.048,0.1332,0.0158,7.199,3.2,380.3,97.5,12.93,79.0,False,Normal,0,train
PUMP_04,2026-03-07 01:00:00,0.1689,48.51,33.92,58.52,4.218,0.1343,0.0183,7.161,3.87,385.3,95.9,13.0,78.96,False,Normal,0,train
PUMP_04,2026-03-07 02:00:00,0.1405,50.83,34.03,56.22,4.012,0.1373,0.0175,7.232,3.43,367.5,97.2,13.09,78.92,False,Normal,0,train
PUMP_04,2026-03-07 03:00:00,0.151,49.65,34.11,55.75,3.852,0.142,0.0166,7.254,4.62,390.8,97.4,15.24,78.88,False,Normal,0,train
PUMP_04,2026-03-07 04:00:00,0.1641,47.49,34.61,58.84,3.918,0.1492,0.0149,7.242,4.29,385.7,100.1,14.61,78.83,False,Normal,0,train
PUMP_04,2026-03-07 05:00:00,0.1473,50.85,34.28,59.5,3.961,0.1505,0.0142,7.161,4.37,388.4,100.9,13.48,78.79,False,Normal,0,train
PUMP_04,2026-03-07 06:00:00,0.1601,49.75,34.0,58.01,3.973,0.1553,0.0108,7.218,3.47,375.4,115.9,13.24,78.75,False,Normal,0,train
PUMP_04,2026-03-07 07:00:00,0.1693,49.91,33.76,57.89,3.97,0.1554,0.0109,7.102,4.34,380.2,122.0,12.18,78.71,False,Normal,0,train
PUMP_04,2026-03-07 08:00:00,0.2051,50.69,34.4,58.42,4.022,0.1662,0.0207,7.267,3.73,381.4,134.1,14.44,78.67,False,Normal,0,train
PUMP_04,2026-03-07 09:00:00,0.1627,50.38,34.19,59.39,4.116,0.1681,0.0196,7.208,4.11,378.0,132.3,13.62,78.62,False,Normal,0,train
PUMP_04,2026-03-07 10:00:00,0.1313,53.02,33.94,59.08,4.027,0.1626,0.0248,7.21,3.93,380.8,138.8,13.63,78.58,False,Normal,0,train
PUMP_04,2026-03-07 11:00:00,0.1629,51.37,33.82,58.39,3.841,0.1652,0.0236,7.277,3.45,381.2,142.3,14.4,78.54,False,Normal,0,train
PUMP_04,2026-03-07 12:00:00,0.1546,50.11,34.04,58.83,4.025,0.1643,0.024,7.17,3.58,373.9,147.6,12.48,78.5,False,Normal,0,train
PUMP_04,2026-03-07 13:00:00,0.1549,50.5,33.6,58.99,3.851,0.1619,0.0241,7.206,4.26,383.6,142.9,13.93,78.46,False,Normal,0,train
PUMP_04,2026-03-07 14:00:00,0.1435,49.68,33.13,56.71,3.942,0.1516,0.0122,7.157,4.25,383.2,144.8,13.12,78.42,False,Normal,0,train
PUMP_04,2026-03-07 15:00:00,0.1561,49.27,34.94,58.64,4.134,0.1506,0.0113,7.125,3.45,376.5,141.8,11.77,78.38,False,Normal,0,train
PUMP_04,2026-03-07 16:00:00,0.1376,51.32,34.96,56.45,3.832,0.1516,0.0093,7.214,4.45,373.4,140.7,13.77,78.33,False,Normal,0,train
PUMP_04,2026-03-07 17:00:00,0.1449,52.42,34.09,59.29,4.151,0.1486,0.0077,7.212,3.85,380.5,141.4,13.6,78.29,False,Normal,0,train
PUMP_04,2026-03-07 18:00:00,0.143,49.75,34.32,59.02,4.036,0.1467,0.0073,7.094,3.49,375.8,127.8,11.27,78.25,False,Normal,0,train
PUMP_04,2026-03-07 19:00:00,0.1419,50.82,33.87,58.07,4.02,0.1445,0.0062,7.236,3.78,381.3,114.2,13.99,78.21,False,Normal,0,train
PUMP_04,2026-03-07 20:00:00,0.1364,48.64,34.31,57.78,3.885,0.1433,0.0071,7.198,3.46,376.0,108.8,12.92,78.17,False,Normal,0,train
PUMP_04,2026-03-07 21:00:00,0.1597,50.97,34.07,59.38,4.0,0.1439,0.0084,7.238,3.71,387.5,111.7,14.21,78.12,False,Normal,0,train
PUMP_04,2026-03-07 22:00:00,0.1657,48.61,34.13,58.33,3.953,0.1486,0.0114,7.212,3.81,376.6,95.7,13.41,78.08,False,Normal,0,train
PUMP_04,2026-03-07 23:00:00,0.1764,50.31,33.42,58.31,3.924,0.1538,0.0158,7.252,4.21,375.5,99.6,14.29,78.04,False,Normal,0,train
PUMP_04,2026-03-08 00:00:00,0.152,50.67,35.08,58.4,3.983,0.1554,0.015,7.258,4.33,380.1,92.9,14.66,78.0,False,Normal,0,train
PUMP_04,2026-03-08 01:00:00,0.156,51.98,33.35,58.49,4.181,0.1577,0.0135,7.21,4.43,372.0,105.8,13.62,77.96,False,Normal,0,train
PUMP_04,2026-03-08 02:00:00,0.1593,46.92,34.52,59.4,4.056,0.1615,0.0086,7.246,4.31,375.7,91.0,14.28,77.92,False,Normal,0,train
PUMP_04,2026-03-08 03:00:00,0.1452,52.41,33.53,56.07,3.975,0.1591,0.0109,7.244,3.24,371.7,95.7,13.33,77.88,False,Normal,0,train
PUMP_04,2026-03-08 04:00:00,0.172,51.82,32.83,57.86,4.023,0.1601,0.0119,7.141,3.42,381.1,105.4,12.19,77.83,False,Normal,0,train
PUMP_04,2026-03-08 05:00:00,0.1557,50.8,34.58,55.57,3.959,0.1567,0.0089,7.156,4.44,384.6,106.6,13.29,77.79,False,Normal,0,train
PUMP_04,2026-03-08 06:00:00,0.1689,49.54,34.12,58.48,4.049,0.1595,0.0098,7.149,3.81,377.9,110.7,12.47,77.75,False,Normal,0,train
PUMP_04,2026-03-08 07:00:00,0.1424,51.6,33.2,57.23,3.895,0.1572,0.012,7.233,3.94,386.3,116.1,14.25,77.71,False,Normal,0,train
PUMP_04,2026-03-08 08:00:00,0.1672,52.84,34.42,58.17,4.061,0.1586,0.0127,7.165,4.25,375.7,123.8,12.93,77.67,False,Normal,0,train
PUMP_04,2026-03-08 09:00:00,0.1764,49.6,33.8,57.07,3.871,0.1638,0.0125,7.098,4.52,377.7,128.9,12.14,77.62,False,Normal,0,train
PUMP_04,2026-03-08 10:00:00,0.1454,52.19,35.11,57.02,3.97,0.1593,0.0137,7.15,4.19,384.5,137.6,13.01,77.58,False,Normal,0,train
PUMP_04,2026-03-08 11:00:00,0.1462,51.49,33.17,57.48,4.082,0.1577,0.0147,7.181,3.66,383.6,149.4,13.1,77.54,False,Normal,0,train
PUMP_04,2026-03-08 12:00:00,0.1432,51.88,33.64,58.1,4.138,0.1535,0.0146,7.223,3.51,382.3,152.4,13.62,77.5,False,Normal,0,train
PUMP_04,2026-03-08 13:00:00,0.1407,51.18,34.51,58.82,3.813,0.1532,0.0148,7.265,3.57,385.5,153.2,14.47,77.46,False,Normal,0,train
PUMP_04,2026-03-08 14:00:00,0.1655,50.04,33.76,57.12,3.898,0.1529,0.0145,7.248,4.49,379.7,143.6,14.59,77.42,False,Normal,0,train
PUMP_04,2026-03-08 15:00:00,0.1452,48.24,33.53,58.17,3.995,0.1477,0.0089,7.209,4.34,381.5,144.5,13.95,77.38,False,Normal,0,train
PUMP_04,2026-03-08 16:00:00,0.1274,49.29,34.16,58.49,4.051,0.1447,0.0123,7.159,4.02,376.6,138.2,12.71,77.33,False,Normal,0,train
PUMP_04,2026-03-08 17:00:00,0.1287,51.04,34.68,57.41,3.945,0.1418,0.0138,7.1,3.43,389.6,129.2,11.9,77.29,False,Normal,0,train
PUMP_04,2026-03-08 18:00:00,0.1099,49.71,33.99,58.46,3.992,0.1362,0.0189,7.176,4.36,377.7,119.3,13.27,77.25,False,Normal,0,train
PUMP_04,2026-03-08 19:00:00,0.1295,47.15,33.89,56.44,3.997,0.1344,0.0189,7.186,4.08,378.9,113.0,13.28,77.21,False,Normal,0,train
PUMP_04,2026-03-08 20:00:00,0.1231,49.12,33.57,56.92,3.989,0.1273,0.0114,7.205,3.69,381.0,114.1,13.41,77.17,False,Normal,0,train
PUMP_04,2026-03-08 21:00:00,0.1254,48.35,33.75,59.27,3.993,0.124,0.0073,7.245,3.98,383.3,102.0,14.34,77.12,False,Normal,0,train
PUMP_04,2026-03-08 22:00:00,0.1393,50.4,33.35,55.32,3.999,0.126,0.0096,7.234,4.2,383.3,99.1,14.32,77.08,False,Normal,0,train
PUMP_04,2026-03-08 23:00:00,0.1318,51.31,34.75,57.59,4.128,0.1265,0.0099,7.205,3.82,366.5,99.8,12.89,77.04,False,Normal,0,train
PUMP_04,2026-03-09 00:00:00,0.1482,50.34,34.44,58.08,3.982,0.1329,0.0094,7.18,3.59,388.8,86.5,13.26,77.0,False,Normal,0,train
PUMP_04,2026-03-09 01:00:00,0.1586,47.79,33.25,58.29,4.1,0.1377,0.0138,7.124,4.08,388.0,100.9,12.67,76.96,False,Normal,0,train
PUMP_04,2026-03-09 02:00:00,0.16,49.44,33.68,58.34,3.995,0.1439,0.0142,7.16,4.1,386.3,96.1,13.19,76.92,False,Normal,0,train
PUMP_04,2026-03-09 03:00:00,0.1608,48.45,34.47,57.73,3.942,0.1498,0.0122,6.936,10.79,380.7,96.8,16.11,76.88,False,Normal,0,train
PUMP_04,2026-03-09 04:00:00,0.1211,49.81,34.41,57.54,3.978,0.1468,0.0167,7.012,15.09,386.2,99.8,18.51,76.83,False,Normal,0,train
PUMP_04,2026-03-09 05:00:00,0.1526,51.16,33.96,56.98,3.861,0.1502,0.0151,6.789,21.53,381.3,109.4,26.0,76.79,False,Normal,0,train
PUMP_04,2026-03-09 06:00:00,0.1792,50.17,33.87,59.86,3.912,0.1554,0.019,6.626,22.06,381.2,109.7,28.97,76.75,False,Normal,0,train
PUMP_04,2026-03-09 07:00:00,0.1917,50.07,34.02,58.92,3.94,0.1609,0.0242,6.709,21.19,383.5,125.3,27.13,76.71,False,Normal,0,train
PUMP_04,2026-03-09 08:00:00,0.1708,52.39,33.75,58.35,4.01,0.1627,0.0246,6.622,21.36,382.7,129.9,28.62,76.67,False,Normal,0,train
PUMP_04,2026-03-09 09:00:00,0.158,48.68,34.66,57.92,4.131,0.1622,0.0246,6.916,13.38,439.0,129.6,20.67,76.62,False,Normal,0,train
PUMP_04,2026-03-09 10:00:00,0.1425,51.7,34.44,57.28,3.971,0.1658,0.0182,6.983,10.92,448.7,136.9,18.28,76.58,False,Normal,0,train
PUMP_04,2026-03-09 11:00:00,0.1713,49.58,34.19,57.94,3.916,0.1689,0.017,7.193,3.4,507.2,146.5,18.27,76.54,False,Normal,0,train
PUMP_04,2026-03-09 12:00:00,0.1477,53.79,33.36,56.84,4.067,0.1637,0.0181,7.253,3.47,501.5,145.8,19.03,76.5,False,Normal,0,train
PUMP_04,2026-03-09 13:00:00,0.1437,50.45,33.65,59.64,4.015,0.1557,0.0131,7.219,3.96,512.3,144.1,19.28,76.46,False,Normal,0,train
PUMP_04,2026-03-09 14:00:00,0.1622,47.32,33.64,56.94,4.093,0.1542,0.0115,7.243,3.94,503.1,141.2,19.28,76.42,False,Normal,0,train
PUMP_04,2026-03-09 15:00:00,0.0967,49.46,33.8,56.5,4.078,0.144,0.0258,7.225,4.25,452.3,141.2,17.09,76.38,False,Normal,0,train
PUMP_04,2026-03-09 16:00:00,0.1403,48.12,34.12,61.57,4.045,0.1436,0.0258,7.163,4.3,432.9,136.0,15.33,76.33,False,Normal,0,train
PUMP_04,2026-03-09 17:00:00,0.1182,53.22,34.96,57.83,4.028,0.1348,0.0235,7.134,4.45,386.5,133.7,13.04,76.29,False,Normal,0,train
PUMP_04,2026-03-09 18:00:00,0.1483,48.95,34.12,56.96,4.078,0.1349,0.0235,7.185,4.65,384.4,125.2,13.9,76.25,False,Normal,0,train
PUMP_04,2026-03-09 19:00:00,0.1646,51.9,33.19,58.92,4.072,0.1384,0.0265,7.185,4.42,383.8,116.1,13.71,76.21,False,Normal,0,train
PUMP_04,2026-03-09 20:00:00,0.1487,51.45,34.42,56.4,4.076,0.1361,0.0245,7.174,4.13,374.1,117.9,12.93,76.17,False,Normal,0,train
PUMP_04,2026-03-09 21:00:00,0.1725,48.27,33.21,57.17,4.074,0.1488,0.0191,7.165,4.09,374.9,109.7,12.79,76.12,False,Normal,0,train
PUMP_04,2026-03-09 22:00:00,0.1481,47.73,34.29,58.96,3.994,0.1501,0.0186,7.203,4.25,373.3,98.3,13.45,76.08,False,Normal,0,train
PUMP_04,2026-03-09 23:00:00,0.1691,51.5,33.75,60.57,3.935,0.1586,0.0114,7.266,3.19,374.7,96.0,13.77,76.04,False,Normal,0,train
PUMP_04,2026-03-10 00:00:00,0.1261,49.5,34.36,59.23,4.002,0.1549,0.0174,7.095,3.94,380.8,98.7,11.81,76.0,False,Normal,0,train
PUMP_04,2026-03-10 01:00:00,0.1557,50.03,34.33,58.87,3.968,0.1534,0.0168,7.138,3.27,385.0,91.6,12.2,75.96,False,Normal,0,train
PUMP_04,2026-03-10 02:00:00,0.1351,50.25,34.12,59.67,3.926,0.1511,0.0184,7.213,3.71,385.0,95.2,13.71,75.92,False,Normal,0,train
PUMP_04,2026-03-10 03:00:00,0.1628,45.63,33.39,57.66,4.128,0.1495,0.0165,7.107,3.41,370.7,97.2,11.22,75.88,False,Normal,0,train
PUMP_04,2026-03-10 04:00:00,0.1539,49.9,33.64,56.24,3.999,0.1504,0.0165,7.115,4.59,379.8,99.4,12.55,75.83,False,Normal,0,train
PUMP_04,2026-03-10 05:00:00,0.1567,51.72,34.32,57.16,3.916,0.1484,0.0144,7.286,4.95,378.6,103.3,15.48,75.79,False,Normal,0,train
PUMP_04,2026-03-10 06:00:00,0.1568,47.36,34.12,59.65,4.107,0.1535,0.0095,7.187,5.94,368.4,113.3,14.16,75.75,False,Normal,0,train
PUMP_04,2026-03-10 07:00:00,0.1754,51.23,35.11,56.58,4.009,0.1568,0.0131,7.279,5.5,384.1,116.3,16.0,75.71,False,Normal,0,train
PUMP_04,2026-03-10 08:00:00,0.1616,49.67,34.1,57.83,4.08,0.1612,0.0077,7.036,6.48,384.0,124.1,12.78,75.67,False,Normal,0,train
PUMP_04,2026-03-10 09:00:00,0.1599,48.29,34.48,58.06,3.97,0.1607,0.0077,7.226,7.18,377.0,135.9,16.01,75.62,False,Normal,0,train
PUMP_04,2026-03-10 10:00:00,0.1552,50.52,33.77,58.51,4.048,0.1609,0.0075,7.068,6.1,381.6,134.8,12.93,75.58,False,Normal,0,train
PUMP_04,2026-03-10 11:00:00,0.1634,49.97,33.5,58.73,4.051,0.162,0.0072,7.186,5.75,385.8,143.5,14.75,75.54,False,Normal,0,train
PUMP_04,2026-03-10 12:00:00,0.1467,52.04,34.7,58.79,4.008,0.1604,0.0095,7.054,5.58,392.4,148.0,12.79,75.5,False,Normal,0,train
PUMP_04,2026-03-10 13:00:00,0.1308,49.16,33.58,61.56,3.95,0.1529,0.0124,7.19,5.06,390.3,144.6,14.51,75.46,False,Normal,0,train
PUMP_04,2026-03-10 14:00:00,0.1594,51.93,33.15,58.92,4.032,0.1526,0.0121,7.218,4.38,395.3,146.2,14.7,75.42,False,Normal,0,train
PUMP_04,2026-03-10 15:00:00,0.1363,49.94,33.2,59.74,4.048,0.1486,0.013,7.178,4.19,394.2,138.2,13.87,75.38,False,Normal,0,train
PUMP_04,2026-03-10 16:00:00,0.1455,50.65,34.22,58.08,3.904,0.147,0.0127,7.13,3.84,403.9,140.6,13.27,75.33,False,Normal,0,train
PUMP_04,2026-03-10 17:00:00,0.1518,49.47,33.6,60.4,4.194,0.1451,0.0103,7.186,4.55,400.7,135.1,14.52,75.29,False,Normal,0,train
PUMP_04,2026-03-10 18:00:00,0.124,48.56,33.09,57.07,4.13,0.1413,0.0133,7.212,4.35,383.8,132.3,14.1,75.25,False,Normal,0,train
PUMP_04,2026-03-10 19:00:00,0.1281,51.42,35.15,59.23,4.012,0.1408,0.0138,7.142,3.99,381.6,124.7,12.64,75.21,False,Normal,0,train
PUMP_04,2026-03-10 20:00:00,0.1199,49.93,32.69,57.88,4.068,0.1343,0.0126,7.19,4.35,374.7,114.6,13.36,75.17,False,Normal,0,train
PUMP_04,2026-03-10 21:00:00,0.1377,49.51,33.75,59.19,3.999,0.1345,0.0126,7.197,3.99,372.6,118.5,13.14,75.12,False,Normal,0,train
PUMP_04,2026-03-10 22:00:00,0.1609,51.49,34.97,58.67,3.949,0.1371,0.0163,7.223,3.63,389.8,105.9,14.01,75.08,False,Normal,0,train
PUMP_04,2026-03-10 23:00:00,0.147,52.25,34.04,59.55,4.076,0.1363,0.0156,7.12,4.04,376.3,103.4,12.1,75.04,False,Normal,0,train
PUMP_04,2026-03-11 00:00:00,0.1712,49.2,35.48,58.62,3.935,0.1441,0.0195,7.17,4.77,383.8,94.0,13.72,75.0,False,Normal,0,train
PUMP_04,2026-03-11 01:00:00,0.1575,52.46,34.47,57.95,4.03,0.149,0.0184,7.209,4.42,378.3,93.5,13.86,74.96,False,Normal,0,train
PUMP_04,2026-03-11 02:00:00,0.1465,48.83,33.29,59.22,3.947,0.1535,0.012,7.18,4.17,378.9,96.1,13.25,74.92,False,Normal,0,train
PUMP_04,2026-03-11 03:00:00,0.1468,50.32,34.45,57.02,3.933,0.155,0.0101,7.145,3.64,378.6,94.3,12.31,74.88,False,Normal,0,train
PUMP_04,2026-03-11 04:00:00,0.1824,51.29,33.66,55.88,4.012,0.1586,0.0151,7.247,3.53,381.8,102.5,13.99,74.83,False,Normal,0,train
PUMP_04,2026-03-11 05:00:00,0.1714,44.84,33.85,55.38,4.083,0.1626,0.0147,7.248,3.9,379.1,107.3,14.17,74.79,False,Normal,0,train
PUMP_04,2026-03-11 06:00:00,0.1573,48.53,33.4,60.19,4.021,0.1603,0.0142,7.238,3.76,383.7,117.9,14.09,74.75,False,Normal,0,train
PUMP_04,2026-03-11 07:00:00,0.1617,49.36,33.61,58.32,4.005,0.161,0.0141,7.182,4.01,385.8,124.7,13.45,74.71,False,Normal,0,train
PUMP_04,2026-03-11 08:00:00,0.152,50.4,34.43,58.59,3.856,0.1619,0.0131,7.19,4.06,376.9,127.0,13.25,74.67,False,Normal,0,train
PUMP_04,2026-03-11 09:00:00,0.1192,50.0,33.46,57.59,3.984,0.1573,0.0216,7.262,3.43,381.0,131.0,14.14,74.62,False,Normal,0,train
PUMP_04,2026-03-11 10:00:00,0.1563,46.29,32.84,58.39,3.887,0.153,0.0178,7.24,3.66,371.8,144.8,13.57,74.58,False,Normal,0,train
PUMP_04,2026-03-11 11:00:00,0.1339,49.41,34.25,57.16,4.005,0.1467,0.0166,7.263,3.86,377.4,135.6,14.3,74.54,False,Normal,0,train
PUMP_04,2026-03-11 12:00:00,0.1446,47.64,33.85,57.99,4.0,0.1446,0.0158,7.204,4.17,380.1,137.9,13.69,74.5,False,Normal,0,train
PUMP_04,2026-03-11 13:00:00,0.1285,49.06,34.55,55.85,3.995,0.1391,0.0143,7.23,4.19,379.0,146.9,14.08,74.46,False,Normal,0,train
PUMP_04,2026-03-11 14:00:00,0.1422,49.47,33.54,55.75,3.998,0.1374,0.0131,7.233,3.59,379.5,143.9,13.72,74.42,False,Normal,0,train
PUMP_04,2026-03-11 15:00:00,0.128,50.31,34.61,56.44,4.04,0.1389,0.0109,7.272,3.51,382.6,140.4,14.42,74.38,False,Normal,0,train
PUMP_04,2026-03-11 16:00:00,0.1424,49.31,34.43,56.99,4.045,0.1366,0.0074,7.086,3.62,383.6,130.4,11.56,74.33,False,Normal,0,train
PUMP_04,2026-03-11 17:00:00,0.1508,50.03,34.31,59.65,4.027,0.1394,0.0092,7.206,4.32,369.4,129.0,13.38,74.29,False,Normal,0,train
PUMP_04,2026-03-11 18:00:00,0.1447,49.17,33.19,61.05,4.078,0.1394,0.0092,7.248,3.81,380.9,132.4,14.17,74.25,False,Normal,0,train
PUMP_04,2026-03-11 19:00:00,0.1182,50.48,33.96,59.38,3.807,0.1377,0.0121,7.259,4.04,378.4,125.2,14.41,74.21,False,Normal,0,train
PUMP_04,2026-03-11 20:00:00,0.1164,48.02,34.54,54.19,3.92,0.1334,0.0146,7.177,4.17,377.6,116.7,13.15,74.17,False,Normal,0,train
PUMP_04,2026-03-11 21:00:00,0.1237,49.88,33.67,60.13,4.035,0.1327,0.015,7.219,4.49,387.0,104.2,14.45,74.12,False,Normal,0,train
PUMP_04,2026-03-11 22:00:00,0.1604,48.27,32.74,57.55,4.0,0.1357,0.0187,7.237,3.51,371.2,101.0,13.38,74.08,False,Normal,0,train
PUMP_04,2026-03-11 23:00:00,0.1802,49.38,33.59,56.13,3.931,0.1406,0.0259,7.263,4.49,379.7,96.7,14.83,74.04,False,Normal,0,train
PUMP_04,2026-03-12 00:00:00,0.1399,50.29,33.43,60.29,4.035,0.1398,0.0258,7.218,4.23,387.2,93.1,14.25,74.0,False,Normal,0,train
PUMP_04,2026-03-12 01:00:00,0.1372,48.63,33.64,57.52,4.059,0.143,0.0237,7.213,4.67,380.4,92.8,14.19,73.96,False,Normal,0,train
PUMP_04,2026-03-12 02:00:00,0.1758,49.78,33.13,56.85,3.939,0.1529,0.0228,7.186,4.56,375.3,95.4,13.48,73.92,False,Normal,0,train
PUMP_04,2026-03-12 03:00:00,0.1508,49.44,34.46,57.36,3.948,0.1574,0.018,7.256,4.04,378.9,92.4,14.38,73.88,False,Normal,0,train
PUMP_04,2026-03-12 04:00:00,0.1575,53.06,34.36,57.62,3.869,0.1569,0.018,7.262,3.7,388.9,107.0,14.65,73.83,False,Normal,0,train
PUMP_04,2026-03-12 05:00:00,0.1621,50.5,33.46,58.74,3.992,0.1539,0.0145,7.252,4.26,385.9,107.0,14.76,73.79,False,Normal,0,train
PUMP_04,2026-03-12 06:00:00,0.1497,50.72,33.74,58.26,3.996,0.1555,0.013,7.237,3.55,377.4,111.5,13.67,73.75,False,Normal,0,train
PUMP_04,2026-03-12 07:00:00,0.148,48.66,33.48,57.23,3.915,0.1573,0.0105,7.212,4.09,387.7,113.7,14.08,73.71,False,Normal,0,train
PUMP_04,2026-03-12 08:00:00,0.1575,46.21,34.29,55.67,3.958,0.1543,0.0056,7.171,3.7,383.2,129.6,12.95,73.67,False,Normal,0,train
PUMP_04,2026-03-12 09:00:00,0.1509,49.06,33.4,57.06,3.996,0.1543,0.0055,7.163,3.9,367.3,128.3,12.31,73.62,False,Normal,0,train
PUMP_04,2026-03-12 10:00:00,0.1283,47.53,33.49,58.3,4.074,0.1494,0.0116,7.251,3.13,379.5,139.6,13.69,73.58,False,Normal,0,train
PUMP_04,2026-03-12 11:00:00,0.1391,50.29,34.06,57.13,3.969,0.1456,0.0103,7.112,9.05,389.1,138.1,16.0,73.54,False,Normal,0,train
PUMP_04,2026-03-12 12:00:00,0.1479,50.37,33.49,58.18,3.928,0.1453,0.0102,6.986,11.98,379.2,144.6,16.09,73.5,False,Normal,0,train
PUMP_04,2026-03-12 13:00:00,0.1391,50.27,35.01,58.01,4.119,0.1438,0.0104,6.896,14.84,387.6,139.9,19.86,73.46,False,Normal,0,train
PUMP_04,2026-03-12 14:00:00,0.1525,49.85,33.57,59.38,4.055,0.143,0.0092,6.895,15.02,372.8,143.5,19.39,73.42,False,Normal,0,train
PUMP_04,2026-03-12 15:00:00,0.1312,48.63,34.44,58.34,3.896,0.1397,0.0093,6.944,14.62,373.5,141.3,18.35,73.38,False,Normal,0,train
PUMP_04,2026-03-12 16:00:00,0.1685,48.86,34.53,59.05,4.057,0.1464,0.0132,6.922,15.36,385.7,138.3,19.74,73.33,False,Normal,0,train
PUMP_04,2026-03-12 17:00:00,0.1411,50.58,33.16,57.74,3.958,0.1467,0.013,7.008,9.98,420.5,136.0,16.3,73.29,False,Normal,0,train
PUMP_04,2026-03-12 18:00:00,0.1411,52.94,33.84,59.97,4.082,0.1456,0.0131,7.136,8.01,436.6,128.5,17.65,73.25,False,Normal,0,train
PUMP_04,2026-03-12 19:00:00,0.1326,50.32,33.48,57.46,3.967,0.1445,0.014,7.121,4.12,463.3,126.3,15.79,73.21,False,Normal,0,train
PUMP_04,2026-03-12 20:00:00,0.1374,50.51,34.54,56.99,3.856,0.142,0.0136,7.169,4.15,456.0,107.8,16.28,73.17,False,Normal,0,train
PUMP_04,2026-03-12 21:00:00,0.1146,52.81,33.95,59.61,3.954,0.1392,0.0174,7.113,3.81,453.3,115.9,15.02,73.12,False,Normal,0,train
PUMP_04,2026-03-12 22:00:00,0.145,49.93,34.53,57.25,3.93,0.1353,0.011,7.157,4.48,460.9,106.1,16.52,73.08,False,Normal,0,train
PUMP_04,2026-03-12 23:00:00,0.1769,48.55,34.98,56.7,3.947,0.1413,0.0204,7.162,3.83,421.2,96.6,14.49,73.04,False,Normal,0,train
PUMP_04,2026-03-13 00:00:00,0.1634,50.53,35.04,56.66,3.816,0.145,0.0223,7.096,4.69,404.3,99.8,13.33,73.0,False,Normal,0,train
PUMP_04,2026-03-13 01:00:00,0.1281,52.45,33.36,57.4,3.99,0.1442,0.0229,7.259,4.68,381.0,102.1,14.96,72.96,False,Normal,0,train
PUMP_04,2026-03-13 02:00:00,0.1594,51.31,33.29,57.68,3.837,0.1479,0.0233,7.175,3.8,378.3,100.3,12.88,72.92,False,Normal,0,train
PUMP_04,2026-03-13 03:00:00,0.1638,50.29,33.29,58.5,3.99,0.1561,0.0171,7.184,3.89,389.4,94.4,13.56,72.88,False,Normal,0,train
PUMP_04,2026-03-13 04:00:00,0.1814,47.11,34.68,58.93,3.807,0.1622,0.0188,7.157,3.71,374.8,102.5,12.39,72.83,False,Normal,0,train
PUMP_04,2026-03-13 05:00:00,0.1478,47.68,34.45,58.04,3.912,0.1573,0.0179,7.228,3.47,380.8,110.5,13.61,72.79,False,Normal,0,train
PUMP_04,2026-03-13 06:00:00,0.1943,50.5,34.41,59.14,4.044,0.1625,0.0236,7.269,4.12,379.5,113.4,14.67,72.75,False,Normal,0,train
PUMP_04,2026-03-13 07:00:00,0.1613,49.47,34.33,58.98,4.056,0.168,0.0168,7.226,4.0,381.5,121.8,13.98,72.71,False,Normal,0,train
PUMP_04,2026-03-13 08:00:00,0.1462,49.86,33.75,56.89,3.936,0.1658,0.0189,7.217,4.26,380.2,128.5,13.97,72.67,False,Normal,0,train
PUMP_04,2026-03-13 09:00:00,0.1326,51.46,34.05,56.83,4.044,0.1606,0.0233,7.101,3.98,385.4,128.6,12.13,72.62,False,Normal,0,train
PUMP_04,2026-03-13 10:00:00,0.1532,48.11,34.2,57.47,3.854,0.1559,0.021,7.195,4.35,381.6,142.7,13.73,72.58,False,Normal,0,train
PUMP_04,2026-03-13 11:00:00,0.1557,49.06,34.07,55.42,4.078,0.1572,0.0207,7.21,4.78,376.7,142.0,14.06,72.54,False,Normal,0,train
PUMP_04,2026-03-13 12:00:00,0.1329,51.8,33.61,58.1,4.094,0.147,0.012,7.211,5.63,374.9,144.0,14.6,72.5,False,Normal,0,train
PUMP_04,2026-03-13 13:00:00,0.1568,48.12,34.97,57.73,3.983,0.1462,0.0111,7.163,6.38,376.2,141.4,14.42,72.46,False,Normal,0,train
PUMP_04,2026-03-13 14:00:00,0.1529,51.74,33.28,59.96,3.965,0.1474,0.0114,7.227,7.03,375.9,143.2,15.88,72.42,False,Normal,0,train
PUMP_04,2026-03-13 15:00:00,0.1431,50.53,33.75,59.32,3.812,0.1491,0.0093,7.086,6.58,383.4,145.4,13.62,72.38,False,Normal,0,train
PUMP_04,2026-03-13 16:00:00,0.1285,49.81,34.88,57.64,3.995,0.145,0.0122,7.086,7.09,379.6,138.6,13.82,72.33,False,Normal,0,train
PUMP_04,2026-03-13 17:00:00,0.1406,50.22,34.56,59.17,4.053,0.1425,0.011,7.164,5.63,387.7,135.3,14.39,72.29,False,Normal,0,train
PUMP_04,2026-03-13 18:00:00,0.1676,50.55,33.24,57.81,4.029,0.1482,0.0137,7.235,4.89,385.3,126.3,14.9,72.25,False,Normal,0,train
PUMP_04,2026-03-13 19:00:00,0.1265,50.99,32.69,58.57,4.012,0.1432,0.0154,7.261,3.63,395.2,120.4,14.85,72.21,False,Normal,0,train
PUMP_04,2026-03-13 20:00:00,0.115,46.94,33.38,55.68,3.885,0.1369,0.0182,7.098,3.86,401.9,107.0,12.69,72.17,False,Normal,0,train
PUMP_04,2026-03-13 21:00:00,0.1374,51.9,34.07,57.33,4.01,0.1359,0.0179,7.206,3.55,404.7,109.1,14.3,72.12,False,Normal,0,train
PUMP_04,2026-03-13 22:00:00,0.1328,50.37,34.04,58.2,3.931,0.1366,0.0177,7.248,4.22,392.0,101.5,14.92,72.08,False,Normal,0,train
PUMP_04,2026-03-13 23:00:00,0.1196,51.73,33.98,57.68,4.114,0.1332,0.0188,7.246,4.2,401.6,99.6,15.28,72.04,False,Normal,0,train
PUMP_04,2026-03-14 00:00:00,0.1561,50.67,34.35,59.56,4.048,0.1312,0.0147,7.228,4.49,394.5,87.2,14.9,72.0,False,Normal,0,train
PUMP_04,2026-03-14 01:00:00,0.1328,53.27,34.02,58.43,4.021,0.1323,0.0145,7.196,4.66,387.8,105.1,14.22,71.96,False,Normal,0,train
PUMP_04,2026-03-14 02:00:00,0.1337,48.93,34.57,58.74,4.003,0.1354,0.0118,7.048,3.93,386.3,96.1,11.29,71.92,False,Normal,0,train
PUMP_04,2026-03-14 03:00:00,0.1694,52.43,34.45,58.26,3.924,0.1407,0.0183,7.303,3.7,378.1,100.2,14.86,71.88,False,Normal,0,train
PUMP_04,2026-03-14 04:00:00,0.1797,48.71,32.71,58.02,3.935,0.1485,0.0235,7.231,4.19,376.0,103.9,13.95,71.83,False,Normal,0,train
PUMP_04,2026-03-14 05:00:00,0.1985,50.82,34.05,59.11,4.153,0.1617,0.026,7.156,3.84,380.4,106.2,12.7,71.79,False,Normal,0,train
PUMP_04,2026-03-14 06:00:00,0.1366,51.59,33.87,60.15,3.928,0.1584,0.028,7.184,3.76,381.5,115.2,13.13,71.75,False,Normal,0,train
PUMP_04,2026-03-14 07:00:00,0.1656,50.03,34.16,55.49,4.001,0.1639,0.025,7.213,3.99,376.9,124.7,13.57,71.71,False,Normal,0,train
PUMP_04,2026-03-14 08:00:00,0.1376,47.08,33.86,56.79,4.008,0.1646,0.0241,7.224,3.76,382.9,127.2,13.84,71.67,False,Normal,0,train
PUMP_04,2026-03-14 09:00:00,0.1581,50.2,33.03,58.07,4.0,0.1627,0.0241,7.131,4.82,387.0,135.9,13.26,71.62,False,Normal,0,train
PUMP_04,2026-03-14 10:00:00,0.1527,49.29,34.27,59.62,4.014,0.1582,0.0228,7.15,3.89,384.5,140.8,12.82,71.58,False,Normal,0,train
PUMP_04,2026-03-14 11:00:00,0.1205,51.35,34.42,58.95,4.149,0.1452,0.0166,7.225,3.99,380.2,144.5,13.9,71.54,False,Normal,0,train
PUMP_04,2026-03-14 12:00:00,0.1579,48.67,32.89,57.02,4.011,0.1487,0.0167,7.171,4.32,367.8,151.6,12.76,71.5,False,Normal,0,train
PUMP_04,2026-03-14 13:00:00,0.1474,49.18,35.04,57.53,4.04,0.1457,0.0145,7.111,4.88,372.3,146.4,12.37,71.46,False,Normal,0,train
PUMP_04,2026-03-14 14:00:00,0.1541,48.99,34.56,58.9,3.976,0.1484,0.0142,7.16,3.91,379.5,143.8,12.78,71.42,False,Normal,0,train
PUMP_04,2026-03-14 15:00:00,0.124,49.53,33.46,57.28,3.984,0.1428,0.0163,7.199,3.25,383.2,141.5,13.1,71.38,False,Normal,0,train
PUMP_04,2026-03-14 16:00:00,0.1731,50.13,33.34,58.34,4.037,0.1462,0.0204,7.118,3.97,372.9,139.3,11.87,71.33,False,Normal,0,train
PUMP_04,2026-03-14 17:00:00,0.1443,50.86,34.12,57.18,4.112,0.1501,0.0163,7.282,3.32,380.5,127.1,14.35,71.29,False,Normal,0,train
PUMP_04,2026-03-14 18:00:00,0.145,50.74,34.08,58.59,4.103,0.148,0.0159,7.259,3.79,383.6,132.1,14.45,71.25,False,Normal,0,train
PUMP_04,2026-03-14 19:00:00,0.1611,48.08,34.37,58.76,3.747,0.1503,0.0168,7.246,4.6,379.7,119.0,14.64,71.21,False,Normal,0,train
PUMP_04,2026-03-14 20:00:00,0.1411,48.7,34.29,54.77,3.866,0.1481,0.017,7.205,3.68,376.9,113.2,13.22,71.17,False,Normal,0,train
PUMP_04,2026-03-14 21:00:00,0.1295,49.12,34.35,60.16,4.166,0.149,0.0155,7.138,3.58,372.6,102.3,11.91,71.12,False,Normal,0,train
PUMP_04,2026-03-14 22:00:00,0.1613,49.48,33.33,60.29,3.957,0.147,0.0123,7.158,4.34,383.9,102.8,13.23,71.08,False,Normal,0,train
PUMP_04,2026-03-14 23:00:00,0.1451,48.7,33.92,55.56,3.969,0.1472,0.0123,7.266,3.91,376.7,92.9,14.36,71.04,False,Normal,0,train
PUMP_04,2026-03-15 00:00:00,0.1645,48.88,34.21,57.73,3.953,0.1504,0.014,7.16,4.48,388.2,89.1,13.55,71.0,False,Normal,0,train
PUMP_04,2026-03-15 01:00:00,0.1508,51.95,33.86,56.04,3.896,0.1487,0.0131,7.198,3.89,380.9,92.1,13.43,70.96,False,Normal,0,train
PUMP_04,2026-03-15 02:00:00,0.1876,50.46,34.39,55.44,3.938,0.1565,0.0197,7.186,4.26,381.8,94.9,13.53,70.92,False,Normal,0,train
PUMP_04,2026-03-15 03:00:00,0.1562,48.34,34.65,58.97,3.957,0.1609,0.0148,7.192,3.38,384.2,94.9,13.12,70.88,False,Normal,0,train
PUMP_04,2026-03-15 04:00:00,0.1491,50.6,33.5,60.17,3.96,0.1589,0.0156,7.194,3.63,378.2,103.5,13.06,70.83,False,Normal,0,train
PUMP_04,2026-03-15 05:00:00,0.1645,49.38,33.98,57.97,3.922,0.1621,0.0141,7.188,3.93,382.3,112.4,13.36,70.79,False,Normal,0,train
PUMP_04,2026-03-15 06:00:00,0.1527,52.77,33.68,59.87,4.073,0.1602,0.0145,7.177,3.84,376.8,114.4,12.89,70.75,False,Normal,0,train
PUMP_04,2026-03-15 07:00:00,0.1464,49.05,33.75,57.21,3.993,0.1594,0.0152,7.184,5.0,376.0,111.1,13.78,70.71,False,Normal,0,train
PUMP_04,2026-03-15 08:00:00,0.1786,49.26,33.01,56.26,4.012,0.1579,0.0119,7.19,4.41,375.4,126.4,13.43,70.67,False,Normal,0,train
PUMP_04,2026-03-15 09:00:00,0.1377,49.56,34.25,57.53,4.007,0.1548,0.0146,7.153,4.4,377.6,134.8,12.92,70.62,False,Normal,0,train
PUMP_04,2026-03-15 10:00:00,0.1702,48.34,35.72,57.06,3.958,0.1584,0.0154,7.13,3.93,390.3,136.2,12.76,70.58,False,Normal,0,train
PUMP_04,2026-03-15 11:00:00,0.1764,50.69,34.25,58.52,3.943,0.1603,0.0171,7.181,3.44,375.5,142.9,12.63,70.54,False,Normal,0,train
PUMP_04,2026-03-15 12:00:00,0.1446,50.07,35.37,59.3,3.881,0.159,0.0181,7.156,4.67,383.1,145.2,13.4,70.5,False,Normal,0,train
PUMP_04,2026-03-15 13:00:00,0.1512,50.51,34.77,56.61,4.058,0.1598,0.0175,7.197,3.35,378.9,140.6,12.95,70.46,False,Normal,0,train
PUMP_04,2026-03-15 14:00:00,0.1322,50.04,33.55,56.38,3.988,0.152,0.0178,7.147,3.78,374.3,149.0,12.26,70.42,False,Normal,0,train
PUMP_04,2026-03-15 15:00:00,0.1598,50.28,34.25,59.05,4.098,0.1557,0.0164,7.105,4.23,384.0,140.5,12.31,70.38,False,Normal,0,train
PUMP_04,2026-03-15 16:00:00,0.1217,52.43,34.47,57.58,4.03,0.1476,0.0195,7.273,5.04,377.5,136.4,15.29,70.33,False,Normal,0,train
PUMP_04,2026-03-15 17:00:00,0.155,50.82,34.44,58.93,4.126,0.1441,0.0146,7.168,4.7,377.8,134.3,13.39,70.29,False,Normal,0,train
PUMP_04,2026-03-15 18:00:00,0.1398,47.31,33.57,57.01,3.969,0.1433,0.0147,7.089,4.25,385.4,120.1,12.12,70.25,False,Normal,0,train
PUMP_04,2026-03-15 19:00:00,0.1273,50.47,34.13,57.21,3.922,0.1393,0.0153,7.237,4.86,378.7,125.1,14.64,70.21,False,Normal,0,train
PUMP_04,2026-03-15 20:00:00,0.1305,51.75,35.0,59.23,4.149,0.139,0.0155,7.175,3.8,381.1,109.6,13.01,70.17,False,Normal,0,train
PUMP_04,2026-03-15 21:00:00,0.1499,46.52,33.07,58.99,4.092,0.1374,0.0132,7.197,4.18,379.9,114.7,13.57,70.12,False,Normal,0,train
PUMP_04,2026-03-15 22:00:00,0.1268,48.26,34.62,59.67,3.851,0.1382,0.0121,7.206,4.58,379.5,106.8,13.98,70.08,False,Normal,0,train
PUMP_04,2026-03-15 23:00:00,0.1553,50.9,34.71,57.75,4.037,0.1383,0.0122,7.246,3.44,373.4,94.3,13.57,70.04,False,Normal,0,train
PUMP_04,2026-03-16 00:00:00,0.1522,51.46,32.97,59.55,4.057,0.1403,0.0135,7.211,4.15,384.3,97.2,13.96,70.0,False,Normal,0,train
PUMP_04,2026-03-16 01:00:00,0.1463,50.26,33.62,58.53,3.982,0.1435,0.0119,7.125,4.18,381.1,91.2,12.48,69.96,False,Normal,0,train
PUMP_04,2026-03-16 02:00:00,0.162,50.66,33.83,58.49,3.897,0.1488,0.012,7.136,4.16,384.1,91.5,12.75,69.92,False,Normal,0,train
PUMP_04,2026-03-16 03:00:00,0.1447,52.06,34.53,56.98,3.985,0.1479,0.0121,7.124,3.58,380.6,88.4,12.01,69.88,False,Normal,0,train
PUMP_04,2026-03-16 04:00:00,0.1541,49.23,34.0,58.79,4.015,0.1524,0.0063,7.171,4.17,385.3,104.9,13.37,69.83,False,Normal,0,train
PUMP_04,2026-03-16 05:00:00,0.1535,48.59,33.67,57.69,3.944,0.1521,0.0062,7.215,4.12,380.8,105.7,13.85,69.79,False,Normal,0,train
PUMP_04,2026-03-16 06:00:00,0.1406,49.62,34.05,60.23,4.058,0.1502,0.0078,7.155,3.78,386.9,116.7,12.91,69.75,False,Normal,0,train
PUMP_04,2026-03-16 07:00:00,0.1543,50.26,34.26,58.0,3.871,0.1515,0.0077,7.162,4.31,375.5,120.9,12.91,69.71,False,Normal,0,train
PUMP_04,2026-03-16 08:00:00,0.1348,50.47,33.9,57.78,4.014,0.147,0.0083,7.159,4.54,376.0,121.6,13.06,69.67,False,Normal,0,train
PUMP_04,2026-03-16 09:00:00,0.1483,51.16,34.98,59.53,4.155,0.1476,0.0082,7.166,3.72,388.9,135.9,13.14,69.62,False,Normal,0,train
PUMP_04,2026-03-16 10:00:00,0.1287,52.5,34.02,58.1,4.048,0.1434,0.0104,7.23,4.2,384.1,139.8,14.28,69.58,False,Normal,0,train
PUMP_04,2026-03-16 11:00:00,0.1369,50.28,34.44,56.98,4.116,0.1406,0.0093,7.181,4.55,389.3,139.7,13.98,69.54,False,Normal,0,train
PUMP_04,2026-03-16 12:00:00,0.1358,48.12,33.37,56.16,3.989,0.1398,0.0095,7.251,4.56,383.1,148.0,14.84,69.5,False,Normal,0,train
PUMP_04,2026-03-16 13:00:00,0.1533,48.84,34.22,56.93,4.017,0.1396,0.0092,7.152,4.56,378.6,143.9,13.06,69.46,False,Normal,0,train
PUMP_04,2026-03-16 14:00:00,0.1302,50.21,33.7,55.81,3.965,0.1389,0.0099,7.165,5.56,389.3,141.0,14.43,69.42,False,Normal,0,train
PUMP_04,2026-03-16 15:00:00,0.1238,52.18,33.7,57.89,3.968,0.1348,0.0103,7.145,5.34,370.9,140.9,13.18,69.38,False,Normal,0,train
PUMP_04,2026-03-16 16:00:00,0.1352,50.98,34.92,59.03,4.041,0.1359,0.0098,7.155,6.28,384.0,136.2,14.54,69.33,False,Normal,0,train
PUMP_04,2026-03-16 17:00:00,0.1684,48.67,33.6,57.32,3.925,0.1411,0.0166,7.167,5.66,367.3,126.6,13.61,69.29,False,Normal,0,train
PUMP_04,2026-03-16 18:00:00,0.1147,49.02,33.69,61.04,4.067,0.1376,0.0199,7.142,5.35,387.5,115.9,13.83,69.25,False,Normal,0,train
PUMP_04,2026-03-16 19:00:00,0.1504,49.56,32.96,56.3,4.039,0.1371,0.0194,7.293,5.55,379.3,126.6,16.04,69.21,False,Normal,0,train
PUMP_04,2026-03-16 20:00:00,0.1463,50.11,33.47,58.64,3.903,0.1398,0.0194,7.25,5.17,386.6,118.1,15.39,69.17,False,Normal,0,train
PUMP_04,2026-03-16 21:00:00,0.1739,49.59,32.98,58.52,4.078,0.1482,0.0218,7.155,4.81,385.4,113.4,13.57,69.12,False,Normal,0,train
PUMP_04,2026-03-16 22:00:00,0.1491,48.69,34.71,57.49,4.169,0.1505,0.0208,7.264,3.67,396.9,105.9,15.01,69.08,False,Normal,0,train
PUMP_04,2026-03-16 23:00:00,0.1477,48.87,34.22,57.81,4.071,0.147,0.0189,7.259,3.01,393.1,96.7,14.3,69.04,False,Normal,0,train
PUMP_04,2026-03-17 00:00:00,0.1503,49.89,34.48,60.0,3.845,0.153,0.0104,7.133,4.35,400.9,95.1,13.54,69.0,False,Normal,0,train
PUMP_04,2026-03-17 01:00:00,0.1517,50.31,34.28,59.29,4.19,0.1532,0.0103,7.093,4.58,386.3,92.5,12.45,68.96,False,Normal,0,train
PUMP_04,2026-03-17 02:00:00,0.1652,48.54,33.42,59.12,3.823,0.1563,0.0107,7.209,3.24,380.0,98.0,13.12,68.92,False,Normal,0,train
PUMP_04,2026-03-17 03:00:00,0.1487,50.48,34.49,56.88,3.863,0.1521,0.0066,7.192,3.88,381.4,100.2,13.34,68.88,False,Normal,0,train
PUMP_04,2026-03-17 04:00:00,0.2039,52.72,33.88,58.59,3.859,0.1612,0.0218,7.075,3.63,388.2,101.0,11.57,68.83,False,Normal,0,train
PUMP_04,2026-03-17 05:00:00,0.1722,50.31,34.35,58.98,3.978,0.1653,0.0211,7.205,4.1,385.2,109.3,13.87,68.79,False,Normal,0,train
PUMP_04,2026-03-17 06:00:00,0.1568,50.41,32.36,59.04,3.844,0.1664,0.0203,7.201,4.53,385.8,118.2,14.13,68.75,False,Normal,0,train
PUMP_04,2026-03-17 07:00:00,0.1556,47.94,33.28,56.32,3.82,0.1671,0.0198,7.168,3.91,377.2,120.0,12.81,68.71,False,Normal,0,train
PUMP_04,2026-03-17 08:00:00,0.1581,51.11,33.58,58.41,3.944,0.1659,0.0201,7.278,3.8,373.4,121.8,14.32,68.67,False,Normal,0,train
PUMP_04,2026-03-17 09:00:00,0.1561,49.13,34.18,58.4,3.941,0.1671,0.0191,7.188,4.16,387.1,134.3,13.71,68.62,False,Normal,0,train
PUMP_04,2026-03-17 10:00:00,0.1644,51.61,33.05,59.34,3.975,0.1605,0.0066,7.179,3.15,373.1,132.8,12.28,68.58,False,Normal,0,train
PUMP_04,2026-03-17 11:00:00,0.1568,52.7,35.36,57.68,4.037,0.158,0.0033,7.199,4.34,380.0,138.4,13.72,68.54,False,Normal,0,train
PUMP_04,2026-03-17 12:00:00,0.1717,48.98,34.76,56.62,4.116,0.1604,0.0064,7.131,4.42,376.7,145.3,12.55,68.5,False,Normal,0,train
PUMP_04,2026-03-17 13:00:00,0.1328,49.03,34.78,56.86,3.996,0.1566,0.0131,7.153,4.0,380.4,147.5,12.76,68.46,False,Normal,0,train
PUMP_04,2026-03-17 14:00:00,0.1443,50.8,34.86,58.44,4.035,0.1543,0.014,7.058,3.82,371.5,144.5,10.75,68.42,False,Normal,0,train
PUMP_04,2026-03-17 15:00:00,0.1281,48.09,34.33,59.39,3.975,0.1497,0.0175,7.218,3.89,384.3,137.6,13.89,68.38,False,Normal,0,train
PUMP_04,2026-03-17 16:00:00,0.1341,50.15,33.32,57.56,4.092,0.1446,0.0168,7.245,3.89,386.9,148.8,14.42,68.33,False,Normal,0,train
PUMP_04,2026-03-17 17:00:00,0.1325,49.57,34.28,58.35,4.12,0.1406,0.0162,7.213,3.98,385.2,130.4,13.91,68.29,False,Normal,0,train
PUMP_04,2026-03-17 18:00:00,0.1516,49.88,33.7,55.54,3.951,0.1372,0.0089,7.209,3.38,374.4,128.3,12.97,68.25,False,Normal,0,train
PUMP_04,2026-03-17 19:00:00,0.1306,46.97,33.86,55.44,3.891,0.1369,0.0091,7.172,4.94,382.2,117.7,13.8,68.21,False,Normal,0,train
PUMP_04,2026-03-17 20:00:00,0.1622,50.76,34.51,58.57,3.952,0.1398,0.0138,7.224,5.59,379.1,109.8,14.96,68.17,False,Normal,0,train
PUMP_04,2026-03-17 21:00:00,0.1646,53.69,33.66,58.55,3.961,0.1459,0.0155,7.117,6.59,380.0,107.7,13.99,68.12,False,Normal,0,train
PUMP_04,2026-03-17 22:00:00,0.1557,49.38,33.63,58.86,3.981,0.1495,0.0147,7.155,6.83,388.3,100.6,15.11,68.08,False,Normal,0,train
PUMP_04,2026-03-17 23:00:00,0.1302,47.84,34.58,55.49,3.999,0.1492,0.0152,7.139,7.62,377.8,98.7,14.96,68.04,False,Normal,0,train
PUMP_04,2026-03-18 00:00:00,0.1715,51.2,33.51,59.75,3.981,0.1525,0.0178,7.005,8.88,383.4,93.2,13.94,68.0,False,Normal,0,train
PUMP_04,2026-03-18 01:00:00,0.1461,48.7,33.81,57.33,3.897,0.155,0.0149,7.128,7.66,376.8,95.5,14.78,67.96,False,Normal,0,train
PUMP_04,2026-03-18 02:00:00,0.15,50.05,33.95,57.27,3.979,0.153,0.0146,7.067,5.96,392.7,92.9,13.28,67.92,False,Normal,0,train
PUMP_04,2026-03-18 03:00:00,0.1648,48.94,34.35,58.8,4.021,0.153,0.0146,7.119,5.77,403.1,102.7,14.41,67.88,False,Normal,0,train
PUMP_04,2026-03-18 04:00:00,0.1457,47.86,34.44,58.1,4.12,0.1514,0.0148,7.152,5.37,401.1,103.5,14.57,67.83,False,Normal,0,train
PUMP_04,2026-03-18 05:00:00,0.1783,50.47,33.6,60.03,3.953,0.1594,0.014,7.235,4.86,407.8,107.0,15.83,67.79,False,Normal,0,train
PUMP_04,2026-03-18 06:00:00,0.1719,48.97,33.0,58.86,3.996,0.1595,0.0141,7.162,3.69,407.0,113.5,13.8,67.75,False,Normal,0,train
PUMP_04,2026-03-18 07:00:00,0.2042,47.6,34.77,59.85,3.988,0.1692,0.0212,7.214,3.98,403.2,118.5,14.69,67.71,False,Normal,0,train
PUMP_04,2026-03-18 08:00:00,0.1631,50.44,32.65,57.5,3.957,0.1713,0.0195,7.12,4.34,398.0,126.9,13.2,67.67,False,Normal,0,train
PUMP_04,2026-03-18 09:00:00,0.1551,54.31,34.24,59.47,3.959,0.1697,0.0205,7.189,3.88,389.9,138.5,13.65,67.62,False,Normal,0,train
PUMP_04,2026-03-18 10:00:00,0.1851,51.53,33.97,55.33,3.849,0.1763,0.0173,7.174,4.55,393.7,135.4,14.04,67.58,False,Normal,0,train
PUMP_04,2026-03-18 11:00:00,0.1246,49.94,34.16,57.9,4.034,0.1673,0.0272,7.261,3.74,391.8,142.3,14.78,67.54,False,Normal,0,train
PUMP_04,2026-03-18 12:00:00,0.1534,54.55,34.19,56.39,4.051,0.1642,0.0276,7.16,3.59,383.2,141.1,12.71,67.5,False,Normal,0,train
PUMP_04,2026-03-18 13:00:00,0.1454,47.36,33.86,58.16,3.965,0.1544,0.0199,7.12,3.91,367.3,135.1,11.62,67.46,False,Normal,0,train
PUMP_04,2026-03-18 14:00:00,0.1635,50.86,33.95,58.22,4.038,0.1545,0.02,7.176,3.19,378.4,146.6,12.49,67.42,False,Normal,0,train
PUMP_04,2026-03-18 15:00:00,0.1895,52.75,34.2,59.15,3.859,0.1602,0.0246,7.167,4.0,384.2,146.0,13.15,67.38,False,Normal,0,train
PUMP_04,2026-03-18 16:00:00,0.1312,48.47,34.16,58.31,4.116,0.1513,0.0235,7.21,3.87,379.2,139.4,13.54,67.33,False,Normal,0,train
PUMP_04,2026-03-18 17:00:00,0.1577,50.45,32.33,57.12,3.936,0.1568,0.0196,7.264,4.27,378.9,141.8,14.67,67.29,False,Normal,0,train
PUMP_04,2026-03-18 18:00:00,0.1609,49.05,33.96,57.45,3.977,0.158,0.0195,7.181,3.32,384.7,125.0,12.92,67.25,False,Normal,0,train
PUMP_04,2026-03-18 19:00:00,0.1601,49.49,34.48,58.25,4.072,0.1605,0.0185,7.216,4.31,384.9,116.4,14.18,67.21,False,Normal,0,train
PUMP_04,2026-03-18 20:00:00,0.145,50.62,33.57,57.23,3.882,0.1574,0.0194,7.193,4.06,383.0,118.3,13.56,67.17,False,Normal,0,train
PUMP_04,2026-03-18 21:00:00,0.1537,47.35,34.28,59.43,3.959,0.1514,0.0115,7.223,4.63,372.6,112.5,14.01,67.12,False,Normal,0,train
PUMP_04,2026-03-18 22:00:00,0.1307,48.49,34.61,57.55,3.94,0.1514,0.0117,7.149,3.93,374.4,106.7,12.41,67.08,False,Normal,0,train
PUMP_04,2026-03-18 23:00:00,0.174,50.06,34.06,59.23,4.041,0.1541,0.0149,7.197,4.14,382.0,94.0,13.63,67.04,False,Normal,0,train
PUMP_04,2026-03-19 00:00:00,0.1338,47.37,34.07,57.19,3.922,0.1495,0.0164,7.246,4.25,369.6,93.1,13.97,67.0,False,Normal,0,train
PUMP_04,2026-03-19 01:00:00,0.138,49.45,33.19,58.75,4.059,0.1459,0.0161,7.16,3.19,388.2,88.4,12.64,66.96,False,Normal,0,train
PUMP_04,2026-03-19 02:00:00,0.1508,47.72,33.94,57.75,4.018,0.1468,0.0162,7.19,4.44,380.7,103.7,13.67,66.92,False,Normal,0,train
PUMP_04,2026-03-19 03:00:00,0.1485,47.8,34.3,59.4,3.873,0.146,0.0159,7.195,3.95,376.5,94.7,13.23,66.88,False,Normal,0,train
PUMP_04,2026-03-19 04:00:00,0.1652,51.38,33.74,60.3,4.065,0.1517,0.0155,7.124,3.49,377.3,97.5,11.82,66.83,False,Normal,0,train
PUMP_04,2026-03-19 05:00:00,0.1549,50.15,33.77,58.25,4.147,0.1485,0.0114,7.234,3.97,386.0,107.1,14.28,66.79,False,Normal,0,train
PUMP_04,2026-03-19 06:00:00,0.147,49.67,34.31,60.28,3.925,0.1507,0.009,7.17,4.47,373.7,114.0,13.08,66.75,False,Normal,0,train
PUMP_04,2026-03-19 07:00:00,0.1428,49.34,34.21,57.82,3.957,0.1515,0.0078,7.196,3.86,370.4,122.7,12.94,66.71,False,Normal,0,train
PUMP_04,2026-03-19 08:00:00,0.1765,50.47,34.28,58.24,3.894,0.1558,0.0128,7.229,4.04,375.0,125.9,13.79,66.67,False,Normal,0,train
PUMP_04,2026-03-19 09:00:00,0.165,49.28,33.06,57.87,3.994,0.1586,0.0127,7.234,3.2,381.5,129.8,13.55,66.62,False,Normal,0,train
PUMP_04,2026-03-19 10:00:00,0.1355,48.87,34.25,56.8,4.086,0.1536,0.0151,7.139,3.66,388.0,136.1,12.62,66.58,False,Normal,0,train
PUMP_04,2026-03-19 11:00:00,0.1622,51.57,33.04,59.76,3.944,0.1548,0.0155,7.219,4.28,386.1,139.2,14.26,66.54,False,Normal,0,train
PUMP_04,2026-03-19 12:00:00,0.1452,49.08,33.84,58.19,3.924,0.1545,0.0157,7.247,4.42,377.8,149.7,14.46,66.5,False,Normal,0,train
PUMP_04,2026-03-19 13:00:00,0.1237,52.01,35.16,57.5,4.1,0.1514,0.02,7.165,4.08,381.4,145.0,13.07,66.46,False,Normal,0,train
PUMP_04,2026-03-19 14:00:00,0.1264,49.17,34.34,57.14,3.937,0.143,0.0177,7.238,4.23,381.7,146.7,14.34,66.42,False,Normal,0,train
PUMP_04,2026-03-19 15:00:00,0.1582,51.13,34.2,60.27,3.941,0.1419,0.0161,7.219,3.84,381.1,140.8,13.74,66.38,False,Normal,0,train
PUMP_04,2026-03-19 16:00:00,0.1616,50.38,33.5,57.83,3.979,0.1462,0.0175,7.223,4.01,370.2,130.4,13.46,66.33,False,Normal,0,train
PUMP_04,2026-03-19 17:00:00,0.1509,50.84,34.93,57.82,3.859,0.1443,0.016,7.242,3.58,378.4,139.1,13.8,66.29,False,Normal,0,train
PUMP_04,2026-03-19 18:00:00,0.129,50.43,34.19,59.23,3.931,0.1416,0.0172,7.154,3.8,384.0,128.8,12.79,66.25,False,Normal,0,train
PUMP_04,2026-03-19 19:00:00,0.1481,51.07,32.61,59.86,4.148,0.1457,0.0148,7.151,3.99,389.3,121.6,13.1,66.21,False,Normal,0,train
PUMP_04,2026-03-19 20:00:00,0.1487,52.18,33.59,57.38,4.056,0.1494,0.0114,7.257,3.37,382.0,105.0,14.05,66.17,False,Normal,0,train
PUMP_04,2026-03-19 21:00:00,0.1054,48.68,34.16,58.75,4.048,0.1406,0.0202,7.183,4.96,385.5,106.9,14.13,66.12,False,Normal,0,train
PUMP_04,2026-03-19 22:00:00,0.1537,52.23,33.86,58.75,4.049,0.1393,0.0188,7.126,3.72,384.4,108.5,12.31,66.08,False,Normal,0,train
PUMP_04,2026-03-19 23:00:00,0.1503,49.55,34.65,57.79,4.049,0.1392,0.0187,7.191,4.08,378.1,103.5,13.34,66.04,False,Normal,0,train
PUMP_04,2026-03-20 00:00:00,0.1852,47.28,33.32,57.54,3.966,0.1486,0.0254,7.194,3.5,373.3,95.0,12.77,66.0,False,Normal,0,train
PUMP_04,2026-03-20 01:00:00,0.1824,51.03,34.1,57.27,3.993,0.1543,0.0289,7.211,2.79,385.7,99.9,13.07,65.96,False,Normal,0,train
PUMP_04,2026-03-20 02:00:00,0.1538,51.24,33.62,59.25,4.028,0.1551,0.0288,7.18,4.68,389.3,102.1,14.05,65.92,False,Normal,0,train
PUMP_04,2026-03-20 03:00:00,0.1638,50.75,34.09,58.3,3.961,0.1649,0.0154,7.286,4.02,377.9,97.7,14.81,65.88,False,Normal,0,train
PUMP_04,2026-03-20 04:00:00,0.1605,49.49,33.67,58.1,4.105,0.166,0.0146,7.155,3.13,386.0,107.6,12.41,65.83,False,Normal,0,train
PUMP_04,2026-03-20 05:00:00,0.1527,48.59,34.04,57.14,3.864,0.1664,0.0141,7.102,3.59,380.8,112.6,11.68,65.79,False,Normal,0,train
PUMP_04,2026-03-20 06:00:00,0.1396,49.21,34.91,59.25,3.974,0.1588,0.0143,7.126,4.83,373.1,116.9,12.61,65.75,False,Normal,0,train
PUMP_04,2026-03-20 07:00:00,0.1496,50.25,33.05,58.38,4.088,0.1533,0.0085,7.162,4.19,380.2,123.7,13.04,65.71,False,Normal,0,train
PUMP_04,2026-03-20 08:00:00,0.1518,49.59,35.24,56.96,4.08,0.153,0.0086,7.223,2.97,377.2,123.0,13.03,65.67,False,Normal,0,train
PUMP_04,2026-03-20 09:00:00,0.175,48.43,36.09,57.58,3.96,0.1549,0.0119,7.189,3.8,382.2,135.6,13.27,65.62,False,Normal,0,train
PUMP_04,2026-03-20 10:00:00,0.1582,49.61,33.7,58.91,4.025,0.1545,0.0118,7.217,3.93,382.0,137.2,13.8,65.58,False,Normal,0,train
PUMP_04,2026-03-20 11:00:00,0.1441,48.75,34.84,55.89,4.024,0.153,0.0125,7.166,4.21,376.8,138.0,12.96,65.54,False,Normal,0,train
PUMP_04,2026-03-20 12:00:00,0.139,48.99,34.54,57.96,4.174,0.153,0.0126,7.22,4.0,373.5,150.2,13.54,65.5,False,Normal,0,train
PUMP_04,2026-03-20 13:00:00,0.154,51.09,34.46,59.0,3.936,0.1537,0.0125,7.12,3.31,377.7,144.5,11.64,65.46,False,Normal,0,train
PUMP_04,2026-03-20 14:00:00,0.1403,48.22,33.54,58.3,4.017,0.1518,0.0137,7.207,3.75,387.7,145.1,13.76,65.42,False,Normal,0,train
PUMP_04,2026-03-20 15:00:00,0.1271,50.49,33.43,58.89,3.967,0.1438,0.0112,7.229,3.64,374.1,142.2,13.46,65.38,False,Normal,0,train
PUMP_04,2026-03-20 16:00:00,0.1274,49.19,33.71,55.5,4.122,0.1386,0.0103,7.153,4.3,383.6,131.5,13.11,65.33,False,Normal,0,train
PUMP_04,2026-03-20 17:00:00,0.1668,50.41,33.74,56.44,3.989,0.1424,0.0155,7.283,3.78,383.0,131.3,14.8,65.29,False,Normal,0,train
PUMP_04,2026-03-20 18:00:00,0.1381,48.61,33.26,59.08,3.95,0.1423,0.0156,7.105,3.78,377.2,129.6,11.71,65.25,False,Normal,0,train
PUMP_04,2026-03-20 19:00:00,0.1569,49.67,33.53,58.48,4.059,0.1428,0.016,7.234,3.9,375.8,120.1,13.8,65.21,False,Normal,0,train
PUMP_04,2026-03-20 20:00:00,0.1149,48.71,34.6,57.68,3.936,0.1385,0.0197,7.241,3.66,383.0,112.1,14.03,65.17,False,Normal,0,train
PUMP_04,2026-03-20 21:00:00,0.1607,50.44,34.93,58.33,4.015,0.1441,0.0206,7.156,4.6,379.9,108.8,13.21,65.12,False,Normal,0,train
PUMP_04,2026-03-20 22:00:00,0.1567,47.26,33.46,58.72,4.054,0.149,0.0193,7.215,4.45,377.5,106.6,13.95,65.08,False,Normal,0,train
PUMP_04,2026-03-20 23:00:00,0.1608,49.85,35.46,57.42,3.861,0.148,0.0183,7.156,4.47,382.4,91.8,13.22,65.04,False,Normal,0,train
PUMP_04,2026-03-21 00:00:00,0.126,48.01,33.14,57.17,3.935,0.146,0.0202,7.214,3.51,388.1,95.4,13.71,65.0,False,Normal,0,train
PUMP_04,2026-03-21 01:00:00,0.1531,49.01,33.29,56.4,4.153,0.1454,0.0198,7.188,4.14,386.2,95.1,13.66,64.96,False,Normal,0,train
PUMP_04,2026-03-21 02:00:00,0.1427,49.48,32.87,59.75,4.018,0.15,0.0135,7.199,4.32,380.6,102.9,13.73,64.92,False,Normal,0,train
PUMP_04,2026-03-21 03:00:00,0.1395,51.06,32.92,58.09,3.909,0.1465,0.0129,7.17,3.59,363.1,103.2,12.02,64.88,False,Normal,0,train
PUMP_04,2026-03-21 04:00:00,0.1305,47.45,34.68,59.83,4.011,0.1421,0.0132,7.17,3.53,378.8,96.8,12.64,64.83,False,Normal,0,train
PUMP_04,2026-03-21 05:00:00,0.1435,47.17,33.71,56.39,3.85,0.1392,0.0097,7.16,3.6,375.0,112.9,12.38,64.79,False,Normal,0,train
PUMP_04,2026-03-21 06:00:00,0.1428,51.66,33.97,58.16,4.013,0.142,0.0073,7.231,3.42,379.0,112.9,13.54,64.75,False,Normal,0,train
PUMP_04,2026-03-21 07:00:00,0.1714,49.46,33.78,56.57,4.032,0.1451,0.0138,7.282,4.42,378.3,113.6,15.04,64.71,False,Normal,0,train
PUMP_04,2026-03-21 08:00:00,0.1496,47.37,33.19,60.11,3.993,0.1462,0.0138,7.313,4.38,378.4,121.1,15.5,64.67,False,Normal,0,train
PUMP_04,2026-03-21 09:00:00,0.1547,49.35,32.93,61.27,3.94,0.1488,0.0137,7.246,3.87,385.4,138.0,14.36,64.62,False,Normal,0,train
PUMP_04,2026-03-21 10:00:00,0.173,49.26,32.63,59.5,4.143,0.1558,0.0134,7.199,3.97,378.9,139.5,13.41,64.58,False,Normal,0,train
PUMP_04,2026-03-21 11:00:00,0.1537,49.11,33.78,56.66,3.973,0.1575,0.0121,7.249,3.73,378.6,137.7,14.03,64.54,False,Normal,0,train
PUMP_04,2026-03-21 12:00:00,0.1393,50.32,34.19,56.61,3.849,0.157,0.013,7.216,4.93,382.4,150.5,14.51,64.5,False,Normal,0,train
PUMP_04,2026-03-21 13:00:00,0.1505,47.43,33.36,57.88,3.987,0.1535,0.011,7.182,3.83,374.7,147.8,12.87,64.46,False,Normal,0,train
PUMP_04,2026-03-21 14:00:00,0.1332,50.04,32.56,58.17,4.094,0.1507,0.0138,7.298,3.79,378.3,143.1,14.84,64.42,False,Normal,0,train
PUMP_04,2026-03-21 15:00:00,0.1166,49.27,34.47,58.62,4.129,0.1444,0.0193,7.248,3.95,373.1,142.8,13.95,64.38,False,Normal,0,train
PUMP_04,2026-03-21 16:00:00,0.1469,49.87,34.55,58.57,3.784,0.14,0.0137,7.162,3.47,383.1,134.2,12.65,64.33,False,Normal,0,train
PUMP_04,2026-03-21 17:00:00,0.1501,51.3,33.06,58.02,3.933,0.1394,0.0131,7.247,4.11,381.2,140.5,14.38,64.29,False,Normal,0,train
PUMP_04,2026-03-21 18:00:00,0.1371,51.48,33.18,57.73,3.97,0.1391,0.0131,7.228,4.57,390.3,121.7,14.78,64.25,False,Normal,0,train
PUMP_04,2026-03-21 19:00:00,0.1384,52.34,34.37,57.01,4.013,0.137,0.0119,7.152,3.93,371.8,114.8,12.35,64.21,False,Normal,0,train
PUMP_04,2026-03-21 20:00:00,0.135,47.1,32.74,58.81,3.891,0.1374,0.0118,7.203,4.32,384.9,114.3,13.97,64.17,False,Normal,0,train
PUMP_04,2026-03-21 21:00:00,0.1661,50.5,33.08,55.15,4.044,0.1456,0.0117,7.196,3.22,371.2,119.0,12.53,64.12,False,Normal,0,train
PUMP_04,2026-03-21 22:00:00,0.1495,51.12,34.78,58.12,4.074,0.146,0.0118,7.07,3.62,375.0,96.7,10.94,64.08,False,Normal,0,train
PUMP_04,2026-03-21 23:00:00,0.1455,49.07,33.59,58.27,3.929,0.1453,0.0116,7.129,4.04,369.3,101.6,11.94,64.04,False,Normal,0,train
PUMP_04,2026-03-22 00:00:00,0.1645,49.91,33.93,57.73,3.996,0.1498,0.013,7.254,3.26,380.3,96.1,13.86,64.0,False,Normal,0,train
PUMP_04,2026-03-22 01:00:00,0.1685,51.95,33.2,58.98,4.065,0.1549,0.0135,7.164,4.13,381.4,96.6,13.07,63.96,False,Normal,0,train
PUMP_04,2026-03-22 02:00:00,0.1617,49.64,34.59,59.18,4.141,0.1593,0.0095,7.229,3.88,378.4,100.4,13.81,63.92,False,Normal,0,train
PUMP_04,2026-03-22 03:00:00,0.1716,51.9,33.85,58.25,4.084,0.1602,0.0105,7.263,4.12,369.1,95.6,14.14,63.88,False,Normal,0,train
PUMP_04,2026-03-22 04:00:00,0.167,49.87,34.51,60.78,3.958,0.1631,0.0093,7.096,3.91,377.3,101.3,11.67,63.83,False,Normal,0,train
PUMP_04,2026-03-22 05:00:00,0.1604,50.63,33.58,57.16,4.036,0.1656,0.0042,7.28,3.93,380.6,104.7,14.77,63.79,False,Normal,0,train
PUMP_04,2026-03-22 06:00:00,0.1749,51.34,33.21,57.44,3.981,0.1674,0.0056,7.191,2.96,375.4,119.1,12.44,63.75,False,Normal,0,train
PUMP_04,2026-03-22 07:00:00,0.1456,48.31,33.83,57.5,3.94,0.1635,0.0104,7.219,3.56,379.9,125.1,13.5,63.71,False,Normal,0,train
PUMP_04,2026-03-22 08:00:00,0.1443,50.59,33.39,59.35,4.04,0.1606,0.0131,7.297,4.2,385.4,122.0,15.42,63.67,False,Normal,0,train
PUMP_04,2026-03-22 09:00:00,0.1645,49.23,33.58,58.44,4.039,0.1594,0.0122,7.248,3.43,377.1,134.0,13.75,63.62,False,Normal,0,train
PUMP_04,2026-03-22 10:00:00,0.1448,51.77,33.38,55.69,3.999,0.1558,0.0128,7.191,3.61,374.6,141.9,12.86,63.58,False,Normal,0,train
PUMP_04,2026-03-22 11:00:00,0.1649,49.49,33.13,57.61,4.08,0.1565,0.0132,7.173,3.83,379.6,135.3,12.93,63.54,False,Normal,0,train
PUMP_04,2026-03-22 12:00:00,0.1538,49.47,34.36,57.28,3.977,0.153,0.0097,7.178,3.86,389.1,149.7,13.42,63.5,False,Normal,0,train
PUMP_04,2026-03-22 13:00:00,0.1785,48.7,34.18,60.03,3.993,0.1585,0.0133,7.172,4.29,382.5,144.7,13.35,63.46,False,Normal,0,train
PUMP_04,2026-03-22 14:00:00,0.1302,49.9,33.29,57.03,4.016,0.1561,0.0171,7.263,4.09,372.5,142.3,14.26,63.42,False,Normal,0,train
PUMP_04,2026-03-22 15:00:00,0.1569,50.8,34.96,57.98,4.026,0.1548,0.0166,7.227,3.74,386.8,147.2,14.03,63.38,False,Normal,0,train
PUMP_04,2026-03-22 16:00:00,0.1339,50.09,33.45,56.11,3.926,0.153,0.0184,7.21,3.31,377.9,142.2,13.1,63.33,False,Normal,0,train
PUMP_04,2026-03-22 17:00:00,0.1447,53.3,34.4,58.19,4.151,0.1497,0.0176,7.189,5.22,378.8,127.0,14.13,63.29,False,Normal,0,train
PUMP_04,2026-03-22 18:00:00,0.1509,49.32,32.32,60.26,4.054,0.1492,0.0175,7.236,4.02,373.6,129.4,13.82,63.25,False,Normal,0,train
PUMP_04,2026-03-22 19:00:00,0.1463,48.69,33.72,57.0,4.0,0.1438,0.0101,7.106,4.37,380.7,122.7,12.28,63.21,False,Normal,0,train
PUMP_04,2026-03-22 20:00:00,0.1489,49.8,32.78,59.12,4.002,0.1469,0.0077,7.293,3.05,370.2,104.8,13.92,63.17,False,Normal,0,train
PUMP_04,2026-03-22 21:00:00,0.1492,50.51,33.37,57.75,3.994,0.1456,0.0062,7.187,3.85,374.4,109.7,12.95,63.12,False,Normal,0,train
PUMP_04,2026-03-22 22:00:00,0.1414,48.09,34.14,57.98,4.117,0.1469,0.0035,7.152,3.84,383.0,100.7,12.75,63.08,False,Normal,0,train
PUMP_04,2026-03-22 23:00:00,0.1603,51.96,34.07,58.74,4.077,0.1495,0.0062,7.257,3.81,380.6,102.9,14.31,63.04,False,Normal,0,train
PUMP_04,2026-03-23 00:00:00,0.1637,49.62,33.43,56.49,4.051,0.1516,0.0086,7.256,4.31,376.2,92.4,14.46,63.0,False,Normal,0,train
PUMP_04,2026-03-23 01:00:00,0.1476,52.54,33.92,57.08,4.198,0.1519,0.0084,7.196,3.89,379.0,95.5,13.33,62.96,False,Normal,0,train
PUMP_04,2026-03-23 02:00:00,0.1433,52.0,34.08,56.91,4.047,0.1509,0.0091,7.22,5.46,383.5,93.7,14.98,62.92,False,Normal,0,train
PUMP_04,2026-03-23 03:00:00,0.1612,50.99,33.51,60.03,3.928,0.1529,0.0099,7.145,7.68,381.9,95.8,15.27,62.88,False,Normal,0,train
PUMP_04,2026-03-23 04:00:00,0.1618,49.97,34.3,59.27,4.059,0.1563,0.0086,7.049,9.97,383.3,93.6,15.4,62.83,False,Normal,0,train
PUMP_04,2026-03-23 05:00:00,0.1356,48.48,33.98,59.19,4.043,0.1522,0.0117,6.909,10.81,374.1,111.8,16.27,62.79,False,Normal,0,train
PUMP_04,2026-03-23 06:00:00,0.1635,49.05,33.57,59.21,4.111,0.1522,0.0116,6.96,13.01,376.5,118.2,17.09,62.75,False,Normal,0,train
PUMP_04,2026-03-23 07:00:00,0.1476,48.39,34.99,58.97,4.06,0.1522,0.0116,6.93,13.25,389.7,120.3,18.3,62.71,False,Normal,0,train
PUMP_04,2026-03-23 08:00:00,0.1299,48.32,33.66,56.05,4.011,0.1499,0.0146,6.963,11.81,389.6,128.0,16.76,62.67,False,Normal,0,train
PUMP_04,2026-03-23 09:00:00,0.163,50.43,33.25,57.28,4.077,0.1502,0.0149,7.016,10.39,404.0,129.6,16.03,62.62,False,Normal,0,train
PUMP_04,2026-03-23 10:00:00,0.1369,50.49,34.49,57.74,3.866,0.1461,0.0145,7.137,8.68,423.2,142.0,17.57,62.58,False,Normal,0,train
PUMP_04,2026-03-23 11:00:00,0.1719,47.67,34.27,58.16,4.038,0.1521,0.0166,7.075,6.37,433.2,142.6,15.38,62.54,False,Normal,0,train
PUMP_04,2026-03-23 12:00:00,0.1618,49.27,32.68,56.78,4.046,0.1519,0.0164,7.235,4.17,436.5,144.4,16.53,62.5,False,Normal,0,train
PUMP_04,2026-03-23 13:00:00,0.1511,48.78,32.71,56.34,3.893,0.1524,0.0163,7.197,3.89,435.3,150.9,15.68,62.46,False,Normal,0,train
PUMP_04,2026-03-23 14:00:00,0.1659,52.19,34.18,56.74,4.01,0.1584,0.0125,7.158,4.69,434.5,138.9,15.58,62.42,False,Normal,0,train
PUMP_04,2026-03-23 15:00:00,0.1574,46.86,33.47,57.09,3.947,0.1575,0.0123,7.185,3.91,421.3,133.9,14.92,62.38,False,Normal,0,train
PUMP_04,2026-03-23 16:00:00,0.1279,52.88,34.08,57.56,3.965,0.156,0.0155,7.21,4.33,396.3,139.5,14.57,62.33,False,Normal,0,train
PUMP_04,2026-03-23 17:00:00,0.1555,50.87,33.66,58.51,4.074,0.1533,0.0134,7.272,4.33,396.9,131.7,15.59,62.29,False,Normal,0,train
PUMP_04,2026-03-23 18:00:00,0.1297,46.16,34.21,57.82,3.917,0.1479,0.0156,7.236,3.72,387.9,121.9,14.2,62.25,False,Normal,0,train
PUMP_04,2026-03-23 19:00:00,0.1541,49.04,34.35,59.46,3.982,0.1484,0.0157,7.259,4.76,384.9,120.7,15.18,62.21,False,Normal,0,train
PUMP_04,2026-03-23 20:00:00,0.135,50.67,32.77,58.75,3.926,0.1433,0.0138,7.197,4.17,374.5,115.0,13.34,62.17,False,Normal,0,train
PUMP_04,2026-03-23 21:00:00,0.124,48.98,33.29,57.63,4.018,0.1377,0.0137,7.189,3.99,381.8,111.0,13.4,62.12,False,Normal,0,train
PUMP_04,2026-03-23 22:00:00,0.1514,49.59,34.85,58.54,4.027,0.1416,0.0137,7.293,3.93,382.8,97.9,15.05,62.08,False,Normal,0,train
PUMP_04,2026-03-23 23:00:00,0.1402,53.41,34.16,57.88,3.897,0.1391,0.0119,7.193,3.53,387.4,96.7,13.37,62.04,False,Normal,0,train
PUMP_04,2026-03-24 00:00:00,0.1662,49.37,34.31,57.29,3.973,0.1452,0.0151,7.173,3.68,384.3,97.0,13.02,62.0,False,Normal,0,train
PUMP_04,2026-03-24 01:00:00,0.1722,48.38,35.29,58.07,3.985,0.1482,0.0186,7.168,3.59,385.3,99.4,12.91,61.96,False,Normal,0,train
PUMP_04,2026-03-24 02:00:00,0.1291,51.37,34.61,58.5,4.009,0.1472,0.0196,7.125,8.06,380.8,99.5,15.17,61.92,False,Normal,0,train
PUMP_04,2026-03-24 03:00:00,0.1571,47.9,33.97,59.2,4.076,0.1527,0.0161,6.99,9.88,377.7,96.4,14.49,61.88,False,Normal,0,train
PUMP_04,2026-03-24 04:00:00,0.1684,51.05,33.22,60.65,3.923,0.1555,0.0173,6.972,11.9,386.3,104.4,16.55,61.83,False,Normal,0,train
PUMP_04,2026-03-24 05:00:00,0.1615,50.88,34.72,59.53,3.967,0.1591,0.0156,6.894,15.75,373.7,105.4,19.96,61.79,False,Normal,0,train
PUMP_04,2026-03-24 06:00:00,0.1622,52.74,34.74,56.8,4.105,0.1584,0.0153,6.86,17.48,387.6,111.9,22.3,61.75,False,Normal,0,train
PUMP_04,2026-03-24 07:00:00,0.1637,50.62,34.08,56.09,4.063,0.157,0.0141,6.712,17.78,384.0,118.8,24.72,61.71,False,Normal,0,train
PUMP_04,2026-03-24 08:00:00,0.1346,49.65,35.11,59.55,3.923,0.1579,0.012,6.789,15.09,400.8,123.9,22.31,61.67,False,Normal,0,train
PUMP_04,2026-03-24 09:00:00,0.181,49.96,34.17,57.85,3.991,0.1619,0.0152,6.933,12.29,411.1,135.4,18.47,61.62,False,Normal,0,train
PUMP_04,2026-03-24 10:00:00,0.1649,53.21,34.04,57.15,4.033,0.1613,0.015,7.029,10.13,439.0,141.4,17.52,61.58,False,Normal,0,train
PUMP_04,2026-03-24 11:00:00,0.1428,50.09,34.72,59.96,4.071,0.1582,0.0168,7.058,7.22,455.5,140.0,16.62,61.54,False,Normal,0,train
PUMP_04,2026-03-24 12:00:00,0.1388,49.68,34.3,57.77,4.026,0.1543,0.0183,7.1,4.93,464.5,144.8,16.07,61.5,False,Normal,0,train
PUMP_04,2026-03-24 13:00:00,0.1604,49.9,34.46,57.87,4.033,0.1538,0.018,7.222,3.5,477.4,143.5,17.56,61.46,False,Normal,0,train
PUMP_04,2026-03-24 14:00:00,0.1489,50.71,32.71,57.23,4.035,0.1561,0.0158,7.184,3.97,462.2,140.4,16.66,61.42,False,Normal,0,train
PUMP_04,2026-03-24 15:00:00,0.1484,49.44,34.22,55.56,4.004,0.1507,0.0101,7.24,4.2,441.1,137.3,16.83,61.38,False,Normal,0,train
PUMP_04,2026-03-24 16:00:00,0.1497,48.45,33.7,56.89,3.873,0.1482,0.0073,7.131,4.52,419.7,144.7,14.42,61.33,False,Normal,0,train
PUMP_04,2026-03-24 17:00:00,0.1438,48.99,33.66,57.24,3.96,0.1483,0.0072,7.195,4.25,393.7,129.5,14.16,61.29,False,Normal,0,train
PUMP_04,2026-03-24 18:00:00,0.1118,48.67,33.86,56.03,4.099,0.1438,0.0166,7.284,4.37,386.9,129.0,15.39,61.25,False,Normal,0,train
PUMP_04,2026-03-24 19:00:00,0.1342,49.77,33.58,58.1,4.069,0.1395,0.0147,7.185,3.7,387.9,121.6,13.38,61.21,False,Normal,0,train
PUMP_04,2026-03-24 20:00:00,0.1497,49.08,34.43,58.32,3.999,0.1396,0.0148,7.171,3.21,380.2,108.8,12.49,61.17,False,Normal,0,train
PUMP_04,2026-03-24 21:00:00,0.1526,49.73,33.27,59.09,3.981,0.1403,0.0154,7.246,3.32,378.2,109.2,13.68,61.12,False,Normal,0,train
PUMP_04,2026-03-24 22:00:00,0.1379,49.77,32.91,57.09,3.941,0.1383,0.0147,7.261,3.88,383.7,103.5,14.55,61.08,False,Normal,0,train
PUMP_04,2026-03-24 23:00:00,0.1469,50.4,33.91,55.75,3.931,0.1388,0.015,7.168,3.69,386.3,98.3,13.04,61.04,False,Normal,0,train
PUMP_04,2026-03-25 00:00:00,0.1674,48.56,34.8,57.61,4.076,0.1481,0.0118,7.172,3.95,386.9,94.1,13.3,61.0,False,Normal,0,train
PUMP_04,2026-03-25 01:00:00,0.1737,52.55,33.68,56.5,3.975,0.1547,0.0134,7.243,4.29,381.7,95.0,14.47,60.96,False,Normal,0,train
PUMP_04,2026-03-25 02:00:00,0.16,51.87,33.84,57.97,4.024,0.1564,0.0133,7.215,4.25,371.8,97.7,13.57,60.92,False,Normal,0,train
PUMP_04,2026-03-25 03:00:00,0.1704,50.81,33.82,59.04,4.193,0.1594,0.0142,7.216,3.06,385.0,94.9,13.31,60.88,False,Normal,0,train
PUMP_04,2026-03-25 04:00:00,0.164,51.1,35.51,57.36,4.008,0.1637,0.0095,7.212,5.03,378.0,108.1,14.33,60.83,False,Normal,0,train
PUMP_04,2026-03-25 05:00:00,0.1702,48.3,34.56,57.91,3.94,0.1676,0.005,7.197,4.16,377.4,110.2,13.46,60.79,False,Normal,0,train
PUMP_04,2026-03-25 06:00:00,0.1599,49.12,33.64,55.54,4.07,0.1664,0.0059,7.25,4.12,375.1,103.9,14.18,60.75,False,Normal,0,train
PUMP_04,2026-03-25 07:00:00,0.1506,49.29,33.87,57.53,4.086,0.1625,0.0075,7.269,3.94,382.7,119.1,14.68,60.71,False,Normal,0,train
PUMP_04,2026-03-25 08:00:00,0.1864,47.87,33.53,59.93,3.845,0.1669,0.0121,7.026,8.19,384.8,135.0,13.84,60.67,False,Normal,0,train
PUMP_04,2026-03-25 09:00:00,0.1841,49.43,35.12,58.67,4.1,0.1692,0.014,6.999,13.02,376.7,133.9,16.49,60.62,False,Normal,0,train
PUMP_04,2026-03-25 10:00:00,0.1554,53.41,33.08,57.06,3.928,0.1678,0.015,6.821,16.79,383.2,134.8,22.24,60.58,False,Normal,0,train
PUMP_04,2026-03-25 11:00:00,0.1585,50.16,33.41,56.65,4.129,0.1658,0.0154,6.641,21.43,385.5,144.2,28.47,60.54,False,Normal,0,train
PUMP_04,2026-03-25 12:00:00,0.1526,52.3,34.53,57.97,4.102,0.1646,0.0162,6.547,25.85,381.8,135.7,32.92,60.5,False,Normal,0,train
PUMP_04,2026-03-25 13:00:00,0.1482,52.2,35.02,58.61,4.01,0.1642,0.0167,6.573,25.31,380.0,146.1,32.06,60.46,False,Normal,0,train
PUMP_04,2026-03-25 14:00:00,0.1464,48.58,33.99,57.08,3.932,0.1575,0.0138,6.769,21.14,410.0,142.1,27.24,60.42,False,Normal,0,train
PUMP_04,2026-03-25 15:00:00,0.1605,50.05,33.83,57.77,4.088,0.1536,0.0056,6.787,16.09,438.0,141.8,24.6,60.38,False,Normal,0,train
PUMP_04,2026-03-25 16:00:00,0.1253,49.4,34.02,55.68,4.034,0.1486,0.0127,6.88,12.39,477.9,132.4,22.18,60.33,False,Normal,0,train
PUMP_04,2026-03-25 17:00:00,0.1312,51.4,34.04,58.98,3.938,0.144,0.0133,7.074,8.08,509.3,130.8,19.73,60.29,False,Normal,0,train
PUMP_04,2026-03-25 18:00:00,0.154,50.71,35.26,56.97,4.042,0.1443,0.0135,7.176,3.96,532.4,116.0,19.44,60.25,False,Normal,0,train
PUMP_04,2026-03-25 19:00:00,0.1431,52.5,34.26,58.76,3.91,0.1434,0.0133,7.254,4.29,529.5,117.5,20.79,60.21,False,Normal,0,train
PUMP_04,2026-03-25 20:00:00,0.1608,50.31,33.78,58.42,4.021,0.1458,0.0152,7.213,3.54,503.4,114.0,18.53,60.17,False,Normal,0,train
PUMP_04,2026-03-25 21:00:00,0.1446,51.24,34.24,58.55,4.023,0.1432,0.0134,7.236,4.72,465.9,112.0,18.15,60.12,False,Normal,0,train
PUMP_04,2026-03-25 22:00:00,0.1509,49.03,34.56,57.69,4.038,0.1474,0.0102,7.18,5.16,443.9,112.2,16.66,60.08,False,Normal,0,train
PUMP_04,2026-03-25 23:00:00,0.1449,47.8,33.43,59.97,4.097,0.1497,0.0069,7.139,3.76,413.8,95.1,13.77,60.04,False,Normal,0,train
PUMP_04,2026-03-26 00:00:00,0.1709,51.01,34.15,57.22,3.96,0.1525,0.0111,7.266,4.47,382.5,97.9,14.98,60.0,False,Normal,0,train
PUMP_04,2026-03-26 01:00:00,0.1663,50.22,34.01,59.99,3.949,0.1564,0.0112,7.171,3.94,377.9,93.7,12.9,59.96,False,Normal,0,train
PUMP_04,2026-03-26 02:00:00,0.1387,50.83,33.31,58.3,4.002,0.1527,0.013,7.232,3.51,379.0,94.7,13.63,59.92,False,Normal,0,train
PUMP_04,2026-03-26 03:00:00,0.167,52.12,33.75,58.15,4.065,0.1564,0.0134,7.182,4.52,371.3,98.7,13.21,59.88,False,Normal,0,train
PUMP_04,2026-03-26 04:00:00,0.1748,50.5,33.71,57.72,3.983,0.1604,0.0149,7.233,3.89,376.2,101.7,13.79,59.83,False,Normal,0,train
PUMP_04,2026-03-26 05:00:00,0.1598,51.24,33.7,58.13,3.871,0.1629,0.0129,7.215,4.24,383.7,115.0,14.07,59.79,False,Normal,0,train
PUMP_04,2026-03-26 06:00:00,0.1711,51.53,35.12,58.01,3.979,0.163,0.0129,7.206,4.76,376.1,112.3,13.98,59.75,False,Normal,0,train
PUMP_04,2026-03-26 07:00:00,0.1798,49.78,34.01,60.09,4.013,0.1652,0.0147,7.221,4.21,391.9,115.4,14.48,59.71,False,Normal,0,train
PUMP_04,2026-03-26 08:00:00,0.1578,49.1,34.21,56.54,3.938,0.1684,0.0086,7.188,4.08,377.5,127.2,13.26,59.67,False,Normal,0,train
PUMP_04,2026-03-26 09:00:00,0.1629,52.97,34.39,57.77,3.812,0.1677,0.0089,7.115,3.62,375.4,128.2,11.67,59.62,False,Normal,0,train
PUMP_04,2026-03-26 10:00:00,0.1485,50.58,33.96,56.86,4.025,0.1633,0.0109,7.214,3.62,381.7,136.2,13.53,59.58,False,Normal,0,train
PUMP_04,2026-03-26 11:00:00,0.1613,50.43,33.73,57.31,3.895,0.1636,0.0108,7.257,3.95,381.9,145.9,14.46,59.54,False,Normal,0,train
PUMP_04,2026-03-26 12:00:00,0.1366,48.53,34.89,58.02,4.077,0.1578,0.0145,7.198,3.85,386.8,143.2,13.64,59.5,False,Normal,0,train
PUMP_04,2026-03-26 13:00:00,0.1581,50.37,34.9,59.81,4.184,0.1542,0.01,7.184,4.27,378.7,147.1,13.39,59.46,False,Normal,0,train
PUMP_04,2026-03-26 14:00:00,0.1688,50.48,34.54,58.58,3.928,0.156,0.0116,7.213,3.56,375.6,143.3,13.22,59.42,False,Normal,0,train
PUMP_04,2026-03-26 15:00:00,0.1304,48.6,33.93,56.85,4.028,0.1506,0.0149,7.249,3.69,377.1,142.7,13.94,59.38,False,Normal,0,train
PUMP_04,2026-03-26 16:00:00,0.1622,51.11,34.21,57.65,4.024,0.1529,0.0155,7.186,3.94,386.0,134.9,13.48,59.33,False,Normal,0,train
PUMP_04,2026-03-26 17:00:00,0.1409,49.62,33.51,59.38,3.877,0.1495,0.0156,7.125,4.04,388.2,135.7,12.67,59.29,False,Normal,0,train
PUMP_04,2026-03-26 18:00:00,0.1314,46.68,34.06,57.3,3.806,0.1486,0.0166,7.208,4.02,377.0,121.2,13.52,59.25,False,Normal,0,train
PUMP_04,2026-03-26 19:00:00,0.1383,49.21,33.29,58.16,3.892,0.1453,0.0163,7.218,3.92,379.3,116.8,13.71,59.21,False,Normal,0,train
PUMP_04,2026-03-26 20:00:00,0.1429,51.45,34.48,58.49,3.976,0.141,0.0115,7.209,3.69,386.9,113.9,13.71,59.17,False,Normal,0,train
PUMP_04,2026-03-26 21:00:00,0.1382,48.65,34.99,57.74,4.195,0.1423,0.0105,7.175,4.23,383.7,110.8,13.42,59.12,False,Normal,0,train
PUMP_04,2026-03-26 22:00:00,0.1632,53.63,33.32,56.9,4.046,0.1425,0.0109,7.217,4.47,377.1,103.2,13.98,59.08,False,Normal,0,train
PUMP_04,2026-03-26 23:00:00,0.1445,50.72,35.05,58.3,3.929,0.1431,0.0109,7.188,4.12,374.1,100.4,13.15,59.04,False,Normal,0,train
PUMP_04,2026-03-27 00:00:00,0.1559,53.35,34.38,60.77,3.928,0.1472,0.0102,7.178,3.77,376.6,91.0,12.85,59.0,False,Normal,0,train
PUMP_04,2026-03-27 01:00:00,0.1855,48.35,33.53,57.44,3.945,0.155,0.0175,7.186,3.23,384.1,93.7,12.91,58.96,False,Normal,0,train
PUMP_04,2026-03-27 02:00:00,0.1536,48.18,34.15,57.36,3.85,0.1568,0.0166,7.209,4.66,372.4,96.8,13.79,58.92,False,Normal,0,train
PUMP_04,2026-03-27 03:00:00,0.1509,49.64,34.92,58.89,3.929,0.1589,0.0144,7.214,3.93,380.9,98.6,13.71,58.88,False,Normal,0,train
PUMP_04,2026-03-27 04:00:00,0.1541,48.1,34.74,60.86,4.037,0.1574,0.0143,7.174,4.53,378.0,98.0,13.38,58.83,False,Normal,0,train
PUMP_04,2026-03-27 05:00:00,0.1775,49.32,34.72,56.98,3.982,0.1629,0.0147,7.21,4.66,376.2,104.1,13.96,58.79,False,Normal,0,train
PUMP_04,2026-03-27 06:00:00,0.1597,52.38,33.78,56.58,3.967,0.1636,0.0144,7.219,4.32,377.4,113.0,13.92,58.75,False,Normal,0,train
PUMP_04,2026-03-27 07:00:00,0.1647,49.54,33.44,58.96,4.067,0.1601,0.0099,7.228,4.38,384.2,123.0,14.39,58.71,False,Normal,0,train
PUMP_04,2026-03-27 08:00:00,0.1492,47.61,34.0,58.98,3.91,0.1594,0.0106,7.224,4.35,382.5,134.9,14.24,58.67,False,Normal,0,train
PUMP_04,2026-03-27 09:00:00,0.1537,50.45,34.07,56.83,4.034,0.1598,0.0102,7.265,3.91,385.0,128.1,14.69,58.62,False,Normal,0,train
PUMP_04,2026-03-27 10:00:00,0.1705,51.98,33.87,57.64,3.909,0.1626,0.0105,7.234,3.54,375.8,137.9,13.55,58.58,False,Normal,0,train
PUMP_04,2026-03-27 11:00:00,0.1317,47.19,33.63,56.61,4.066,0.1549,0.0137,7.109,11.01,371.5,137.6,16.6,58.54,False,Normal,0,train
PUMP_04,2026-03-27 12:00:00,0.1243,47.97,33.39,57.56,4.005,0.149,0.0181,6.934,14.52,380.8,144.1,18.76,58.5,False,Normal,0,train
PUMP_04,2026-03-27 13:00:00,0.1408,50.08,34.43,57.65,4.013,0.145,0.0165,6.932,14.97,379.8,143.5,19.06,58.46,False,Normal,0,train
PUMP_04,2026-03-27 14:00:00,0.1399,48.2,33.58,59.14,3.989,0.1435,0.0165,6.821,14.87,377.4,145.8,20.67,58.42,False,Normal,0,train
PUMP_04,2026-03-27 15:00:00,0.1398,49.75,34.48,59.47,4.044,0.1412,0.0157,6.92,15.36,370.0,133.7,19.12,58.38,False,Normal,0,train
PUMP_04,2026-03-27 16:00:00,0.1386,52.16,33.82,57.88,3.932,0.1358,0.0066,6.925,15.22,384.2,136.3,19.54,58.33,False,Normal,0,train
PUMP_04,2026-03-27 17:00:00,0.1414,49.43,33.94,59.8,4.081,0.1375,0.0065,7.071,8.18,412.9,132.9,15.73,58.29,False,Normal,0,train
PUMP_04,2026-03-27 18:00:00,0.1346,50.69,33.29,59.15,3.979,0.1392,0.0024,7.098,3.83,462.9,127.3,15.2,58.25,False,Normal,0,train
PUMP_04,2026-03-27 19:00:00,0.1616,50.79,34.24,56.42,4.04,0.1426,0.0096,7.084,4.78,462.7,121.3,15.63,58.21,False,Normal,0,train
PUMP_04,2026-03-27 20:00:00,0.1545,48.81,33.83,59.36,4.053,0.1451,0.0105,7.186,3.69,462.4,114.2,16.49,58.17,False,Normal,0,train
PUMP_04,2026-03-27 21:00:00,0.142,48.42,33.35,58.97,3.939,0.1454,0.0104,7.173,3.93,459.0,112.5,16.31,58.12,False,Normal,0,train
PUMP_04,2026-03-27 22:00:00,0.1595,51.49,33.86,60.31,4.04,0.1489,0.0111,7.125,4.23,448.0,107.6,15.3,58.08,False,Normal,0,train
PUMP_04,2026-03-27 23:00:00,0.1094,50.07,33.48,58.32,3.94,0.1436,0.0197,7.219,4.03,403.5,97.5,14.81,58.04,False,Normal,0,train
PUMP_04,2026-03-28 00:00:00,0.1559,50.31,33.05,60.13,3.873,0.1472,0.0197,7.143,4.24,375.7,93.8,12.58,58.0,False,Normal,0,train
PUMP_04,2026-03-28 01:00:00,0.1663,49.95,34.45,55.92,4.015,0.1479,0.0205,7.117,4.44,389.1,95.8,12.85,57.96,False,Normal,0,train
PUMP_04,2026-03-28 02:00:00,0.1473,49.81,33.31,57.47,4.173,0.1467,0.0202,7.303,4.58,384.6,99.1,15.75,57.92,False,Normal,0,train
PUMP_04,2026-03-28 03:00:00,0.1658,50.29,34.27,55.62,3.948,0.1507,0.0214,7.225,4.02,378.9,98.5,13.87,57.88,False,Normal,0,train
PUMP_04,2026-03-28 04:00:00,0.15,48.32,35.37,57.63,4.041,0.1491,0.021,7.179,4.16,376.8,98.0,13.14,57.83,False,Normal,0,train
PUMP_04,2026-03-28 05:00:00,0.1655,50.58,33.44,58.2,4.066,0.1585,0.0086,7.129,4.08,380.5,111.3,12.45,57.79,False,Normal,0,train
PUMP_04,2026-03-28 06:00:00,0.1412,48.5,34.28,57.97,3.907,0.156,0.0112,7.125,4.7,384.1,115.1,12.97,57.75,False,Normal,0,train
PUMP_04,2026-03-28 07:00:00,0.174,53.49,33.76,59.12,3.951,0.1573,0.0129,7.121,5.77,381.4,127.0,13.52,57.71,False,Normal,0,train
PUMP_04,2026-03-28 08:00:00,0.1595,50.92,34.15,60.97,4.1,0.1593,0.0119,7.124,5.03,372.9,123.5,12.72,57.67,False,Normal,0,train
PUMP_04,2026-03-28 09:00:00,0.1614,50.42,32.94,57.57,4.052,0.1586,0.0116,7.136,5.84,387.0,133.5,14.05,57.62,False,Normal,0,train
PUMP_04,2026-03-28 10:00:00,0.1547,48.4,34.25,59.53,4.006,0.1594,0.011,7.093,4.84,382.3,139.4,12.46,57.58,False,Normal,0,train
PUMP_04,2026-03-28 11:00:00,0.1697,51.66,34.06,58.85,3.874,0.1601,0.0116,7.108,5.3,377.3,140.8,12.82,57.54,False,Normal,0,train
PUMP_04,2026-03-28 12:00:00,0.1546,49.29,35.45,58.45,3.954,0.1623,0.008,7.096,4.98,389.2,140.4,12.91,57.5,False,Normal,0,train
PUMP_04,2026-03-28 13:00:00,0.1624,50.91,32.77,59.03,4.042,0.1604,0.0056,7.101,4.19,398.0,146.1,12.8,57.46,False,Normal,0,train
PUMP_04,2026-03-28 14:00:00,0.1376,49.0,33.71,57.59,3.749,0.1567,0.0109,7.123,3.99,393.9,142.4,12.84,57.42,False,Normal,0,train
PUMP_04,2026-03-28 15:00:00,0.1522,47.13,34.27,59.27,4.065,0.1552,0.0108,7.17,3.82,394.1,141.8,13.48,57.38,False,Normal,0,train
PUMP_04,2026-03-28 16:00:00,0.1657,52.31,34.53,56.27,4.091,0.157,0.0116,7.185,3.65,399.6,137.8,13.83,57.33,False,Normal,0,train
PUMP_04,2026-03-28 17:00:00,0.1654,50.87,33.93,58.19,4.144,0.1563,0.0107,7.223,3.77,388.8,128.3,14.08,57.29,False,Normal,0,train
PUMP_04,2026-03-28 18:00:00,0.1024,49.41,34.76,57.63,4.102,0.1476,0.0246,7.221,4.27,379.6,124.7,14.01,57.25,False,Normal,0,train
PUMP_04,2026-03-28 19:00:00,0.1436,52.95,34.04,60.99,4.032,0.1445,0.0235,7.231,3.9,377.7,118.4,13.83,57.21,False,Normal,0,train
PUMP_04,2026-03-28 20:00:00,0.12,49.97,34.08,56.71,4.062,0.1416,0.0256,7.185,3.17,384.2,113.8,12.85,57.17,False,Normal,0,train
PUMP_04,2026-03-28 21:00:00,0.1379,51.81,32.96,58.59,3.972,0.1392,0.025,7.233,3.51,384.8,109.4,13.88,57.12,False,Normal,0,train
PUMP_04,2026-03-28 22:00:00,0.1376,47.55,34.35,59.52,3.956,0.1345,0.0214,7.093,3.68,380.8,103.6,11.59,57.08,False,Normal,0,train
PUMP_04,2026-03-28 23:00:00,0.1572,49.51,34.91,57.33,4.035,0.1331,0.0192,7.23,3.89,375.8,101.8,13.73,57.04,False,Normal,0,train
PUMP_04,2026-03-29 00:00:00,0.1487,49.56,33.41,58.05,3.934,0.1408,0.0126,7.198,3.88,388.9,96.5,13.76,57.0,False,Normal,0,train
PUMP_04,2026-03-29 01:00:00,0.1422,48.52,33.74,57.39,3.966,0.1406,0.0125,7.248,3.58,374.2,103.0,13.73,56.96,False,Normal,0,train
PUMP_04,2026-03-29 02:00:00,0.1637,48.67,33.15,57.48,4.175,0.1479,0.0107,7.066,4.25,377.7,97.4,11.43,56.92,False,Normal,0,train
PUMP_04,2026-03-29 03:00:00,0.1423,50.22,34.28,60.03,3.941,0.1486,0.01,7.246,3.21,376.5,93.0,13.53,56.88,False,Normal,0,train
PUMP_04,2026-03-29 04:00:00,0.1478,49.74,33.9,55.74,4.019,0.1503,0.0086,7.119,3.7,385.3,100.8,12.21,56.83,False,Normal,0,train
PUMP_04,2026-03-29 05:00:00,0.1547,49.71,34.49,58.33,3.87,0.1499,0.0082,7.256,4.31,379.1,120.3,14.58,56.79,False,Normal,0,train
PUMP_04,2026-03-29 06:00:00,0.1577,49.23,33.95,55.5,3.934,0.1514,0.0087,7.158,4.22,388.2,108.2,13.32,56.75,False,Normal,0,train
PUMP_04,2026-03-29 07:00:00,0.163,51.53,33.94,59.15,3.935,0.1549,0.0085,7.221,3.89,384.0,121.9,13.92,56.71,False,Normal,0,train
PUMP_04,2026-03-29 08:00:00,0.1622,48.13,33.96,57.54,3.99,0.1546,0.0082,7.196,4.38,375.3,135.5,13.5,56.67,False,Normal,0,train
PUMP_04,2026-03-29 09:00:00,0.1485,50.08,34.1,55.93,3.93,0.1556,0.0066,7.251,4.1,378.4,127.6,14.32,56.62,False,Normal,0,train
PUMP_04,2026-03-29 10:00:00,0.1593,49.32,34.01,57.83,3.977,0.1576,0.0054,7.208,4.03,377.3,144.0,13.53,56.58,False,Normal,0,train
PUMP_04,2026-03-29 11:00:00,0.1545,49.2,34.26,56.55,3.959,0.1575,0.0054,7.279,4.24,386.9,148.0,15.21,56.54,False,Normal,0,train
PUMP_04,2026-03-29 12:00:00,0.1508,46.73,34.86,59.2,3.984,0.1564,0.006,7.164,4.16,384.2,143.1,13.21,56.5,False,Normal,0,train
PUMP_04,2026-03-29 13:00:00,0.125,49.94,34.58,59.25,3.866,0.15,0.0133,7.148,4.53,372.1,137.5,12.71,56.46,False,Normal,0,train
PUMP_04,2026-03-29 14:00:00,0.1523,49.08,35.05,56.63,3.875,0.1484,0.012,7.167,3.89,382.6,146.7,13.01,56.42,False,Normal,0,train
PUMP_04,2026-03-29 15:00:00,0.1522,50.42,33.3,58.66,4.062,0.149,0.0121,7.232,3.9,379.7,141.4,13.93,56.38,False,Normal,0,train
PUMP_04,2026-03-29 16:00:00,0.153,54.61,33.55,57.23,3.953,0.148,0.0113,7.234,4.08,373.6,137.0,13.83,56.33,False,Normal,0,train
PUMP_04,2026-03-29 17:00:00,0.1429,50.26,34.67,57.66,4.015,0.146,0.011,7.136,4.01,375.9,135.3,12.3,56.29,False,Normal,0,train
PUMP_04,2026-03-29 18:00:00,0.1563,50.7,33.39,60.4,4.03,0.147,0.0116,7.123,5.96,378.9,126.6,13.59,56.25,False,Normal,0,train
PUMP_04,2026-03-29 19:00:00,0.1479,48.82,34.97,57.56,4.005,0.1508,0.0047,7.146,6.59,368.9,113.7,13.99,56.21,False,Normal,0,train
PUMP_04,2026-03-29 20:00:00,0.1354,50.26,33.69,59.76,3.891,0.148,0.0077,7.194,6.09,381.1,113.2,14.92,56.17,False,Normal,0,train
PUMP_04,2026-03-29 21:00:00,0.1422,49.83,33.91,60.13,3.835,0.1463,0.0077,7.097,5.78,380.4,109.0,13.12,56.12,False,Normal,0,train
PUMP_04,2026-03-29 22:00:00,0.1366,48.76,33.78,57.63,3.966,0.1435,0.0077,7.061,7.01,378.7,104.4,13.32,56.08,False,Normal,0,train
PUMP_04,2026-03-29 23:00:00,0.1328,48.63,34.01,58.35,4.002,0.1419,0.0089,7.182,6.23,380.2,103.5,14.78,56.04,False,Normal,0,train
PUMP_04,2026-03-30 00:00:00,0.1607,50.71,34.99,57.45,4.111,0.1426,0.0104,7.079,5.29,387.6,88.2,12.79,56.0,False,Normal,0,train
PUMP_04,2026-03-30 01:00:00,0.1489,48.99,34.79,58.03,4.156,0.1428,0.0105,7.227,3.99,391.4,99.1,14.4,55.96,False,Normal,0,train
PUMP_04,2026-03-30 02:00:00,0.1655,48.59,35.17,58.81,4.027,0.1478,0.0131,7.092,4.32,393.8,94.4,12.57,55.92,False,Normal,0,train
PUMP_04,2026-03-30 03:00:00,0.1852,51.98,35.37,57.92,3.992,0.155,0.0196,7.194,3.78,393.1,99.2,13.8,55.88,False,Normal,0,train
PUMP_04,2026-03-30 04:00:00,0.1745,52.29,33.73,58.49,3.992,0.1613,0.0186,7.182,4.05,400.2,105.9,14.09,55.83,False,Normal,0,train
PUMP_04,2026-03-30 05:00:00,0.1454,48.61,33.39,57.19,3.994,0.1634,0.0151,7.161,3.78,391.7,104.5,13.21,55.79,False,Normal,0,train
PUMP_04,2026-03-30 06:00:00,0.1517,51.59,34.1,56.94,3.943,0.1619,0.0159,7.272,5.11,385.5,112.1,15.66,55.75,False,Normal,0,train
PUMP_04,2026-03-30 07:00:00,0.1684,47.54,34.2,57.58,4.107,0.1651,0.0146,7.196,3.7,380.1,122.3,13.23,55.71,False,Normal,0,train
PUMP_04,2026-03-30 08:00:00,0.1651,48.57,33.12,58.19,3.965,0.165,0.0146,7.192,4.22,372.4,124.2,13.2,55.67,False,Normal,0,train
PUMP_04,2026-03-30 09:00:00,0.1771,48.18,34.48,59.57,4.026,0.1637,0.0126,7.187,5.14,377.7,133.9,14.0,55.62,False,Normal,0,train
PUMP_04,2026-03-30 10:00:00,0.1497,49.25,33.38,57.8,4.024,0.1596,0.0125,7.162,4.44,380.1,133.4,13.2,55.58,False,Normal,0,train
PUMP_04,2026-03-30 11:00:00,0.1338,50.0,33.75,58.51,3.811,0.1576,0.0156,7.291,3.99,380.8,146.6,14.99,55.54,False,Normal,0,train
PUMP_04,2026-03-30 12:00:00,0.1362,48.11,34.45,56.89,3.916,0.155,0.0179,7.181,4.07,381.7,147.2,13.32,55.5,False,Normal,0,train
PUMP_04,2026-03-30 13:00:00,0.1654,49.34,34.28,59.05,4.026,0.1546,0.0175,7.293,3.67,376.1,142.0,14.6,55.46,False,Normal,0,train
PUMP_04,2026-03-30 14:00:00,0.1476,48.58,34.05,57.55,4.098,0.1516,0.0168,7.159,4.67,374.5,148.6,13.08,55.42,False,Normal,0,train
PUMP_04,2026-03-30 15:00:00,0.1556,50.35,34.15,57.76,4.014,0.148,0.0119,7.201,3.91,377.6,143.4,13.35,55.38,False,Normal,0,train
PUMP_04,2026-03-30 16:00:00,0.1364,50.17,34.39,58.09,4.053,0.1458,0.0127,7.176,3.97,380.9,133.9,13.13,55.33,False,Normal,0,train
PUMP_04,2026-03-30 17:00:00,0.1295,52.08,33.64,57.37,3.911,0.1451,0.0136,7.16,3.65,378.5,135.3,12.55,55.29,False,Normal,0,train
PUMP_04,2026-03-30 18:00:00,0.15,47.37,34.2,56.69,4.002,0.1474,0.013,7.191,3.88,374.4,129.4,13.03,55.25,False,Normal,0,train
PUMP_04,2026-03-30 19:00:00,0.1206,51.7,34.0,58.57,3.906,0.14,0.0134,7.283,4.03,391.0,113.7,15.31,55.21,False,Normal,0,train
PUMP_04,2026-03-30 20:00:00,0.1488,51.7,34.08,59.11,4.062,0.1402,0.0136,7.264,4.44,376.0,103.9,14.67,55.17,False,Normal,0,train
PUMP_04,2026-03-30 21:00:00,0.1674,49.19,34.69,56.42,4.003,0.1421,0.0167,7.201,4.11,373.3,105.9,13.32,55.12,False,Normal,0,train
PUMP_04,2026-03-30 22:00:00,0.1113,49.44,34.17,58.32,4.139,0.1379,0.021,7.132,4.44,376.5,99.4,12.57,55.08,False,Normal,0,train
PUMP_04,2026-03-30 23:00:00,0.1335,50.49,34.85,58.3,3.998,0.1386,0.0208,7.216,3.09,384.3,100.9,13.3,55.04,False,Normal,0,train
PUMP_04,2026-03-31 00:00:00,0.1498,51.51,33.7,57.59,3.874,0.1386,0.0208,7.174,4.56,382.8,93.2,13.59,55.0,False,Normal,0,train
PUMP_04,2026-03-31 01:00:00,0.1457,46.92,33.94,57.58,4.026,0.1428,0.0189,7.152,3.46,388.9,92.6,12.72,54.96,False,Normal,0,train
PUMP_04,2026-03-31 02:00:00,0.1533,49.3,33.09,59.3,3.963,0.1435,0.0192,7.232,4.31,374.9,103.2,14.02,54.92,False,Normal,0,train
PUMP_04,2026-03-31 03:00:00,0.1904,50.65,33.42,60.62,4.076,0.1473,0.026,7.136,2.76,378.5,103.4,11.54,54.88,False,Normal,0,train
PUMP_04,2026-03-31 04:00:00,0.149,50.1,33.78,59.58,3.942,0.1536,0.0193,7.205,4.03,385.1,96.3,13.81,54.83,False,Normal,0,train
PUMP_04,2026-03-31 05:00:00,0.1566,50.03,34.28,58.67,4.1,0.1575,0.0166,7.222,4.38,374.8,113.0,13.9,54.79,False,Normal,0,train
PUMP_04,2026-03-31 06:00:00,0.1453,47.55,33.7,59.44,3.889,0.1567,0.0171,7.233,3.66,385.8,119.9,14.03,54.75,False,Normal,0,train
PUMP_04,2026-03-31 07:00:00,0.1387,49.25,33.35,58.59,4.113,0.1556,0.0182,7.136,4.01,380.2,119.5,12.49,54.71,False,Normal,0,train
PUMP_04,2026-03-31 08:00:00,0.1653,49.41,34.21,57.19,3.89,0.1576,0.0185,7.284,4.37,376.0,125.0,14.93,54.67,False,Normal,0,train
PUMP_04,2026-03-31 09:00:00,0.1328,48.66,33.0,58.45,3.937,0.148,0.0118,7.213,4.29,371.4,125.0,13.56,54.62,False,Normal,0,train
PUMP_04,2026-03-31 10:00:00,0.1355,51.66,33.02,56.4,4.054,0.1457,0.0128,7.199,3.38,382.6,132.4,13.15,54.58,False,Normal,0,train
PUMP_04,2026-03-31 11:00:00,0.1533,49.44,33.51,57.12,4.171,0.1452,0.0123,7.132,4.4,387.4,141.3,13.0,54.54,False,Normal,0,train
PUMP_04,2026-03-31 12:00:00,0.1588,48.71,34.24,59.14,4.007,0.1474,0.0135,7.157,4.68,381.7,142.3,13.37,54.5,False,Normal,0,train
PUMP_04,2026-03-31 13:00:00,0.1344,52.94,33.48,57.78,3.888,0.1467,0.0142,7.181,4.49,382.0,143.7,13.61,54.46,False,Normal,0,train
PUMP_04,2026-03-31 14:00:00,0.1339,50.67,34.06,57.02,3.813,0.1414,0.0115,7.197,3.51,381.3,145.7,13.16,54.42,False,Normal,0,train
PUMP_04,2026-03-31 15:00:00,0.1184,50.24,34.45,57.29,4.076,0.139,0.0147,7.216,3.57,384.6,148.8,13.64,54.38,False,Normal,0,train
PUMP_04,2026-03-31 16:00:00,0.149,49.8,34.28,56.54,4.132,0.1413,0.0151,7.181,4.03,386.1,135.4,13.47,54.33,False,Normal,0,train
PUMP_04,2026-03-31 17:00:00,0.1409,48.99,35.04,58.4,4.087,0.1392,0.0139,7.271,4.23,365.6,130.2,14.2,54.29,False,Normal,0,train
PUMP_04,2026-03-31 18:00:00,0.1402,48.74,34.1,57.49,4.013,0.1361,0.0103,7.18,4.35,378.4,126.0,13.35,54.25,False,Normal,0,train
PUMP_04,2026-03-31 19:00:00,0.1207,48.24,34.85,57.71,3.939,0.1338,0.0121,7.208,3.68,376.9,119.0,13.28,54.21,False,Normal,0,train
PUMP_04,2026-03-31 20:00:00,0.1535,49.5,34.37,58.5,4.041,0.1371,0.0145,7.255,3.97,380.9,120.4,14.4,54.17,False,Normal,0,train
PUMP_04,2026-03-31 21:00:00,0.1354,47.73,33.76,58.41,4.028,0.14,0.0115,7.171,3.67,378.0,106.8,12.72,54.12,False,Normal,0,train
PUMP_04,2026-03-31 22:00:00,0.1583,51.35,33.42,56.58,4.158,0.1415,0.0134,7.13,3.6,382.2,106.1,12.19,54.08,False,Normal,0,train
PUMP_04,2026-03-31 23:00:00,0.1376,48.99,34.1,56.62,4.041,0.141,0.0135,7.178,4.16,381.7,108.8,13.33,54.04,False,Normal,0,train
PUMP_04,2026-04-01 00:00:00,0.1549,51.28,33.22,57.92,4.071,0.1434,0.0146,7.244,3.97,370.4,102.9,13.79,54.0,False,Normal,0,train
PUMP_04,2026-04-01 01:00:00,0.1413,48.75,33.87,58.78,3.99,0.1468,0.0099,7.202,4.18,369.1,94.4,13.2,53.96,False,Normal,0,train
PUMP_04,2026-04-01 02:00:00,0.1694,50.58,33.91,57.2,3.921,0.1495,0.0135,7.232,3.77,383.8,94.1,14.01,53.92,False,Normal,0,train
PUMP_04,2026-04-01 03:00:00,0.1389,47.89,34.71,57.37,3.997,0.1501,0.0128,7.133,4.27,375.8,94.6,12.44,53.88,False,Normal,0,train
PUMP_04,2026-04-01 04:00:00,0.1632,49.04,33.57,58.17,3.806,0.1509,0.0136,7.118,3.55,388.6,102.8,12.23,53.83,False,Normal,0,train
PUMP_04,2026-04-01 05:00:00,0.1413,49.22,34.27,58.15,3.998,0.1515,0.0129,7.228,3.82,384.3,101.3,13.99,53.79,False,Normal,0,train
PUMP_04,2026-04-01 06:00:00,0.1536,50.37,33.42,57.94,4.025,0.1513,0.0129,7.216,3.56,371.1,122.6,13.07,53.75,False,Normal,0,train
PUMP_04,2026-04-01 07:00:00,0.1692,48.11,34.52,58.46,3.955,0.1559,0.0136,7.153,4.11,376.0,117.9,12.66,53.71,False,Normal,0,train
PUMP_04,2026-04-01 08:00:00,0.1415,52.17,34.91,56.91,4.028,0.1513,0.0128,7.141,4.72,381.2,126.7,13.12,53.67,False,Normal,0,train
PUMP_04,2026-04-01 09:00:00,0.1641,49.96,33.5,59.82,4.086,0.1555,0.012,7.19,4.15,377.8,133.7,13.36,53.62,False,Normal,0,train
PUMP_04,2026-04-01 10:00:00,0.1663,49.9,34.09,57.64,4.01,0.156,0.0125,7.196,3.96,379.1,133.0,13.38,53.58,False,Normal,0,train
PUMP_04,2026-04-01 11:00:00,0.1226,47.82,35.55,60.02,3.992,0.1529,0.018,7.138,3.92,374.5,145.7,12.22,53.54,False,Normal,0,train
PUMP_04,2026-04-01 12:00:00,0.1571,50.46,33.56,55.39,3.968,0.1535,0.0181,7.195,3.77,381.7,146.1,13.33,53.5,False,Normal,0,train
PUMP_04,2026-04-01 13:00:00,0.1643,51.64,33.13,55.97,3.979,0.1526,0.0173,7.126,4.44,380.1,144.0,12.63,53.46,False,Normal,0,train
PUMP_04,2026-04-01 14:00:00,0.1338,48.6,34.14,57.9,4.158,0.1514,0.0186,7.167,4.16,383.8,145.8,13.24,53.42,False,Normal,0,train
PUMP_04,2026-04-01 15:00:00,0.13,49.09,33.36,59.2,3.936,0.1457,0.0191,7.133,3.33,379.8,141.4,11.95,53.38,False,Normal,0,train
PUMP_04,2026-04-01 16:00:00,0.117,49.6,34.22,58.28,3.949,0.1375,0.0191,7.193,4.44,376.9,137.7,13.56,53.33,False,Normal,0,train
PUMP_04,2026-04-01 17:00:00,0.1259,49.52,34.52,57.87,4.076,0.138,0.0186,7.167,3.65,380.7,129.9,12.75,53.29,False,Normal,0,train
PUMP_04,2026-04-01 18:00:00,0.1553,48.57,33.39,58.34,3.938,0.1377,0.0182,7.266,3.74,381.8,127.1,14.45,53.25,False,Normal,0,train
PUMP_04,2026-04-01 19:00:00,0.1341,50.59,33.12,57.97,4.07,0.1327,0.0128,7.214,4.16,380.0,121.8,13.84,53.21,False,Normal,0,train
PUMP_04,2026-04-01 20:00:00,0.1488,51.76,34.62,60.35,3.925,0.1352,0.0144,7.133,3.76,386.1,110.3,12.52,53.17,False,Normal,0,train
PUMP_04,2026-04-01 21:00:00,0.1336,49.89,35.04,57.38,3.999,0.1358,0.0142,7.244,4.9,374.6,108.8,14.61,53.12,False,Normal,0,train
PUMP_04,2026-04-01 22:00:00,0.1433,48.64,33.82,59.53,4.074,0.1402,0.0109,7.189,3.9,384.5,94.7,13.44,53.08,False,Normal,0,train
PUMP_04,2026-04-01 23:00:00,0.1661,48.32,34.83,57.11,3.902,0.1469,0.0126,7.236,4.25,373.9,103.4,14.01,53.04,False,Normal,0,train
PUMP_04,2026-04-02 00:00:00,0.1702,53.63,35.06,57.65,4.059,0.1494,0.0157,7.134,3.38,383.3,91.1,12.15,53.0,False,Normal,0,train
PUMP_04,2026-04-02 01:00:00,0.1549,49.34,34.43,56.83,4.072,0.1528,0.0138,7.229,3.75,369.7,88.2,13.36,52.96,False,Normal,0,train
PUMP_04,2026-04-02 02:00:00,0.1519,50.75,34.08,59.02,3.979,0.1533,0.0137,7.301,3.95,378.5,94.0,15.02,52.92,False,Normal,0,train
PUMP_04,2026-04-02 03:00:00,0.1452,47.5,34.41,59.46,4.102,0.1553,0.0109,7.228,4.4,384.8,99.4,14.42,52.88,False,Normal,0,train
PUMP_04,2026-04-02 04:00:00,0.1707,48.86,34.52,57.79,3.986,0.1598,0.0106,7.169,3.57,377.9,101.3,12.62,52.83,False,Normal,0,train
PUMP_04,2026-04-02 05:00:00,0.1579,51.61,32.65,58.65,3.992,0.1585,0.0102,7.256,4.48,379.5,110.9,14.71,52.79,False,Normal,0,train
PUMP_04,2026-04-02 06:00:00,0.1794,48.68,33.93,58.15,4.057,0.16,0.0127,7.164,4.05,381.3,112.7,13.02,52.75,False,Normal,0,train
PUMP_04,2026-04-02 07:00:00,0.1344,48.76,33.21,58.71,4.099,0.1566,0.0165,7.223,4.13,368.3,119.3,13.47,52.71,False,Normal,0,train
PUMP_04,2026-04-02 08:00:00,0.1522,50.54,33.46,59.42,3.774,0.1566,0.0165,7.311,3.7,381.4,126.1,15.13,52.67,False,Normal,0,train
PUMP_04,2026-04-02 09:00:00,0.1549,49.01,34.19,56.63,3.833,0.1582,0.0156,7.17,3.61,375.1,139.5,12.54,52.62,False,Normal,0,train
PUMP_04,2026-04-02 10:00:00,0.1627,50.81,33.94,56.73,3.897,0.1569,0.0147,7.224,3.13,384.6,136.2,13.47,52.58,False,Normal,0,train
PUMP_04,2026-04-02 11:00:00,0.1332,49.0,34.02,57.34,4.05,0.1528,0.0175,7.299,4.12,379.4,151.9,15.14,52.54,False,Normal,0,train
PUMP_04,2026-04-02 12:00:00,0.148,49.84,33.92,57.47,4.018,0.1476,0.0117,7.248,4.25,381.2,152.3,14.49,52.5,False,Normal,0,train
PUMP_04,2026-04-02 13:00:00,0.162,50.97,33.89,58.25,3.849,0.1522,0.0109,7.234,3.86,373.9,140.5,13.69,52.46,False,Normal,0,train
PUMP_04,2026-04-02 14:00:00,0.1497,49.31,33.99,58.01,4.155,0.1518,0.0109,7.1,3.37,383.8,148.1,11.62,52.42,False,Normal,0,train
PUMP_04,2026-04-02 15:00:00,0.1479,48.11,34.94,57.76,4.046,0.1506,0.0109,7.151,3.78,379.7,139.4,12.54,52.38,False,Normal,0,train
PUMP_04,2026-04-02 16:00:00,0.1291,49.34,34.39,57.91,3.979,0.145,0.012,7.242,4.15,372.2,138.5,13.95,52.33,False,Normal,0,train
PUMP_04,2026-04-02 17:00:00,0.1371,48.51,33.44,58.27,4.04,0.1456,0.0113,7.183,4.07,377.2,126.3,13.17,52.29,False,Normal,0,train
PUMP_04,2026-04-02 18:00:00,0.1246,49.26,33.73,57.08,3.975,0.1417,0.014,7.174,4.27,383.1,126.4,13.4,52.25,False,Normal,0,train
PUMP_04,2026-04-02 19:00:00,0.1555,50.01,34.41,55.46,4.087,0.1406,0.0123,6.999,12.39,380.4,131.4,16.21,52.21,False,Normal,0,train
PUMP_04,2026-04-02 20:00:00,0.1477,50.01,33.84,56.91,4.108,0.1403,0.012,6.634,24.75,383.3,110.7,30.81,52.17,False,Normal,0,train
PUMP_04,2026-04-02 21:00:00,0.1448,51.35,34.31,59.33,4.125,0.1398,0.0117,6.297,34.09,377.9,110.8,42.53,52.12,False,Normal,0,train
PUMP_04,2026-04-02 22:00:00,0.1477,48.82,33.99,54.89,4.039,0.1429,0.0107,6.376,34.38,385.8,103.2,41.79,52.08,False,Normal,0,train
PUMP_04,2026-04-02 23:00:00,0.1656,49.97,34.13,59.36,4.009,0.1476,0.0136,6.29,33.89,386.8,96.6,42.87,52.04,False,Normal,0,train
PUMP_04,2026-04-03 00:00:00,0.1803,52.05,34.77,57.32,4.083,0.1569,0.0137,6.258,34.34,371.0,101.1,43.03,52.0,False,Normal,0,train
PUMP_04,2026-04-03 01:00:00,0.1538,50.49,34.24,59.02,4.136,0.1567,0.0138,6.612,24.71,447.3,93.6,33.81,51.96,False,Normal,0,train
PUMP_04,2026-04-03 02:00:00,0.1562,51.42,35.16,56.77,3.979,0.1581,0.0131,6.873,13.31,536.6,96.1,25.37,51.92,False,Normal,0,train
PUMP_04,2026-04-03 03:00:00,0.163,49.91,33.6,54.99,4.117,0.1611,0.0114,7.136,3.88,597.3,99.7,21.44,51.88,False,Normal,0,train
PUMP_04,2026-04-03 04:00:00,0.1805,51.2,33.45,56.97,3.956,0.1666,0.0115,7.147,3.86,594.7,107.6,21.51,51.83,False,Normal,0,train
PUMP_04,2026-04-03 05:00:00,0.1713,49.72,34.24,57.84,3.937,0.1675,0.0117,7.206,4.97,588.3,106.3,22.96,51.79,False,Normal,0,train
PUMP_04,2026-04-03 06:00:00,0.166,47.88,33.87,58.46,4.03,0.1651,0.0099,7.237,3.87,593.4,123.0,22.9,51.75,False,Normal,0,train
PUMP_04,2026-04-03 07:00:00,0.1713,50.97,34.08,56.3,3.941,0.168,0.0083,7.183,3.83,527.8,113.2,19.28,51.71,False,Normal,0,train
PUMP_04,2026-04-03 08:00:00,0.1649,50.55,34.22,58.45,3.848,0.1695,0.0064,7.138,3.43,450.0,124.5,15.02,51.67,False,Normal,0,train
PUMP_04,2026-04-03 09:00:00,0.1361,50.06,33.23,58.03,3.985,0.165,0.0152,7.142,4.4,384.7,137.8,13.04,51.62,False,Normal,0,train
PUMP_04,2026-04-03 10:00:00,0.1711,48.58,32.69,57.26,4.194,0.1635,0.0137,7.12,3.78,378.9,135.8,12.03,51.58,False,Normal,0,train
PUMP_04,2026-04-03 11:00:00,0.1407,52.33,34.43,58.14,3.852,0.1584,0.0157,7.234,3.99,375.0,142.7,13.82,51.54,False,Normal,0,train
PUMP_04,2026-04-03 12:00:00,0.1487,51.19,33.14,58.11,4.07,0.1555,0.0156,7.153,3.66,369.1,140.7,12.05,51.5,False,Normal,0,train
PUMP_04,2026-04-03 13:00:00,0.1358,49.05,33.69,58.63,3.98,0.1495,0.0152,7.209,4.17,382.7,139.7,13.87,51.46,False,Normal,0,train
PUMP_04,2026-04-03 14:00:00,0.1411,52.13,33.9,58.24,3.944,0.1456,0.0133,7.108,4.37,382.2,142.5,12.38,51.42,False,Normal,0,train
PUMP_04,2026-04-03 15:00:00,0.1465,52.05,33.95,58.13,3.933,0.1473,0.0125,7.261,4.52,369.3,145.1,14.4,51.38,False,Normal,0,train
PUMP_04,2026-04-03 16:00:00,0.1617,49.7,34.47,60.37,4.008,0.1458,0.0091,7.197,3.95,382.3,135.7,13.52,51.33,False,Normal,0,train
PUMP_04,2026-04-03 17:00:00,0.134,48.72,34.4,55.67,3.978,0.1446,0.0101,7.119,3.76,384.1,132.5,12.21,51.29,False,Normal,0,train
PUMP_04,2026-04-03 18:00:00,0.162,50.71,34.14,56.44,4.049,0.1468,0.0124,7.167,3.74,366.0,124.9,12.21,51.25,False,Normal,0,train
PUMP_04,2026-04-03 19:00:00,0.1163,49.71,34.34,59.31,4.177,0.1436,0.0174,7.207,4.01,374.7,123.1,13.39,51.21,False,Normal,0,train
PUMP_04,2026-04-03 20:00:00,0.1229,54.04,33.38,56.24,4.019,0.1406,0.0194,7.153,4.1,392.2,107.5,13.33,51.17,False,Normal,0,train
PUMP_04,2026-04-03 21:00:00,0.1302,48.45,33.55,59.08,3.951,0.1378,0.0196,7.216,4.22,380.1,107.4,13.91,51.12,False,Normal,0,train
PUMP_04,2026-04-03 22:00:00,0.1565,52.35,36.16,58.38,4.031,0.137,0.0184,7.262,3.66,391.2,101.3,14.72,51.08,False,Normal,0,train
PUMP_04,2026-04-03 23:00:00,0.1335,49.39,34.09,56.43,3.949,0.1369,0.0184,7.243,4.05,381.0,95.1,14.27,51.04,False,Normal,0,train
PUMP_04,2026-04-04 00:00:00,0.1313,49.65,34.53,59.19,3.963,0.1318,0.0137,7.196,3.59,385.4,101.1,13.38,51.0,False,Normal,0,train
PUMP_04,2026-04-04 01:00:00,0.1795,48.74,33.31,59.43,3.946,0.1423,0.0215,7.269,3.95,378.3,88.4,14.5,50.96,False,Normal,0,train
PUMP_04,2026-04-04 02:00:00,0.153,50.18,34.44,58.04,4.076,0.1473,0.0195,7.207,4.56,376.5,97.7,13.86,50.92,False,Normal,0,train
PUMP_04,2026-04-04 03:00:00,0.1794,48.69,33.85,57.88,4.07,0.1555,0.0211,7.191,3.91,371.9,100.6,12.96,50.88,False,Normal,0,train
PUMP_04,2026-04-04 04:00:00,0.1741,49.65,33.68,59.56,3.986,0.1585,0.0224,7.193,3.65,382.6,101.1,13.24,50.83,False,Normal,0,train
PUMP_04,2026-04-04 05:00:00,0.1718,48.11,35.06,55.96,3.883,0.1648,0.0191,7.202,4.14,375.7,115.7,13.45,50.79,False,Normal,0,train
PUMP_04,2026-04-04 06:00:00,0.1789,47.0,34.92,58.83,3.929,0.1728,0.0102,7.219,4.36,375.1,115.6,13.86,50.75,False,Normal,0,train
PUMP_04,2026-04-04 07:00:00,0.1556,49.66,33.98,56.27,3.997,0.1688,0.0116,7.153,3.69,372.1,117.5,12.2,50.71,False,Normal,0,train
PUMP_04,2026-04-04 08:00:00,0.1413,51.95,34.15,58.7,4.094,0.1669,0.0152,7.254,3.46,380.1,129.3,13.99,50.67,False,Normal,0,train
PUMP_04,2026-04-04 09:00:00,0.1648,50.37,33.77,57.85,3.758,0.1644,0.0139,7.262,3.68,383.7,131.0,14.43,50.62,False,Normal,0,train
PUMP_04,2026-04-04 10:00:00,0.1497,49.74,33.32,57.96,4.02,0.1604,0.0141,7.321,3.82,378.8,136.4,15.26,50.58,False,Normal,0,train
PUMP_04,2026-04-04 11:00:00,0.1616,53.91,34.06,59.98,4.054,0.1586,0.013,7.112,4.61,378.3,146.5,12.44,50.54,False,Normal,0,train
PUMP_04,2026-04-04 12:00:00,0.1635,46.51,34.15,56.12,4.056,0.1561,0.0092,7.199,3.44,387.6,146.7,13.41,50.5,False,Normal,0,train
PUMP_04,2026-04-04 13:00:00,0.1353,50.41,34.63,58.86,4.057,0.1527,0.0125,7.157,3.32,371.9,149.7,12.01,50.46,False,Normal,0,train
PUMP_04,2026-04-04 14:00:00,0.1361,48.67,34.36,57.91,4.085,0.1518,0.0136,7.23,4.11,389.0,134.6,14.43,50.42,False,Normal,0,train
PUMP_04,2026-04-04 15:00:00,0.1416,50.05,33.41,58.12,3.982,0.148,0.0124,7.259,3.72,373.2,143.5,13.96,50.38,False,Normal,0,train
PUMP_04,2026-04-04 16:00:00,0.1604,48.81,32.78,59.03,4.06,0.1498,0.0134,7.2,3.6,379.4,144.2,13.19,50.33,False,Normal,0,train
PUMP_04,2026-04-04 17:00:00,0.1286,48.98,33.81,58.97,3.852,0.1443,0.0144,7.182,4.26,381.8,128.4,13.48,50.29,False,Normal,0,train
PUMP_04,2026-04-04 18:00:00,0.1675,50.4,33.23,58.75,3.964,0.1449,0.0155,7.174,4.04,384.9,127.6,13.31,50.25,False,Normal,0,train
PUMP_04,2026-04-04 19:00:00,0.1157,49.71,33.94,56.96,4.028,0.1416,0.0195,7.188,4.4,372.0,119.5,13.26,50.21,False,Normal,0,train
PUMP_04,2026-04-04 20:00:00,0.1656,48.89,34.27,58.74,3.961,0.1466,0.0214,7.217,4.29,380.8,116.8,14.01,50.17,False,Normal,0,train
PUMP_04,2026-04-04 21:00:00,0.1465,47.97,34.2,58.91,3.919,0.1474,0.0213,7.217,3.52,376.9,105.7,13.3,50.12,False,Normal,0,train
PUMP_04,2026-04-04 22:00:00,0.153,51.13,33.74,58.6,3.949,0.1461,0.0206,7.273,3.33,385.0,105.9,14.4,50.08,False,Normal,0,train
PUMP_04,2026-04-04 23:00:00,0.156,49.63,34.25,58.76,4.053,0.1507,0.0189,7.19,4.45,376.9,97.6,13.53,50.04,False,Normal,0,train
PUMP_04,2026-04-05 00:00:00,0.1153,48.14,34.85,58.12,3.991,0.142,0.0214,7.244,3.95,370.3,107.2,13.77,50.0,False,Normal,0,train
PUMP_04,2026-04-05 01:00:00,0.1483,47.44,34.25,56.61,3.997,0.1474,0.0171,7.154,5.21,381.8,96.9,13.69,49.96,False,Normal,0,train
PUMP_04,2026-04-05 02:00:00,0.1528,50.4,34.23,57.51,4.031,0.1453,0.0151,7.135,4.39,379.8,105.5,12.73,49.92,False,Normal,0,train
PUMP_04,2026-04-05 03:00:00,0.1753,49.52,33.69,57.44,4.022,0.1501,0.0195,7.249,4.55,388.9,101.4,15.04,49.88,False,Normal,0,train
PUMP_04,2026-04-05 04:00:00,0.1574,50.24,34.11,58.03,4.118,0.1509,0.0197,7.22,3.62,384.8,101.3,13.75,49.83,False,Normal,0,train
PUMP_04,2026-04-05 05:00:00,0.181,53.79,34.93,57.52,4.094,0.155,0.0233,7.173,3.97,375.6,108.1,12.86,49.79,False,Normal,0,train
PUMP_04,2026-04-05 06:00:00,0.1873,51.2,33.98,60.17,4.034,0.167,0.0163,7.153,4.32,384.9,115.5,13.18,49.75,False,Normal,0,train
PUMP_04,2026-04-05 07:00:00,0.1685,49.93,33.82,58.55,3.978,0.1704,0.0134,7.176,3.97,380.5,111.3,13.11,49.71,False,Normal,0,train
PUMP_04,2026-04-05 08:00:00,0.1616,47.46,34.75,57.93,4.109,0.1718,0.0115,7.21,4.02,383.6,130.8,13.83,49.67,False,Normal,0,train
PUMP_04,2026-04-05 09:00:00,0.1418,52.43,33.92,58.34,4.135,0.1663,0.0165,7.207,4.1,376.2,133.6,13.53,49.62,False,Normal,0,train
PUMP_04,2026-04-05 10:00:00,0.1647,50.1,34.38,58.51,3.878,0.1675,0.016,7.127,3.71,378.1,140.3,12.05,49.58,False,Normal,0,train
PUMP_04,2026-04-05 11:00:00,0.148,53.66,34.15,60.6,3.995,0.162,0.0161,7.136,3.65,383.2,144.6,12.37,49.54,False,Normal,0,train
PUMP_04,2026-04-05 12:00:00,0.1712,48.77,34.34,58.54,3.986,0.1593,0.0118,7.207,3.93,383.6,139.4,13.71,49.5,False,Normal,0,train
PUMP_04,2026-04-05 13:00:00,0.1257,48.05,34.53,57.52,3.924,0.1522,0.0169,7.229,3.83,369.5,145.8,13.41,49.46,False,Normal,0,train
PUMP_04,2026-04-05 14:00:00,0.1352,52.14,34.79,56.77,3.962,0.1478,0.0174,7.16,3.65,382.9,144.6,12.74,49.42,False,Normal,0,train
PUMP_04,2026-04-05 15:00:00,0.1572,50.36,34.66,58.28,3.971,0.1503,0.0175,7.129,3.95,375.8,137.1,12.15,49.38,False,Normal,0,train
PUMP_04,2026-04-05 16:00:00,0.1675,51.86,34.9,60.46,4.087,0.1508,0.018,7.201,3.48,381.2,143.9,13.21,49.33,False,Normal,0,train
PUMP_04,2026-04-05 17:00:00,0.1516,48.16,33.88,57.81,3.89,0.1514,0.0179,7.09,4.3,371.7,140.4,11.6,49.29,False,Normal,0,train
PUMP_04,2026-04-05 18:00:00,0.1596,48.14,33.31,56.88,4.021,0.1495,0.0159,7.18,4.24,384.4,125.4,13.54,49.25,False,Normal,0,train
PUMP_04,2026-04-05 19:00:00,0.1435,48.46,33.94,59.19,3.939,0.1524,0.0116,7.23,4.27,383.4,122.5,14.31,49.21,False,Normal,0,train
PUMP_04,2026-04-05 20:00:00,0.1674,45.83,35.76,58.15,4.1,0.1578,0.0093,7.188,3.66,375.9,113.7,12.9,49.17,False,Normal,0,train
PUMP_04,2026-04-05 21:00:00,0.1472,49.22,33.97,56.04,4.01,0.1561,0.0103,7.122,3.61,382.0,106.5,12.06,49.12,False,Normal,0,train
PUMP_04,2026-04-05 22:00:00,0.1534,47.19,32.91,58.25,4.076,0.1538,0.0086,7.275,4.53,379.8,101.0,15.07,49.08,False,Normal,0,train
PUMP_04,2026-04-05 23:00:00,0.1513,50.11,35.63,59.37,4.009,0.1537,0.0087,7.2,3.92,383.0,93.7,13.58,49.04,False,Normal,0,train
PUMP_04,2026-04-06 00:00:00,0.1468,49.86,34.15,55.48,3.872,0.1516,0.0085,7.21,4.23,373.1,97.7,13.54,49.0,False,Normal,0,train
PUMP_04,2026-04-06 01:00:00,0.1598,48.66,33.53,58.86,3.959,0.1543,0.008,7.244,3.54,373.9,92.8,13.63,48.96,False,Normal,0,train
PUMP_04,2026-04-06 02:00:00,0.1596,50.77,33.34,56.5,4.139,0.153,0.0057,7.191,3.89,376.3,98.6,13.12,48.92,False,Normal,0,train
PUMP_04,2026-04-06 03:00:00,0.1647,50.24,34.12,57.76,4.047,0.1559,0.0066,7.186,4.48,379.7,96.9,13.6,48.88,False,Normal,0,train
PUMP_04,2026-04-06 04:00:00,0.1259,51.99,34.49,57.43,4.162,0.1514,0.014,7.261,4.05,388.2,98.0,14.86,48.83,False,Normal,0,train
PUMP_04,2026-04-06 05:00:00,0.1475,52.77,34.45,59.33,4.124,0.1507,0.0141,7.159,3.9,380.9,105.1,12.81,48.79,False,Normal,0,train
PUMP_04,2026-04-06 06:00:00,0.1531,50.2,34.58,59.2,3.952,0.1518,0.014,7.246,4.23,384.7,115.3,14.59,48.75,False,Normal,0,train
PUMP_04,2026-04-06 07:00:00,0.1381,50.65,33.15,56.38,3.896,0.1482,0.0143,7.143,4.13,375.6,118.9,12.5,48.71,False,Normal,0,train
PUMP_04,2026-04-06 08:00:00,0.1455,50.88,33.34,55.61,4.09,0.1458,0.0132,7.164,4.83,377.1,123.1,13.38,48.67,False,Normal,0,train
PUMP_04,2026-04-06 09:00:00,0.1685,52.89,34.03,56.18,4.084,0.1464,0.0143,7.215,4.02,376.6,139.2,13.6,48.62,False,Normal,0,train
PUMP_04,2026-04-06 10:00:00,0.1606,47.89,34.72,58.51,4.004,0.1522,0.011,7.271,4.26,379.0,132.5,14.78,48.58,False,Normal,0,train
PUMP_04,2026-04-06 11:00:00,0.1681,49.15,33.78,55.26,3.884,0.1556,0.0123,7.207,3.95,383.3,147.2,13.72,48.54,False,Normal,0,train
PUMP_04,2026-04-06 12:00:00,0.1644,47.93,32.67,57.23,3.958,0.1575,0.0127,7.13,3.6,378.3,148.9,12.03,48.5,False,Normal,0,train
PUMP_04,2026-04-06 13:00:00,0.163,49.06,34.55,59.12,4.014,0.1617,0.0085,7.236,4.17,378.5,148.8,14.12,48.46,False,Normal,0,train
PUMP_04,2026-04-06 14:00:00,0.1464,49.42,32.38,58.72,4.062,0.1618,0.0081,7.16,3.41,382.9,147.5,12.57,48.42,False,Normal,0,train
PUMP_04,2026-04-06 15:00:00,0.1639,48.68,33.74,55.96,3.921,0.1611,0.0076,7.232,4.39,377.5,138.9,14.18,48.38,False,Normal,0,train
PUMP_04,2026-04-06 16:00:00,0.1336,50.63,34.51,58.24,4.083,0.1566,0.0136,7.214,3.47,376.1,135.8,13.2,48.33,False,Normal,0,train
PUMP_04,2026-04-06 17:00:00,0.1606,50.75,34.49,56.85,4.064,0.1553,0.0126,7.125,3.65,378.3,140.5,11.98,48.29,False,Normal,0,train
PUMP_04,2026-04-06 18:00:00,0.154,49.99,33.04,57.23,4.065,0.1536,0.0118,7.218,3.61,389.1,131.0,13.9,48.25,False,Normal,0,train
PUMP_04,2026-04-06 19:00:00,0.1509,50.48,34.58,57.31,4.043,0.1516,0.0109,7.138,4.25,384.4,122.3,12.87,48.21,False,Normal,0,train
PUMP_04,2026-04-06 20:00:00,0.1418,52.66,34.86,57.45,3.827,0.1508,0.0114,7.268,3.55,389.5,111.6,14.66,48.17,False,Normal,0,train
PUMP_04,2026-04-06 21:00:00,0.1335,50.54,34.43,57.9,4.025,0.1457,0.0112,7.121,4.2,373.5,104.3,12.11,48.12,False,Normal,0,train
PUMP_04,2026-04-06 22:00:00,0.1457,48.0,33.89,57.12,3.969,0.1478,0.0096,7.192,3.73,382.0,98.0,13.27,48.08,False,Normal,0,train
PUMP_04,2026-04-06 23:00:00,0.1253,48.81,34.32,57.16,4.047,0.1419,0.0108,7.153,3.95,378.1,95.9,12.63,48.04,False,Normal,0,train
PUMP_04,2026-04-07 00:00:00,0.1662,48.7,33.6,59.07,3.873,0.1439,0.0142,7.271,3.79,378.4,95.1,14.41,48.0,False,Normal,0,train
PUMP_04,2026-04-07 01:00:00,0.1461,52.12,34.69,58.01,3.839,0.1431,0.0139,7.123,4.93,372.3,96.0,12.59,47.96,False,Normal,0,train
PUMP_04,2026-04-07 02:00:00,0.1494,49.24,34.95,56.69,4.048,0.1444,0.0141,7.317,3.33,386.5,101.0,15.17,47.92,False,Normal,0,train
PUMP_04,2026-04-07 03:00:00,0.1303,48.45,33.79,58.12,3.929,0.1438,0.0146,7.182,4.2,371.9,107.2,13.01,47.88,False,Normal,0,train
PUMP_04,2026-04-07 04:00:00,0.1435,48.29,34.51,56.22,3.83,0.1435,0.0146,7.172,4.0,384.4,108.7,13.23,47.83,False,Normal,0,train
PUMP_04,2026-04-07 05:00:00,0.1996,49.14,34.65,58.14,3.915,0.1559,0.0243,7.239,3.69,378.0,102.8,13.82,47.79,False,Normal,0,train
PUMP_04,2026-04-07 06:00:00,0.1509,49.08,33.9,58.67,3.987,0.1533,0.0238,7.198,4.16,375.4,110.8,13.39,47.75,False,Normal,0,train
PUMP_04,2026-04-07 07:00:00,0.1755,48.85,32.67,58.97,4.09,0.1582,0.0251,7.157,3.62,375.2,116.5,12.35,47.71,False,Normal,0,train
PUMP_04,2026-04-07 08:00:00,0.1398,51.31,34.13,58.51,4.003,0.1566,0.026,7.162,3.57,380.3,131.2,12.6,47.67,False,Normal,0,train
PUMP_04,2026-04-07 09:00:00,0.1372,49.56,32.18,56.7,3.954,0.1577,0.0247,7.175,3.54,378.2,136.0,12.7,47.62,False,Normal,0,train
PUMP_04,2026-04-07 10:00:00,0.1549,49.88,35.01,57.32,3.979,0.1596,0.0239,7.165,4.03,380.0,136.1,12.97,47.58,False,Normal,0,train
PUMP_04,2026-04-07 11:00:00,0.1537,51.12,34.4,59.37,4.06,0.152,0.0137,7.241,3.76,370.1,141.7,13.57,47.54,False,Normal,0,train
PUMP_04,2026-04-07 12:00:00,0.1411,51.23,33.89,57.62,4.044,0.1504,0.0144,7.204,3.65,369.7,145.5,12.9,47.5,False,Normal,0,train
PUMP_04,2026-04-07 13:00:00,0.1475,49.08,34.61,57.9,4.057,0.1457,0.0075,7.223,4.14,370.9,147.7,13.59,47.46,False,Normal,0,train
PUMP_04,2026-04-07 14:00:00,0.1335,51.81,33.33,58.81,4.14,0.1446,0.0088,7.179,4.43,384.0,149.6,13.63,47.42,False,Normal,0,train
PUMP_04,2026-04-07 15:00:00,0.1613,49.96,34.72,59.81,4.004,0.1487,0.0101,7.232,3.43,387.2,143.0,13.92,47.38,False,Normal,0,train
PUMP_04,2026-04-07 16:00:00,0.1716,49.11,34.17,57.91,4.057,0.1514,0.0138,7.165,4.13,378.7,137.3,12.98,47.33,False,Normal,0,train
PUMP_04,2026-04-07 17:00:00,0.1561,51.37,34.18,57.53,3.829,0.1519,0.0139,7.154,4.21,383.7,134.6,13.06,47.29,False,Normal,0,train
PUMP_04,2026-04-07 18:00:00,0.1196,50.59,33.78,60.27,4.014,0.1483,0.0191,7.175,4.51,381.7,126.1,13.52,47.25,False,Normal,0,train
PUMP_04,2026-04-07 19:00:00,0.1471,50.44,33.85,60.36,3.892,0.1482,0.0191,7.271,3.88,385.8,122.1,14.8,47.21,False,Normal,0,train
PUMP_04,2026-04-07 20:00:00,0.1327,49.46,34.36,58.04,3.95,0.1481,0.0192,7.171,4.62,386.0,113.3,13.72,47.17,False,Normal,0,train
PUMP_04,2026-04-07 21:00:00,0.1343,50.0,33.47,58.02,3.963,0.1436,0.0186,7.173,4.23,373.8,112.8,12.98,47.12,False,Normal,0,train
PUMP_04,2026-04-07 22:00:00,0.1557,48.9,33.26,59.09,4.0,0.1409,0.0145,7.211,3.25,381.0,107.9,13.19,47.08,False,Normal,0,train
PUMP_04,2026-04-07 23:00:00,0.1491,49.68,34.66,58.53,3.953,0.1398,0.0133,7.193,4.12,384.3,98.1,13.66,47.04,False,Normal,0,train
PUMP_04,2026-04-08 00:00:00,0.1518,49.37,34.32,58.03,3.969,0.1451,0.0095,7.146,3.99,384.3,104.7,12.8,47.0,False,Normal,0,train
PUMP_04,2026-04-08 01:00:00,0.1534,50.37,33.43,58.89,4.052,0.1462,0.0101,7.141,4.39,383.8,96.3,12.99,46.96,False,Normal,0,train
PUMP_04,2026-04-08 02:00:00,0.1416,52.31,34.07,57.22,4.007,0.1476,0.0081,7.237,4.47,379.8,98.0,14.42,46.92,False,Normal,0,train
PUMP_04,2026-04-08 03:00:00,0.1419,49.74,34.03,59.34,3.995,0.1489,0.006,7.141,3.61,383.4,104.6,12.42,46.88,False,Normal,0,train
PUMP_04,2026-04-08 04:00:00,0.1545,51.18,33.57,58.8,4.0,0.1487,0.0057,7.244,4.36,372.9,110.9,14.17,46.83,False,Normal,0,train
PUMP_04,2026-04-08 05:00:00,0.1568,50.2,34.13,58.54,3.982,0.15,0.0066,7.177,3.95,373.1,112.7,12.8,46.79,False,Normal,0,train
PUMP_04,2026-04-08 06:00:00,0.1662,51.72,33.98,57.87,4.079,0.1524,0.0094,7.084,3.72,387.5,115.3,11.76,46.75,False,Normal,0,train
PUMP_04,2026-04-08 07:00:00,0.173,52.55,34.54,57.25,3.993,0.1557,0.0127,7.232,4.58,385.4,119.0,14.65,46.71,False,Normal,0,train
PUMP_04,2026-04-08 08:00:00,0.156,49.23,34.25,55.88,4.181,0.1581,0.0107,7.24,3.81,387.9,128.2,14.34,46.67,False,Normal,0,train
PUMP_04,2026-04-08 09:00:00,0.1597,47.44,33.68,55.88,4.036,0.161,0.0072,7.229,4.01,379.2,135.4,13.94,46.62,False,Normal,0,train
PUMP_04,2026-04-08 10:00:00,0.1688,48.13,33.66,55.99,4.06,0.1634,0.0069,7.177,3.97,375.1,139.8,12.9,46.58,False,Normal,0,train
PUMP_04,2026-04-08 11:00:00,0.1488,51.48,34.26,59.47,3.975,0.1621,0.0089,7.182,4.21,379.1,141.2,13.32,46.54,False,Normal,0,train
PUMP_04,2026-04-08 12:00:00,0.1565,50.48,32.92,57.21,4.044,0.1605,0.0089,7.177,4.53,389.7,141.6,13.91,46.5,False,Normal,0,train
PUMP_04,2026-04-08 13:00:00,0.1507,48.53,33.32,56.55,4.082,0.1568,0.0071,7.164,4.64,375.8,146.3,13.2,46.46,False,Normal,0,train
PUMP_04,2026-04-08 14:00:00,0.1402,52.4,33.89,57.89,4.017,0.1541,0.0099,7.214,4.36,379.1,142.0,13.94,46.42,False,Normal,0,train
PUMP_04,2026-04-08 15:00:00,0.1239,49.52,33.92,56.86,3.969,0.1481,0.0152,7.19,3.32,386.1,135.3,13.12,46.38,False,Normal,0,train
PUMP_04,2026-04-08 16:00:00,0.1272,49.46,34.59,57.53,4.088,0.1412,0.0133,7.177,4.58,380.4,134.5,13.55,46.33,False,Normal,0,train
PUMP_04,2026-04-08 17:00:00,0.1559,49.56,33.15,58.67,4.157,0.1424,0.0143,7.164,4.24,378.1,131.1,13.02,46.29,False,Normal,0,train
PUMP_04,2026-04-08 18:00:00,0.1158,51.9,33.73,57.6,3.881,0.1356,0.0159,7.207,4.44,383.8,123.7,14.08,46.25,False,Normal,0,train
PUMP_04,2026-04-08 19:00:00,0.167,48.85,34.0,57.61,3.962,0.1383,0.0199,7.263,3.88,377.6,121.2,14.33,46.21,False,Normal,0,train
PUMP_04,2026-04-08 20:00:00,0.1312,51.92,33.81,57.98,3.996,0.1368,0.02,7.206,4.0,382.4,108.8,13.69,46.17,False,Normal,0,train
PUMP_04,2026-04-08 21:00:00,0.1164,50.84,33.55,56.32,3.971,0.1356,0.0212,7.132,4.38,367.9,103.2,12.18,46.12,False,Normal,0,train
PUMP_04,2026-04-08 22:00:00,0.1369,52.05,33.62,58.35,3.995,0.1372,0.0208,7.199,4.8,371.2,107.6,13.68,46.08,False,Normal,0,train
PUMP_04,2026-04-08 23:00:00,0.1136,51.15,34.15,59.71,3.92,0.1302,0.0204,7.224,4.08,378.8,102.3,13.89,46.04,False,Normal,0,train
PUMP_04,2026-04-09 00:00:00,0.1244,50.53,33.84,57.56,4.074,0.1316,0.0194,7.235,3.5,386.7,97.3,14.0,46.0,False,Normal,0,train
PUMP_04,2026-04-09 01:00:00,0.1541,51.04,33.77,58.12,4.002,0.1294,0.0149,7.226,4.24,379.2,100.8,14.05,45.96,False,Normal,0,train
PUMP_04,2026-04-09 02:00:00,0.1315,50.14,33.29,57.0,4.02,0.1295,0.0149,7.207,3.93,379.7,93.2,13.54,45.92,False,Normal,0,train
PUMP_04,2026-04-09 03:00:00,0.1343,48.94,35.37,57.13,3.977,0.1325,0.0135,7.336,3.58,381.2,101.5,15.43,45.88,False,Normal,0,train
PUMP_04,2026-04-09 04:00:00,0.1595,50.99,34.09,59.18,3.945,0.1362,0.0175,7.14,3.95,377.9,101.7,12.42,45.83,False,Normal,0,train
PUMP_04,2026-04-09 05:00:00,0.1608,49.89,34.95,58.19,3.947,0.1441,0.0159,7.274,4.19,372.0,113.6,14.49,45.79,False,Normal,0,train
PUMP_04,2026-04-09 06:00:00,0.1675,51.89,33.83,58.8,4.129,0.1513,0.0149,7.228,4.42,383.4,114.6,14.38,45.75,False,Normal,0,train
PUMP_04,2026-04-09 07:00:00,0.1631,51.84,34.07,58.32,3.921,0.1528,0.0157,7.315,3.81,381.3,116.6,15.26,45.71,False,Normal,0,train
PUMP_04,2026-04-09 08:00:00,0.1578,50.88,34.31,57.81,3.968,0.1572,0.0117,7.128,3.82,381.7,132.1,12.29,45.67,False,Normal,0,train
PUMP_04,2026-04-09 09:00:00,0.1656,51.49,33.93,59.46,3.855,0.1624,0.0037,7.277,3.96,374.4,131.1,14.47,45.62,False,Normal,0,train
PUMP_04,2026-04-09 10:00:00,0.1686,50.74,34.07,55.86,4.039,0.1639,0.0041,7.282,4.7,387.6,133.1,15.62,45.58,False,Normal,0,train
PUMP_04,2026-04-09 11:00:00,0.1535,50.75,34.14,57.03,4.071,0.1627,0.0059,7.192,4.54,377.9,147.9,13.66,45.54,False,Normal,0,train
PUMP_04,2026-04-09 12:00:00,0.1576,49.05,33.87,57.54,3.86,0.161,0.0057,7.157,4.23,387.2,146.8,13.28,45.5,False,Normal,0,train
PUMP_04,2026-04-09 13:00:00,0.1082,50.38,33.94,58.05,3.942,0.1519,0.0221,7.306,4.21,369.5,141.7,14.91,45.46,False,Normal,0,train
PUMP_04,2026-04-09 14:00:00,0.1384,50.67,34.62,57.64,3.936,0.1486,0.0225,7.159,3.87,377.9,143.9,12.66,45.42,False,Normal,0,train
PUMP_04,2026-04-09 15:00:00,0.1645,50.55,33.42,58.25,3.971,0.1485,0.0223,7.252,4.31,387.6,141.3,14.87,45.38,False,Normal,0,train
PUMP_04,2026-04-09 16:00:00,0.1329,50.41,35.05,59.64,4.044,0.1425,0.0206,7.275,3.6,379.3,134.2,14.39,45.33,False,Normal,0,train
PUMP_04,2026-04-09 17:00:00,0.1479,50.32,34.35,56.62,3.998,0.1416,0.0201,7.192,4.19,367.7,129.2,12.99,45.29,False,Normal,0,train
PUMP_04,2026-04-09 18:00:00,0.1435,53.12,33.83,59.83,4.0,0.1392,0.0186,7.192,3.19,375.2,126.2,12.6,45.25,False,Normal,0,train
PUMP_04,2026-04-09 19:00:00,0.1309,50.2,34.55,57.74,3.886,0.143,0.0123,7.288,3.34,381.4,124.1,14.51,45.21,False,Normal,0,train
PUMP_04,2026-04-09 20:00:00,0.1481,51.12,34.51,58.23,3.997,0.1446,0.0122,7.185,3.23,387.2,117.0,13.01,45.17,False,Normal,0,train
PUMP_04,2026-04-09 21:00:00,0.136,50.05,34.2,58.03,4.076,0.1399,0.0076,7.172,4.75,378.6,105.4,13.52,45.12,False,Normal,0,train
PUMP_04,2026-04-09 22:00:00,0.1376,50.51,33.94,58.33,4.008,0.1407,0.007,7.065,3.94,385.5,105.8,11.52,45.08,False,Normal,0,train
PUMP_04,2026-04-09 23:00:00,0.1398,48.74,33.03,59.44,3.84,0.1393,0.006,7.256,3.46,382.0,104.4,14.1,45.04,False,Normal,0,train
PUMP_04,2026-04-10 00:00:00,0.1369,49.15,33.59,56.62,4.102,0.1382,0.0057,7.181,4.97,377.9,92.5,13.8,45.0,False,Normal,0,train
PUMP_04,2026-04-10 01:00:00,0.1375,49.29,34.05,57.14,4.108,0.1393,0.0045,7.239,3.69,383.9,98.1,14.07,44.96,False,Normal,0,train
PUMP_04,2026-04-10 02:00:00,0.1476,47.93,34.3,58.75,4.045,0.1392,0.0043,7.193,4.21,384.8,96.0,13.73,44.92,False,Normal,0,train
PUMP_04,2026-04-10 03:00:00,0.158,50.21,34.05,57.04,4.075,0.1429,0.0084,7.267,3.69,378.6,97.4,14.29,44.88,False,Normal,0,train
PUMP_04,2026-04-10 04:00:00,0.1529,48.69,34.26,55.76,4.038,0.1454,0.0088,7.269,4.32,376.4,102.5,14.67,44.83,False,Normal,0,train
PUMP_04,2026-04-10 05:00:00,0.1529,48.42,33.86,58.78,4.053,0.1476,0.0087,7.15,3.99,371.9,110.9,12.36,44.79,False,Normal,0,train
PUMP_04,2026-04-10 06:00:00,0.1985,53.26,34.4,57.07,3.954,0.1579,0.0211,7.177,3.7,382.1,108.6,13.01,44.75,False,Normal,0,train
PUMP_04,2026-04-10 07:00:00,0.1705,51.77,35.31,59.06,4.063,0.1634,0.0189,7.229,3.47,377.1,120.1,13.47,44.71,False,Normal,0,train
PUMP_04,2026-04-10 08:00:00,0.1339,53.12,34.11,57.46,3.821,0.1611,0.0218,7.27,3.72,382.6,125.1,14.54,44.67,False,Normal,0,train
PUMP_04,2026-04-10 09:00:00,0.1608,49.95,33.94,59.37,3.987,0.1616,0.0217,7.206,3.6,381.5,132.7,13.37,44.62,False,Normal,0,train
PUMP_04,2026-04-10 10:00:00,0.1593,49.61,34.01,58.31,4.073,0.1626,0.0214,7.211,3.3,381.8,137.1,13.25,44.58,False,Normal,0,train
PUMP_04,2026-04-10 11:00:00,0.2052,50.66,34.5,57.16,4.117,0.1714,0.0266,7.217,4.29,379.2,138.8,13.95,44.54,False,Normal,0,train
PUMP_04,2026-04-10 12:00:00,0.1551,50.65,33.99,56.53,4.033,0.1641,0.0235,7.156,4.45,373.6,151.8,12.85,44.5,False,Normal,0,train
PUMP_04,2026-04-10 13:00:00,0.179,49.57,34.49,57.72,4.096,0.1656,0.0242,7.177,3.73,382.4,134.7,13.05,44.46,False,Normal,0,train
PUMP_04,2026-04-10 14:00:00,0.139,48.95,34.56,58.07,3.996,0.1664,0.0229,7.191,3.17,384.2,146.6,12.94,44.42,False,Normal,0,train
PUMP_04,2026-04-10 15:00:00,0.1313,50.98,35.09,57.23,4.051,0.1615,0.0271,7.25,4.15,391.6,144.1,14.89,44.38,False,Normal,0,train
PUMP_04,2026-04-10 16:00:00,0.124,47.72,34.29,56.45,4.057,0.1556,0.0312,7.29,4.06,377.0,138.1,14.86,44.33,False,Normal,0,train
PUMP_04,2026-04-10 17:00:00,0.1536,50.96,34.08,57.73,3.811,0.147,0.0199,7.154,3.6,374.8,133.7,12.27,44.29,False,Normal,0,train
PUMP_04,2026-04-10 18:00:00,0.1263,49.64,34.23,59.84,4.062,0.1422,0.021,7.236,3.98,374.2,129.1,13.82,44.25,False,Normal,0,train
PUMP_04,2026-04-10 19:00:00,0.1306,51.26,34.02,58.3,4.009,0.1341,0.0108,7.211,2.9,379.7,118.0,12.89,44.21,False,Normal,0,train
PUMP_04,2026-04-10 20:00:00,0.1491,51.7,34.13,57.22,4.018,0.1358,0.0124,7.175,4.0,384.0,112.2,13.27,44.17,False,Normal,0,train
PUMP_04,2026-04-10 21:00:00,0.138,50.95,34.84,58.18,4.072,0.1369,0.0122,7.152,3.94,384.5,106.4,12.87,44.12,False,Normal,0,train
PUMP_04,2026-04-10 22:00:00,0.1473,48.34,33.74,58.76,3.957,0.1408,0.0109,7.211,4.53,387.8,104.4,14.38,44.08,False,Normal,0,train
PUMP_04,2026-04-10 23:00:00,0.1286,47.83,33.23,56.89,4.002,0.1366,0.0098,7.171,4.1,381.9,100.5,13.18,44.04,False,Normal,0,train
PUMP_04,2026-04-11 00:00:00,0.1142,47.72,34.1,57.69,4.006,0.1346,0.013,7.219,4.04,374.0,91.8,13.57,44.0,False,Normal,0,train
PUMP_04,2026-04-11 01:00:00,0.1719,49.33,34.13,57.82,4.031,0.1415,0.0197,7.15,4.79,381.2,94.9,13.3,43.96,False,Normal,0,train
PUMP_04,2026-04-11 02:00:00,0.1724,47.85,34.61,57.52,3.828,0.1454,0.0234,7.145,3.68,369.5,93.6,11.96,43.92,False,Normal,0,train
PUMP_04,2026-04-11 03:00:00,0.1534,49.98,33.93,56.52,4.054,0.148,0.0233,7.254,3.4,378.3,94.8,13.87,43.88,False,Normal,0,train
PUMP_04,2026-04-11 04:00:00,0.1602,48.7,33.75,58.79,4.057,0.1501,0.0238,7.21,4.37,377.9,100.6,13.82,43.83,False,Normal,0,train
PUMP_04,2026-04-11 05:00:00,0.1456,49.18,33.65,55.47,3.896,0.153,0.0217,7.209,4.42,382.3,103.2,14.03,43.79,False,Normal,0,train
PUMP_04,2026-04-11 06:00:00,0.1561,50.02,33.64,57.21,3.941,0.1599,0.0106,7.175,4.43,382.2,106.5,13.49,43.75,False,Normal,0,train
PUMP_04,2026-04-11 07:00:00,0.196,50.61,33.51,57.13,4.091,0.164,0.018,7.238,3.91,376.3,120.5,13.89,43.71,False,Normal,0,train
PUMP_04,2026-04-11 08:00:00,0.1855,48.82,33.29,57.33,3.922,0.1661,0.0199,7.191,3.72,376.5,130.4,13.01,43.67,False,Normal,0,train
PUMP_04,2026-04-11 09:00:00,0.1613,49.38,32.7,59.75,4.119,0.1674,0.0192,7.239,3.5,380.3,131.4,13.79,43.62,False,Normal,0,train
PUMP_04,2026-04-11 10:00:00,0.1265,50.55,34.51,57.63,3.925,0.1618,0.0256,7.177,3.65,382.4,141.5,12.99,43.58,False,Normal,0,train
PUMP_04,2026-04-11 11:00:00,0.1604,49.83,34.13,59.28,4.078,0.1643,0.0244,7.147,3.4,383.7,144.9,12.38,43.54,False,Normal,0,train
PUMP_04,2026-04-11 12:00:00,0.146,49.79,35.27,58.16,3.923,0.1626,0.0254,7.164,3.82,377.6,140.8,12.69,43.5,False,Normal,0,train
PUMP_04,2026-04-11 13:00:00,0.1412,51.04,33.13,58.54,4.066,0.1535,0.0203,7.221,4.66,379.8,141.9,14.29,43.46,False,Normal,0,train
PUMP_04,2026-04-11 14:00:00,0.1449,48.67,35.18,57.64,4.018,0.1467,0.013,7.151,3.78,374.8,138.6,12.34,43.42,False,Normal,0,train
PUMP_04,2026-04-11 15:00:00,0.1719,51.25,33.92,58.87,4.019,0.1485,0.0158,7.291,4.05,374.9,142.8,14.77,43.38,False,Normal,0,train
PUMP_04,2026-04-11 16:00:00,0.1436,53.44,33.05,57.26,3.917,0.1513,0.0121,7.132,4.22,370.3,139.9,12.16,43.33,False,Normal,0,train
PUMP_04,2026-04-11 17:00:00,0.1553,50.43,32.8,57.47,3.999,0.1505,0.0115,7.193,3.86,376.8,132.6,13.15,43.29,False,Normal,0,train
PUMP_04,2026-04-11 18:00:00,0.1464,49.34,33.68,57.38,3.937,0.1506,0.0115,7.26,3.85,386.4,123.5,14.62,43.25,False,Normal,0,train
PUMP_04,2026-04-11 19:00:00,0.1463,47.84,34.55,56.75,3.929,0.1514,0.0109,7.214,4.51,387.1,119.8,14.38,43.21,False,Normal,0,train
PUMP_04,2026-04-11 20:00:00,0.1514,49.26,34.16,57.97,4.105,0.1525,0.0104,7.182,4.07,382.8,116.4,13.39,43.17,False,Normal,0,train
PUMP_04,2026-04-11 21:00:00,0.1367,50.55,33.78,59.04,4.229,0.1466,0.0064,7.258,4.45,385.0,110.0,14.95,43.12,False,Normal,0,train
PUMP_04,2026-04-11 22:00:00,0.1247,49.83,34.68,57.59,3.939,0.1435,0.0111,7.154,4.96,384.1,104.5,13.59,43.08,False,Normal,0,train
PUMP_04,2026-04-11 23:00:00,0.1714,49.92,34.07,57.04,4.034,0.1462,0.0156,7.186,3.65,380.9,99.7,13.06,43.04,False,Normal,0,train
PUMP_04,2026-04-12 00:00:00,0.1272,49.84,33.05,60.34,4.075,0.143,0.0174,7.119,3.94,367.8,100.6,11.66,43.0,False,Normal,0,train
PUMP_04,2026-04-12 01:00:00,0.157,49.26,34.78,57.53,3.95,0.1447,0.0183,7.244,3.93,391.3,91.2,14.63,42.96,False,Normal,0,train
PUMP_04,2026-04-12 02:00:00,0.1823,49.92,33.38,58.88,3.929,0.1499,0.024,7.228,3.8,379.0,93.5,13.77,42.92,False,Normal,0,train
PUMP_04,2026-04-12 03:00:00,0.1623,48.79,33.36,58.01,4.0,0.1542,0.0235,7.228,3.83,378.9,94.7,13.79,42.88,False,Normal,0,train
PUMP_04,2026-04-12 04:00:00,0.1677,50.15,33.87,59.29,4.001,0.1613,0.0188,7.207,4.56,387.3,100.8,14.3,42.83,False,Normal,0,train
PUMP_04,2026-04-12 05:00:00,0.1688,50.23,34.2,57.94,3.798,0.1609,0.0185,7.204,4.04,380.8,113.5,13.63,42.79,False,Normal,0,train
PUMP_04,2026-04-12 06:00:00,0.1776,52.1,33.62,57.94,4.02,0.1693,0.0094,7.205,5.0,392.6,110.6,14.81,42.75,False,Normal,0,train
PUMP_04,2026-04-12 07:00:00,0.1801,48.85,32.94,57.93,4.064,0.1731,0.008,7.215,3.84,375.8,117.1,13.46,42.71,False,Normal,0,train
PUMP_04,2026-04-12 08:00:00,0.1372,51.1,33.64,57.69,4.039,0.1656,0.0154,7.207,4.6,385.2,119.7,14.24,42.67,False,Normal,0,train
PUMP_04,2026-04-12 09:00:00,0.1768,51.27,34.6,58.07,3.979,0.168,0.0159,7.153,4.7,378.8,135.1,13.2,42.62,False,Normal,0,train
PUMP_04,2026-04-12 10:00:00,0.1541,49.62,34.0,57.08,3.884,0.1658,0.0169,7.087,3.97,380.5,137.6,11.69,42.58,False,Normal,0,train
PUMP_04,2026-04-12 11:00:00,0.1413,49.0,34.67,58.59,4.037,0.1612,0.0195,7.304,4.18,375.6,147.3,15.11,42.54,False,Normal,0,train
PUMP_04,2026-04-12 12:00:00,0.1339,52.0,34.31,61.26,3.938,0.1539,0.0202,7.168,4.35,376.9,149.8,13.1,42.5,False,Normal,0,train
PUMP_04,2026-04-12 13:00:00,0.1513,48.05,33.67,56.88,3.975,0.1491,0.0157,7.191,3.78,386.5,140.6,13.47,42.46,False,Normal,0,train
PUMP_04,2026-04-12 14:00:00,0.1366,48.78,33.57,58.38,4.001,0.149,0.0158,7.256,4.67,382.6,143.9,14.96,42.42,False,Normal,0,train
PUMP_04,2026-04-12 15:00:00,0.1441,48.39,34.12,58.02,4.064,0.1435,0.008,7.182,4.88,382.1,146.8,13.92,42.38,False,Normal,0,train
PUMP_04,2026-04-12 16:00:00,0.1413,48.99,34.12,56.64,4.083,0.1414,0.0061,7.063,6.09,371.8,134.8,12.43,42.33,False,Normal,0,train
PUMP_04,2026-04-12 17:00:00,0.1447,49.65,34.07,58.94,4.017,0.142,0.0062,7.05,7.02,372.0,136.5,12.88,42.29,False,Normal,0,train
PUMP_04,2026-04-12 18:00:00,0.152,52.23,34.12,57.47,4.003,0.145,0.0059,7.152,7.32,375.4,116.6,14.86,42.25,False,Normal,0,train
PUMP_04,2026-04-12 19:00:00,0.158,49.37,33.92,57.17,4.061,0.1461,0.0077,7.138,7.36,378.0,119.8,14.77,42.21,False,Normal,0,train
PUMP_04,2026-04-12 20:00:00,0.1587,53.16,33.93,59.64,3.93,0.1498,0.0075,7.082,6.97,379.5,111.1,13.67,42.17,False,Normal,0,train
PUMP_04,2026-04-12 21:00:00,0.1657,51.35,33.51,57.59,3.945,0.1534,0.0092,7.14,5.98,390.2,111.8,14.35,42.12,False,Normal,0,train
PUMP_04,2026-04-12 22:00:00,0.1411,49.24,33.36,59.4,4.117,0.1534,0.0093,7.175,4.48,401.5,100.8,14.34,42.08,False,Normal,0,train
PUMP_04,2026-04-12 23:00:00,0.1364,49.26,34.45,58.65,4.117,0.152,0.0112,7.212,4.47,410.4,101.7,15.29,42.04,False,Normal,0,train
PUMP_04,2026-04-13 00:00:00,0.1487,50.29,33.41,58.11,3.859,0.1514,0.0113,7.221,4.28,404.0,98.0,15.03,42.0,False,Normal,0,train
PUMP_04,2026-04-13 01:00:00,0.1452,50.11,32.87,58.76,3.96,0.1493,0.011,7.181,3.86,398.8,92.0,13.88,41.96,False,Normal,0,train
PUMP_04,2026-04-13 02:00:00,0.1353,48.25,33.79,58.94,4.074,0.1454,0.0112,7.235,3.92,406.7,99.4,15.12,41.92,False,Normal,0,train
PUMP_04,2026-04-13 03:00:00,0.1532,48.9,34.17,57.79,4.03,0.1433,0.007,7.23,3.73,395.4,100.6,14.43,41.88,False,Normal,0,train
PUMP_04,2026-04-13 04:00:00,0.169,47.68,33.9,57.56,3.988,0.148,0.0124,7.244,3.63,389.0,96.3,14.31,41.83,False,Normal,0,train
PUMP_04,2026-04-13 05:00:00,0.1778,52.64,33.28,59.03,3.903,0.1549,0.0158,7.239,3.57,386.0,109.6,14.07,41.79,False,Normal,0,train
PUMP_04,2026-04-13 06:00:00,0.1586,50.21,34.66,61.33,3.959,0.1565,0.0155,7.237,3.63,378.1,111.7,13.76,41.75,False,Normal,0,train
PUMP_04,2026-04-13 07:00:00,0.1759,49.53,34.14,56.05,3.932,0.1616,0.0161,7.177,4.38,387.3,121.9,13.71,41.71,False,Normal,0,train
PUMP_04,2026-04-13 08:00:00,0.1588,49.0,34.69,56.66,4.109,0.1656,0.0102,7.194,4.41,372.9,127.5,13.39,41.67,False,Normal,0,train
PUMP_04,2026-04-13 09:00:00,0.1213,49.16,33.97,56.84,3.939,0.1602,0.0207,7.157,3.45,383.6,136.6,12.59,41.62,False,Normal,0,train
PUMP_04,2026-04-13 10:00:00,0.1346,47.8,34.29,57.61,4.01,0.1545,0.0225,7.21,4.28,376.7,141.5,13.72,41.58,False,Normal,0,train
PUMP_04,2026-04-13 11:00:00,0.1587,50.24,33.32,56.83,4.033,0.1513,0.0197,7.16,3.51,381.1,138.6,12.56,41.54,False,Normal,0,train
PUMP_04,2026-04-13 12:00:00,0.1228,51.16,32.16,58.73,3.991,0.1454,0.0223,7.223,4.31,381.6,142.1,14.16,41.5,False,Normal,0,train
PUMP_04,2026-04-13 13:00:00,0.1274,52.35,34.02,56.26,3.997,0.1373,0.0173,7.26,4.03,378.2,144.0,14.41,41.46,False,Normal,0,train
PUMP_04,2026-04-13 14:00:00,0.1221,51.19,33.2,57.49,3.898,0.1312,0.0144,7.2,3.79,376.8,148.4,13.22,41.42,False,Normal,0,train
PUMP_04,2026-04-13 15:00:00,0.1398,51.12,34.52,57.41,3.969,0.1342,0.0138,7.173,4.18,375.8,140.1,13.01,41.38,False,Normal,0,train
PUMP_04,2026-04-13 16:00:00,0.1449,51.75,34.56,59.19,3.974,0.1359,0.0145,7.225,4.54,381.4,139.0,14.33,41.33,False,Normal,0,train
PUMP_04,2026-04-13 17:00:00,0.1147,49.77,34.19,57.94,3.952,0.1286,0.0115,7.252,3.25,383.2,136.2,13.93,41.29,False,Normal,0,train
PUMP_04,2026-04-13 18:00:00,0.1513,47.99,33.5,56.39,4.111,0.1334,0.0142,7.163,4.46,389.1,126.7,13.6,41.25,False,Normal,0,train
PUMP_04,2026-04-13 19:00:00,0.1405,51.17,33.99,58.36,4.154,0.1356,0.0141,7.206,3.68,378.7,127.0,13.32,41.21,False,Normal,0,train
PUMP_04,2026-04-13 20:00:00,0.1215,48.93,34.33,56.89,4.079,0.1354,0.0142,7.216,4.57,372.3,111.4,13.83,41.17,False,Normal,0,train
PUMP_04,2026-04-13 21:00:00,0.1435,49.87,34.24,56.57,4.121,0.1361,0.0145,7.186,4.35,382.4,109.7,13.62,41.12,False,Normal,0,train
PUMP_04,2026-04-13 22:00:00,0.1336,48.48,33.45,59.33,3.949,0.1342,0.0139,7.226,3.55,371.3,103.9,13.23,41.08,False,Normal,0,train
PUMP_04,2026-04-13 23:00:00,0.1358,51.73,32.87,57.48,3.983,0.1377,0.0101,7.118,3.77,388.0,98.9,12.36,41.04,False,Normal,0,train
PUMP_04,2026-04-14 00:00:00,0.131,51.28,34.23,58.59,3.931,0.1343,0.0078,7.217,4.19,383.8,87.3,14.07,41.0,False,Normal,0,train
PUMP_04,2026-04-14 01:00:00,0.1523,47.9,33.99,57.43,4.009,0.1363,0.0106,7.29,4.38,375.0,93.9,14.99,40.96,False,Normal,0,train
PUMP_04,2026-04-14 02:00:00,0.1512,50.15,34.34,58.3,3.929,0.1412,0.0092,7.228,4.19,372.1,88.9,13.75,40.92,False,Normal,0,train
PUMP_04,2026-04-14 03:00:00,0.1531,51.56,33.99,59.68,3.915,0.1428,0.0104,7.202,4.16,375.7,96.4,13.46,40.88,False,Normal,0,train
PUMP_04,2026-04-14 04:00:00,0.1567,49.81,33.9,58.23,3.781,0.1467,0.0106,7.139,3.74,382.7,102.0,12.46,40.83,False,Normal,0,train
PUMP_04,2026-04-14 05:00:00,0.1632,49.98,33.89,57.57,4.037,0.1512,0.0108,7.183,4.01,376.2,116.7,13.07,40.79,False,Normal,0,train
PUMP_04,2026-04-14 06:00:00,0.157,51.45,33.81,56.42,4.094,0.1556,0.0044,7.215,3.97,383.7,116.6,13.88,40.75,False,Normal,0,train
PUMP_04,2026-04-14 07:00:00,0.1298,49.6,35.44,59.07,4.086,0.1518,0.0116,7.205,3.4,384.7,115.9,13.35,40.71,False,Normal,0,train
PUMP_04,2026-04-14 08:00:00,0.1579,49.87,33.86,58.58,4.061,0.153,0.0118,7.138,4.13,377.1,127.3,12.49,40.67,False,Normal,0,train
PUMP_04,2026-04-14 09:00:00,0.1425,51.18,33.8,58.39,4.066,0.1512,0.0125,7.212,3.85,384.4,134.2,13.78,40.62,False,Normal,0,train
PUMP_04,2026-04-14 10:00:00,0.1718,48.49,34.43,57.9,3.975,0.1537,0.0151,7.157,4.55,386.0,138.1,13.45,40.58,False,Normal,0,train
PUMP_04,2026-04-14 11:00:00,0.159,48.97,34.27,59.35,3.874,0.153,0.0147,7.171,4.47,382.8,141.7,13.49,40.54,False,Normal,0,train
PUMP_04,2026-04-14 12:00:00,0.1648,47.43,34.05,57.47,3.914,0.1543,0.0154,7.245,4.07,382.7,141.9,14.38,40.5,False,Normal,0,train
PUMP_04,2026-04-14 13:00:00,0.1392,53.01,33.49,58.66,3.976,0.1559,0.0127,7.188,4.44,377.2,146.4,13.5,40.46,False,Normal,0,train
PUMP_04,2026-04-14 14:00:00,0.1583,50.18,33.21,60.18,3.826,0.1559,0.0127,7.168,4.25,390.2,145.2,13.58,40.42,False,Normal,0,train
PUMP_04,2026-04-14 15:00:00,0.1261,51.58,33.97,58.1,4.045,0.1532,0.0171,7.151,3.99,375.1,144.4,12.5,40.38,False,Normal,0,train
PUMP_04,2026-04-14 16:00:00,0.141,48.21,33.88,57.6,4.033,0.1481,0.0149,7.164,3.43,377.8,141.0,12.44,40.33,False,Normal,0,train
PUMP_04,2026-04-14 17:00:00,0.1267,51.86,33.7,57.33,4.043,0.1427,0.016,7.173,3.94,384.7,135.7,13.22,40.29,False,Normal,0,train
PUMP_04,2026-04-14 18:00:00,0.1489,49.56,34.48,57.32,4.073,0.14,0.0125,7.243,3.87,378.1,126.9,14.01,40.25,False,Normal,0,train
PUMP_04,2026-04-14 19:00:00,0.1661,52.07,34.55,58.04,3.856,0.1445,0.0164,7.198,3.96,378.5,119.4,13.38,40.21,False,Normal,0,train
PUMP_04,2026-04-14 20:00:00,0.1466,49.7,34.69,59.99,3.937,0.1426,0.0151,7.26,3.91,373.2,116.5,14.12,40.17,False,Normal,0,train
PUMP_04,2026-04-14 21:00:00,0.1205,48.37,33.38,58.52,3.907,0.1416,0.0164,7.142,4.44,377.7,104.2,12.78,40.12,False,Normal,0,train
PUMP_04,2026-04-14 22:00:00,0.1348,51.63,34.62,58.25,3.954,0.1406,0.0166,7.265,4.49,392.1,92.4,15.38,40.08,False,Normal,0,train
PUMP_04,2026-04-14 23:00:00,0.1933,50.09,32.86,58.17,3.943,0.1517,0.0254,7.193,3.8,378.2,91.4,13.17,40.04,False,Normal,0,train
PUMP_04,2026-04-15 00:00:00,0.1623,48.24,33.97,56.14,3.827,0.1539,0.0257,7.189,3.47,386.4,88.4,13.21,40.0,False,Normal,0,train
PUMP_04,2026-04-15 01:00:00,0.141,47.53,34.52,57.88,4.055,0.1498,0.0254,7.188,3.61,377.5,97.2,12.93,39.96,False,Normal,0,train
PUMP_04,2026-04-15 02:00:00,0.1688,50.62,33.38,56.89,4.108,0.1534,0.0264,7.313,4.5,374.7,96.4,15.43,39.92,False,Normal,0,train
PUMP_04,2026-04-15 03:00:00,0.1589,49.96,33.2,59.81,3.941,0.1599,0.0209,7.176,4.38,376.1,101.5,13.22,39.88,False,Normal,0,train
PUMP_04,2026-04-15 04:00:00,0.198,50.31,33.97,56.95,3.949,0.1704,0.0217,7.304,3.54,383.6,104.4,14.99,39.83,False,Normal,0,train
PUMP_04,2026-04-15 05:00:00,0.1607,50.35,34.99,56.4,4.067,0.165,0.0187,7.243,3.41,369.1,111.7,13.33,39.79,False,Normal,0,train
PUMP_04,2026-04-15 06:00:00,0.1562,49.79,35.02,55.93,3.994,0.1639,0.019,7.145,3.76,388.5,118.1,12.81,39.75,False,Normal,0,train
PUMP_04,2026-04-15 07:00:00,0.1586,50.57,34.7,57.07,4.045,0.1669,0.0159,7.152,4.72,382.4,123.8,13.33,39.71,False,Normal,0,train
PUMP_04,2026-04-15 08:00:00,0.1528,51.08,33.4,54.51,3.919,0.1642,0.0168,7.21,4.17,378.1,130.3,13.69,39.67,False,Normal,0,train
PUMP_04,2026-04-15 09:00:00,0.1463,49.78,34.0,58.22,4.049,0.1621,0.0183,7.205,3.91,376.0,139.1,13.35,39.62,False,Normal,0,train
PUMP_04,2026-04-15 10:00:00,0.1381,50.78,35.34,58.28,4.032,0.1521,0.0085,7.18,3.95,377.4,146.0,13.04,39.58,False,Normal,0,train
PUMP_04,2026-04-15 11:00:00,0.1454,50.86,34.54,56.69,3.964,0.1496,0.0077,7.173,3.25,385.8,141.9,12.78,39.54,False,Normal,0,train
PUMP_04,2026-04-15 12:00:00,0.1615,51.6,33.07,59.04,3.996,0.1504,0.0088,7.277,3.88,372.1,150.3,14.33,39.5,False,Normal,0,train
PUMP_04,2026-04-15 13:00:00,0.1436,46.65,34.48,57.8,3.83,0.148,0.0082,7.208,4.5,379.7,142.7,13.96,39.46,False,Normal,0,train
PUMP_04,2026-04-15 14:00:00,0.1363,49.36,33.56,57.82,3.978,0.1452,0.0089,7.224,3.84,385.6,142.0,14.0,39.42,False,Normal,0,train
PUMP_04,2026-04-15 15:00:00,0.123,50.83,33.83,59.04,4.002,0.1413,0.0127,7.206,3.9,369.9,148.3,13.1,39.38,False,Normal,0,train
PUMP_04,2026-04-15 16:00:00,0.1519,53.14,34.45,59.36,3.967,0.1436,0.0132,7.202,4.13,376.9,138.1,13.5,39.33,False,Normal,0,train
PUMP_04,2026-04-15 17:00:00,0.1645,51.77,33.78,56.78,3.932,0.1468,0.0158,7.308,3.55,372.4,125.8,14.59,39.29,False,Normal,0,train
PUMP_04,2026-04-15 18:00:00,0.1273,51.8,33.69,56.27,4.11,0.1411,0.0156,7.229,4.13,373.6,121.7,13.78,39.25,False,Normal,0,train
PUMP_04,2026-04-15 19:00:00,0.1308,53.99,34.65,57.54,4.099,0.139,0.016,7.332,3.67,381.1,116.9,15.42,39.21,False,Normal,0,train
PUMP_04,2026-04-15 20:00:00,0.1275,49.87,34.45,59.86,4.003,0.1375,0.0167,7.239,3.8,383.2,108.8,14.12,39.17,False,Normal,0,train
PUMP_04,2026-04-15 21:00:00,0.1552,53.11,34.2,57.07,4.029,0.1429,0.0163,7.167,3.85,378.0,109.6,12.79,39.12,False,Normal,0,train
PUMP_04,2026-04-15 22:00:00,0.1606,51.02,35.27,59.16,3.855,0.1443,0.0176,7.262,3.85,372.5,98.9,14.08,39.08,False,Normal,0,train
PUMP_04,2026-04-15 23:00:00,0.1497,48.53,34.13,56.83,3.91,0.1418,0.015,7.196,4.04,375.7,97.2,13.29,39.04,False,Normal,0,train
PUMP_04,2026-04-16 00:00:00,0.1322,47.43,34.2,57.82,3.963,0.1427,0.0142,7.276,3.97,382.0,93.4,14.78,39.0,False,Normal,0,train
PUMP_04,2026-04-16 01:00:00,0.1584,49.66,33.81,57.31,3.915,0.1473,0.0141,7.166,3.93,379.8,89.5,12.9,38.96,False,Normal,0,train
PUMP_04,2026-04-16 02:00:00,0.1585,50.99,33.42,58.49,4.08,0.1524,0.0106,7.121,4.05,374.1,90.6,12.02,38.92,False,Normal,0,train
PUMP_04,2026-04-16 03:00:00,0.1621,49.6,33.15,58.18,3.95,0.1536,0.0113,7.205,3.64,377.6,102.0,13.23,38.88,False,Normal,0,train
PUMP_04,2026-04-16 04:00:00,0.143,50.18,34.52,56.93,3.903,0.1506,0.0114,7.273,3.14,383.9,103.6,14.23,38.83,False,Normal,0,train
PUMP_04,2026-04-16 05:00:00,0.143,52.88,33.73,57.42,4.16,0.1495,0.0119,7.168,4.0,381.0,94.7,13.03,38.79,False,Normal,0,train
PUMP_04,2026-04-16 06:00:00,0.1356,50.07,35.55,56.72,4.148,0.1501,0.0109,7.229,3.72,374.8,111.0,13.55,38.75,False,Normal,0,train
PUMP_04,2026-04-16 07:00:00,0.1769,52.95,33.47,58.28,4.059,0.1532,0.0154,7.166,4.18,381.3,123.6,13.14,38.71,False,Normal,0,train
PUMP_04,2026-04-16 08:00:00,0.1764,51.16,33.55,56.78,3.845,0.1562,0.0181,7.247,3.78,377.2,128.7,13.98,38.67,False,Normal,0,train
PUMP_04,2026-04-16 09:00:00,0.1328,51.6,34.2,58.11,4.118,0.1513,0.0201,7.182,3.24,376.8,141.0,12.54,38.62,False,Normal,0,train
PUMP_04,2026-04-16 10:00:00,0.143,49.66,33.39,58.48,4.115,0.1513,0.0201,7.213,3.95,380.7,136.6,13.71,38.58,False,Normal,0,train
PUMP_04,2026-04-16 11:00:00,0.1407,49.89,33.11,58.79,3.862,0.1509,0.0203,7.183,4.42,374.5,143.2,13.3,38.54,False,Normal,0,train
PUMP_04,2026-04-16 12:00:00,0.1636,50.03,34.41,58.81,3.819,0.1556,0.0192,7.162,4.13,377.8,140.6,12.9,38.5,False,Normal,0,train
PUMP_04,2026-04-16 13:00:00,0.1487,49.87,32.69,58.4,3.956,0.1509,0.0162,7.104,3.43,385.2,138.8,11.78,38.46,False,Normal,0,train
PUMP_04,2026-04-16 14:00:00,0.1681,50.98,34.12,56.7,4.029,0.1495,0.0137,7.135,3.75,392.3,145.6,12.8,38.42,False,Normal,0,train
PUMP_04,2026-04-16 15:00:00,0.1386,51.94,34.13,56.96,4.114,0.1504,0.0125,7.186,3.8,371.4,140.1,12.78,38.38,False,Normal,0,train
PUMP_04,2026-04-16 16:00:00,0.1212,53.69,34.56,56.95,3.849,0.1468,0.0173,7.222,3.93,375.6,148.3,13.62,38.33,False,Normal,0,train
PUMP_04,2026-04-16 17:00:00,0.1293,48.95,34.29,57.92,4.145,0.1449,0.0187,7.293,3.77,385.7,130.1,15.05,38.29,False,Normal,0,train
PUMP_04,2026-04-16 18:00:00,0.1263,50.0,35.67,59.31,3.866,0.1387,0.0174,7.174,3.3,373.7,124.8,12.33,38.25,False,Normal,0,train
PUMP_04,2026-04-16 19:00:00,0.1561,51.49,33.78,57.16,4.069,0.1399,0.0185,7.168,3.94,379.4,120.3,12.93,38.21,False,Normal,0,train
PUMP_04,2026-04-16 20:00:00,0.1702,50.09,33.21,57.63,3.998,0.1403,0.0191,7.134,4.57,389.0,117.3,13.22,38.17,False,Normal,0,train
PUMP_04,2026-04-16 21:00:00,0.1503,48.06,35.65,59.44,4.1,0.1422,0.0195,7.243,3.74,376.4,110.9,13.85,38.12,False,Normal,0,train
PUMP_04,2026-04-16 22:00:00,0.1345,51.19,34.06,56.36,4.03,0.1444,0.0173,7.229,3.5,378.7,95.7,13.56,38.08,False,Normal,0,train
PUMP_04,2026-04-16 23:00:00,0.1513,48.8,33.48,59.83,3.995,0.1481,0.0157,7.222,4.57,373.6,103.6,13.99,38.04,False,Normal,0,train
PUMP_04,2026-04-17 00:00:00,0.1255,50.29,33.05,58.75,4.055,0.148,0.0159,7.217,4.77,383.4,95.2,14.46,38.0,False,Normal,0,train
PUMP_04,2026-04-17 01:00:00,0.1496,52.58,33.81,57.16,3.937,0.1469,0.0154,7.181,3.84,371.1,84.3,12.71,37.96,False,Normal,0,train
PUMP_04,2026-04-17 02:00:00,0.1299,51.06,33.53,57.59,3.99,0.1402,0.0116,7.268,4.1,376.5,95.9,14.51,37.92,False,Normal,0,train
PUMP_04,2026-04-17 03:00:00,0.1643,50.95,33.54,60.04,3.892,0.1425,0.0149,7.161,4.09,373.5,94.3,12.67,37.88,False,Normal,0,train
PUMP_04,2026-04-17 04:00:00,0.1562,52.24,32.76,57.4,4.059,0.1461,0.0152,7.176,4.36,378.4,107.1,13.3,37.83,False,Normal,0,train
PUMP_04,2026-04-17 05:00:00,0.172,49.81,33.78,58.86,4.094,0.1496,0.0186,7.149,3.55,389.3,108.9,12.76,37.79,False,Normal,0,train
PUMP_04,2026-04-17 06:00:00,0.1711,50.51,34.26,60.45,4.036,0.1572,0.0159,7.194,3.99,381.9,117.8,13.47,37.75,False,Normal,0,train
PUMP_04,2026-04-17 07:00:00,0.1513,49.73,33.4,57.95,4.018,0.1575,0.0158,7.161,3.56,381.2,124.8,12.62,37.71,False,Normal,0,train
PUMP_04,2026-04-17 08:00:00,0.1739,51.18,33.74,57.99,3.976,0.1648,0.0093,7.169,4.14,381.5,124.6,13.15,37.67,False,Normal,0,train
PUMP_04,2026-04-17 09:00:00,0.1393,48.0,33.71,60.65,4.192,0.1606,0.014,7.14,4.61,379.9,133.5,12.96,37.62,False,Normal,0,train
PUMP_04,2026-04-17 10:00:00,0.1945,48.67,34.05,56.69,3.997,0.167,0.0193,7.152,4.13,386.4,142.2,13.09,37.58,False,Normal,0,train
PUMP_04,2026-04-17 11:00:00,0.1325,50.05,35.0,57.98,3.875,0.1604,0.0235,7.12,3.66,383.9,142.5,12.14,37.54,False,Normal,0,train
PUMP_04,2026-04-17 12:00:00,0.1612,50.9,34.13,58.51,4.045,0.1588,0.023,7.218,4.4,373.5,140.9,13.79,37.5,False,Normal,0,train
PUMP_04,2026-04-17 13:00:00,0.1661,52.86,33.31,56.15,4.004,0.1612,0.0228,7.157,3.76,384.9,150.8,12.84,37.46,False,Normal,0,train
PUMP_04,2026-04-17 14:00:00,0.1477,48.66,33.93,56.61,4.166,0.1569,0.0224,7.281,4.19,381.2,144.2,14.97,37.42,False,Normal,0,train
PUMP_04,2026-04-17 15:00:00,0.1274,49.9,34.21,57.31,3.999,0.1549,0.0247,7.247,3.69,382.3,138.5,14.13,37.38,False,Normal,0,train
PUMP_04,2026-04-17 16:00:00,0.1297,50.38,33.27,58.49,3.891,0.1441,0.0168,7.203,3.47,370.0,145.3,12.77,37.33,False,Normal,0,train
PUMP_04,2026-04-17 17:00:00,0.125,48.28,33.45,57.42,4.136,0.1428,0.0181,7.229,3.7,380.0,124.9,13.74,37.29,False,Normal,0,train
PUMP_04,2026-04-17 18:00:00,0.1399,48.88,33.44,57.9,4.024,0.1393,0.0157,7.243,2.92,379.3,123.8,13.4,37.25,False,Normal,0,train
PUMP_04,2026-04-17 19:00:00,0.1522,47.31,33.89,58.94,3.954,0.137,0.0113,7.175,3.57,376.5,117.7,12.66,37.21,False,Normal,0,train
PUMP_04,2026-04-17 20:00:00,0.1486,50.83,33.77,58.72,4.181,0.1371,0.0115,7.19,4.86,385.4,117.0,14.16,37.17,False,Normal,0,train
PUMP_04,2026-04-17 21:00:00,0.1438,48.79,32.99,55.54,3.998,0.1399,0.0107,7.254,2.87,371.8,106.1,13.23,37.12,False,Normal,0,train
PUMP_04,2026-04-17 22:00:00,0.1241,51.84,33.65,58.22,3.955,0.1389,0.0119,7.257,3.37,395.1,99.6,14.61,37.08,False,Normal,0,train
PUMP_04,2026-04-17 23:00:00,0.1729,50.63,33.98,58.66,4.076,0.1469,0.016,7.161,4.7,374.4,102.5,13.14,37.04,False,Normal,0,train
PUMP_04,2026-04-18 00:00:00,0.1474,49.71,34.64,57.9,4.077,0.1482,0.0157,7.315,3.62,382.4,99.0,15.17,37.0,False,Normal,0,train
PUMP_04,2026-04-18 01:00:00,0.1469,48.87,33.2,58.63,4.073,0.1473,0.0155,7.132,3.84,381.1,93.8,12.35,36.96,False,Normal,0,train
PUMP_04,2026-04-18 02:00:00,0.1585,50.58,33.45,58.92,4.108,0.1489,0.0162,7.086,3.99,385.8,96.8,11.91,36.92,False,Normal,0,train
PUMP_04,2026-04-18 03:00:00,0.1322,49.62,33.32,58.39,3.848,0.147,0.0176,7.286,3.34,388.4,93.8,14.76,36.88,False,Normal,0,train
PUMP_04,2026-04-18 04:00:00,0.1578,50.81,33.02,57.88,4.067,0.1526,0.0138,7.236,4.42,377.8,101.4,14.28,36.83,False,Normal,0,train
PUMP_04,2026-04-18 05:00:00,0.1565,51.73,32.41,58.3,4.007,0.1499,0.0101,7.209,3.95,380.9,107.2,13.65,36.79,False,Normal,0,train
PUMP_04,2026-04-18 06:00:00,0.1574,48.86,34.27,55.21,4.011,0.1516,0.0104,7.241,3.75,377.9,108.4,13.88,36.75,False,Normal,0,train
PUMP_04,2026-04-18 07:00:00,0.178,49.35,34.07,59.69,3.96,0.1567,0.0146,7.166,4.38,375.2,113.4,13.02,36.71,False,Normal,0,train
PUMP_04,2026-04-18 08:00:00,0.1399,51.92,34.25,59.59,3.966,0.1536,0.016,7.113,3.47,380.2,124.9,11.74,36.67,False,Normal,0,train
PUMP_04,2026-04-18 09:00:00,0.1565,52.09,34.16,59.5,3.98,0.1577,0.0121,7.178,4.02,379.9,136.7,13.15,36.62,False,Normal,0,train
PUMP_04,2026-04-18 10:00:00,0.1458,48.55,33.73,58.15,4.011,0.1557,0.013,7.165,3.59,380.1,140.0,12.66,36.58,False,Normal,0,train
PUMP_04,2026-04-18 11:00:00,0.1494,48.74,33.61,58.69,3.824,0.1545,0.0133,7.151,3.5,378.1,139.3,12.28,36.54,False,Normal,0,train
PUMP_04,2026-04-18 12:00:00,0.1625,48.73,34.63,58.17,4.058,0.1554,0.0136,7.17,4.8,381.7,154.5,13.65,36.5,False,Normal,0,train
PUMP_04,2026-04-18 13:00:00,0.1455,50.36,34.38,58.39,4.078,0.1499,0.0082,7.171,4.05,383.9,140.7,13.23,36.46,False,Normal,0,train
PUMP_04,2026-04-18 14:00:00,0.1409,47.91,33.92,59.64,4.038,0.1501,0.008,7.176,4.38,374.0,146.3,13.14,36.42,False,Normal,0,train
PUMP_04,2026-04-18 15:00:00,0.1077,50.05,33.4,55.88,4.047,0.142,0.0183,7.219,3.79,383.1,139.5,13.79,36.38,False,Normal,0,train
PUMP_04,2026-04-18 16:00:00,0.1531,49.94,34.05,58.53,4.077,0.1432,0.0189,7.228,3.59,387.8,142.5,13.98,36.33,False,Normal,0,train
PUMP_04,2026-04-18 17:00:00,0.116,49.08,34.11,57.0,4.019,0.1376,0.0214,7.215,2.75,373.6,132.0,12.6,36.29,False,Normal,0,train
PUMP_04,2026-04-18 18:00:00,0.1329,50.13,33.62,56.62,4.175,0.1327,0.0176,7.073,3.87,380.8,125.5,11.41,36.25,False,Normal,0,train
PUMP_04,2026-04-18 19:00:00,0.1275,50.13,34.14,57.85,4.0,0.1297,0.0165,7.149,3.34,382.3,123.9,12.32,36.21,False,Normal,0,train
PUMP_04,2026-04-18 20:00:00,0.1071,49.46,34.35,56.5,4.078,0.124,0.0176,7.15,4.04,383.9,112.9,12.89,36.17,False,Normal,0,train
PUMP_04,2026-04-18 21:00:00,0.145,52.52,34.26,56.49,3.928,0.1303,0.0173,7.26,3.48,384.5,110.5,14.28,36.12,False,Normal,0,train
PUMP_04,2026-04-18 22:00:00,0.1387,49.39,34.57,56.01,3.989,0.1279,0.0142,7.158,4.19,386.0,101.9,13.2,36.08,False,Normal,0,train
PUMP_04,2026-04-18 23:00:00,0.1551,50.06,34.51,57.42,4.089,0.1344,0.0165,7.105,4.82,380.7,87.8,12.59,36.04,False,Normal,0,train
PUMP_04,2026-04-19 00:00:00,0.1582,49.1,34.62,58.64,3.987,0.1386,0.019,7.234,5.13,375.0,104.5,14.63,36.0,False,Normal,0,train
PUMP_04,2026-04-19 01:00:00,0.1618,51.46,33.68,58.99,3.955,0.1443,0.0202,7.205,4.13,378.2,97.1,13.59,35.96,False,Normal,0,train
PUMP_04,2026-04-19 02:00:00,0.1626,48.3,34.47,60.37,4.027,0.1536,0.0097,7.326,4.0,387.2,94.6,15.81,35.92,False,Normal,0,train
PUMP_04,2026-04-19 03:00:00,0.1645,50.22,34.29,57.51,4.003,0.1568,0.0095,7.131,3.72,375.6,103.8,12.02,35.88,False,Normal,0,train
PUMP_04,2026-04-19 04:00:00,0.173,48.64,34.49,58.96,3.926,0.1625,0.0061,7.189,3.69,382.6,98.5,13.21,35.83,False,Normal,0,train
PUMP_04,2026-04-19 05:00:00,0.165,47.43,34.07,58.22,3.969,0.1642,0.0049,7.148,3.63,384.2,103.9,12.59,35.79,False,Normal,0,train
PUMP_04,2026-04-19 06:00:00,0.1632,49.0,34.29,58.18,4.017,0.165,0.0041,7.148,4.59,383.1,107.9,13.21,35.75,False,Normal,0,train
PUMP_04,2026-04-19 07:00:00,0.1572,49.05,33.39,58.45,3.806,0.1642,0.0051,7.159,3.84,384.6,119.2,12.93,35.71,False,Normal,0,train
PUMP_04,2026-04-19 08:00:00,0.1625,50.81,34.28,58.96,4.003,0.1642,0.0051,7.145,4.86,379.8,123.8,13.22,35.67,False,Normal,0,train
PUMP_04,2026-04-19 09:00:00,0.1649,48.73,34.73,58.57,3.928,0.1643,0.0051,7.209,3.63,379.5,131.3,13.37,35.62,False,Normal,0,train
PUMP_04,2026-04-19 10:00:00,0.1624,46.89,34.99,57.52,3.979,0.1625,0.0028,7.203,3.94,389.1,131.8,13.89,35.58,False,Normal,0,train
PUMP_04,2026-04-19 11:00:00,0.1499,47.02,33.93,58.7,3.898,0.16,0.0056,7.198,3.49,389.9,138.9,13.53,35.54,False,Normal,0,train
PUMP_04,2026-04-19 12:00:00,0.1818,50.24,35.07,57.25,3.971,0.1631,0.0106,7.263,4.21,387.2,146.0,14.96,35.5,False,Normal,0,train
PUMP_04,2026-04-19 13:00:00,0.1704,50.7,33.9,58.7,4.144,0.1653,0.0105,7.228,3.92,382.7,150.5,14.0,35.46,False,Normal,0,train
PUMP_04,2026-04-19 14:00:00,0.1327,50.26,34.42,58.14,3.918,0.1604,0.0171,7.242,3.99,377.1,144.3,14.04,35.42,False,Normal,0,train
PUMP_04,2026-04-19 15:00:00,0.1428,49.36,34.04,55.76,3.947,0.1567,0.0183,7.208,3.88,380.7,139.7,13.57,35.38,False,Normal,0,train
PUMP_04,2026-04-19 16:00:00,0.1655,50.47,34.76,57.83,3.97,0.1572,0.0185,7.215,4.22,379.4,140.2,13.88,35.33,False,Normal,0,train
PUMP_04,2026-04-19 17:00:00,0.127,47.23,34.12,59.12,3.829,0.1534,0.0223,7.246,4.27,385.5,137.2,14.66,35.29,False,Normal,0,train
PUMP_04,2026-04-19 18:00:00,0.1215,46.98,33.64,57.85,3.86,0.1433,0.0204,7.143,4.33,382.0,131.0,12.9,35.25,False,Normal,0,train
PUMP_04,2026-04-19 19:00:00,0.1805,47.81,34.62,58.27,4.043,0.145,0.0233,7.167,3.62,382.9,122.0,12.83,35.21,False,Normal,0,train
PUMP_04,2026-04-19 20:00:00,0.134,49.73,33.7,57.43,3.952,0.1452,0.0232,7.204,4.13,379.8,110.5,13.64,35.17,False,Normal,0,train
PUMP_04,2026-04-19 21:00:00,0.1126,51.17,34.19,57.67,4.143,0.1402,0.0268,7.202,3.8,367.5,107.3,12.87,35.12,False,Normal,0,train
PUMP_04,2026-04-19 22:00:00,0.1327,48.49,32.98,59.14,3.924,0.1347,0.0238,7.129,4.53,386.6,103.3,13.01,35.08,False,Normal,0,train
PUMP_04,2026-04-19 23:00:00,0.141,48.66,34.5,57.48,4.148,0.137,0.0235,7.238,4.1,379.7,88.5,14.17,35.04,False,Normal,0,train
PUMP_04,2026-04-20 00:00:00,0.1621,50.95,32.87,56.62,3.859,0.1438,0.024,7.272,4.12,384.8,96.0,14.94,35.0,False,Normal,0,train
PUMP_04,2026-04-20 01:00:00,0.1531,49.37,33.7,55.38,3.986,0.1392,0.0173,7.268,3.89,378.3,101.9,14.44,34.96,False,Normal,0,train
PUMP_04,2026-04-20 02:00:00,0.1338,50.27,33.18,57.09,3.927,0.1392,0.0173,7.165,3.67,388.1,93.3,13.06,34.92,False,Normal,0,train
PUMP_04,2026-04-20 03:00:00,0.113,50.15,33.33,56.68,4.06,0.1393,0.0172,7.242,4.03,377.3,91.1,14.09,34.88,False,Normal,0,train
PUMP_04,2026-04-20 04:00:00,0.166,48.13,33.98,56.22,3.946,0.1448,0.0198,7.18,4.49,379.6,99.7,13.51,34.83,False,Normal,0,train
PUMP_04,2026-04-20 05:00:00,0.1605,52.69,33.6,56.71,3.956,0.1481,0.0206,7.204,3.69,380.1,104.7,13.34,34.79,False,Normal,0,train
PUMP_04,2026-04-20 06:00:00,0.1781,48.67,34.44,56.81,3.991,0.1508,0.0236,7.255,4.53,372.5,117.9,14.44,34.75,False,Normal,0,train
PUMP_04,2026-04-20 07:00:00,0.1501,52.85,33.85,56.73,4.203,0.1503,0.0236,7.267,4.23,382.1,130.5,14.82,34.71,False,Normal,0,train
PUMP_04,2026-04-20 08:00:00,0.1545,50.82,34.1,59.66,4.109,0.1537,0.0222,7.178,3.19,384.1,127.1,12.75,34.67,False,Normal,0,train
PUMP_04,2026-04-20 09:00:00,0.1489,50.41,33.51,56.02,3.962,0.1597,0.0111,7.174,3.63,382.1,129.1,12.92,34.62,False,Normal,0,train
PUMP_04,2026-04-20 10:00:00,0.1457,47.76,34.45,58.69,3.922,0.1563,0.0118,7.275,4.92,391.6,132.8,15.82,34.58,False,Normal,0,train
PUMP_04,2026-04-20 11:00:00,0.1583,50.51,34.11,58.64,3.928,0.1559,0.0117,7.195,3.95,375.5,145.8,13.2,34.54,False,Normal,0,train
PUMP_04,2026-04-20 12:00:00,0.1431,49.88,34.32,58.74,3.91,0.1501,0.0056,7.05,3.64,371.4,147.0,10.49,34.5,False,Normal,0,train
PUMP_04,2026-04-20 13:00:00,0.1221,49.66,34.46,57.94,4.081,0.1454,0.0127,7.222,3.65,374.0,149.7,13.36,34.46,False,Normal,0,train
PUMP_04,2026-04-20 14:00:00,0.1646,48.05,34.52,59.52,3.939,0.1471,0.0147,7.16,3.95,380.4,142.0,12.84,34.42,False,Normal,0,train
PUMP_04,2026-04-20 15:00:00,0.1461,51.31,34.25,58.0,4.095,0.1466,0.0147,7.186,4.37,386.0,148.2,13.78,34.38,False,Normal,0,train
PUMP_04,2026-04-20 16:00:00,0.1511,51.38,34.1,57.75,4.095,0.1475,0.0148,7.23,3.86,380.9,138.4,13.92,34.33,False,Normal,0,train
PUMP_04,2026-04-20 17:00:00,0.1599,47.43,34.66,59.4,3.986,0.1478,0.015,7.108,3.69,377.5,129.6,11.7,34.29,False,Normal,0,train
PUMP_04,2026-04-20 18:00:00,0.1368,49.1,34.1,57.79,3.88,0.1468,0.0156,7.238,3.09,387.5,118.3,13.79,34.25,False,Normal,0,train
PUMP_04,2026-04-20 19:00:00,0.1372,49.57,33.75,56.09,4.061,0.1493,0.0115,7.124,3.64,379.4,117.9,12.01,34.21,False,Normal,0,train
PUMP_04,2026-04-20 20:00:00,0.1251,50.51,34.55,58.6,3.898,0.1427,0.0123,7.163,3.72,373.1,111.4,12.42,34.17,False,Normal,0,train
PUMP_04,2026-04-20 21:00:00,0.1557,50.21,34.63,59.3,4.0,0.1443,0.0134,7.216,4.13,385.0,103.2,14.05,34.12,False,Normal,0,train
PUMP_04,2026-04-20 22:00:00,0.1216,49.89,33.97,58.35,4.12,0.1394,0.0156,7.138,4.16,383.2,104.1,12.76,34.08,False,Normal,0,train
PUMP_04,2026-04-20 23:00:00,0.1503,50.73,34.37,57.57,3.805,0.1378,0.0134,7.139,4.58,381.2,95.6,12.97,34.04,False,Normal,0,train
PUMP_04,2026-04-21 00:00:00,0.1577,52.8,34.27,58.31,3.977,0.1413,0.0157,7.217,3.52,388.1,92.0,13.77,34.0,False,Normal,0,train
PUMP_04,2026-04-21 01:00:00,0.1327,49.56,34.05,58.82,3.947,0.1405,0.016,7.226,4.05,379.5,91.3,13.94,33.96,False,Normal,0,train
PUMP_04,2026-04-21 02:00:00,0.1734,51.55,33.12,56.76,3.962,0.1486,0.0186,7.191,4.06,381.4,90.2,13.46,33.92,False,Normal,0,train
PUMP_04,2026-04-21 03:00:00,0.1273,52.63,33.34,55.55,3.886,0.1438,0.02,7.231,3.6,375.1,96.1,13.51,33.88,False,Normal,0,train
PUMP_04,2026-04-21 04:00:00,0.1387,52.29,33.78,57.84,4.166,0.1467,0.0172,7.401,4.37,376.5,100.1,16.83,33.83,False,Normal,0,train
PUMP_04,2026-04-21 05:00:00,0.1591,50.99,34.02,59.24,4.013,0.1481,0.018,7.126,4.68,377.6,106.5,12.69,33.79,False,Normal,0,train
PUMP_04,2026-04-21 06:00:00,0.1707,50.98,33.29,56.64,3.836,0.1503,0.02,7.088,4.01,383.5,115.1,11.86,33.75,False,Normal,0,train
PUMP_04,2026-04-21 07:00:00,0.1391,50.65,32.74,56.46,4.029,0.1514,0.019,7.256,3.81,376.6,126.1,14.12,33.71,False,Normal,0,train
PUMP_04,2026-04-21 08:00:00,0.1695,52.54,33.94,58.24,4.09,0.1507,0.0182,7.141,4.6,379.5,130.5,12.95,33.67,False,Normal,0,train
PUMP_04,2026-04-21 09:00:00,0.1693,49.42,34.01,57.72,3.994,0.1577,0.0152,7.218,4.17,378.9,126.2,13.87,33.62,False,Normal,0,train
PUMP_04,2026-04-21 10:00:00,0.1491,49.44,34.52,57.17,4.13,0.1595,0.013,7.23,3.51,379.7,141.3,13.63,33.58,False,Normal,0,train
PUMP_04,2026-04-21 11:00:00,0.1545,49.01,35.16,59.4,3.833,0.1587,0.0132,7.198,3.92,376.2,146.0,13.26,33.54,False,Normal,0,train
PUMP_04,2026-04-21 12:00:00,0.1675,53.66,33.19,57.19,4.091,0.1582,0.0126,7.214,3.86,379.0,147.2,13.58,33.5,False,Normal,0,train
PUMP_04,2026-04-21 13:00:00,0.1703,52.3,34.2,58.43,3.98,0.1634,0.0092,7.285,3.66,374.2,143.2,14.39,33.46,False,Normal,0,train
PUMP_04,2026-04-21 14:00:00,0.1373,49.09,35.43,59.01,3.928,0.158,0.0133,7.169,3.68,379.8,150.0,12.78,33.42,False,Normal,0,train
PUMP_04,2026-04-21 15:00:00,0.1304,48.19,33.21,57.75,4.063,0.1515,0.0159,7.264,3.73,379.9,138.1,14.33,33.38,False,Normal,0,train
PUMP_04,2026-04-21 16:00:00,0.1389,49.7,33.41,59.01,4.062,0.1498,0.0168,7.135,4.32,380.4,141.9,12.69,33.33,False,Normal,0,train
PUMP_04,2026-04-21 17:00:00,0.1241,50.11,34.58,58.8,4.121,0.1448,0.0195,7.218,3.88,382.8,136.6,13.81,33.29,False,Normal,0,train
PUMP_04,2026-04-21 18:00:00,0.1588,50.38,34.11,58.22,4.117,0.1433,0.0177,7.224,4.03,389.0,128.5,14.29,33.25,False,Normal,0,train
PUMP_04,2026-04-21 19:00:00,0.1477,47.69,34.17,57.55,4.006,0.1395,0.0124,7.196,4.39,371.7,112.8,13.36,33.21,False,Normal,0,train
PUMP_04,2026-04-21 20:00:00,0.1413,48.89,34.37,59.72,3.871,0.1402,0.0123,7.249,3.88,378.1,114.3,14.12,33.17,False,Normal,0,train
PUMP_04,2026-04-21 21:00:00,0.1597,51.82,34.44,59.09,3.854,0.1451,0.0134,7.202,3.52,375.4,110.8,13.01,33.12,False,Normal,0,train
PUMP_04,2026-04-21 22:00:00,0.1566,50.92,34.25,58.89,3.862,0.148,0.0137,7.217,4.38,381.6,102.5,14.1,33.08,False,Normal,0,train
PUMP_04,2026-04-21 23:00:00,0.162,48.95,34.33,58.07,3.965,0.1543,0.0081,7.165,3.85,383.5,98.0,12.98,33.04,False,Normal,0,train
PUMP_04,2026-04-22 00:00:00,0.1583,51.45,33.28,57.35,4.02,0.1543,0.008,7.15,4.71,373.9,94.4,12.95,33.0,False,Normal,0,train
PUMP_04,2026-04-22 01:00:00,0.1738,51.47,34.59,55.68,4.044,0.1586,0.0105,7.149,4.4,381.6,92.9,13.03,32.96,False,Normal,0,train
PUMP_04,2026-04-22 02:00:00,0.1344,53.34,34.94,58.63,4.046,0.1575,0.0129,7.169,4.21,384.3,95.5,13.34,32.92,False,Normal,0,train
PUMP_04,2026-04-22 03:00:00,0.1649,49.68,34.67,57.6,3.934,0.1583,0.0132,7.136,4.09,382.1,103.1,12.63,32.88,False,Normal,0,train
PUMP_04,2026-04-22 04:00:00,0.1822,48.99,34.3,58.27,4.11,0.1626,0.0163,7.293,4.45,378.3,99.5,15.24,32.83,False,Normal,0,train
PUMP_04,2026-04-22 05:00:00,0.1549,49.78,35.13,60.96,4.129,0.1614,0.0166,7.185,4.1,383.4,109.1,13.46,32.79,False,Normal,0,train
PUMP_04,2026-04-22 06:00:00,0.1514,51.39,34.11,59.5,3.919,0.1603,0.0171,7.2,3.13,378.7,102.8,12.83,32.75,False,Normal,0,train
PUMP_04,2026-04-22 07:00:00,0.1541,48.12,34.6,58.54,3.991,0.157,0.0158,7.143,3.96,384.5,117.9,12.74,32.71,False,Normal,0,train
PUMP_04,2026-04-22 08:00:00,0.1587,50.01,35.02,57.88,4.054,0.161,0.0114,7.302,4.23,381.8,129.3,15.37,32.67,False,Normal,0,train
PUMP_04,2026-04-22 09:00:00,0.1733,50.06,33.78,58.94,4.116,0.1624,0.0124,7.187,3.6,379.1,136.5,12.98,32.62,False,Normal,0,train
PUMP_04,2026-04-22 10:00:00,0.1551,51.99,34.79,59.09,4.048,0.1579,0.0079,7.171,5.04,373.7,133.2,13.49,32.58,False,Normal,0,train
PUMP_04,2026-04-22 11:00:00,0.1696,49.19,33.32,57.54,3.952,0.1604,0.009,7.175,3.94,380.1,142.8,13.06,32.54,False,Normal,0,train
PUMP_04,2026-04-22 12:00:00,0.1572,49.78,33.48,57.69,3.918,0.1613,0.0081,7.189,4.22,374.6,147.3,13.27,32.5,False,Normal,0,train
PUMP_04,2026-04-22 13:00:00,0.1615,50.78,33.41,58.28,3.913,0.1626,0.0073,7.185,4.47,374.6,141.8,13.36,32.46,False,Normal,0,train
PUMP_04,2026-04-22 14:00:00,0.1457,49.08,32.71,57.09,3.979,0.1604,0.0101,7.133,4.24,378.3,137.4,12.52,32.42,False,Normal,0,train
PUMP_04,2026-04-22 15:00:00,0.1393,48.81,33.57,57.18,3.959,0.1547,0.0109,7.243,3.96,379.6,136.2,14.14,32.38,False,Normal,0,train
PUMP_04,2026-04-22 16:00:00,0.1214,52.81,34.05,56.65,3.897,0.1491,0.0174,7.144,4.16,374.0,131.3,12.47,32.33,False,Normal,0,train
PUMP_04,2026-04-22 17:00:00,0.1039,50.84,33.82,60.09,4.057,0.1382,0.022,7.24,3.92,379.2,135.3,14.06,32.29,False,Normal,0,train
PUMP_04,2026-04-22 18:00:00,0.1341,51.82,33.23,56.38,3.972,0.1343,0.0199,7.133,3.96,378.8,126.8,12.36,32.25,False,Normal,0,train
PUMP_04,2026-04-22 19:00:00,0.1024,51.09,32.52,56.43,4.035,0.1245,0.0183,7.209,3.54,377.0,118.2,13.19,32.21,False,Normal,0,train
PUMP_04,2026-04-22 20:00:00,0.1399,49.82,33.55,55.26,3.896,0.1235,0.0171,7.149,3.9,378.7,109.9,12.55,32.17,False,Normal,0,train
PUMP_04,2026-04-22 21:00:00,0.1528,49.09,33.49,58.74,4.081,0.1258,0.0202,7.164,3.52,383.2,111.9,12.72,32.12,False,Normal,0,train
PUMP_04,2026-04-22 22:00:00,0.1454,49.15,35.14,56.86,4.066,0.1298,0.0215,7.224,4.0,378.1,101.4,13.8,32.08,False,Normal,0,train
PUMP_04,2026-04-22 23:00:00,0.105,48.9,33.99,58.91,4.092,0.1299,0.0213,7.259,3.84,382.9,99.6,14.45,32.04,False,Normal,0,train
PUMP_04,2026-04-23 00:00:00,0.1436,48.91,35.05,57.94,3.99,0.1315,0.022,7.291,4.2,379.6,92.2,15.08,32.0,False,Normal,0,train
PUMP_04,2026-04-23 01:00:00,0.1604,48.83,33.57,59.53,3.981,0.1412,0.0192,7.219,3.4,385.1,90.2,13.59,31.96,False,Normal,0,train
PUMP_04,2026-04-23 02:00:00,0.1737,51.17,34.63,56.98,4.05,0.1468,0.0233,7.2,3.63,384.1,99.9,13.4,31.92,False,Normal,0,train
PUMP_04,2026-04-23 03:00:00,0.1646,48.56,34.15,58.07,4.104,0.1488,0.0243,7.152,3.63,378.9,98.6,12.43,31.88,False,Normal,0,train
PUMP_04,2026-04-23 04:00:00,0.1583,52.09,33.51,59.33,3.998,0.1509,0.0245,7.111,3.99,376.6,102.9,11.92,31.83,False,Normal,0,train
PUMP_04,2026-04-23 05:00:00,0.1664,51.13,34.15,59.46,3.875,0.1612,0.0101,7.231,3.9,382.4,108.7,14.03,31.79,False,Normal,0,train
PUMP_04,2026-04-23 06:00:00,0.1873,51.01,33.88,59.3,3.964,0.1684,0.0107,7.187,4.44,377.4,117.4,13.5,31.75,False,Normal,0,train
PUMP_04,2026-04-23 07:00:00,0.1597,50.36,33.82,58.67,4.108,0.1683,0.0108,7.2,4.02,372.2,124.6,13.19,31.71,False,Normal,0,train
PUMP_04,2026-04-23 08:00:00,0.136,50.62,33.0,57.97,4.062,0.162,0.0165,7.18,4.0,383.7,121.9,13.33,31.67,False,Normal,0,train
PUMP_04,2026-04-23 09:00:00,0.1497,49.37,35.18,58.7,4.025,0.1596,0.0171,7.164,3.58,376.9,131.4,12.5,31.62,False,Normal,0,train
PUMP_04,2026-04-23 10:00:00,0.1435,48.74,34.33,56.43,3.966,0.1571,0.0184,7.234,3.88,369.6,133.5,13.53,31.58,False,Normal,0,train
PUMP_04,2026-04-23 11:00:00,0.1348,49.33,33.33,57.55,4.137,0.1518,0.0197,7.285,3.47,379.6,142.3,14.47,31.54,False,Normal,0,train
PUMP_04,2026-04-23 12:00:00,0.139,48.03,34.23,59.69,3.917,0.1438,0.0095,7.14,4.2,384.7,142.5,12.87,31.5,False,Normal,0,train
PUMP_04,2026-04-23 13:00:00,0.1885,50.69,33.79,59.11,4.001,0.1486,0.0203,7.106,4.33,377.1,143.7,12.11,31.46,False,Normal,0,train
PUMP_04,2026-04-23 14:00:00,0.1293,48.5,34.84,56.54,4.039,0.1475,0.0213,7.188,3.4,378.3,143.2,12.82,31.42,False,Normal,0,train
PUMP_04,2026-04-23 15:00:00,0.135,50.98,33.83,58.42,4.034,0.145,0.0218,7.164,4.02,382.5,140.5,13.04,31.38,False,Normal,0,train
PUMP_04,2026-04-23 16:00:00,0.1828,51.02,33.97,56.92,3.937,0.1516,0.0266,7.259,3.96,377.7,147.7,14.32,31.33,False,Normal,0,train
PUMP_04,2026-04-23 17:00:00,0.1485,50.39,33.62,57.66,4.066,0.1539,0.0255,7.225,4.48,379.5,124.7,14.22,31.29,False,Normal,0,train
PUMP_04,2026-04-23 18:00:00,0.1447,49.24,34.29,59.78,4.048,0.1548,0.0249,7.295,3.6,384.5,125.8,14.92,31.25,False,Normal,0,train
PUMP_04,2026-04-23 19:00:00,0.1479,48.73,33.99,55.82,4.015,0.148,0.0187,7.254,3.7,383.4,114.0,14.29,31.21,False,Normal,0,train
PUMP_04,2026-04-23 20:00:00,0.1436,48.91,34.75,56.47,4.034,0.1504,0.0166,7.205,4.11,381.1,114.1,13.7,31.17,False,Normal,0,train
PUMP_04,2026-04-23 21:00:00,0.1354,48.61,34.18,58.18,3.957,0.1505,0.0165,7.207,3.8,371.7,101.8,13.13,31.12,False,Normal,0,train
PUMP_04,2026-04-23 22:00:00,0.1493,49.98,35.47,58.56,4.149,0.1449,0.0052,7.22,3.83,382.9,102.0,13.81,31.08,False,Normal,0,train
PUMP_04,2026-04-23 23:00:00,0.1551,49.84,33.92,57.64,4.109,0.146,0.0066,7.154,3.82,378.0,95.4,12.56,31.04,False,Normal,0,train
PUMP_04,2026-04-24 00:00:00,0.1241,52.86,33.52,59.39,3.948,0.1426,0.0112,7.222,4.21,382.4,100.1,14.1,31.0,False,Normal,0,train
PUMP_04,2026-04-24 01:00:00,0.1451,52.79,33.57,57.73,3.987,0.1421,0.011,7.269,4.45,372.4,89.0,14.6,30.96,False,Normal,0,train
PUMP_04,2026-04-24 02:00:00,0.1289,52.29,33.57,58.33,4.093,0.1396,0.0121,7.168,3.97,384.7,90.4,13.17,30.92,False,Normal,0,train
PUMP_04,2026-04-24 03:00:00,0.143,49.7,33.51,58.07,4.054,0.1409,0.012,7.188,3.89,375.8,93.7,13.06,30.88,False,Normal,0,train
PUMP_04,2026-04-24 04:00:00,0.1659,47.88,34.91,57.69,4.011,0.1437,0.0157,7.233,4.27,382.2,103.8,14.3,30.83,False,Normal,0,train
PUMP_04,2026-04-24 05:00:00,0.1526,50.28,33.85,58.9,3.922,0.1433,0.0153,7.275,4.08,384.7,108.3,14.95,30.79,False,Normal,0,train
PUMP_04,2026-04-24 06:00:00,0.1558,49.63,34.18,57.03,3.931,0.1485,0.0126,7.163,4.06,382.0,112.3,13.03,30.75,False,Normal,0,train
PUMP_04,2026-04-24 07:00:00,0.1182,50.06,33.24,59.55,4.008,0.1441,0.0178,7.212,4.45,381.9,122.5,14.09,30.71,False,Normal,0,train
PUMP_04,2026-04-24 08:00:00,0.1378,50.65,34.0,59.16,4.136,0.1455,0.0166,7.198,3.57,380.4,117.3,13.19,30.67,False,Normal,0,train
PUMP_04,2026-04-24 09:00:00,0.139,51.06,32.6,59.18,4.096,0.1449,0.0168,7.186,3.89,373.9,131.5,12.95,30.62,False,Normal,0,train
PUMP_04,2026-04-24 10:00:00,0.1286,47.33,34.22,60.74,4.053,0.1387,0.0142,7.107,3.61,386.6,137.5,12.01,30.58,False,Normal,0,train
PUMP_04,2026-04-24 11:00:00,0.1548,51.94,33.69,58.51,4.062,0.139,0.0147,7.163,3.79,385.5,142.3,12.98,30.54,False,Normal,0,train
PUMP_04,2026-04-24 12:00:00,0.1506,51.44,34.96,58.15,3.82,0.1382,0.0136,7.139,3.49,378.1,144.3,12.08,30.5,False,Normal,0,train
PUMP_04,2026-04-24 13:00:00,0.1594,49.14,34.5,58.56,4.028,0.145,0.0118,7.193,3.85,362.9,145.9,12.57,30.46,False,Normal,0,train
PUMP_04,2026-04-24 14:00:00,0.1641,51.33,34.49,57.51,4.027,0.1494,0.0133,7.177,4.15,385.0,145.9,13.45,30.42,False,Normal,0,train
PUMP_04,2026-04-24 15:00:00,0.1635,49.62,33.48,57.9,3.885,0.1535,0.0132,7.141,2.95,370.9,149.4,11.43,30.38,False,Normal,0,train
PUMP_04,2026-04-24 16:00:00,0.1466,50.05,34.22,57.0,4.181,0.1565,0.0071,7.187,3.87,382.7,140.5,13.31,30.33,False,Normal,0,train
PUMP_04,2026-04-24 17:00:00,0.1432,49.78,35.18,59.63,4.04,0.1546,0.009,7.293,3.96,376.4,126.4,14.82,30.29,False,Normal,0,train
PUMP_04,2026-04-24 18:00:00,0.1442,48.91,33.55,56.79,4.048,0.1535,0.0099,7.167,3.89,382.4,129.8,12.99,30.25,False,Normal,0,train
PUMP_04,2026-04-24 19:00:00,0.1251,48.12,33.5,57.02,3.943,0.1478,0.0146,7.181,3.33,375.0,119.3,12.51,30.21,False,Normal,0,train
PUMP_04,2026-04-24 20:00:00,0.1454,54.1,34.04,57.75,4.024,0.1447,0.0122,7.189,4.38,380.0,111.2,13.59,30.17,False,Normal,0,train
PUMP_04,2026-04-24 21:00:00,0.1352,50.94,34.15,56.68,4.015,0.14,0.0083,7.164,4.38,371.5,101.7,12.83,30.12,False,Normal,0,train
PUMP_04,2026-04-24 22:00:00,0.1266,50.21,34.41,57.22,4.157,0.1366,0.0091,7.121,4.46,380.1,101.1,12.56,30.08,False,Normal,0,train
PUMP_04,2026-04-24 23:00:00,0.1204,52.72,34.33,57.57,4.08,0.1328,0.0104,7.29,3.78,380.0,99.1,14.79,30.04,False,Normal,0,train
PUMP_04,2026-04-25 00:00:00,0.1136,47.48,34.15,58.95,4.019,0.1277,0.0112,7.108,4.07,383.6,98.8,12.23,30.0,False,Normal,0,train
PUMP_04,2026-04-25 01:00:00,0.1487,49.63,33.58,56.26,3.882,0.1317,0.0139,7.114,3.71,377.6,90.5,11.82,29.96,False,Normal,0,train
PUMP_04,2026-04-25 02:00:00,0.1448,49.08,35.2,57.37,3.903,0.1316,0.0138,7.237,3.57,381.4,94.1,13.86,29.92,False,Normal,0,train
PUMP_04,2026-04-25 03:00:00,0.1458,49.26,34.92,58.36,3.797,0.1333,0.015,7.098,3.55,378.0,96.3,11.46,29.88,False,Normal,0,train
PUMP_04,2026-04-25 04:00:00,0.1413,50.05,34.29,58.6,3.976,0.1358,0.0149,7.239,4.08,382.3,100.0,14.27,29.83,False,Normal,0,train
PUMP_04,2026-04-25 05:00:00,0.1512,49.34,34.77,61.11,4.044,0.1409,0.0138,7.243,4.33,382.0,101.4,14.5,29.79,False,Normal,0,train
PUMP_04,2026-04-25 06:00:00,0.1435,47.33,33.99,59.76,4.009,0.1459,0.0036,7.16,4.51,384.4,109.2,13.4,29.75,False,Normal,0,train
PUMP_04,2026-04-25 07:00:00,0.161,48.48,33.29,59.98,4.054,0.1479,0.0072,7.202,3.98,374.1,118.7,13.28,29.71,False,Normal,0,train
PUMP_04,2026-04-25 08:00:00,0.1697,48.62,34.56,56.16,4.174,0.1521,0.0111,7.197,3.73,379.5,128.9,13.25,29.67,False,Normal,0,train
PUMP_04,2026-04-25 09:00:00,0.1497,49.33,33.26,58.4,3.927,0.1527,0.0108,7.16,3.96,381.4,131.5,12.89,29.62,False,Normal,0,train
PUMP_04,2026-04-25 10:00:00,0.1713,48.57,35.27,58.75,3.926,0.1577,0.0114,7.169,4.39,389.1,132.8,13.66,29.58,False,Normal,0,train
PUMP_04,2026-04-25 11:00:00,0.1409,49.73,33.35,56.53,4.012,0.156,0.0132,7.192,4.65,389.9,140.6,14.24,29.54,False,Normal,0,train
PUMP_04,2026-04-25 12:00:00,0.121,49.78,34.87,57.72,3.877,0.1523,0.0193,7.177,4.47,373.2,139.1,13.17,29.5,False,Normal,0,train
PUMP_04,2026-04-25 13:00:00,0.1678,46.77,35.15,58.97,3.998,0.1534,0.0201,7.229,4.43,376.9,147.9,14.13,29.46,False,Normal,0,train
PUMP_04,2026-04-25 14:00:00,0.1143,48.39,33.22,59.04,3.966,0.1442,0.0235,7.192,4.54,367.5,150.1,13.24,29.42,False,Normal,0,train
PUMP_04,2026-04-25 15:00:00,0.1345,50.32,33.16,59.53,3.9,0.1416,0.0236,7.223,4.03,391.0,142.0,14.34,29.38,False,Normal,0,train
PUMP_04,2026-04-25 16:00:00,0.1531,49.83,34.34,58.16,3.898,0.1386,0.0199,7.181,4.11,381.6,140.3,13.33,29.33,False,Normal,0,train
PUMP_04,2026-04-25 17:00:00,0.1589,47.36,34.96,57.35,3.96,0.1416,0.0216,7.232,4.42,382.9,129.6,14.43,29.29,False,Normal,0,train
PUMP_04,2026-04-25 18:00:00,0.1376,51.21,34.46,58.73,3.947,0.1444,0.0194,7.244,4.21,378.4,127.3,14.29,29.25,False,Normal,0,train
PUMP_04,2026-04-25 19:00:00,0.1317,50.91,33.54,58.24,3.973,0.1384,0.016,7.101,4.35,380.0,119.7,12.16,29.21,False,Normal,0,train
PUMP_04,2026-04-25 20:00:00,0.1728,53.49,34.97,58.56,4.11,0.1481,0.0162,7.219,3.76,385.6,117.3,13.87,29.17,False,Normal,0,train
PUMP_04,2026-04-25 21:00:00,0.1567,52.65,35.39,55.77,4.086,0.1518,0.015,7.165,4.56,374.8,104.9,13.12,29.12,False,Normal,0,train
PUMP_04,2026-04-25 22:00:00,0.1611,48.72,33.47,58.01,4.034,0.1531,0.0155,7.178,3.8,374.4,101.8,12.77,29.08,False,Normal,0,train
PUMP_04,2026-04-25 23:00:00,0.1545,49.81,34.27,58.51,4.056,0.1524,0.0152,7.216,4.44,378.8,93.7,14.01,29.04,False,Normal,0,train
PUMP_04,2026-04-26 00:00:00,0.1591,50.05,34.42,58.01,3.92,0.156,0.0135,7.206,3.96,380.0,98.2,13.57,29.0,False,Normal,0,train
PUMP_04,2026-04-26 01:00:00,0.1564,51.91,33.88,57.84,4.051,0.1601,0.0066,7.188,3.79,382.8,92.2,13.28,28.96,False,Normal,0,train
PUMP_04,2026-04-26 02:00:00,0.153,49.57,33.51,57.84,3.922,0.1568,0.003,7.233,3.2,380.1,94.3,13.47,28.92,False,Normal,0,train
PUMP_04,2026-04-26 03:00:00,0.1293,52.02,33.41,56.95,4.049,0.1522,0.0116,7.209,3.91,375.8,94.5,13.41,28.88,False,Normal,0,train
PUMP_04,2026-04-26 04:00:00,0.1386,50.43,32.98,59.04,4.148,0.1485,0.0118,7.162,3.5,378.1,101.3,12.46,28.83,False,Normal,0,train
PUMP_04,2026-04-26 05:00:00,0.1698,48.8,34.56,57.65,4.082,0.151,0.0147,7.255,3.63,380.9,110.1,14.16,28.79,False,Normal,0,train
PUMP_04,2026-04-26 06:00:00,0.178,48.23,33.74,54.99,4.073,0.1542,0.0183,7.253,4.2,383.3,114.7,14.63,28.75,False,Normal,0,train
PUMP_04,2026-04-26 07:00:00,0.1624,51.53,35.04,57.27,3.917,0.1552,0.0186,7.201,3.39,385.0,124.9,13.29,28.71,False,Normal,0,train
PUMP_04,2026-04-26 08:00:00,0.1421,51.45,34.37,57.08,4.002,0.1534,0.0194,7.172,4.49,378.6,123.6,13.34,28.67,False,Normal,0,train
PUMP_04,2026-04-26 09:00:00,0.1601,51.64,33.99,57.61,4.026,0.1585,0.0154,7.161,5.01,376.5,132.3,13.44,28.62,False,Normal,0,train
PUMP_04,2026-04-26 10:00:00,0.1607,46.13,34.91,57.22,4.087,0.1622,0.012,7.284,3.81,375.5,142.0,14.52,28.58,False,Normal,0,train
PUMP_04,2026-04-26 11:00:00,0.124,49.8,34.0,57.87,3.946,0.1546,0.0188,7.191,4.48,385.8,137.7,13.93,28.54,False,Normal,0,train
PUMP_04,2026-04-26 12:00:00,0.1725,51.88,33.7,58.24,3.996,0.1536,0.0175,7.207,3.44,377.8,148.7,13.13,28.5,False,Normal,0,train
PUMP_04,2026-04-26 13:00:00,0.1603,47.85,34.48,57.05,4.134,0.1533,0.0173,7.221,4.16,376.2,150.9,13.79,28.46,False,Normal,0,train
PUMP_04,2026-04-26 14:00:00,0.1291,50.85,33.71,58.06,4.009,0.1511,0.0197,7.062,4.14,380.8,139.5,11.42,28.42,False,Normal,0,train
PUMP_04,2026-04-26 15:00:00,0.1416,49.17,34.14,58.8,3.825,0.148,0.0194,7.154,5.23,388.1,151.2,13.96,28.38,False,Normal,0,train
PUMP_04,2026-04-26 16:00:00,0.1363,48.59,34.25,57.57,3.915,0.144,0.0188,7.31,3.85,375.4,136.4,14.96,28.33,False,Normal,0,train
PUMP_04,2026-04-26 17:00:00,0.1597,48.91,34.07,58.79,3.952,0.1499,0.0167,7.06,4.18,383.0,125.5,11.52,28.29,False,Normal,0,train
PUMP_04,2026-04-26 18:00:00,0.1315,52.37,34.26,59.59,3.924,0.1431,0.0138,7.125,3.93,377.7,121.9,12.16,28.25,False,Normal,0,train
PUMP_04,2026-04-26 19:00:00,0.1224,51.34,34.26,56.87,4.026,0.1368,0.013,7.178,3.85,380.6,119.2,13.06,28.21,False,Normal,0,train
PUMP_04,2026-04-26 20:00:00,0.1395,49.82,34.13,58.35,4.097,0.1385,0.0124,7.15,3.94,384.1,111.7,12.84,28.17,False,Normal,0,train
PUMP_04,2026-04-26 21:00:00,0.1272,53.3,33.71,60.44,4.112,0.1361,0.0131,7.162,3.92,386.1,104.1,13.1,28.12,False,Normal,0,train
PUMP_04,2026-04-26 22:00:00,0.1594,47.31,33.4,58.29,4.118,0.14,0.0162,7.142,3.75,377.4,97.2,12.29,28.08,False,Normal,0,train
PUMP_04,2026-04-26 23:00:00,0.146,49.04,33.58,57.01,3.959,0.1377,0.0136,7.191,4.11,383.8,92.5,13.59,28.04,False,Normal,0,train
PUMP_04,2026-04-27 00:00:00,0.1321,52.4,33.61,58.59,3.988,0.1378,0.0136,7.218,3.64,381.2,102.3,13.58,28.0,False,Normal,0,train
PUMP_04,2026-04-27 01:00:00,0.1415,49.73,34.41,57.8,3.999,0.141,0.0113,7.22,3.84,382.0,96.2,13.79,27.96,False,Normal,0,train
PUMP_04,2026-04-27 02:00:00,0.1479,49.69,35.05,56.48,4.241,0.1423,0.0116,7.159,4.77,386.2,99.7,13.64,27.92,False,Normal,0,train
PUMP_04,2026-04-27 03:00:00,0.1522,49.82,34.01,57.8,4.038,0.1465,0.0093,7.249,3.95,376.4,94.4,14.1,27.88,False,Normal,0,train
PUMP_04,2026-04-27 04:00:00,0.1338,49.31,34.76,56.63,3.996,0.1422,0.008,7.207,4.35,383.9,100.5,14.02,27.83,False,Normal,0,train
PUMP_04,2026-04-27 05:00:00,0.142,51.39,33.6,56.03,3.934,0.1416,0.0078,7.254,3.97,380.8,103.2,14.37,27.79,False,Normal,0,train
PUMP_04,2026-04-27 06:00:00,0.1638,48.76,33.93,59.04,4.103,0.1469,0.0104,7.214,4.31,385.9,111.3,14.19,27.75,False,Normal,0,train
PUMP_04,2026-04-27 07:00:00,0.1786,54.03,33.91,55.19,3.907,0.153,0.0161,7.187,3.93,382.1,124.1,13.33,27.71,False,Normal,0,train
PUMP_04,2026-04-27 08:00:00,0.1506,47.88,34.37,59.68,4.027,0.1535,0.0159,7.188,2.97,379.2,124.6,12.56,27.67,False,Normal,0,train
PUMP_04,2026-04-27 09:00:00,0.1582,52.54,33.65,58.68,4.0,0.1545,0.016,7.218,3.99,384.4,131.9,13.95,27.62,False,Normal,0,train
PUMP_04,2026-04-27 10:00:00,0.1897,51.24,34.46,59.79,3.979,0.1638,0.0177,7.263,3.6,377.2,134.8,14.11,27.58,False,Normal,0,train
PUMP_04,2026-04-27 11:00:00,0.1559,48.98,34.23,60.0,4.159,0.1661,0.015,7.206,3.88,378.0,144.6,13.43,27.54,False,Normal,0,train
PUMP_04,2026-04-27 12:00:00,0.1205,50.39,34.11,59.35,4.05,0.1589,0.024,7.21,4.28,376.2,141.7,13.7,27.5,False,Normal,0,train
PUMP_04,2026-04-27 13:00:00,0.1555,51.27,33.67,57.49,4.089,0.1551,0.022,7.228,4.73,376.9,149.9,14.33,27.46,False,Normal,0,train
PUMP_04,2026-04-27 14:00:00,0.1479,50.94,33.02,57.26,3.912,0.1546,0.0222,7.111,3.44,366.3,142.6,11.12,27.42,False,Normal,0,train
PUMP_04,2026-04-27 15:00:00,0.1361,47.15,33.74,58.14,4.089,0.1509,0.0233,7.128,3.9,377.4,151.3,12.18,27.38,False,Normal,0,train
PUMP_04,2026-04-27 16:00:00,0.124,50.58,34.46,59.19,4.117,0.14,0.0155,7.211,4.01,379.6,142.5,13.66,27.33,False,Normal,0,train
PUMP_04,2026-04-27 17:00:00,0.1523,47.92,32.95,60.27,4.027,0.1394,0.0149,7.152,4.02,383.8,132.3,12.91,27.29,False,Normal,0,train
PUMP_04,2026-04-27 18:00:00,0.099,51.57,33.07,56.79,3.969,0.1358,0.0214,7.187,4.02,375.4,126.7,13.11,27.25,False,Normal,0,train
PUMP_04,2026-04-27 19:00:00,0.1336,51.6,33.84,58.97,3.94,0.1322,0.0192,7.199,4.23,377.5,125.5,13.54,27.21,False,Normal,0,train
PUMP_04,2026-04-27 20:00:00,0.1357,47.95,33.5,58.05,4.006,0.1301,0.0178,7.321,3.82,379.1,114.8,15.27,27.17,False,Normal,0,train
PUMP_04,2026-04-27 21:00:00,0.132,47.04,35.94,58.05,3.989,0.1294,0.0176,7.191,3.92,383.8,109.9,13.46,27.12,False,Normal,0,train
PUMP_04,2026-04-27 22:00:00,0.1431,49.54,34.15,58.78,3.956,0.1326,0.0181,7.094,4.16,380.9,110.8,11.96,27.08,False,Normal,0,train
PUMP_04,2026-04-27 23:00:00,0.1284,49.64,33.76,54.91,4.042,0.1286,0.0153,7.21,3.72,381.9,99.2,13.55,27.04,False,Normal,0,train
PUMP_04,2026-04-28 00:00:00,0.158,50.01,34.69,58.03,4.021,0.1385,0.0107,7.251,3.76,384.4,87.4,14.33,27.0,False,Normal,0,train
PUMP_04,2026-04-28 01:00:00,0.1961,50.63,33.97,56.52,3.974,0.1489,0.0254,7.227,3.97,382.5,95.7,14.01,26.96,False,Normal,0,train
PUMP_04,2026-04-28 02:00:00,0.1412,49.77,33.95,58.88,3.975,0.1498,0.0249,7.223,3.76,377.0,100.5,13.58,26.92,False,Normal,0,train
PUMP_04,2026-04-28 03:00:00,0.163,50.16,35.1,58.38,3.867,0.155,0.0237,7.12,5.13,388.6,99.6,13.36,26.88,False,Normal,0,train
PUMP_04,2026-04-28 04:00:00,0.1608,48.75,32.76,60.03,3.991,0.1579,0.023,7.103,6.23,370.5,97.7,13.11,26.83,False,Normal,0,train
PUMP_04,2026-04-28 05:00:00,0.1626,48.46,33.43,59.79,3.904,0.1636,0.0179,7.056,7.54,384.5,107.2,13.86,26.79,False,Normal,0,train
PUMP_04,2026-04-28 06:00:00,0.1529,50.91,34.32,57.28,3.973,0.1628,0.0183,7.039,8.89,382.2,119.5,14.44,26.75,False,Normal,0,train
PUMP_04,2026-04-28 07:00:00,0.1597,50.78,33.43,58.33,4.028,0.1567,0.0084,7.032,9.66,386.2,114.3,15.04,26.71,False,Normal,0,train
PUMP_04,2026-04-28 08:00:00,0.1618,49.46,33.42,59.94,3.855,0.1601,0.0037,7.089,9.12,378.8,119.6,15.26,26.67,False,Normal,0,train
PUMP_04,2026-04-28 09:00:00,0.169,48.42,34.5,58.58,3.98,0.1611,0.0052,7.23,8.6,388.4,129.2,17.55,26.62,False,Normal,0,train
PUMP_04,2026-04-28 10:00:00,0.1659,52.33,33.6,58.87,4.031,0.162,0.0055,7.127,6.63,393.6,142.3,14.73,26.58,False,Normal,0,train
PUMP_04,2026-04-28 11:00:00,0.1718,52.57,34.23,59.98,3.88,0.1635,0.0068,7.171,6.58,400.1,133.5,15.69,26.54,False,Normal,0,train
PUMP_04,2026-04-28 12:00:00,0.1389,51.71,33.85,59.79,3.953,0.1612,0.0118,7.046,5.13,410.2,144.6,13.09,26.5,False,Normal,0,train
PUMP_04,2026-04-28 13:00:00,0.1501,50.95,34.21,58.27,3.895,0.1596,0.0127,7.178,4.11,415.1,147.0,14.68,26.46,False,Normal,0,train
PUMP_04,2026-04-28 14:00:00,0.1426,48.37,33.95,59.33,4.072,0.1564,0.0143,7.277,3.85,415.7,144.2,16.11,26.42,False,Normal,0,train
PUMP_04,2026-04-28 15:00:00,0.1557,51.92,34.51,59.13,3.951,0.1542,0.0129,7.205,3.88,403.1,135.7,14.45,26.38,False,Normal,0,train
PUMP_04,2026-04-28 16:00:00,0.1178,50.87,34.57,60.08,3.947,0.1462,0.0181,7.195,4.55,405.4,138.2,14.86,26.33,False,Normal,0,train
PUMP_04,2026-04-28 17:00:00,0.1567,48.46,33.58,58.18,4.07,0.1436,0.0145,7.345,3.93,390.3,128.1,16.2,26.29,False,Normal,0,train
PUMP_04,2026-04-28 18:00:00,0.1447,51.06,33.03,59.58,3.981,0.1446,0.0143,7.259,4.38,390.3,127.1,15.14,26.25,False,Normal,0,train
PUMP_04,2026-04-28 19:00:00,0.1583,49.23,33.92,57.58,4.146,0.146,0.0153,7.239,4.02,379.4,116.4,14.1,26.21,False,Normal,0,train
PUMP_04,2026-04-28 20:00:00,0.142,51.24,33.65,58.63,4.044,0.1459,0.0153,7.197,3.95,381.7,114.9,13.49,26.17,False,Normal,0,train
PUMP_04,2026-04-28 21:00:00,0.1402,51.72,33.57,59.15,4.037,0.1433,0.0146,7.214,4.25,378.7,107.3,13.84,26.12,False,Normal,0,train
PUMP_04,2026-04-28 22:00:00,0.1351,50.78,32.96,58.91,4.04,0.1462,0.0093,7.307,3.95,383.9,97.3,15.34,26.08,False,Normal,0,train
PUMP_04,2026-04-28 23:00:00,0.1413,48.75,33.76,58.46,4.105,0.1436,0.0079,7.312,3.68,383.1,100.6,15.19,26.04,False,Normal,0,train
PUMP_04,2026-04-29 00:00:00,0.1195,50.93,34.03,58.05,3.752,0.1394,0.0125,7.173,3.7,386.0,95.3,13.11,26.0,False,Normal,0,train
PUMP_04,2026-04-29 01:00:00,0.1501,50.84,33.65,58.95,4.056,0.138,0.0103,7.119,4.23,376.7,96.3,12.23,25.96,False,Normal,0,train
PUMP_04,2026-04-29 02:00:00,0.147,48.95,33.97,58.71,3.935,0.1389,0.0109,7.202,3.12,375.8,96.6,12.74,25.92,False,Normal,0,train
PUMP_04,2026-04-29 03:00:00,0.1584,49.49,34.39,58.22,3.905,0.1419,0.0135,7.238,4.15,378.1,102.4,14.14,25.88,False,Normal,0,train
PUMP_04,2026-04-29 04:00:00,0.1481,52.86,34.85,58.9,3.989,0.1441,0.0133,7.29,3.42,380.6,104.6,14.57,25.83,False,Normal,0,train
PUMP_04,2026-04-29 05:00:00,0.1649,52.48,34.92,56.29,3.993,0.148,0.0156,7.195,4.07,382.6,109.1,13.57,25.79,False,Normal,0,train
PUMP_04,2026-04-29 06:00:00,0.1579,49.18,33.61,58.59,3.86,0.1544,0.0071,7.183,4.54,376.9,105.9,13.47,25.75,False,Normal,0,train
PUMP_04,2026-04-29 07:00:00,0.1322,46.97,33.55,56.03,3.905,0.1514,0.0116,7.256,3.65,381.0,118.2,14.18,25.71,False,Normal,0,train
PUMP_04,2026-04-29 08:00:00,0.1593,52.22,33.17,57.02,3.887,0.1535,0.0117,7.154,4.21,379.1,115.9,12.87,25.67,False,Normal,0,train
PUMP_04,2026-04-29 09:00:00,0.1693,53.18,34.49,58.47,3.933,0.1553,0.0134,7.188,4.45,378.7,126.5,13.57,25.62,False,Normal,0,train
PUMP_04,2026-04-29 10:00:00,0.1684,52.36,34.11,58.01,4.04,0.1587,0.0138,7.2,3.77,380.0,141.9,13.34,25.58,False,Normal,0,train
PUMP_04,2026-04-29 11:00:00,0.1392,49.47,34.85,56.04,3.97,0.1544,0.0154,7.05,8.85,387.5,139.3,14.82,25.54,False,Normal,0,train
PUMP_04,2026-04-29 12:00:00,0.1273,51.01,34.11,55.8,4.023,0.1493,0.0187,6.948,15.21,384.0,148.2,19.14,25.5,False,Normal,0,val
PUMP_04,2026-04-29 13:00:00,0.1637,48.61,33.67,57.65,3.937,0.1545,0.0173,6.911,15.56,385.2,141.4,20.04,25.46,False,Normal,0,val
PUMP_04,2026-04-29 14:00:00,0.1511,51.62,33.97,55.87,4.109,0.1532,0.0172,6.857,15.97,381.8,143.1,21.04,25.42,False,Normal,0,val
PUMP_04,2026-04-29 15:00:00,0.1283,49.13,33.87,56.4,3.963,0.1463,0.0176,6.872,14.76,388.8,141.7,20.25,25.38,False,Normal,0,val
PUMP_04,2026-04-29 16:00:00,0.1288,49.05,33.57,57.33,4.072,0.1397,0.0149,7.024,15.32,384.4,143.4,18.79,25.33,False,Normal,0,val
PUMP_04,2026-04-29 17:00:00,0.1407,49.87,34.05,59.08,4.005,0.14,0.0149,6.958,9.76,409.4,136.0,16.23,25.29,False,Normal,0,val
PUMP_04,2026-04-29 18:00:00,0.1528,49.16,33.48,56.62,3.938,0.1442,0.0142,7.106,3.55,462.6,124.0,15.12,25.25,False,Normal,0,val
PUMP_04,2026-04-29 19:00:00,0.1352,51.1,34.83,55.43,4.173,0.1395,0.0107,7.138,3.91,460.7,117.5,15.8,25.21,False,Normal,0,val
PUMP_04,2026-04-29 20:00:00,0.1189,48.72,32.97,59.62,4.099,0.1341,0.0117,7.215,3.91,462.1,113.8,17.1,25.17,False,Normal,0,val
PUMP_04,2026-04-29 21:00:00,0.1143,53.88,34.72,59.03,3.983,0.1318,0.0142,7.257,4.03,451.5,116.6,17.41,25.12,False,Normal,0,val
PUMP_04,2026-04-29 22:00:00,0.1327,50.83,33.7,58.44,4.074,0.1324,0.0142,7.194,4.17,451.7,102.2,16.51,25.08,False,Normal,0,val
PUMP_04,2026-04-29 23:00:00,0.1348,49.48,32.26,57.96,3.999,0.1314,0.0137,7.172,4.09,422.0,94.6,14.86,25.04,False,Normal,0,val
PUMP_04,2026-04-30 00:00:00,0.1332,48.54,32.92,60.51,3.978,0.1282,0.0091,7.163,4.49,371.2,92.3,12.89,25.0,False,Mechanical,0,val
PUMP_04,2026-04-30 01:00:00,0.1737,49.54,33.96,58.39,3.944,0.1346,0.0209,7.113,4.75,383.5,93.9,12.79,24.96,False,Mechanical,0,val
PUMP_04,2026-04-30 02:00:00,0.1315,49.69,33.75,58.11,3.999,0.1367,0.0196,7.28,4.01,380.7,96.7,14.81,24.92,False,Mechanical,0,val
PUMP_04,2026-04-30 03:00:00,0.1461,49.6,34.25,57.79,4.026,0.142,0.0164,7.19,3.8,389.7,94.3,13.61,24.88,False,Mechanical,0,val
PUMP_04,2026-04-30 04:00:00,0.1911,49.27,33.75,58.53,4.018,0.1517,0.0249,7.211,3.92,381.9,105.7,13.7,24.83,False,Mechanical,0,val
PUMP_04,2026-04-30 05:00:00,0.148,48.78,34.36,57.13,4.048,0.1539,0.0237,7.243,3.91,383.5,104.5,14.26,24.79,False,Mechanical,0,val
PUMP_04,2026-04-30 06:00:00,0.1603,51.38,34.02,59.35,4.0,0.1584,0.0214,7.269,3.76,382.9,118.3,14.56,24.75,False,Mechanical,0,val
PUMP_04,2026-04-30 07:00:00,0.1815,52.15,34.41,59.58,3.898,0.1598,0.0227,7.189,3.4,380.4,120.6,12.92,24.71,False,Mechanical,0,val
PUMP_04,2026-04-30 08:00:00,0.1577,48.74,34.54,59.55,4.034,0.1641,0.0183,7.154,3.46,380.6,124.7,12.42,24.67,False,Mechanical,0,val
PUMP_04,2026-04-30 09:00:00,0.1639,49.97,34.33,57.97,3.944,0.1671,0.0161,7.199,4.27,379.7,120.9,13.66,24.62,False,Mechanical,0,val
PUMP_04,2026-04-30 10:00:00,0.1462,47.35,33.85,58.48,3.869,0.1596,0.0128,7.193,4.3,368.1,135.9,13.11,24.58,False,Mechanical,0,val
PUMP_04,2026-04-30 11:00:00,0.141,49.24,34.88,56.45,3.983,0.1584,0.0143,7.172,4.13,385.6,141.3,13.38,24.54,False,Mechanical,0,val
PUMP_04,2026-04-30 12:00:00,0.1275,53.02,33.99,56.54,3.96,0.153,0.0189,7.137,3.9,385.7,144.0,12.66,24.5,False,Mechanical,0,val
PUMP_04,2026-04-30 13:00:00,0.1461,51.88,33.6,58.97,3.935,0.1471,0.0128,7.219,3.8,384.3,147.0,13.85,24.46,False,Mechanical,0,val
PUMP_04,2026-04-30 14:00:00,0.1528,51.01,33.79,59.15,3.898,0.1462,0.0121,7.266,3.45,380.4,142.3,14.19,24.42,False,Mechanical,0,val
PUMP_04,2026-04-30 15:00:00,0.1744,48.36,34.28,55.97,4.025,0.148,0.0155,7.288,3.74,379.3,143.7,14.69,24.38,False,Mechanical,0,val
PUMP_04,2026-04-30 16:00:00,0.1359,49.06,34.65,56.53,3.951,0.1463,0.0163,7.162,3.71,374.3,133.7,12.45,24.33,False,Mechanical,0,val
PUMP_04,2026-04-30 17:00:00,0.1613,49.34,34.46,56.96,3.929,0.1497,0.017,7.288,3.43,373.7,136.2,14.25,24.29,False,Mechanical,0,val
PUMP_04,2026-04-30 18:00:00,0.1573,51.66,34.47,58.5,4.036,0.1546,0.0132,7.145,4.09,377.0,130.2,12.56,24.25,False,Mechanical,0,val
PUMP_04,2026-04-30 19:00:00,0.1328,52.09,33.85,57.57,3.989,0.1524,0.0158,7.207,3.7,381.0,121.1,13.45,24.21,False,Mechanical,0,val
PUMP_04,2026-04-30 20:00:00,0.1457,50.16,34.73,56.7,4.035,0.1512,0.016,7.252,4.02,381.9,116.4,14.43,24.17,False,Mechanical,0,val
PUMP_04,2026-04-30 21:00:00,0.1478,51.53,34.09,57.73,3.994,0.1468,0.0113,7.228,3.41,377.4,106.1,13.42,24.12,False,Mechanical,0,val
PUMP_04,2026-04-30 22:00:00,0.1287,49.09,33.76,57.72,4.036,0.1456,0.0129,7.271,4.24,373.5,101.4,14.52,24.08,False,Mechanical,0,val
PUMP_04,2026-04-30 23:00:00,0.1485,50.69,32.95,59.21,3.891,0.1435,0.0107,7.149,4.17,376.7,97.2,12.66,24.04,False,Mechanical,0,val
PUMP_04,2026-05-01 00:00:00,0.1426,51.79,34.47,57.81,4.125,0.141,0.0083,7.191,3.79,379.4,100.8,13.19,24.0,False,Mechanical,0,val
PUMP_04,2026-05-01 01:00:00,0.1547,52.63,33.76,59.89,3.872,0.1447,0.0088,7.19,4.55,372.2,95.6,13.4,23.96,False,Mechanical,0,val
PUMP_04,2026-05-01 02:00:00,0.1585,48.51,33.47,55.69,4.079,0.1468,0.0105,7.257,3.97,380.9,92.6,14.43,23.92,False,Mechanical,0,val
PUMP_04,2026-05-01 03:00:00,0.1626,52.44,33.36,58.7,4.002,0.1493,0.0123,7.188,4.05,388.1,97.9,13.69,23.88,False,Mechanical,0,val
PUMP_04,2026-05-01 04:00:00,0.1563,53.9,34.67,60.68,4.187,0.1539,0.0072,7.212,3.38,376.0,100.2,13.08,23.83,False,Mechanical,0,val
PUMP_04,2026-05-01 05:00:00,0.1508,48.17,34.24,58.01,4.018,0.1542,0.0069,7.187,3.69,390.6,108.0,13.52,23.79,False,Mechanical,0,val
PUMP_04,2026-05-01 06:00:00,0.1409,47.94,34.46,57.85,4.069,0.154,0.0075,7.218,3.74,376.5,112.7,13.46,23.75,False,Mechanical,0,val
PUMP_04,2026-05-01 07:00:00,0.1815,52.78,34.03,57.4,3.85,0.1584,0.0136,7.162,4.31,378.9,114.4,13.07,23.71,False,Mechanical,0,val
PUMP_04,2026-05-01 08:00:00,0.1672,49.79,34.19,56.46,4.117,0.1599,0.014,7.144,4.39,382.4,122.0,12.97,23.67,False,Mechanical,0,val
PUMP_04,2026-05-01 09:00:00,0.1811,50.11,34.15,59.48,4.056,0.163,0.0166,7.175,3.77,379.8,130.8,12.93,23.62,False,Mechanical,0,val
PUMP_04,2026-05-01 10:00:00,0.1617,52.24,33.48,57.28,3.877,0.1639,0.0163,7.154,4.07,371.5,143.0,12.46,23.58,False,Mechanical,0,val
PUMP_04,2026-05-01 11:00:00,0.1618,49.15,34.68,59.32,3.967,0.1657,0.0151,7.19,4.34,381.3,134.1,13.63,23.54,False,Mechanical,0,val
PUMP_04,2026-05-01 12:00:00,0.1558,50.9,33.68,58.71,3.997,0.1682,0.0108,7.239,3.86,380.4,145.5,14.05,23.5,False,Mechanical,0,val
PUMP_04,2026-05-01 13:00:00,0.1523,48.48,33.88,59.04,4.111,0.1633,0.0101,7.133,3.42,378.7,151.2,11.97,23.46,False,Mechanical,0,val
PUMP_04,2026-05-01 14:00:00,0.1594,51.85,34.44,57.13,4.003,0.162,0.01,7.179,4.28,380.4,148.0,13.38,23.42,False,Mechanical,0,val
PUMP_04,2026-05-01 15:00:00,0.1497,51.86,34.85,58.69,3.923,0.1568,0.005,7.309,4.17,382.2,141.5,15.45,23.38,False,Mechanical,0,val
PUMP_04,2026-05-01 16:00:00,0.1675,50.85,33.86,58.29,3.991,0.1578,0.0065,7.11,4.12,375.6,136.8,11.96,23.33,False,Mechanical,0,val
PUMP_04,2026-05-01 17:00:00,0.1734,50.63,34.7,58.53,4.072,0.1597,0.0091,7.144,4.38,382.7,135.1,12.99,23.29,False,Mechanical,0,val
PUMP_04,2026-05-01 18:00:00,0.1722,50.61,34.45,55.3,4.021,0.1624,0.0102,7.215,4.42,377.0,132.5,13.91,23.25,False,Mechanical,0,val
PUMP_04,2026-05-01 19:00:00,0.1767,50.39,34.13,58.95,4.084,0.1665,0.0102,7.12,4.25,387.7,122.9,12.71,23.21,False,Mechanical,0,val
PUMP_04,2026-05-01 20:00:00,0.1379,50.56,34.22,61.02,3.837,0.1629,0.0155,7.193,3.53,385.2,114.3,13.28,23.17,False,Mechanical,0,val
PUMP_04,2026-05-01 21:00:00,0.1752,52.0,34.23,56.82,4.18,0.1672,0.0147,7.284,3.39,375.0,112.3,14.21,23.12,False,Mechanical,0,val
PUMP_04,2026-05-01 22:00:00,0.1611,48.03,34.43,59.5,4.033,0.1661,0.0149,7.169,4.14,386.1,103.0,13.35,23.08,False,Mechanical,0,val
PUMP_04,2026-05-01 23:00:00,0.1642,53.48,35.0,58.09,4.062,0.1646,0.0144,7.155,4.03,382.0,98.7,12.89,23.04,False,Mechanical,0,val
PUMP_04,2026-05-02 00:00:00,0.155,51.03,34.49,57.14,4.107,0.1617,0.0143,7.119,4.06,382.7,98.4,12.35,23.0,False,Mechanical,0,val
PUMP_04,2026-05-02 01:00:00,0.1633,54.15,34.16,57.56,4.14,0.1594,0.0124,7.156,4.68,379.1,92.4,13.23,22.96,False,Mechanical,0,val
PUMP_04,2026-05-02 02:00:00,0.1388,51.17,34.07,60.16,4.133,0.1596,0.0121,7.188,4.37,378.3,107.8,13.49,22.92,False,Mechanical,0,val
PUMP_04,2026-05-02 03:00:00,0.1828,50.83,34.43,58.77,3.979,0.1609,0.0143,7.307,3.93,378.6,99.0,15.1,22.88,False,Mechanical,0,val
PUMP_04,2026-05-02 04:00:00,0.1736,51.77,34.07,58.29,3.91,0.163,0.0152,7.191,3.71,375.2,101.6,12.95,22.83,False,Mechanical,0,val
PUMP_04,2026-05-02 05:00:00,0.1704,48.98,33.3,56.57,4.085,0.164,0.0155,7.193,4.26,370.6,110.9,13.18,22.79,False,Mechanical,0,val
PUMP_04,2026-05-02 06:00:00,0.1991,49.28,35.07,59.13,4.142,0.1713,0.0202,7.198,4.18,376.8,117.9,13.46,22.75,False,Mechanical,0,val
PUMP_04,2026-05-02 07:00:00,0.1795,50.6,34.32,59.78,4.089,0.174,0.0199,7.156,3.91,376.8,117.3,12.61,22.71,False,Mechanical,0,val
PUMP_04,2026-05-02 08:00:00,0.165,51.03,34.3,58.86,3.883,0.1784,0.012,7.082,2.91,374.6,119.6,10.62,22.67,False,Mechanical,0,val
PUMP_04,2026-05-02 09:00:00,0.1776,52.49,35.23,57.14,4.216,0.1775,0.0118,7.272,3.62,382.9,131.2,14.51,22.62,False,Mechanical,0,val
PUMP_04,2026-05-02 10:00:00,0.2021,51.08,34.12,59.16,4.012,0.1823,0.0151,7.23,4.34,381.2,138.8,14.27,22.58,False,Mechanical,0,val
PUMP_04,2026-05-02 11:00:00,0.1726,53.17,34.7,60.77,4.124,0.1826,0.0148,7.256,3.48,377.0,138.7,13.9,22.54,False,Mechanical,0,val
PUMP_04,2026-05-02 12:00:00,0.1847,47.0,34.45,58.36,3.904,0.1802,0.0126,7.212,4.23,378.4,144.0,13.79,22.5,False,Mechanical,0,val
PUMP_04,2026-05-02 13:00:00,0.1598,53.75,34.67,59.81,4.17,0.177,0.0152,7.258,4.18,381.1,144.5,14.6,22.46,False,Mechanical,0,val
PUMP_04,2026-05-02 14:00:00,0.1762,50.44,34.12,58.32,4.14,0.1788,0.014,7.123,3.6,376.4,137.6,11.84,22.42,False,Mechanical,0,val
PUMP_04,2026-05-02 15:00:00,0.1705,52.11,35.03,58.38,4.027,0.1776,0.0145,7.203,4.36,367.2,144.3,13.26,22.38,False,Mechanical,0,val
PUMP_04,2026-05-02 16:00:00,0.1664,52.91,35.57,58.86,4.166,0.1717,0.0085,7.226,3.97,386.0,141.3,14.14,22.33,False,Mechanical,0,val
PUMP_04,2026-05-02 17:00:00,0.1587,49.16,33.95,58.2,4.08,0.1694,0.01,7.266,3.94,379.4,133.3,14.49,22.29,False,Mechanical,0,val
PUMP_04,2026-05-02 18:00:00,0.1621,53.32,34.98,58.1,4.134,0.1656,0.0068,7.221,3.54,381.4,128.0,13.57,22.25,False,Mechanical,0,val
PUMP_04,2026-05-02 19:00:00,0.139,52.31,34.61,58.68,4.059,0.1621,0.0129,7.221,4.52,380.9,117.4,14.23,22.21,False,Mechanical,0,val
PUMP_04,2026-05-02 20:00:00,0.1447,53.87,34.77,59.83,4.013,0.1569,0.0124,7.211,3.52,372.8,113.1,13.05,22.17,False,Mechanical,0,val
PUMP_04,2026-05-02 21:00:00,0.1478,51.35,34.84,58.79,4.217,0.1531,0.0108,7.126,3.52,376.6,110.2,11.84,22.12,False,Mechanical,0,val
PUMP_04,2026-05-02 22:00:00,0.151,51.25,33.83,58.66,4.111,0.1506,0.0087,7.17,4.06,379.9,96.9,13.06,22.08,False,Mechanical,0,val
PUMP_04,2026-05-02 23:00:00,0.1727,50.17,34.12,58.96,3.964,0.1529,0.0124,7.175,3.61,379.0,94.3,12.78,22.04,False,Mechanical,0,val
PUMP_04,2026-05-03 00:00:00,0.1727,50.25,34.46,60.64,4.089,0.1546,0.0145,7.242,4.83,374.3,90.1,14.51,22.0,False,Mechanical,0,val
PUMP_04,2026-05-03 01:00:00,0.1677,51.24,35.35,57.58,4.135,0.1594,0.013,7.226,3.6,381.7,101.7,13.71,21.96,False,Mechanical,0,val
PUMP_04,2026-05-03 02:00:00,0.2046,52.24,34.45,59.58,4.169,0.1694,0.0203,7.275,4.32,382.8,94.7,15.05,21.92,False,Mechanical,0,val
PUMP_04,2026-05-03 03:00:00,0.1853,52.52,34.93,59.8,4.254,0.1757,0.018,7.224,4.66,378.1,104.1,14.27,21.88,False,Mechanical,0,val
PUMP_04,2026-05-03 04:00:00,0.205,49.9,34.69,58.61,4.134,0.1847,0.0166,7.189,4.29,385.0,102.0,13.74,21.83,False,Mechanical,0,val
PUMP_04,2026-05-03 05:00:00,0.1712,51.29,34.71,60.3,4.028,0.1844,0.0169,7.264,3.7,382.7,114.7,14.43,21.79,False,Mechanical,0,val
PUMP_04,2026-05-03 06:00:00,0.2006,51.81,34.78,59.97,4.07,0.1891,0.0168,7.138,4.14,381.9,118.5,12.68,21.75,False,Mechanical,0,val
PUMP_04,2026-05-03 07:00:00,0.2095,48.27,34.21,59.86,4.194,0.196,0.0148,7.185,4.54,377.5,117.3,13.54,21.71,False,Mechanical,0,val
PUMP_04,2026-05-03 08:00:00,0.2004,52.81,34.62,57.35,4.036,0.1953,0.0144,7.153,3.4,379.2,126.9,12.29,21.67,False,Mechanical,0,val
PUMP_04,2026-05-03 09:00:00,0.1869,51.16,34.49,58.25,4.11,0.1956,0.0141,7.144,4.44,384.2,128.5,13.08,21.62,False,Mechanical,0,val
PUMP_04,2026-05-03 10:00:00,0.1879,51.6,34.71,58.11,4.057,0.1927,0.0136,7.146,4.2,372.8,140.3,12.47,21.58,False,Mechanical,0,val
PUMP_04,2026-05-03 11:00:00,0.1956,53.79,34.35,59.8,4.072,0.1968,0.0086,7.167,4.76,373.1,146.0,13.21,21.54,False,Mechanical,0,val
PUMP_04,2026-05-03 12:00:00,0.1895,50.14,35.86,60.03,4.081,0.195,0.0088,7.21,4.17,378.0,151.7,13.69,21.5,False,Mechanical,0,val
PUMP_04,2026-05-03 13:00:00,0.2032,50.35,33.77,58.66,4.119,0.1939,0.0069,7.182,4.06,379.9,150.5,13.26,21.46,False,Mechanical,0,val
PUMP_04,2026-05-03 14:00:00,0.171,48.25,33.8,58.68,4.092,0.189,0.0107,7.213,4.27,379.5,145.9,13.88,21.42,False,Mechanical,0,val
PUMP_04,2026-05-03 15:00:00,0.1982,51.6,35.08,61.67,3.976,0.1909,0.0113,7.211,3.5,382.6,143.1,13.44,21.38,False,Mechanical,0,val
PUMP_04,2026-05-03 16:00:00,0.1874,53.37,35.33,59.26,4.205,0.1908,0.0113,7.083,3.67,381.2,136.7,11.45,21.33,False,Mechanical,0,val
PUMP_04,2026-05-03 17:00:00,0.1857,48.59,35.81,59.59,4.197,0.1892,0.0112,7.208,4.03,380.1,139.8,13.65,21.29,False,Mechanical,0,val
PUMP_04,2026-05-03 18:00:00,0.1805,50.23,34.71,58.78,4.127,0.1877,0.0117,7.162,3.79,378.5,123.0,12.69,21.25,False,Mechanical,0,val
PUMP_04,2026-05-03 19:00:00,0.2002,52.06,34.88,60.68,4.213,0.1872,0.011,7.118,3.76,384.1,115.8,12.18,21.21,False,Mechanical,0,val
PUMP_04,2026-05-03 20:00:00,0.1728,51.15,35.2,59.59,4.174,0.1875,0.0104,7.211,4.82,386.0,109.1,14.5,21.17,False,Mechanical,0,val
PUMP_04,2026-05-03 21:00:00,0.1712,51.2,35.75,59.33,4.18,0.183,0.0107,7.203,4.72,378.5,111.8,13.99,21.12,False,Mechanical,0,val
PUMP_04,2026-05-03 22:00:00,0.1917,52.13,34.14,59.4,4.145,0.1837,0.0112,7.207,2.98,381.9,106.2,12.99,21.08,False,Mechanical,0,val
PUMP_04,2026-05-03 23:00:00,0.1842,54.69,35.06,58.66,4.181,0.1834,0.0111,7.235,4.02,378.7,100.1,14.01,21.04,False,Mechanical,0,val
PUMP_04,2026-05-04 00:00:00,0.2023,52.03,35.34,58.04,4.04,0.1871,0.0133,7.166,3.52,374.0,97.1,12.37,21.0,False,Mechanical,0,val
PUMP_04,2026-05-04 01:00:00,0.2297,52.36,34.77,59.2,4.099,0.192,0.0219,7.15,4.46,371.7,90.3,12.68,20.96,False,Mechanical,0,val
PUMP_04,2026-05-04 02:00:00,0.2057,52.75,35.25,61.08,4.01,0.1975,0.0201,7.198,4.09,385.9,96.9,13.77,20.92,False,Mechanical,0,val
PUMP_04,2026-05-04 03:00:00,0.2104,49.14,34.64,58.89,4.034,0.204,0.0158,7.177,4.59,384.0,103.3,13.71,20.88,False,Mechanical,0,val
PUMP_04,2026-05-04 04:00:00,0.2335,52.58,35.76,60.52,4.231,0.211,0.0183,7.335,3.66,382.0,98.0,15.5,20.83,False,Mechanical,0,val
PUMP_04,2026-05-04 05:00:00,0.2174,49.81,33.98,58.8,4.167,0.2165,0.0128,7.192,3.62,385.0,102.6,13.31,20.79,False,Mechanical,0,val
PUMP_04,2026-05-04 06:00:00,0.2286,52.2,34.9,57.04,4.096,0.2209,0.0114,7.198,3.91,376.0,114.8,13.25,20.75,False,Mechanical,0,val
PUMP_04,2026-05-04 07:00:00,0.2092,53.83,35.41,58.69,4.06,0.2175,0.0113,7.154,3.76,384.5,123.1,12.79,20.71,False,Mechanical,0,val
PUMP_04,2026-05-04 08:00:00,0.2122,51.59,34.92,57.39,4.029,0.2186,0.0102,7.146,3.96,381.7,129.7,12.68,20.67,False,Mechanical,0,val
PUMP_04,2026-05-04 09:00:00,0.2023,53.86,35.62,60.25,4.045,0.2172,0.0119,7.114,4.47,377.8,137.3,12.37,20.62,False,Mechanical,0,val
PUMP_04,2026-05-04 10:00:00,0.2179,49.7,35.17,57.17,4.094,0.2146,0.009,7.181,4.19,368.5,138.3,12.84,20.58,False,Mechanical,0,val
PUMP_04,2026-05-04 11:00:00,0.2167,52.73,35.32,59.49,3.919,0.2145,0.0089,7.186,3.88,372.9,135.0,12.9,20.54,False,Mechanical,0,val
PUMP_04,2026-05-04 12:00:00,0.2185,52.79,35.5,58.52,4.22,0.2128,0.0063,7.251,4.02,388.6,146.2,14.69,20.5,False,Mechanical,0,val
PUMP_04,2026-05-04 13:00:00,0.2125,48.34,35.14,58.69,4.175,0.2134,0.006,7.184,3.37,388.4,149.8,13.15,20.46,False,Mechanical,0,val
PUMP_04,2026-05-04 14:00:00,0.2024,53.19,34.2,60.5,4.186,0.2117,0.0076,7.176,3.22,372.9,141.7,12.27,20.42,False,Mechanical,0,val
PUMP_04,2026-05-04 15:00:00,0.2116,47.97,36.26,59.34,4.205,0.2133,0.006,7.208,4.48,370.0,141.1,13.55,20.38,False,Mechanical,0,val
PUMP_04,2026-05-04 16:00:00,0.2247,52.74,36.05,59.47,4.154,0.2144,0.0075,7.19,3.7,386.5,129.0,13.4,20.33,False,Mechanical,0,val
PUMP_04,2026-05-04 17:00:00,0.2044,53.19,35.68,59.41,4.176,0.2124,0.0084,7.243,4.57,379.6,131.4,14.58,20.29,False,Mechanical,0,val
PUMP_04,2026-05-04 18:00:00,0.1831,51.91,35.05,59.07,4.158,0.2064,0.0139,7.267,3.88,376.4,132.9,14.34,20.25,False,Mechanical,0,val
PUMP_04,2026-05-04 19:00:00,0.1895,52.83,35.55,58.61,4.28,0.2026,0.015,7.193,4.05,373.8,118.2,13.17,20.21,False,Mechanical,0,val
PUMP_04,2026-05-04 20:00:00,0.2098,56.01,34.26,57.59,4.093,0.2038,0.0153,7.146,4.33,373.8,109.3,12.62,20.17,False,Mechanical,0,val
PUMP_04,2026-05-04 21:00:00,0.1958,51.83,34.38,60.07,4.235,0.2012,0.015,7.188,4.38,386.5,115.3,13.84,20.12,False,Mechanical,0,val
PUMP_04,2026-05-04 22:00:00,0.2042,50.93,36.78,59.99,4.084,0.1978,0.0102,7.206,3.79,381.2,104.8,13.5,20.08,False,Mechanical,0,val
PUMP_04,2026-05-04 23:00:00,0.2071,55.78,34.61,61.03,4.079,0.1982,0.0106,7.127,4.03,371.0,100.3,11.99,20.04,False,Mechanical,0,val
PUMP_04,2026-05-05 00:00:00,0.2245,53.04,35.19,60.16,4.057,0.2052,0.0121,7.18,3.99,376.5,96.5,13.03,20.0,False,Mechanical,0,val
PUMP_04,2026-05-05 01:00:00,0.2458,54.52,35.48,59.16,4.023,0.2145,0.018,7.12,4.15,387.9,92.3,12.66,19.96,False,Mechanical,0,val
PUMP_04,2026-05-05 02:00:00,0.203,50.36,35.61,59.53,4.2,0.2134,0.0185,7.216,4.08,381.5,94.8,13.87,19.92,False,Mechanical,0,val
PUMP_04,2026-05-05 03:00:00,0.2437,49.13,35.43,60.43,4.099,0.2214,0.0197,7.14,3.71,373.0,105.0,12.04,19.88,False,Mechanical,0,val
PUMP_04,2026-05-05 04:00:00,0.2456,51.56,35.22,61.09,4.21,0.2283,0.0197,7.179,4.06,376.8,99.6,13.07,19.83,False,Mechanical,0,val
PUMP_04,2026-05-05 05:00:00,0.2368,52.63,35.4,59.31,4.318,0.2332,0.0169,7.187,3.41,379.5,113.0,12.86,19.79,False,Mechanical,0,val
PUMP_04,2026-05-05 06:00:00,0.231,52.14,36.16,61.14,4.152,0.2343,0.0164,7.131,4.0,384.7,114.9,12.59,19.75,False,Mechanical,0,val
PUMP_04,2026-05-05 07:00:00,0.2461,52.18,35.88,59.75,4.221,0.2344,0.0164,7.197,4.05,379.5,121.4,13.47,19.71,False,Mechanical,0,val
PUMP_04,2026-05-05 08:00:00,0.2355,50.19,35.93,59.07,4.277,0.2398,0.0062,7.141,3.61,386.9,119.8,12.57,19.67,False,Mechanical,0,val
PUMP_04,2026-05-05 09:00:00,0.2316,53.37,34.38,59.12,4.22,0.2378,0.0066,7.269,3.89,381.3,134.2,14.59,19.62,False,Mechanical,0,val
PUMP_04,2026-05-05 10:00:00,0.2057,52.68,35.87,59.56,4.209,0.2311,0.0136,7.262,3.79,368.5,137.4,13.87,19.58,False,Mechanical,0,val
PUMP_04,2026-05-05 11:00:00,0.2383,49.8,35.65,59.91,4.067,0.2314,0.0137,7.254,3.8,382.7,135.2,14.34,19.54,False,Mechanical,0,val
PUMP_04,2026-05-05 12:00:00,0.2507,52.68,35.22,61.33,4.214,0.2346,0.0158,7.203,4.3,379.1,144.3,13.72,19.5,False,Mechanical,0,val
PUMP_04,2026-05-05 13:00:00,0.2073,52.98,36.72,62.24,4.255,0.2282,0.018,7.212,4.18,377.5,143.3,13.72,19.46,False,Mechanical,0,val
PUMP_04,2026-05-05 14:00:00,0.2135,54.81,34.75,59.74,4.354,0.2245,0.0184,7.187,4.38,382.0,145.2,13.64,19.42,False,Mechanical,0,val
PUMP_04,2026-05-05 15:00:00,0.2186,52.45,35.63,58.37,4.182,0.2223,0.0182,7.222,4.83,378.8,138.2,14.39,19.38,False,Mechanical,0,val
PUMP_04,2026-05-05 16:00:00,0.2209,54.75,36.38,59.34,4.312,0.2249,0.0164,7.277,4.44,381.0,133.6,15.09,19.33,False,Mechanical,0,val
PUMP_04,2026-05-05 17:00:00,0.2143,54.62,35.79,59.71,4.167,0.2209,0.0153,7.147,3.39,377.4,132.9,12.11,19.29,False,Mechanical,0,val
PUMP_04,2026-05-05 18:00:00,0.2447,52.13,34.54,60.43,4.294,0.2199,0.013,7.218,3.74,377.2,124.9,13.48,19.25,False,Mechanical,0,val
PUMP_04,2026-05-05 19:00:00,0.2569,54.42,36.6,57.97,4.155,0.2282,0.0182,7.11,4.54,385.5,118.7,12.66,19.21,False,Mechanical,0,val
PUMP_04,2026-05-05 20:00:00,0.2323,55.16,34.73,61.41,4.234,0.2313,0.0167,7.175,3.84,380.6,108.6,13.01,19.17,False,Mechanical,0,val
PUMP_04,2026-05-05 21:00:00,0.2216,55.12,35.06,59.09,4.174,0.2318,0.0163,7.192,3.82,382.0,107.3,13.33,19.12,False,Mechanical,0,val
PUMP_04,2026-05-05 22:00:00,0.2371,54.04,36.37,60.56,4.23,0.2345,0.0154,7.211,4.13,377.1,104.9,13.66,19.08,False,Mechanical,0,val
PUMP_04,2026-05-05 23:00:00,0.2213,53.39,35.24,60.07,4.232,0.2356,0.0138,7.229,3.89,385.3,99.4,14.11,19.04,False,Mechanical,0,val
PUMP_04,2026-05-06 00:00:00,0.2385,51.54,35.68,59.44,4.242,0.2346,0.0132,7.261,4.68,381.0,94.4,15.0,19.0,False,Mechanical,0,val
PUMP_04,2026-05-06 01:00:00,0.2535,55.41,35.27,61.88,4.174,0.234,0.0121,7.125,3.94,378.3,88.4,12.19,18.96,False,Mechanical,0,val
PUMP_04,2026-05-06 02:00:00,0.2586,51.47,35.92,59.76,4.236,0.2384,0.0156,7.239,4.96,386.3,92.4,15.06,18.92,False,Mechanical,0,val
PUMP_04,2026-05-06 03:00:00,0.2602,53.46,36.61,59.17,4.27,0.2449,0.0152,7.286,3.78,378.3,95.4,14.64,18.88,False,Mechanical,0,val
PUMP_04,2026-05-06 04:00:00,0.2474,55.37,34.97,60.98,4.219,0.2466,0.0147,7.177,3.74,380.9,105.7,12.98,18.83,False,Mechanical,0,val
PUMP_04,2026-05-06 05:00:00,0.2585,52.28,36.08,61.43,4.178,0.2528,0.0084,7.171,3.67,374.0,110.7,12.55,18.79,False,Mechanical,0,val
PUMP_04,2026-05-06 06:00:00,0.2526,53.81,34.93,60.16,4.19,0.2551,0.0049,7.206,3.69,376.9,114.8,13.25,18.75,False,Mechanical,0,val
PUMP_04,2026-05-06 07:00:00,0.2718,51.49,37.24,60.64,4.332,0.2582,0.0082,7.192,4.29,383.9,118.6,13.74,18.71,False,Mechanical,0,val
PUMP_04,2026-05-06 08:00:00,0.2649,53.36,35.45,61.6,4.256,0.2592,0.0087,7.189,3.46,379.7,131.7,12.94,18.67,False,Mechanical,0,val
PUMP_04,2026-05-06 09:00:00,0.283,52.44,36.36,60.22,4.37,0.263,0.0131,7.272,3.6,380.5,135.0,14.39,18.62,False,Mechanical,0,val
PUMP_04,2026-05-06 10:00:00,0.262,52.8,36.22,60.2,4.242,0.2655,0.0107,7.319,4.21,379.6,129.4,15.53,18.58,False,Mechanical,0,val
PUMP_04,2026-05-06 11:00:00,0.2429,54.88,36.15,61.47,4.252,0.2629,0.0141,7.184,3.13,379.8,148.0,12.62,18.54,False,Mechanical,0,val
PUMP_04,2026-05-06 12:00:00,0.2361,55.05,35.82,60.37,4.309,0.2601,0.0177,7.316,3.41,377.3,143.5,14.82,18.5,False,Mechanical,0,val
PUMP_04,2026-05-06 13:00:00,0.2551,53.24,35.29,59.65,4.314,0.2573,0.0167,7.182,3.98,377.6,148.8,13.1,18.46,False,Mechanical,0,val
PUMP_04,2026-05-06 14:00:00,0.2164,54.56,37.01,60.6,4.379,0.2492,0.0229,7.238,4.16,378.5,146.0,14.16,18.42,False,Mechanical,0,val
PUMP_04,2026-05-06 15:00:00,0.2443,53.5,35.58,59.48,4.102,0.2428,0.0159,7.148,3.87,378.5,136.5,12.51,18.38,False,Mechanical,0,val
PUMP_04,2026-05-06 16:00:00,0.2411,53.7,36.1,60.58,4.316,0.2393,0.0128,7.156,4.17,382.3,135.8,13.01,18.33,False,Mechanical,0,val
PUMP_04,2026-05-06 17:00:00,0.2379,52.54,35.99,61.84,4.195,0.2385,0.0127,7.184,3.66,382.1,124.8,13.09,18.29,False,Mechanical,0,val
PUMP_04,2026-05-06 18:00:00,0.2528,53.54,36.81,59.25,4.273,0.2413,0.0139,7.242,4.61,386.6,123.4,14.86,18.25,False,Mechanical,0,val
PUMP_04,2026-05-06 19:00:00,0.2366,51.4,37.6,60.68,4.197,0.2382,0.0121,7.21,4.36,383.5,120.6,14.07,18.21,False,Mechanical,0,val
PUMP_04,2026-05-06 20:00:00,0.2305,57.56,35.85,61.48,4.306,0.2405,0.0076,7.118,3.67,375.6,113.8,11.77,18.17,False,Mechanical,0,val
PUMP_04,2026-05-06 21:00:00,0.2643,56.25,36.36,60.72,4.206,0.2439,0.0124,7.133,3.92,376.7,104.8,12.24,18.12,False,Mechanical,0,val
PUMP_04,2026-05-06 22:00:00,0.2546,58.17,36.95,62.49,4.142,0.2461,0.013,7.114,3.21,384.7,101.3,11.76,18.08,False,Mechanical,0,val
PUMP_04,2026-05-06 23:00:00,0.2686,56.23,37.12,60.91,4.204,0.2512,0.015,7.216,4.37,383.3,98.8,14.15,18.04,False,Mechanical,0,val
PUMP_04,2026-05-07 00:00:00,0.2699,55.04,36.26,61.34,4.391,0.2541,0.0169,7.207,3.49,385.2,98.5,13.48,18.0,False,Mechanical,0,val
PUMP_04,2026-05-07 01:00:00,0.279,51.34,36.3,62.56,4.356,0.2612,0.017,7.206,3.78,380.0,92.5,13.45,17.96,False,Mechanical,0,val
PUMP_04,2026-05-07 02:00:00,0.2778,56.23,37.16,61.55,4.407,0.269,0.009,7.206,3.88,378.7,95.2,13.46,17.92,False,Mechanical,0,val
PUMP_04,2026-05-07 03:00:00,0.2865,56.74,35.31,60.94,4.152,0.2727,0.011,7.162,3.45,381.7,93.3,12.58,17.88,False,Mechanical,0,val
PUMP_04,2026-05-07 04:00:00,0.3059,53.05,36.99,60.47,4.454,0.2813,0.0137,7.208,3.67,373.1,97.4,13.12,17.83,False,Mechanical,0,val
PUMP_04,2026-05-07 05:00:00,0.2876,55.64,35.98,60.83,4.505,0.2845,0.0123,7.272,4.15,379.0,112.0,14.71,17.79,False,Mechanical,0,val
PUMP_04,2026-05-07 06:00:00,0.2925,55.08,36.57,61.45,4.233,0.2882,0.0103,7.228,3.8,389.8,119.6,14.22,17.75,False,Mechanical,0,val
PUMP_04,2026-05-07 07:00:00,0.2866,54.79,36.54,60.14,4.35,0.2895,0.0093,7.141,4.35,378.3,120.8,12.74,17.71,False,Mechanical,0,val
PUMP_04,2026-05-07 08:00:00,0.2567,55.76,36.17,62.67,4.273,0.286,0.0161,7.183,4.3,379.9,125.2,13.44,17.67,False,Mechanical,0,val
PUMP_04,2026-05-07 09:00:00,0.2826,55.68,36.74,63.89,4.388,0.2853,0.0162,7.169,3.66,379.0,130.6,12.72,17.62,False,Mechanical,0,val
PUMP_04,2026-05-07 10:00:00,0.3039,53.54,36.36,61.16,4.461,0.285,0.0157,7.244,3.82,387.5,142.6,14.39,17.58,False,Mechanical,0,val
PUMP_04,2026-05-07 11:00:00,0.2898,56.53,37.21,59.13,4.253,0.2854,0.0158,7.147,3.82,374.1,126.1,12.28,17.54,False,Mechanical,0,val
PUMP_04,2026-05-07 12:00:00,0.2738,52.93,36.16,62.14,4.23,0.2822,0.0159,7.209,3.84,383.4,153.2,13.67,17.5,False,Mechanical,0,val
PUMP_04,2026-05-07 13:00:00,0.2852,55.9,36.02,61.37,4.317,0.282,0.0159,7.183,4.59,378.0,145.3,13.55,17.46,False,Mechanical,0,val
PUMP_04,2026-05-07 14:00:00,0.2617,55.65,36.74,62.07,4.632,0.2828,0.0143,7.161,4.08,376.8,134.0,12.8,17.42,False,Mechanical,0,val
PUMP_04,2026-05-07 15:00:00,0.2879,54.13,36.65,61.26,4.411,0.2837,0.0145,7.195,3.88,371.6,151.5,12.98,17.38,False,Mechanical,0,val
PUMP_04,2026-05-07 16:00:00,0.2698,57.17,37.62,62.46,4.387,0.278,0.0113,7.158,4.83,388.6,128.1,13.76,17.33,False,Mechanical,0,val
PUMP_04,2026-05-07 17:00:00,0.2799,52.51,36.72,60.49,4.432,0.2764,0.0099,7.206,4.91,383.6,123.5,14.38,17.29,False,Mechanical,0,val
PUMP_04,2026-05-07 18:00:00,0.2629,55.8,36.76,61.88,4.446,0.2746,0.0113,7.144,5.26,373.4,122.9,13.22,17.25,False,Mechanical,0,val
PUMP_04,2026-05-07 19:00:00,0.2829,55.73,36.06,61.8,4.383,0.2742,0.0109,7.11,5.81,373.7,119.4,13.06,17.21,False,Mechanical,0,val
PUMP_04,2026-05-07 20:00:00,0.2458,57.86,36.93,61.93,4.355,0.2715,0.0155,7.158,5.41,376.8,118.3,13.68,17.17,False,Mechanical,0,val
PUMP_04,2026-05-07 21:00:00,0.2782,56.52,36.15,62.41,4.316,0.2699,0.0139,7.197,4.51,386.4,106.1,14.07,17.12,False,Mechanical,0,val
PUMP_04,2026-05-07 22:00:00,0.2765,52.24,36.75,62.61,4.383,0.271,0.0142,7.231,3.66,387.1,99.1,14.05,17.08,False,Mechanical,0,val
PUMP_04,2026-05-07 23:00:00,0.2806,54.92,36.33,60.17,4.46,0.2712,0.0143,7.191,4.57,383.2,97.1,13.88,17.04,False,Mechanical,0,val
PUMP_04,2026-05-08 00:00:00,0.2437,58.09,37.22,62.52,4.458,0.2679,0.0181,7.242,3.88,387.4,94.6,14.4,17.0,False,Mechanical,0,val
PUMP_04,2026-05-08 01:00:00,0.2888,55.47,36.87,61.81,4.331,0.2689,0.0192,7.133,3.43,394.1,100.8,12.62,16.96,False,Mechanical,0,val
PUMP_04,2026-05-08 02:00:00,0.3067,54.08,37.65,61.39,4.369,0.2791,0.0206,7.249,4.14,390.8,100.1,14.83,16.92,False,Mechanical,0,val
PUMP_04,2026-05-08 03:00:00,0.2926,55.72,36.38,61.99,4.285,0.2815,0.0213,7.228,3.51,374.9,95.9,13.4,16.88,False,Mechanical,0,val
PUMP_04,2026-05-08 04:00:00,0.3158,58.36,37.03,61.96,4.47,0.288,0.0251,7.178,4.26,374.7,100.9,13.11,16.83,False,Mechanical,0,val
PUMP_04,2026-05-08 05:00:00,0.3245,54.62,37.1,61.82,4.429,0.2954,0.0287,7.252,3.84,379.3,100.1,14.2,16.79,False,Mechanical,0,val
PUMP_04,2026-05-08 06:00:00,0.317,54.37,36.96,59.62,4.368,0.3076,0.0143,7.216,3.88,380.7,116.1,13.69,16.75,False,Mechanical,0,val
PUMP_04,2026-05-08 07:00:00,0.3193,55.65,37.72,61.93,4.36,0.3126,0.0114,7.264,2.9,386.5,119.8,14.03,16.71,False,Mechanical,0,val
PUMP_04,2026-05-08 08:00:00,0.3178,55.06,37.06,61.56,4.319,0.3145,0.0111,7.161,4.43,379.9,128.0,13.18,16.67,False,Mechanical,0,val
PUMP_04,2026-05-08 09:00:00,0.3216,57.19,36.5,62.24,4.406,0.3193,0.0032,7.166,3.53,382.7,135.0,12.74,16.62,False,Mechanical,0,val
PUMP_04,2026-05-08 10:00:00,0.3025,55.6,37.39,61.79,4.523,0.3171,0.0077,7.227,3.71,369.1,143.9,13.28,16.58,False,Mechanical,0,val
PUMP_04,2026-05-08 11:00:00,0.2985,56.71,38.25,64.44,4.344,0.3128,0.0097,7.203,4.08,378.0,140.1,13.52,16.54,False,Mechanical,0,val
PUMP_04,2026-05-08 12:00:00,0.2976,58.67,36.79,61.68,4.299,0.3096,0.0112,7.128,3.94,383.5,144.4,12.45,16.5,False,Mechanical,0,val
PUMP_04,2026-05-08 13:00:00,0.3188,54.86,37.18,60.12,4.422,0.3095,0.0111,7.294,4.92,389.4,151.3,16.03,16.46,False,Mechanical,0,val
PUMP_04,2026-05-08 14:00:00,0.2949,57.88,37.37,61.86,4.51,0.3056,0.0116,7.288,3.31,373.3,143.5,14.14,16.42,False,Mechanical,0,val
PUMP_04,2026-05-08 15:00:00,0.3023,57.73,37.84,61.47,4.496,0.3024,0.0085,7.21,3.85,379.1,141.3,13.51,16.38,False,Mechanical,0,val
PUMP_04,2026-05-08 16:00:00,0.3,54.56,37.75,62.29,4.52,0.302,0.0086,7.166,4.31,371.2,148.2,12.8,16.33,False,Mechanical,0,val
PUMP_04,2026-05-08 17:00:00,0.3093,58.54,37.4,61.53,4.384,0.3038,0.0088,7.167,3.82,379.0,132.3,12.8,16.29,False,Mechanical,0,val
PUMP_04,2026-05-08 18:00:00,0.317,54.68,37.1,62.86,4.5,0.307,0.0096,7.219,4.0,385.2,133.4,14.03,16.25,False,Mechanical,0,val
PUMP_04,2026-05-08 19:00:00,0.3186,54.39,37.09,62.12,4.462,0.307,0.0096,7.272,5.03,384.6,117.8,15.57,16.21,False,Mechanical,0,val
PUMP_04,2026-05-08 20:00:00,0.2847,55.36,37.69,62.59,4.414,0.3053,0.0126,7.332,4.03,379.8,111.7,15.62,16.17,False,Mechanical,0,val
PUMP_04,2026-05-08 21:00:00,0.3196,55.47,37.0,63.96,4.441,0.3082,0.0137,7.185,4.56,378.7,99.5,13.6,16.12,False,Mechanical,0,val
PUMP_04,2026-05-08 22:00:00,0.317,56.21,36.62,62.31,4.508,0.311,0.0134,7.182,4.26,393.0,104.8,13.94,16.08,False,Mechanical,0,val
PUMP_04,2026-05-08 23:00:00,0.324,55.11,37.34,60.66,4.491,0.3135,0.0143,7.192,4.29,378.9,101.2,13.53,16.04,False,Mechanical,0,val
PUMP_04,2026-05-09 00:00:00,0.3203,57.68,37.2,61.71,4.493,0.314,0.0146,7.22,3.92,377.2,96.2,13.66,16.0,False,Mechanical,0,val
PUMP_04,2026-05-09 01:00:00,0.3172,56.68,37.3,60.67,4.506,0.3138,0.0145,7.157,3.35,377.2,96.8,12.24,15.96,False,Mechanical,0,val
PUMP_04,2026-05-09 02:00:00,0.3474,57.2,37.88,61.65,4.423,0.3242,0.0116,7.132,4.44,372.7,99.4,12.41,15.92,False,Mechanical,0,val
PUMP_04,2026-05-09 03:00:00,0.3332,58.0,37.64,58.17,4.353,0.3265,0.0119,7.188,4.22,382.2,92.4,13.56,15.88,False,Mechanical,0,val
PUMP_04,2026-05-09 04:00:00,0.3575,59.31,37.47,63.42,4.407,0.3333,0.0161,7.215,4.21,383.2,102.6,14.03,15.83,False,Mechanical,0,val
PUMP_04,2026-05-09 05:00:00,0.341,56.43,36.93,60.67,4.536,0.3361,0.0157,7.286,3.94,383.1,114.1,14.96,15.79,False,Mechanical,0,val
PUMP_04,2026-05-09 06:00:00,0.3431,56.21,37.42,63.35,4.355,0.3399,0.0137,7.146,3.74,383.9,112.4,12.62,15.75,False,Mechanical,0,val
PUMP_04,2026-05-09 07:00:00,0.3338,58.38,36.72,61.75,4.473,0.3427,0.0091,7.256,4.53,377.0,114.5,14.65,15.71,False,Mechanical,0,val
PUMP_04,2026-05-09 08:00:00,0.3443,59.12,37.25,62.22,4.487,0.3422,0.0089,7.195,4.13,379.2,130.8,13.48,15.67,False,Mechanical,0,val
PUMP_04,2026-05-09 09:00:00,0.3581,57.41,37.26,64.53,4.537,0.3463,0.0096,7.188,3.27,385.8,133.1,13.03,15.62,False,Mechanical,0,val
PUMP_04,2026-05-09 10:00:00,0.3416,57.44,37.78,62.24,4.38,0.3436,0.008,7.122,3.98,377.6,137.6,12.15,15.58,False,Mechanical,0,val
PUMP_04,2026-05-09 11:00:00,0.3456,57.08,37.83,61.48,4.305,0.3444,0.0079,7.22,3.88,377.2,140.0,13.61,15.54,False,Mechanical,0,val
PUMP_04,2026-05-09 12:00:00,0.3656,56.52,37.67,62.08,4.443,0.3482,0.0116,7.214,2.95,385.0,147.8,13.19,15.5,False,Mechanical,0,val
PUMP_04,2026-05-09 13:00:00,0.322,56.9,37.17,61.22,4.537,0.3462,0.015,7.303,4.05,376.0,142.8,15.02,15.46,False,Mechanical,0,val
PUMP_04,2026-05-09 14:00:00,0.325,57.43,36.85,63.76,4.607,0.343,0.0174,7.167,5.75,374.3,149.9,13.95,15.42,False,Mechanical,0,val
PUMP_04,2026-05-09 15:00:00,0.3428,58.59,38.72,63.44,4.446,0.3404,0.0158,7.246,4.17,374.7,142.0,14.13,15.38,False,Mechanical,0,val
PUMP_04,2026-05-09 16:00:00,0.3124,58.91,37.43,62.45,4.436,0.3356,0.0194,7.145,4.94,393.5,141.7,13.84,15.33,False,Mechanical,0,val
PUMP_04,2026-05-09 17:00:00,0.3461,56.33,37.79,63.76,4.526,0.3356,0.0195,7.143,4.43,385.0,136.1,13.09,15.29,False,Mechanical,0,val
PUMP_04,2026-05-09 18:00:00,0.3275,57.85,37.7,63.59,4.677,0.3293,0.0128,7.076,4.77,383.1,121.7,12.18,15.25,False,Mechanical,0,val
PUMP_04,2026-05-09 19:00:00,0.3344,56.74,38.53,62.58,4.55,0.3314,0.0124,7.228,4.31,377.8,121.9,14.07,15.21,False,Mechanical,0,val
PUMP_04,2026-05-09 20:00:00,0.3563,57.48,38.22,63.24,4.56,0.3366,0.0154,7.187,4.22,387.5,112.5,13.76,15.17,False,Mechanical,0,val
PUMP_04,2026-05-09 21:00:00,0.3277,58.11,37.64,62.69,4.677,0.3341,0.0154,7.192,4.98,396.4,110.1,14.73,15.12,False,Mechanical,0,val
PUMP_04,2026-05-09 22:00:00,0.3201,59.41,38.41,62.22,4.598,0.3354,0.0135,7.185,4.36,391.8,102.1,14.01,15.08,False,Mechanical,0,val
PUMP_04,2026-05-09 23:00:00,0.322,57.82,37.32,59.98,4.541,0.3313,0.0132,7.212,3.9,384.5,90.8,13.8,15.04,False,Mechanical,0,val
PUMP_04,2026-05-10 00:00:00,0.362,58.75,38.09,62.73,4.441,0.3371,0.0179,7.164,4.67,392.7,99.0,13.93,15.0,False,Mechanical,0,val
PUMP_04,2026-05-10 01:00:00,0.3743,56.53,36.38,63.09,4.54,0.3437,0.0233,7.222,3.81,386.7,86.1,14.01,14.96,False,Mechanical,0,val
PUMP_04,2026-05-10 02:00:00,0.3494,56.48,38.4,61.46,4.596,0.3426,0.0227,7.152,3.62,385.6,96.4,12.7,14.92,False,Mechanical,0,val
PUMP_04,2026-05-10 03:00:00,0.3849,57.85,37.98,64.18,4.458,0.3521,0.0268,7.193,3.83,377.2,105.9,13.16,14.88,False,Mechanical,0,val
PUMP_04,2026-05-10 04:00:00,0.3709,63.3,38.13,62.93,4.62,0.3606,0.0224,7.225,3.37,376.2,107.9,13.3,14.83,False,Mechanical,0,val
PUMP_04,2026-05-10 05:00:00,0.3749,57.17,39.02,63.74,4.54,0.3694,0.0123,7.27,3.25,377.6,109.1,14.0,14.79,False,Mechanical,0,val
PUMP_04,2026-05-10 06:00:00,0.3899,58.63,37.87,63.59,4.535,0.374,0.0141,7.21,4.26,376.1,111.5,13.69,14.75,False,Mechanical,0,val
PUMP_04,2026-05-10 07:00:00,0.3503,59.07,37.93,63.16,4.481,0.37,0.0171,7.265,4.13,379.7,119.7,14.62,14.71,False,Mechanical,0,val
PUMP_04,2026-05-10 08:00:00,0.3871,58.56,37.49,62.64,4.588,0.3763,0.0147,7.199,3.49,376.6,130.7,12.99,14.67,False,Mechanical,0,val
PUMP_04,2026-05-10 09:00:00,0.3496,57.67,38.44,62.51,4.618,0.3704,0.0174,7.153,4.19,388.2,129.3,13.22,14.62,False,Mechanical,0,val
PUMP_04,2026-05-10 10:00:00,0.3521,59.46,38.39,61.36,4.481,0.3673,0.0189,7.304,4.2,382.5,139.3,15.41,14.58,False,Mechanical,0,val
PUMP_04,2026-05-10 11:00:00,0.3535,57.31,38.9,65.19,4.612,0.3638,0.0192,7.194,3.76,383.8,138.2,13.4,14.54,False,Mechanical,0,val
PUMP_04,2026-05-10 12:00:00,0.383,59.31,38.47,63.85,4.646,0.3626,0.0175,7.247,3.62,379.3,143.0,13.96,14.5,False,Mechanical,0,val
PUMP_04,2026-05-10 13:00:00,0.3827,57.92,38.72,62.33,4.645,0.368,0.0179,7.169,4.32,370.0,143.1,12.81,14.46,False,Mechanical,0,val
PUMP_04,2026-05-10 14:00:00,0.385,60.34,38.86,64.21,4.6,0.3677,0.0175,7.226,4.18,384.2,145.8,14.22,14.42,False,Mechanical,0,val
PUMP_04,2026-05-10 15:00:00,0.3704,56.22,38.8,62.17,4.559,0.3711,0.0151,7.217,4.7,379.5,143.8,14.24,14.38,False,Mechanical,0,val
PUMP_04,2026-05-10 16:00:00,0.3652,58.79,38.53,64.32,4.568,0.3733,0.0125,7.2,4.17,382.1,146.3,13.71,14.33,False,Mechanical,0,val
PUMP_04,2026-05-10 17:00:00,0.3787,57.34,38.96,64.15,4.481,0.3775,0.008,7.301,3.29,379.6,131.9,14.61,14.29,False,Mechanical,0,val
PUMP_04,2026-05-10 18:00:00,0.3701,60.31,39.05,62.89,4.546,0.3754,0.0079,7.221,3.39,368.9,127.8,12.95,14.25,False,Mechanical,0,val
PUMP_04,2026-05-10 19:00:00,0.3771,60.39,39.3,61.81,4.576,0.3744,0.0072,7.181,3.91,377.8,124.7,13.05,14.21,False,Mechanical,0,val
PUMP_04,2026-05-10 20:00:00,0.3754,55.24,40.09,63.14,4.539,0.3728,0.0051,7.279,4.32,375.9,113.4,14.81,14.17,False,Mechanical,0,val
PUMP_04,2026-05-10 21:00:00,0.3787,57.38,38.15,63.9,4.619,0.3742,0.0054,7.109,4.13,381.0,107.9,12.18,14.12,False,Mechanical,0,val
PUMP_04,2026-05-10 22:00:00,0.4135,60.69,39.09,61.93,4.73,0.3822,0.0156,7.127,3.75,382.3,104.8,12.26,14.08,False,Mechanical,0,val
PUMP_04,2026-05-10 23:00:00,0.4005,59.15,38.8,63.01,4.748,0.3859,0.0171,7.244,3.33,390.8,95.6,14.18,14.04,False,Mechanical,0,val
PUMP_04,2026-05-11 00:00:00,0.3981,60.33,38.96,65.45,4.572,0.3906,0.0157,7.211,4.59,382.3,96.7,14.19,14.0,False,Mechanical,0,val
PUMP_04,2026-05-11 01:00:00,0.3893,59.44,39.32,63.83,4.763,0.3926,0.0143,7.173,4.57,377.2,91.8,13.34,13.96,False,Mechanical,0,val
PUMP_04,2026-05-11 02:00:00,0.3998,59.76,39.03,67.13,4.716,0.3966,0.0117,7.22,3.44,377.9,94.6,13.33,13.92,False,Mechanical,0,val
PUMP_04,2026-05-11 03:00:00,0.4172,61.06,38.29,64.51,4.574,0.4031,0.0104,7.253,4.27,382.6,106.9,14.65,13.88,False,Mechanical,0,val
PUMP_04,2026-05-11 04:00:00,0.4082,57.85,38.64,63.79,4.673,0.4022,0.0095,7.147,4.1,384.2,101.7,12.9,13.83,False,Mechanical,0,val
PUMP_04,2026-05-11 05:00:00,0.402,59.03,39.33,62.98,4.635,0.4024,0.0095,7.196,4.27,373.8,108.4,13.36,13.79,False,Mechanical,0,val
PUMP_04,2026-05-11 06:00:00,0.3848,58.2,38.55,62.73,4.476,0.4002,0.0119,7.202,4.61,378.8,102.9,13.9,13.75,False,Mechanical,0,val
PUMP_04,2026-05-11 07:00:00,0.4054,60.22,38.39,64.32,4.542,0.4029,0.0107,7.215,4.57,379.2,121.8,14.11,13.71,False,Mechanical,0,val
PUMP_04,2026-05-11 08:00:00,0.4217,57.91,38.89,63.59,4.705,0.4065,0.013,7.232,4.2,371.9,134.4,13.82,13.67,False,Mechanical,0,val
PUMP_04,2026-05-11 09:00:00,0.3925,61.31,38.24,63.82,4.528,0.4024,0.0128,7.102,3.9,383.6,129.1,12.01,13.62,False,Mechanical,0,val
PUMP_04,2026-05-11 10:00:00,0.4328,59.18,38.68,64.47,4.8,0.4065,0.018,7.227,3.88,381.1,142.0,13.89,13.58,False,Mechanical,0,val
PUMP_04,2026-05-11 11:00:00,0.4136,60.81,40.33,63.46,4.74,0.4085,0.018,7.105,3.91,379.0,139.2,11.87,13.54,False,Mechanical,0,val
PUMP_04,2026-05-11 12:00:00,0.4298,58.99,38.87,65.35,4.719,0.416,0.0153,7.198,5.09,381.2,137.5,14.29,13.5,False,Mechanical,0,val
PUMP_04,2026-05-11 13:00:00,0.4065,61.37,39.46,64.69,4.543,0.4162,0.0152,7.147,4.02,383.3,143.2,12.8,13.46,False,Mechanical,0,val
PUMP_04,2026-05-11 14:00:00,0.3738,62.0,38.76,63.69,4.755,0.4082,0.0225,7.21,4.31,389.7,141.4,14.28,13.42,False,Mechanical,0,val
PUMP_04,2026-05-11 15:00:00,0.4003,61.42,39.66,64.71,4.752,0.4095,0.0216,7.233,4.17,383.3,142.1,14.29,13.38,False,Mechanical,0,val
PUMP_04,2026-05-11 16:00:00,0.3961,59.02,39.16,61.73,4.751,0.4034,0.0187,7.203,3.6,374.3,136.5,13.03,13.33,False,Mechanical,0,val
PUMP_04,2026-05-11 17:00:00,0.3937,62.59,39.82,64.98,4.759,0.4,0.0183,7.167,4.19,394.1,128.5,13.7,13.29,False,Mechanical,0,val
PUMP_04,2026-05-11 18:00:00,0.4149,61.49,39.18,65.0,4.827,0.3976,0.0139,7.134,3.74,374.4,128.6,12.03,13.25,False,Mechanical,0,val
PUMP_04,2026-05-11 19:00:00,0.3959,59.56,39.13,62.12,4.633,0.3958,0.0132,7.198,3.62,381.9,124.7,13.29,13.21,False,Mechanical,1,val
PUMP_04,2026-05-11 20:00:00,0.3905,60.99,39.35,62.4,4.679,0.3986,0.0086,7.18,4.24,379.0,116.1,13.3,13.17,False,Mechanical,1,val
PUMP_04,2026-05-11 21:00:00,0.4057,62.94,39.47,64.29,4.628,0.3995,0.0091,7.217,3.49,379.4,108.2,13.39,13.12,False,Mechanical,1,val
PUMP_04,2026-05-11 22:00:00,0.4312,59.35,39.64,63.95,4.765,0.4053,0.0155,7.178,4.35,381.9,102.0,13.48,13.08,False,Mechanical,1,val
PUMP_04,2026-05-11 23:00:00,0.4187,59.37,39.11,64.68,4.687,0.4095,0.0151,7.27,4.23,382.3,100.7,14.88,13.04,False,Mechanical,1,val
PUMP_04,2026-05-12 00:00:00,0.4131,60.62,39.02,64.85,4.604,0.4092,0.015,7.202,4.51,386.9,93.7,14.18,13.0,False,Mechanical,1,val
PUMP_04,2026-05-12 01:00:00,0.4247,58.77,38.75,66.66,4.721,0.414,0.0145,7.246,4.19,376.7,98.4,14.23,12.96,False,Mechanical,1,val
PUMP_04,2026-05-12 02:00:00,0.4511,61.1,39.27,64.43,4.558,0.4241,0.0159,7.175,3.62,382.0,90.7,12.92,12.92,False,Mechanical,1,val
PUMP_04,2026-05-12 03:00:00,0.4456,62.09,38.64,65.63,4.728,0.4307,0.015,7.237,4.45,383.0,91.4,14.53,12.88,False,Mechanical,1,val
PUMP_04,2026-05-12 04:00:00,0.4495,61.31,38.92,64.37,4.736,0.4338,0.0169,7.231,4.47,391.8,104.8,14.82,12.83,False,Mechanical,1,val
PUMP_04,2026-05-12 05:00:00,0.4511,60.03,39.57,65.44,4.695,0.4392,0.0163,7.166,4.36,382.5,103.2,13.31,12.79,False,Mechanical,1,val
PUMP_04,2026-05-12 06:00:00,0.4211,62.54,40.1,64.52,4.815,0.4405,0.0138,7.125,4.29,374.2,110.5,12.27,12.75,False,Mechanical,1,test
PUMP_04,2026-05-12 07:00:00,0.4453,60.98,39.58,63.47,4.594,0.444,0.0115,7.263,3.41,386.9,115.8,14.39,12.71,False,Mechanical,1,test
PUMP_04,2026-05-12 08:00:00,0.4628,60.12,41.01,64.35,4.75,0.4459,0.0137,7.179,4.34,377.8,128.9,13.31,12.67,False,Mechanical,1,test
PUMP_04,2026-05-12 09:00:00,0.4148,61.75,40.03,65.59,4.762,0.4408,0.0187,7.168,3.5,375.7,129.3,12.45,12.62,False,Mechanical,1,test
PUMP_04,2026-05-12 10:00:00,0.418,63.23,40.0,63.78,4.747,0.4355,0.0201,7.185,3.75,386.6,143.2,13.36,12.58,False,Mechanical,1,test
PUMP_04,2026-05-12 11:00:00,0.4301,60.61,39.23,65.3,4.853,0.432,0.0187,7.153,3.67,380.7,144.7,12.54,12.54,False,Mechanical,1,test
PUMP_04,2026-05-12 12:00:00,0.434,63.95,40.29,65.63,4.707,0.4342,0.0179,7.232,3.37,379.0,145.2,13.52,12.5,False,Mechanical,1,test
PUMP_04,2026-05-12 13:00:00,0.4448,61.72,40.32,65.69,4.755,0.4341,0.0178,7.2,4.07,388.4,151.4,13.89,12.46,False,Mechanical,1,test
PUMP_04,2026-05-12 14:00:00,0.424,61.86,39.43,66.21,4.775,0.4276,0.0111,7.203,3.99,377.4,140.4,13.43,12.42,False,Mechanical,1,test
PUMP_04,2026-05-12 15:00:00,0.4505,61.9,40.06,67.8,4.739,0.4336,0.0123,7.257,4.53,377.4,142.2,14.67,12.38,False,Mechanical,1,test
PUMP_04,2026-05-12 16:00:00,0.4764,60.96,40.98,63.87,4.649,0.4433,0.0189,7.205,4.48,382.5,128.5,14.02,12.33,False,Mechanical,1,test
PUMP_04,2026-05-12 17:00:00,0.435,59.95,40.25,64.98,4.9,0.4441,0.0183,7.279,4.07,368.7,130.4,14.34,12.29,False,Mechanical,1,test
PUMP_04,2026-05-12 18:00:00,0.4236,64.85,40.64,65.41,4.72,0.4424,0.0199,7.199,4.32,380.8,121.2,13.74,12.25,False,Mechanical,1,test
PUMP_04,2026-05-12 19:00:00,0.4403,60.21,39.96,64.91,4.726,0.4416,0.0198,7.125,3.96,380.4,123.6,12.28,12.21,False,Mechanical,1,test
PUMP_04,2026-05-12 20:00:00,0.4575,63.91,39.14,66.96,4.612,0.4472,0.0186,7.156,3.96,375.7,118.6,12.58,12.17,False,Mechanical,1,test
PUMP_04,2026-05-12 21:00:00,0.4548,64.7,40.51,67.09,4.8,0.4479,0.0188,7.164,4.05,379.9,106.4,12.95,12.12,False,Mechanical,1,test
PUMP_04,2026-05-12 22:00:00,0.4673,61.1,40.16,68.32,4.813,0.4464,0.0162,7.206,3.94,381.3,111.5,13.6,12.08,False,Mechanical,1,test
PUMP_04,2026-05-12 23:00:00,0.4561,63.16,40.43,65.51,4.904,0.4499,0.0155,7.276,4.08,379.8,95.0,14.77,12.04,False,Mechanical,1,test
PUMP_04,2026-05-13 00:00:00,0.4694,63.33,40.35,64.34,4.778,0.4576,0.0104,7.209,4.27,384.1,91.1,14.01,12.0,False,Mechanical,1,test
PUMP_04,2026-05-13 01:00:00,0.5072,63.4,39.88,65.48,4.832,0.4687,0.0198,7.189,3.51,381.3,92.8,13.03,11.96,False,Mechanical,1,test
PUMP_04,2026-05-13 02:00:00,0.4667,61.47,40.43,64.63,4.896,0.4702,0.0191,7.185,3.84,379.2,97.4,13.11,11.92,False,Mechanical,1,test
PUMP_04,2026-05-13 03:00:00,0.4763,61.9,40.04,66.83,4.931,0.4738,0.0176,7.227,4.31,383.5,102.1,14.3,11.88,False,Mechanical,1,test
PUMP_04,2026-05-13 04:00:00,0.4864,63.75,39.83,66.78,4.854,0.477,0.0179,7.221,3.78,381.3,105.5,13.73,11.83,False,Mechanical,1,test
PUMP_04,2026-05-13 05:00:00,0.5198,60.15,40.95,66.84,4.801,0.4876,0.0215,7.24,3.79,395.0,106.1,14.61,11.79,False,Mechanical,1,test
PUMP_04,2026-05-13 06:00:00,0.4971,59.67,40.01,68.46,4.929,0.4922,0.0197,7.165,4.41,385.1,118.0,13.43,11.75,False,Mechanical,1,test
PUMP_04,2026-05-13 07:00:00,0.4871,62.89,40.46,66.02,4.935,0.4889,0.0183,7.313,3.7,377.4,117.9,14.98,11.71,False,Mechanical,1,test
PUMP_04,2026-05-13 08:00:00,0.4793,62.61,40.05,65.27,4.703,0.491,0.0158,7.183,4.17,371.4,138.1,12.99,11.67,False,Mechanical,1,test
PUMP_04,2026-05-13 09:00:00,0.5065,63.1,41.48,66.03,4.873,0.496,0.015,7.168,4.06,376.6,136.8,12.89,11.62,False,Mechanical,1,test
PUMP_04,2026-05-13 10:00:00,0.4846,61.85,40.94,64.96,4.928,0.4957,0.0153,7.26,4.36,369.8,129.6,14.28,11.58,False,Mechanical,1,test
PUMP_04,2026-05-13 11:00:00,0.508,64.17,40.09,65.33,4.912,0.4938,0.0119,7.245,3.97,383.3,139.7,14.34,11.54,False,Mechanical,1,test
PUMP_04,2026-05-13 12:00:00,0.4802,64.33,40.72,66.22,4.837,0.491,0.013,7.168,3.68,378.5,141.1,12.7,11.5,False,Mechanical,1,test
PUMP_04,2026-05-13 13:00:00,0.4743,63.37,40.76,66.83,4.824,0.4888,0.0147,7.234,3.74,376.2,153.5,13.7,11.46,False,Mechanical,1,test
PUMP_04,2026-05-13 14:00:00,0.4606,61.2,40.85,65.28,4.977,0.4857,0.0186,7.179,4.66,383.0,140.4,13.75,11.42,False,Mechanical,1,test
PUMP_04,2026-05-13 15:00:00,0.4898,64.81,40.44,64.75,4.891,0.4829,0.0159,7.221,3.79,378.2,132.6,13.61,11.38,False,Mechanical,1,test
PUMP_04,2026-05-13 16:00:00,0.455,60.68,40.44,67.22,4.861,0.478,0.0194,7.212,3.76,382.0,141.7,13.6,11.33,False,Mechanical,1,test
PUMP_04,2026-05-13 17:00:00,0.5016,61.49,41.77,65.35,4.868,0.4769,0.0175,7.327,3.82,378.7,121.0,15.35,11.29,False,Mechanical,1,test
PUMP_04,2026-05-13 18:00:00,0.4626,64.59,40.38,66.63,4.884,0.474,0.0183,7.27,3.89,380.4,125.1,14.55,11.25,False,Mechanical,1,test
PUMP_04,2026-05-13 19:00:00,0.4589,61.82,40.32,67.86,4.876,0.4714,0.0193,7.253,3.84,386.5,123.3,14.51,11.21,False,Mechanical,1,test
PUMP_04,2026-05-13 20:00:00,0.4882,62.47,39.89,67.5,4.984,0.476,0.0195,7.238,4.23,384.6,112.0,14.46,11.17,False,Mechanical,1,test
PUMP_04,2026-05-13 21:00:00,0.5065,63.84,40.86,67.28,4.932,0.4788,0.0228,7.137,4.04,387.2,113.2,12.82,11.12,False,Mechanical,1,test
PUMP_04,2026-05-13 22:00:00,0.4941,65.09,40.28,67.92,4.931,0.4853,0.0201,7.209,3.76,381.7,103.9,13.55,11.08,False,Mechanical,1,test
PUMP_04,2026-05-13 23:00:00,0.5115,64.65,42.4,66.94,4.889,0.487,0.022,7.178,4.29,371.0,94.7,12.97,11.04,False,Mechanical,1,test
PUMP_04,2026-05-14 00:00:00,0.5091,65.82,40.3,65.37,4.956,0.4947,0.0198,7.197,4.11,376.6,96.8,13.4,11.0,False,Mechanical,1,test
PUMP_04,2026-05-14 01:00:00,0.5188,63.23,40.69,69.69,4.842,0.5047,0.0114,7.204,4.53,371.9,102.0,13.6,10.96,False,Mechanical,1,test
PUMP_04,2026-05-14 02:00:00,0.5363,62.67,42.49,67.31,4.933,0.5127,0.0141,7.114,4.13,384.6,96.9,12.41,10.92,False,Mechanical,1,test
PUMP_04,2026-05-14 03:00:00,0.5059,62.12,41.87,67.39,4.793,0.5126,0.0141,7.186,3.95,380.1,100.5,13.24,10.88,False,Mechanical,1,test
PUMP_04,2026-05-14 04:00:00,0.5221,64.27,40.16,67.07,4.907,0.5173,0.0111,7.206,3.92,386.3,104.2,13.81,10.83,False,Mechanical,1,test
PUMP_04,2026-05-14 05:00:00,0.4932,64.58,41.29,64.86,4.89,0.5142,0.0149,7.246,4.06,385.2,104.7,14.5,10.79,False,Mechanical,1,test
PUMP_04,2026-05-14 06:00:00,0.545,67.91,41.46,65.9,4.933,0.5202,0.019,7.161,4.15,379.4,106.9,12.95,10.75,False,Mechanical,1,test
PUMP_04,2026-05-14 07:00:00,0.5208,65.22,40.76,68.95,4.907,0.5206,0.019,7.16,4.0,388.7,121.6,13.23,10.71,False,Mechanical,1,test
PUMP_04,2026-05-14 08:00:00,0.5275,61.8,41.76,64.72,4.986,0.5191,0.0179,7.157,3.82,384.8,132.3,12.89,10.67,False,Mechanical,1,test
PUMP_04,2026-05-14 09:00:00,0.5219,66.16,40.57,66.93,4.894,0.5218,0.0167,7.184,4.25,380.4,134.9,13.44,10.62,False,Mechanical,1,test
PUMP_04,2026-05-14 10:00:00,0.5162,63.24,40.43,67.44,5.023,0.5208,0.0168,7.144,4.17,382.2,132.4,12.81,10.58,False,Mechanical,1,test
PUMP_04,2026-05-14 11:00:00,0.537,62.6,42.06,66.74,5.082,0.5281,0.0109,7.266,4.01,387.1,143.4,14.86,10.54,False,Mechanical,1,test
PUMP_04,2026-05-14 12:00:00,0.5334,66.19,41.87,69.63,4.876,0.5261,0.008,7.239,4.27,382.2,148.0,14.4,10.5,False,Mechanical,1,test
PUMP_04,2026-05-14 13:00:00,0.5157,65.97,42.66,65.4,5.016,0.5253,0.0089,7.336,3.97,376.7,149.8,15.51,10.46,False,Mechanical,1,test
PUMP_04,2026-05-14 14:00:00,0.5493,66.41,41.53,66.41,4.949,0.5289,0.0133,7.173,4.0,374.1,146.7,12.83,10.42,False,Mechanical,1,test
PUMP_04,2026-05-14 15:00:00,0.5358,63.91,42.56,67.71,5.05,0.5312,0.0131,7.243,4.25,378.7,142.8,14.31,10.38,False,Mechanical,1,test
PUMP_04,2026-05-14 16:00:00,0.5473,68.25,41.33,67.85,4.893,0.5364,0.012,7.139,4.32,376.6,135.2,12.61,10.33,False,Mechanical,1,test
PUMP_04,2026-05-14 17:00:00,0.4959,66.35,42.39,67.53,5.081,0.5296,0.0204,7.273,4.26,381.0,131.8,14.9,10.29,False,Mechanical,1,test
PUMP_04,2026-05-14 18:00:00,0.5159,63.62,42.85,67.78,4.959,0.5267,0.021,7.189,3.69,377.4,130.5,13.01,10.25,False,Mechanical,1,test
PUMP_04,2026-05-14 19:00:00,0.542,68.44,41.22,66.73,4.976,0.531,0.021,7.196,4.15,378.1,116.7,13.46,10.21,False,Mechanical,1,test
PUMP_04,2026-05-14 20:00:00,0.5118,66.05,40.73,67.13,4.98,0.5248,0.02,7.264,4.02,386.1,110.1,14.79,10.17,False,Mechanical,1,test
PUMP_04,2026-05-14 21:00:00,0.5273,65.23,41.97,66.32,4.913,0.5234,0.0194,7.261,4.16,388.3,110.4,14.93,10.12,False,Mechanical,1,test
PUMP_04,2026-05-14 22:00:00,0.5219,64.48,41.99,68.1,5.07,0.5191,0.0155,7.151,4.73,376.1,103.9,13.06,10.08,False,Mechanical,1,test
PUMP_04,2026-05-14 23:00:00,0.5476,60.57,41.81,65.63,4.963,0.5278,0.0143,7.195,3.92,378.2,104.3,13.28,10.04,False,Mechanical,1,test
PUMP_04,2026-05-15 00:00:00,0.5408,66.6,42.52,66.07,5.055,0.5319,0.0138,7.271,4.01,378.9,99.6,14.6,10.0,False,Mechanical,1,test
PUMP_04,2026-05-15 01:00:00,0.5351,64.59,41.3,68.81,5.0,0.5307,0.0131,7.182,3.77,381.6,92.9,13.11,9.96,False,Mechanical,1,test
PUMP_04,2026-05-15 02:00:00,0.5805,65.24,41.94,67.09,5.008,0.5422,0.0209,7.215,3.92,381.7,102.1,13.76,9.92,False,Mechanical,1,test
PUMP_04,2026-05-15 03:00:00,0.5681,65.52,41.59,70.74,5.11,0.549,0.0217,7.227,3.73,377.5,99.6,13.64,9.88,False,Mechanical,1,test
PUMP_04,2026-05-15 04:00:00,0.5712,64.44,43.06,67.33,4.914,0.5572,0.0185,7.27,3.57,382.5,105.2,14.43,9.83,False,Mechanical,1,test
PUMP_04,2026-05-15 05:00:00,0.5675,66.58,42.59,67.38,4.855,0.5605,0.0182,7.233,3.22,377.7,106.2,13.39,9.79,False,Mechanical,1,test
PUMP_04,2026-05-15 06:00:00,0.5795,64.61,41.73,69.55,4.987,0.567,0.0166,7.188,3.72,378.1,115.7,13.03,9.75,False,Mechanical,1,test
PUMP_04,2026-05-15 07:00:00,0.5765,63.54,42.22,69.19,5.04,0.5739,0.0057,7.102,3.75,375.5,118.0,11.56,9.71,False,Mechanical,1,test
PUMP_04,2026-05-15 08:00:00,0.5417,66.11,42.12,67.83,5.032,0.5674,0.0135,7.235,3.98,385.2,118.1,14.26,9.67,False,Mechanical,1,test
PUMP_04,2026-05-15 09:00:00,0.5985,65.21,41.47,68.0,4.996,0.5725,0.0185,7.209,3.78,384.5,139.9,13.68,9.62,False,Mechanical,1,test
PUMP_04,2026-05-15 10:00:00,0.5958,63.21,43.25,69.36,5.195,0.5766,0.0208,7.289,4.41,381.7,134.3,15.28,9.58,False,Mechanical,1,test
PUMP_04,2026-05-15 11:00:00,0.5621,64.38,42.08,68.44,5.166,0.5757,0.0214,7.229,4.09,383.3,139.5,14.16,9.54,False,Mechanical,1,test
PUMP_04,2026-05-15 12:00:00,0.5432,66.54,44.23,67.84,4.857,0.5696,0.0249,7.172,4.3,385.5,141.8,13.49,9.5,False,Mechanical,1,test
PUMP_04,2026-05-15 13:00:00,0.5511,66.57,42.43,68.06,5.021,0.5654,0.0257,7.138,4.39,383.8,152.4,12.93,9.46,False,Mechanical,1,test
PUMP_04,2026-05-15 14:00:00,0.551,68.52,43.2,70.69,5.11,0.5669,0.0242,7.191,4.55,383.6,146.2,13.9,9.42,False,Mechanical,1,test
PUMP_04,2026-05-15 15:00:00,0.571,68.26,42.5,68.0,5.11,0.5624,0.0191,7.218,4.39,377.9,144.3,13.97,9.38,False,Mechanical,1,test
PUMP_04,2026-05-15 16:00:00,0.5607,67.23,42.7,68.04,5.024,0.5565,0.01,7.205,3.65,372.5,141.7,13.02,9.33,False,Mechanical,1,test
PUMP_04,2026-05-15 17:00:00,0.5585,65.58,42.31,68.41,5.2,0.5559,0.0097,7.137,4.34,376.0,135.7,12.57,9.29,False,Mechanical,1,test
PUMP_04,2026-05-15 18:00:00,0.5785,65.89,41.51,68.58,5.025,0.5618,0.011,7.061,4.13,391.0,127.5,11.82,9.25,False,Mechanical,1,test
PUMP_04,2026-05-15 19:00:00,0.5697,67.44,43.63,67.66,5.101,0.5649,0.01,7.152,4.54,378.8,120.9,13.06,9.21,False,Mechanical,1,test
PUMP_04,2026-05-15 20:00:00,0.5886,68.34,42.3,70.51,5.101,0.5712,0.0112,7.078,4.01,388.0,119.7,11.89,9.17,False,Mechanical,1,test
PUMP_04,2026-05-15 21:00:00,0.5769,67.74,43.58,68.2,5.132,0.5722,0.0115,7.151,4.46,382.7,102.8,13.15,9.12,False,Mechanical,1,test
PUMP_04,2026-05-15 22:00:00,0.607,66.29,43.99,69.29,5.071,0.5799,0.0166,7.212,4.04,379.9,98.9,13.71,9.08,False,Mechanical,1,test
PUMP_04,2026-05-15 23:00:00,0.6195,67.38,42.38,70.7,5.16,0.59,0.0194,7.272,4.06,375.5,101.1,14.51,9.04,False,Mechanical,1,test
PUMP_04,2026-05-16 00:00:00,0.5939,66.75,42.31,68.38,5.059,0.5926,0.0185,7.078,4.27,376.5,97.3,11.58,9.0,False,Mechanical,1,test
PUMP_04,2026-05-16 01:00:00,0.59,64.04,42.5,69.31,5.158,0.596,0.0151,7.149,3.87,379.3,93.7,12.56,8.96,False,Mechanical,1,test
PUMP_04,2026-05-16 02:00:00,0.5981,66.96,41.74,67.4,5.09,0.5976,0.0146,7.22,4.22,379.3,105.5,13.94,8.92,False,Mechanical,1,test
PUMP_04,2026-05-16 03:00:00,0.6189,66.74,43.13,67.99,5.252,0.6046,0.0127,7.177,3.39,382.7,93.7,12.83,8.88,False,Mechanical,1,test
PUMP_04,2026-05-16 04:00:00,0.6195,68.62,43.74,69.14,5.125,0.6066,0.0141,7.208,4.19,376.6,102.6,13.62,8.83,False,Mechanical,1,test
PUMP_04,2026-05-16 05:00:00,0.5807,65.84,42.43,68.54,5.164,0.6002,0.0158,7.219,3.49,376.8,108.7,13.31,8.79,False,Mechanical,1,test
PUMP_04,2026-05-16 06:00:00,0.6198,66.09,43.32,69.97,5.241,0.6045,0.0172,7.179,4.22,384.4,112.0,13.51,8.75,False,Mechanical,1,test
PUMP_04,2026-05-16 07:00:00,0.6071,69.23,42.94,68.49,5.176,0.6073,0.0157,7.26,2.75,389.5,117.4,13.99,8.71,False,Mechanical,1,test
PUMP_04,2026-05-16 08:00:00,0.618,66.33,42.98,68.84,5.228,0.6107,0.0155,7.321,3.27,380.4,125.4,14.95,8.67,False,Mechanical,1,test
PUMP_04,2026-05-16 09:00:00,0.614,66.75,43.13,68.45,5.072,0.6098,0.0151,7.147,4.02,382.2,139.0,12.75,8.62,False,Mechanical,1,test
PUMP_04,2026-05-16 10:00:00,0.6079,68.6,43.38,70.58,5.218,0.6079,0.0143,7.246,4.03,379.3,136.2,14.23,8.58,False,Mechanical,1,test
PUMP_04,2026-05-16 11:00:00,0.5883,69.0,42.84,69.06,5.162,0.6092,0.0115,7.305,3.9,379.7,143.3,15.1,8.54,False,Mechanical,1,test
PUMP_04,2026-05-16 12:00:00,0.5888,70.1,43.26,68.56,5.252,0.604,0.0126,7.272,4.29,378.9,141.8,14.82,8.5,False,Mechanical,1,test
PUMP_04,2026-05-16 13:00:00,0.6077,67.54,42.93,68.34,5.226,0.6041,0.0127,7.166,4.37,378.3,147.9,13.14,8.46,False,Mechanical,1,test
PUMP_04,2026-05-16 14:00:00,0.6093,67.7,43.41,68.12,5.235,0.6027,0.0112,7.184,5.01,382.8,148.5,14.06,8.42,False,Mechanical,1,test
PUMP_04,2026-05-16 15:00:00,0.6102,67.98,42.82,70.3,5.254,0.602,0.0105,7.113,4.02,383.1,141.0,12.25,8.38,False,Mechanical,1,test
PUMP_04,2026-05-16 16:00:00,0.6154,67.39,43.95,69.42,5.284,0.6033,0.0117,7.172,4.41,378.8,140.5,13.28,8.33,False,Mechanical,1,test
PUMP_04,2026-05-16 17:00:00,0.6,69.02,43.24,73.1,5.042,0.6052,0.0095,7.173,3.67,377.1,132.1,12.72,8.29,False,Mechanical,1,test
PUMP_04,2026-05-16 18:00:00,0.5929,67.95,42.73,68.96,5.15,0.6059,0.0081,7.223,3.78,377.6,126.7,13.61,8.25,False,Mechanical,1,test
PUMP_04,2026-05-16 19:00:00,0.6309,66.68,43.39,67.79,5.215,0.6098,0.0131,7.143,3.67,383.3,121.8,12.5,8.21,False,Mechanical,1,test
PUMP_04,2026-05-16 20:00:00,0.6274,65.94,43.51,69.45,5.128,0.6128,0.0149,7.204,3.96,376.0,114.8,13.36,8.17,False,Mechanical,1,test
PUMP_04,2026-05-16 21:00:00,0.612,68.47,43.3,72.46,5.207,0.6131,0.0149,7.21,4.09,374.9,108.5,13.52,8.12,False,Mechanical,1,test
PUMP_04,2026-05-16 22:00:00,0.6395,69.67,42.67,70.21,5.247,0.6171,0.0185,7.177,4.42,381.4,96.4,13.48,8.08,False,Mechanical,1,test
PUMP_04,2026-05-16 23:00:00,0.6157,67.78,43.59,69.74,5.363,0.6197,0.0166,7.242,4.14,379.7,93.4,14.25,8.04,False,Mechanical,1,test
PUMP_04,2026-05-17 00:00:00,0.6387,66.92,43.81,69.25,5.299,0.6274,0.0115,7.177,4.53,379.3,88.9,13.48,8.0,False,Mechanical,1,test
PUMP_04,2026-05-17 01:00:00,0.6434,71.26,44.0,69.54,5.304,0.6294,0.0133,7.216,4.54,384.2,89.4,14.31,7.96,False,Mechanical,1,test
PUMP_04,2026-05-17 02:00:00,0.6346,68.5,44.4,71.41,5.255,0.6306,0.0134,7.135,4.02,379.7,97.7,12.46,7.92,False,Mechanical,1,test
PUMP_04,2026-05-17 03:00:00,0.6555,70.46,44.13,69.01,5.117,0.6379,0.013,7.161,3.96,376.7,96.9,12.71,7.88,False,Mechanical,1,test
PUMP_04,2026-05-17 04:00:00,0.6322,70.76,44.06,70.1,5.203,0.6367,0.0132,7.248,3.39,380.9,99.8,13.88,7.83,False,Mechanical,1,test
PUMP_04,2026-05-17 05:00:00,0.6541,71.52,44.24,70.28,5.135,0.6431,0.0099,7.116,3.78,376.7,114.7,11.88,7.79,False,Mechanical,1,test
PUMP_04,2026-05-17 06:00:00,0.6565,69.24,43.6,70.17,5.315,0.646,0.0109,7.238,3.68,384.4,118.3,14.06,7.75,False,Mechanical,1,test
PUMP_04,2026-05-17 07:00:00,0.6418,67.26,44.54,69.83,5.283,0.6458,0.011,7.184,3.69,380.1,113.6,13.03,7.71,False,Mechanical,1,test
PUMP_04,2026-05-17 08:00:00,0.6689,66.61,43.97,68.51,5.297,0.6515,0.0128,7.098,3.83,374.9,123.0,11.54,7.67,False,Mechanical,1,test
PUMP_04,2026-05-17 09:00:00,0.6766,69.16,43.94,70.55,5.325,0.655,0.0165,7.178,4.21,380.8,128.7,13.32,7.62,False,Mechanical,1,test
PUMP_04,2026-05-17 10:00:00,0.6586,72.17,43.35,70.01,5.253,0.6594,0.0121,7.237,4.12,376.0,137.9,14.0,7.58,False,Mechanical,1,test
PUMP_04,2026-05-17 11:00:00,0.6603,69.82,44.4,71.87,5.191,0.6605,0.0118,7.315,4.4,385.1,136.5,15.84,7.54,False,Mechanical,1,test
PUMP_04,2026-05-17 12:00:00,0.6542,71.82,44.37,70.23,5.265,0.6601,0.012,7.293,4.15,379.5,141.4,15.08,7.5,False,Mechanical,1,test
PUMP_04,2026-05-17 13:00:00,0.6564,68.4,44.66,70.42,5.341,0.6625,0.0086,7.153,3.76,383.1,146.7,12.72,7.46,False,Mechanical,1,test
PUMP_04,2026-05-17 14:00:00,0.6496,72.11,43.42,70.72,5.173,0.6593,0.0093,7.24,4.3,376.9,143.6,14.22,7.42,False,Mechanical,1,test
PUMP_04,2026-05-17 15:00:00,0.6573,71.02,44.72,71.15,5.331,0.6561,0.0038,7.178,3.45,379.0,136.4,12.72,7.38,False,Mechanical,1,test
PUMP_04,2026-05-17 16:00:00,0.6536,70.28,44.22,68.47,5.224,0.6552,0.0037,7.169,4.39,382.1,138.1,13.37,7.33,False,Mechanical,1,test
PUMP_04,2026-05-17 17:00:00,0.683,71.57,43.83,71.05,5.372,0.659,0.0121,7.25,3.69,379.2,133.0,14.06,7.29,False,Mechanical,1,test
PUMP_04,2026-05-17 18:00:00,0.6566,69.38,44.13,68.68,5.228,0.6594,0.0119,7.211,3.08,375.5,127.3,12.85,7.25,False,Mechanical,1,test
PUMP_04,2026-05-17 19:00:00,0.6479,71.0,43.96,70.32,5.397,0.658,0.0128,7.212,4.22,383.6,114.4,13.99,7.21,False,Mechanical,1,test
PUMP_04,2026-05-17 20:00:00,0.6392,69.12,44.68,71.58,5.228,0.6563,0.0147,7.116,3.88,381.4,117.5,12.13,7.17,False,Mechanical,1,test
PUMP_04,2026-05-17 21:00:00,0.6838,69.55,44.26,73.35,5.269,0.6607,0.0186,7.152,4.47,374.6,105.5,12.83,7.12,False,Mechanical,1,test
PUMP_04,2026-05-17 22:00:00,0.6943,69.16,44.51,69.72,5.404,0.6675,0.0225,7.155,4.39,378.2,97.7,12.97,7.08,False,Mechanical,1,test
PUMP_04,2026-05-17 23:00:00,0.6595,69.27,44.32,69.96,5.341,0.6636,0.0213,7.226,3.61,375.9,98.6,13.46,7.04,False,Mechanical,1,test
PUMP_04,2026-05-18 00:00:00,0.6908,68.09,44.57,68.99,5.202,0.6692,0.0235,7.237,4.61,377.6,98.5,14.41,7.0,False,Mechanical,1,test
PUMP_04,2026-05-18 01:00:00,0.6941,74.18,44.0,70.19,5.421,0.677,0.0226,7.287,3.25,377.7,97.4,14.27,6.96,False,Mechanical,1,test
PUMP_04,2026-05-18 02:00:00,0.6908,69.04,43.51,73.85,5.2,0.6856,0.0133,7.153,4.19,378.8,101.0,12.83,6.92,False,Mechanical,1,test
PUMP_04,2026-05-18 03:00:00,0.6778,72.47,46.36,69.24,5.361,0.6845,0.0137,7.288,4.57,372.9,95.8,15.01,6.88,False,Mechanical,1,test
PUMP_04,2026-05-18 04:00:00,0.7057,68.47,44.82,67.47,5.546,0.6864,0.0159,7.187,3.59,377.9,95.8,12.92,6.83,False,Mechanical,1,test
PUMP_04,2026-05-18 05:00:00,0.7209,70.21,46.61,72.31,5.392,0.6967,0.0148,7.204,4.84,384.8,106.2,14.36,6.79,False,Mechanical,1,test
PUMP_04,2026-05-18 06:00:00,0.7246,70.62,44.83,72.33,5.362,0.7023,0.0182,7.194,4.06,388.6,102.2,13.81,6.75,False,Mechanical,1,test
PUMP_04,2026-05-18 07:00:00,0.7129,73.36,44.9,71.4,5.389,0.7054,0.0181,7.213,4.15,374.3,116.7,13.57,6.71,False,Mechanical,1,test
PUMP_04,2026-05-18 08:00:00,0.7192,71.8,44.78,71.55,5.313,0.7102,0.0172,7.235,4.47,385.4,125.1,14.61,6.67,False,Mechanical,1,test
PUMP_04,2026-05-18 09:00:00,0.6793,69.78,45.33,72.39,5.419,0.7104,0.0166,7.252,4.17,391.2,130.5,14.91,6.62,False,Mechanical,1,test
PUMP_04,2026-05-18 10:00:00,0.7156,71.1,45.1,72.46,5.584,0.7121,0.0166,7.188,3.47,379.0,139.7,12.89,6.58,False,Mechanical,1,test
PUMP_04,2026-05-18 11:00:00,0.7154,73.32,44.27,70.31,5.382,0.7112,0.0161,7.204,2.71,382.6,141.6,12.78,6.54,False,Mechanical,1,test
PUMP_04,2026-05-18 12:00:00,0.7006,73.19,44.48,70.09,5.356,0.7072,0.0151,7.154,3.61,385.1,145.9,12.71,6.5,False,Mechanical,1,test
PUMP_04,2026-05-18 13:00:00,0.7063,70.69,44.43,70.43,5.464,0.7061,0.0148,7.234,3.65,377.8,146.1,13.7,6.46,False,Mechanical,1,test
PUMP_04,2026-05-18 14:00:00,0.6967,69.57,45.26,70.76,5.491,0.7023,0.0136,7.213,3.62,384.8,138.2,13.65,6.42,False,Mechanical,1,test
PUMP_04,2026-05-18 15:00:00,0.6812,70.89,45.33,72.61,5.444,0.7026,0.013,7.161,3.75,379.0,144.1,12.66,6.38,False,Mechanical,1,test
PUMP_04,2026-05-18 16:00:00,0.7142,72.95,45.34,73.05,5.416,0.7024,0.0127,7.138,2.86,384.8,135.5,11.91,6.33,False,Mechanical,1,test
PUMP_04,2026-05-18 17:00:00,0.7343,69.38,44.88,71.42,5.491,0.7056,0.0179,7.208,3.52,387.6,133.4,13.61,6.29,False,Mechanical,1,test
PUMP_04,2026-05-18 18:00:00,0.6946,71.83,44.63,72.22,5.334,0.7046,0.0184,7.265,4.22,386.3,128.3,14.96,6.25,False,Mechanical,1,test
PUMP_04,2026-05-18 19:00:00,0.7112,70.34,46.08,71.82,5.418,0.7054,0.0186,7.223,6.4,378.4,116.8,15.48,6.21,False,Mechanical,1,test
PUMP_04,2026-05-18 20:00:00,0.6932,71.52,45.55,70.98,5.277,0.7048,0.0189,6.995,8.63,383.0,110.8,13.74,6.17,False,Mechanical,1,test
PUMP_04,2026-05-18 21:00:00,0.7201,73.09,45.82,70.98,5.458,0.7113,0.0156,7.053,11.07,377.7,107.6,15.99,6.12,False,Mechanical,1,test
PUMP_04,2026-05-18 22:00:00,0.7113,72.31,46.09,72.16,5.455,0.7108,0.0156,6.968,12.5,374.3,100.4,16.53,6.08,False,Mechanical,1,test
PUMP_04,2026-05-18 23:00:00,0.7232,73.53,44.32,73.04,5.562,0.7089,0.0126,6.933,15.86,378.9,105.2,19.62,6.04,False,Mechanical,1,test
PUMP_04,2026-05-19 00:00:00,0.7448,74.4,45.63,72.67,5.414,0.7173,0.017,6.888,16.23,384.1,95.9,20.82,6.0,False,Mechanical,1,test
PUMP_04,2026-05-19 01:00:00,0.739,78.24,46.3,71.99,5.571,0.7219,0.0187,6.904,13.97,392.8,90.4,19.35,5.96,False,Mechanical,1,test
PUMP_04,2026-05-19 02:00:00,0.7373,74.08,44.93,73.95,5.476,0.7293,0.013,7.044,10.82,422.4,104.2,17.55,5.92,False,Mechanical,1,test
PUMP_04,2026-05-19 03:00:00,0.7292,73.7,45.04,74.21,5.549,0.7308,0.0122,6.93,7.93,428.9,99.8,16.22,5.88,False,Mechanical,1,test
PUMP_04,2026-05-19 04:00:00,0.7572,71.9,45.06,70.57,5.565,0.7384,0.0119,7.087,6.98,442.7,102.2,16.39,5.83,False,Mechanical,1,test
PUMP_04,2026-05-19 05:00:00,0.7332,74.3,44.88,71.01,5.513,0.7401,0.0099,7.157,4.78,462.6,113.6,16.79,5.79,False,Mechanical,1,test
PUMP_04,2026-05-19 06:00:00,0.7722,75.38,46.18,70.74,5.536,0.7447,0.0166,7.166,4.28,460.7,114.8,16.52,5.75,False,Mechanical,1,test
PUMP_04,2026-05-19 07:00:00,0.7557,72.11,45.99,73.61,5.473,0.7475,0.0168,7.124,4.53,456.3,119.7,15.84,5.71,False,Mechanical,1,test
PUMP_04,2026-05-19 08:00:00,0.7396,72.36,45.17,72.24,5.62,0.7478,0.0166,7.172,4.0,431.3,120.1,15.19,5.67,False,Mechanical,1,test
PUMP_04,2026-05-19 09:00:00,0.7329,72.31,44.86,72.7,5.745,0.7485,0.0158,7.172,4.3,415.1,123.3,14.73,5.62,False,Mechanical,1,test
PUMP_04,2026-05-19 10:00:00,0.7507,71.37,45.48,73.41,5.418,0.7474,0.0153,7.187,4.34,399.6,142.6,14.34,5.58,False,Mechanical,1,test
PUMP_04,2026-05-19 11:00:00,0.7499,73.41,46.68,72.72,5.546,0.7502,0.0136,7.214,3.97,376.1,142.8,13.55,5.54,False,Mechanical,1,test
PUMP_04,2026-05-19 12:00:00,0.7616,71.5,45.37,72.01,5.522,0.7484,0.0105,7.137,3.67,374.3,143.3,12.03,5.5,False,Mechanical,1,test
PUMP_04,2026-05-19 13:00:00,0.7388,73.45,45.06,71.52,5.587,0.7456,0.0104,7.177,4.35,373.7,144.4,13.12,5.46,False,Mechanical,1,test
PUMP_04,2026-05-19 14:00:00,0.7657,74.16,46.06,72.6,5.427,0.7499,0.0126,7.195,4.75,370.9,145.4,13.57,5.42,False,Mechanical,1,test
PUMP_04,2026-05-19 15:00:00,0.7159,74.18,45.45,73.9,5.477,0.7471,0.018,7.107,4.5,374.7,144.2,12.14,5.38,False,Mechanical,1,test
PUMP_04,2026-05-19 16:00:00,0.7556,73.1,47.22,70.96,5.705,0.7479,0.0183,7.196,4.14,382.8,134.6,13.65,5.33,False,Mechanical,1,test
PUMP_04,2026-05-19 17:00:00,0.7446,71.6,46.34,72.45,5.689,0.747,0.0183,7.212,4.11,383.7,133.3,13.92,5.29,False,Mechanical,1,test
PUMP_04,2026-05-19 18:00:00,0.7586,75.83,46.06,70.77,5.449,0.7465,0.0179,7.238,4.13,375.7,128.6,14.02,5.25,False,Mechanical,1,test
PUMP_04,2026-05-19 19:00:00,0.7777,71.43,46.11,74.24,5.74,0.753,0.0212,7.134,3.09,370.0,118.0,11.39,5.21,False,Mechanical,1,test
PUMP_04,2026-05-19 20:00:00,0.7763,74.34,46.01,71.19,5.529,0.7548,0.0229,7.192,3.96,378.0,104.6,13.26,5.17,False,Mechanical,1,test
PUMP_04,2026-05-19 21:00:00,0.7714,76.48,46.11,71.31,5.66,0.764,0.0132,7.262,3.91,382.5,104.4,14.54,5.12,False,Mechanical,1,test
PUMP_04,2026-05-19 22:00:00,0.7905,74.47,47.9,74.29,5.59,0.7698,0.0161,7.113,3.52,384.2,97.1,11.95,5.08,False,Mechanical,1,test
PUMP_04,2026-05-19 23:00:00,0.7956,76.33,47.07,72.57,5.625,0.7784,0.0133,7.2,4.42,381.2,103.1,13.84,5.04,False,Mechanical,1,test
PUMP_04,2026-05-20 00:00:00,0.8028,75.26,46.4,71.21,5.622,0.7857,0.0124,7.124,4.11,375.0,92.0,12.15,5.0,False,Mechanical,1,test
PUMP_04,2026-05-20 01:00:00,0.7753,72.48,46.7,74.08,5.692,0.7853,0.0128,7.179,2.95,383.6,91.0,12.58,4.96,False,Mechanical,1,test
PUMP_04,2026-05-20 02:00:00,0.8002,76.62,46.16,73.63,5.581,0.7893,0.0131,7.16,4.09,382.0,93.3,13.0,4.92,False,Mechanical,1,test
PUMP_04,2026-05-20 03:00:00,0.8047,73.85,47.26,75.88,5.777,0.7948,0.0109,7.219,4.51,383.7,101.7,14.31,4.88,False,Mechanical,1,test
PUMP_04,2026-05-20 04:00:00,0.797,74.18,44.67,72.13,5.722,0.7959,0.0107,7.185,3.76,375.5,105.8,12.91,4.83,False,Mechanical,1,test
PUMP_04,2026-05-20 05:00:00,0.8155,75.93,46.37,72.46,5.61,0.7992,0.0133,7.136,3.59,382.6,104.3,12.3,4.79,False,Mechanical,1,test
PUMP_04,2026-05-20 06:00:00,0.803,73.56,46.11,72.81,5.648,0.7993,0.0133,7.276,3.48,384.3,111.7,14.54,4.75,False,Mechanical,1,test
PUMP_04,2026-05-20 07:00:00,0.7819,76.48,47.33,74.93,5.66,0.8004,0.011,7.209,4.04,373.2,119.3,13.39,4.71,False,Mechanical,1,test
PUMP_04,2026-05-20 08:00:00,0.8244,75.78,46.82,71.43,5.623,0.8044,0.0147,7.249,3.71,376.9,132.0,13.96,4.67,False,Mechanical,1,test
PUMP_04,2026-05-20 09:00:00,0.7967,77.71,45.81,73.42,5.634,0.8031,0.0151,7.145,3.41,372.4,124.3,11.9,4.62,False,Mechanical,1,test
PUMP_04,2026-05-20 10:00:00,0.7796,77.03,46.83,74.2,5.731,0.8002,0.0179,7.18,4.65,375.9,132.0,13.47,4.58,False,Mechanical,1,test
PUMP_04,2026-05-20 11:00:00,0.8535,75.09,46.93,75.36,5.719,0.8065,0.0282,7.25,4.08,379.5,151.4,14.33,4.54,False,Mechanical,1,test
PUMP_04,2026-05-20 12:00:00,0.7889,74.85,47.86,72.95,5.634,0.8042,0.0291,7.163,3.79,372.8,148.9,12.45,4.5,False,Mechanical,1,test
PUMP_04,2026-05-20 13:00:00,0.8143,74.46,47.18,74.37,5.688,0.8096,0.0271,7.2,4.67,385.6,139.0,14.2,4.46,False,Mechanical,1,test
PUMP_04,2026-05-20 14:00:00,0.7885,75.27,47.03,73.32,5.607,0.8036,0.0271,7.197,4.11,385.6,156.7,13.76,4.42,False,Mechanical,1,test
PUMP_04,2026-05-20 15:00:00,0.7981,74.37,47.13,72.65,5.83,0.8038,0.027,7.082,3.95,379.3,144.2,11.54,4.38,False,Mechanical,1,test
PUMP_04,2026-05-20 16:00:00,0.7945,75.35,45.76,74.05,5.76,0.8063,0.025,7.197,4.09,376.7,138.1,13.37,4.33,False,Mechanical,1,test
PUMP_04,2026-05-20 17:00:00,0.7912,74.0,46.69,73.9,5.697,0.7959,0.0097,7.179,3.79,379.8,138.4,13.01,4.29,False,Mechanical,1,test
PUMP_04,2026-05-20 18:00:00,0.821,74.52,46.04,74.89,5.723,0.8013,0.0133,7.192,3.94,387.3,123.0,13.63,4.25,False,Mechanical,1,test
PUMP_04,2026-05-20 19:00:00,0.8445,78.11,48.47,76.7,5.779,0.8063,0.022,7.164,4.23,383.1,118.1,13.22,4.21,False,Mechanical,1,test
PUMP_04,2026-05-20 20:00:00,0.8137,74.13,47.02,74.91,5.677,0.8105,0.0203,7.136,4.67,371.0,113.8,12.56,4.17,False,Mechanical,1,test
PUMP_04,2026-05-20 21:00:00,0.7907,74.09,47.74,74.44,5.724,0.8093,0.0214,7.159,3.78,368.7,109.5,12.23,4.12,False,Mechanical,1,test
PUMP_04,2026-05-20 22:00:00,0.8059,75.22,46.78,75.15,5.786,0.8112,0.0203,7.174,4.25,375.5,103.7,13.07,4.08,False,Mechanical,1,test
PUMP_04,2026-05-20 23:00:00,0.8136,78.44,47.2,73.65,5.639,0.8149,0.0178,7.23,3.41,379.8,99.2,13.56,4.04,False,Mechanical,1,test
PUMP_04,2026-05-21 00:00:00,0.8324,75.07,47.27,75.54,5.785,0.8168,0.0191,7.172,4.2,371.5,94.3,12.84,4.0,False,Mechanical,1,test
PUMP_04,2026-05-21 01:00:00,0.8294,76.1,47.83,73.85,5.946,0.8143,0.0154,7.205,4.72,379.0,96.4,14.05,3.96,False,Mechanical,1,test
PUMP_04,2026-05-21 02:00:00,0.872,77.07,47.47,75.09,5.62,0.824,0.0281,7.21,4.01,371.6,96.9,13.32,3.92,False,Mechanical,1,test
PUMP_04,2026-05-21 03:00:00,0.843,77.52,47.21,74.48,5.83,0.8327,0.0234,7.173,3.77,380.0,98.3,12.91,3.88,False,Mechanical,1,test
PUMP_04,2026-05-21 04:00:00,0.8603,76.65,46.41,74.48,5.665,0.8418,0.0214,7.249,3.79,381.1,101.3,14.17,3.83,False,Mechanical,1,test
PUMP_04,2026-05-21 05:00:00,0.8488,77.48,49.02,76.76,5.658,0.8476,0.0164,7.181,4.19,388.5,105.4,13.69,3.79,False,Mechanical,1,test
PUMP_04,2026-05-21 06:00:00,0.8533,78.43,47.41,73.83,5.742,0.8511,0.0146,7.172,4.02,379.3,107.7,13.04,3.75,False,Mechanical,1,test
PUMP_04,2026-05-21 07:00:00,0.8504,75.14,47.54,75.54,5.822,0.8546,0.0102,7.255,3.84,378.2,125.7,14.2,3.71,False,Mechanical,1,test
PUMP_04,2026-05-21 08:00:00,0.8569,76.13,47.46,74.49,5.83,0.8521,0.0061,7.207,4.26,386.7,129.5,14.07,3.67,False,Mechanical,1,test
PUMP_04,2026-05-21 09:00:00,0.8501,75.98,48.7,76.14,5.781,0.8533,0.0045,7.08,3.65,383.3,136.5,11.48,3.62,False,Mechanical,1,test
PUMP_04,2026-05-21 10:00:00,0.8582,76.77,47.5,73.53,5.71,0.8529,0.0039,7.067,4.35,380.2,133.0,11.62,3.58,False,Mechanical,1,test
PUMP_04,2026-05-21 11:00:00,0.8491,79.27,47.65,74.77,5.79,0.853,0.0038,7.28,3.87,378.5,139.7,14.62,3.54,False,Mechanical,1,test
PUMP_04,2026-05-21 12:00:00,0.8911,78.95,48.11,74.12,5.662,0.8593,0.016,7.204,4.26,388.5,143.9,14.11,3.5,False,Mechanical,1,test
PUMP_04,2026-05-21 13:00:00,0.8625,77.45,48.76,77.17,5.88,0.8613,0.0154,7.191,4.34,376.3,146.4,13.44,3.46,False,Mechanical,1,test
PUMP_04,2026-05-21 14:00:00,0.8651,78.87,48.07,76.88,5.787,0.8627,0.0153,7.089,3.22,372.6,141.1,10.87,3.42,False,Mechanical,1,test
PUMP_04,2026-05-21 15:00:00,0.854,80.93,48.15,74.54,5.912,0.8633,0.0148,7.193,3.97,379.0,148.6,13.32,3.38,False,Mechanical,1,test
PUMP_04,2026-05-21 16:00:00,0.835,75.97,48.09,74.06,5.752,0.8595,0.0189,7.147,3.39,378.4,141.2,12.16,3.33,False,Mechanical,1,test
PUMP_04,2026-05-21 17:00:00,0.8381,76.93,47.93,74.96,5.878,0.8576,0.0205,7.184,3.31,386.0,133.2,13.01,3.29,False,Mechanical,1,test
PUMP_04,2026-05-21 18:00:00,0.8576,77.6,49.36,76.52,5.699,0.852,0.0126,7.164,3.91,380.8,127.7,12.88,3.25,False,Mechanical,1,test
PUMP_04,2026-05-21 19:00:00,0.8597,78.66,47.81,75.96,5.954,0.8516,0.0122,7.186,4.12,384.6,119.1,13.55,3.21,False,Mechanical,1,test
PUMP_04,2026-05-21 20:00:00,0.8719,78.95,48.58,75.2,5.887,0.8527,0.0139,7.21,3.38,367.2,110.8,12.69,3.17,False,Mechanical,1,test
PUMP_04,2026-05-21 21:00:00,0.8726,76.67,48.05,77.09,5.829,0.8558,0.0162,7.219,4.11,378.3,97.9,13.8,3.12,False,Mechanical,1,test
PUMP_04,2026-05-21 22:00:00,0.867,78.62,48.79,76.2,5.828,0.8612,0.0129,7.197,3.65,387.4,105.8,13.51,3.08,False,Mechanical,1,test
PUMP_04,2026-05-21 23:00:00,0.9185,79.71,48.44,74.82,5.844,0.8746,0.0224,7.205,4.03,374.6,98.6,13.38,3.04,False,Mechanical,1,test
PUMP_04,2026-05-22 00:00:00,0.8887,76.7,48.67,73.41,5.874,0.8797,0.0213,7.111,5.01,378.6,100.6,12.72,3.0,False,Mechanical,1,test
PUMP_04,2026-05-22 01:00:00,0.8817,78.84,48.62,78.43,5.753,0.8834,0.0189,7.196,3.87,384.2,97.3,13.52,2.96,False,Mechanical,1,test
PUMP_04,2026-05-22 02:00:00,0.8873,77.78,47.95,75.67,5.859,0.886,0.018,7.21,3.54,377.5,95.7,13.24,2.92,False,Mechanical,1,test
PUMP_04,2026-05-22 03:00:00,0.9081,76.62,48.62,73.22,5.867,0.8919,0.0186,7.196,3.99,383.9,98.7,13.59,2.88,False,Mechanical,1,test
PUMP_04,2026-05-22 04:00:00,0.8977,80.34,47.61,76.49,5.979,0.897,0.014,7.274,3.92,377.0,99.4,14.51,2.83,False,Mechanical,1,test
PUMP_04,2026-05-22 05:00:00,0.9186,79.66,48.88,74.18,5.861,0.897,0.0141,7.187,3.86,379.8,102.7,13.18,2.79,False,Mechanical,1,test
PUMP_04,2026-05-22 06:00:00,0.9056,77.7,48.48,77.78,5.826,0.8998,0.0137,7.134,4.01,383.4,109.6,12.59,2.75,False,Mechanical,1,test
PUMP_04,2026-05-22 07:00:00,0.903,80.51,48.7,77.76,5.909,0.9034,0.0105,7.2,3.93,374.5,116.2,13.22,2.71,False,Mechanical,1,test
PUMP_04,2026-05-22 08:00:00,0.8885,82.4,48.89,76.08,5.967,0.9036,0.0101,7.171,3.5,375.9,125.7,12.52,2.67,False,Mechanical,1,test
PUMP_04,2026-05-22 09:00:00,0.9263,79.47,49.01,75.08,5.933,0.9066,0.0138,7.114,4.33,384.6,135.6,12.54,2.62,False,Mechanical,1,test
PUMP_04,2026-05-22 10:00:00,0.8946,77.32,47.58,77.05,5.936,0.9061,0.0143,7.185,4.53,376.1,140.4,13.46,2.58,False,Mechanical,1,test
PUMP_04,2026-05-22 11:00:00,0.922,79.03,48.78,77.98,5.941,0.9067,0.0149,7.228,5.44,380.6,135.6,14.99,2.54,False,Mechanical,1,test
PUMP_04,2026-05-22 12:00:00,0.9014,76.66,49.21,76.46,5.93,0.906,0.0151,7.057,8.5,384.9,147.6,14.56,2.5,False,Mechanical,1,test
PUMP_04,2026-05-22 13:00:00,0.923,79.48,50.05,76.18,5.904,0.9093,0.0164,7.059,10.01,380.5,145.6,15.47,2.46,False,Mechanical,1,test
PUMP_04,2026-05-22 14:00:00,0.9291,79.17,50.7,75.79,5.892,0.9161,0.0144,7.041,10.82,381.4,147.0,15.78,2.42,False,Mechanical,1,test
PUMP_04,2026-05-22 15:00:00,0.8988,81.01,50.39,76.33,5.963,0.9115,0.0148,7.123,11.6,387.7,143.7,17.91,2.38,False,Mechanical,1,test
PUMP_04,2026-05-22 16:00:00,0.8981,79.02,48.8,76.62,5.992,0.9121,0.0141,7.028,11.15,391.5,131.0,16.22,2.33,False,Mechanical,1,test
PUMP_04,2026-05-22 17:00:00,0.9453,81.35,49.62,76.27,5.977,0.916,0.0195,7.054,9.3,392.0,133.3,15.38,2.29,False,Mechanical,1,test
PUMP_04,2026-05-22 18:00:00,0.9208,78.9,50.01,75.75,5.834,0.9192,0.0182,7.134,6.45,409.0,132.4,15.37,2.25,False,Mechanical,1,test
PUMP_04,2026-05-22 19:00:00,0.9274,80.01,49.79,78.95,6.058,0.9199,0.0185,7.214,3.88,432.9,115.3,15.84,2.21,False,Mechanical,1,test
PUMP_04,2026-05-22 20:00:00,0.8995,78.16,49.41,76.74,5.88,0.915,0.0195,7.187,4.17,424.9,109.8,15.28,2.17,False,Mechanical,1,test
PUMP_04,2026-05-22 21:00:00,0.9084,78.76,49.66,76.45,5.89,0.9166,0.0182,7.175,4.41,435.3,99.5,15.69,2.12,False,Mechanical,1,test
PUMP_04,2026-05-22 22:00:00,0.9312,81.63,49.78,77.37,5.917,0.9221,0.0164,7.223,3.8,426.0,100.5,15.65,2.08,False,Mechanical,1,test
PUMP_04,2026-05-22 23:00:00,0.927,82.15,49.23,77.48,5.973,0.919,0.0125,7.168,4.3,415.3,92.5,14.68,2.04,False,Mechanical,1,test
PUMP_04,2026-05-23 00:00:00,0.9225,79.65,49.81,77.18,6.004,0.9193,0.0126,7.107,3.68,392.5,92.4,12.3,2.0,False,Mechanical,1,test
PUMP_04,2026-05-23 01:00:00,0.9467,81.5,48.95,75.94,6.097,0.9225,0.0168,7.134,3.83,375.8,96.0,12.15,1.96,False,Mechanical,1,test
PUMP_04,2026-05-23 02:00:00,0.9215,81.98,51.17,77.35,6.104,0.9262,0.0126,7.282,3.56,385.9,99.1,14.75,1.92,False,Mechanical,1,test
PUMP_04,2026-05-23 03:00:00,0.9561,79.29,49.58,77.59,5.891,0.9342,0.0141,7.184,4.06,381.7,90.6,13.36,1.88,False,Mechanical,1,test
PUMP_04,2026-05-23 04:00:00,0.9419,81.66,50.19,77.86,5.893,0.936,0.0143,7.238,4.03,379.7,100.5,14.13,1.83,False,Mechanical,1,test
PUMP_04,2026-05-23 05:00:00,0.9693,81.09,50.05,77.85,6.128,0.943,0.0188,7.165,4.16,390.3,106.6,13.48,1.79,False,Mechanical,1,test
PUMP_04,2026-05-23 06:00:00,0.9629,81.69,50.04,77.81,6.034,0.9497,0.0171,7.244,4.12,380.6,113.0,14.32,1.75,False,Mechanical,1,test
PUMP_04,2026-05-23 07:00:00,0.9712,81.07,50.37,76.36,5.971,0.9538,0.0191,7.22,4.29,379.9,123.2,14.02,1.71,False,Mechanical,1,test
PUMP_04,2026-05-23 08:00:00,0.9847,78.15,50.73,80.75,6.106,0.9644,0.0146,7.3,4.83,374.4,129.7,15.44,1.67,False,Mechanical,1,test
PUMP_04,2026-05-23 09:00:00,0.9553,81.68,50.17,78.3,6.156,0.9642,0.0147,7.266,4.29,376.0,136.0,14.59,1.62,False,Mechanical,1,test
PUMP_04,2026-05-23 10:00:00,0.9509,81.27,50.64,78.72,6.105,0.9657,0.0122,7.237,3.21,375.3,138.6,13.34,1.58,False,Mechanical,1,test
PUMP_04,2026-05-23 11:00:00,0.9835,81.11,50.49,78.6,6.015,0.9681,0.0142,7.171,3.9,376.6,140.6,12.82,1.54,False,Mechanical,1,test
PUMP_04,2026-05-23 12:00:00,0.9906,79.24,49.48,77.78,5.911,0.9727,0.0165,7.141,3.99,377.7,142.1,12.45,1.5,False,Mechanical,1,test
PUMP_04,2026-05-23 13:00:00,0.9841,83.29,50.32,76.78,6.131,0.9748,0.0171,7.193,3.37,378.6,147.4,12.88,1.46,False,Mechanical,1,test
PUMP_04,2026-05-23 14:00:00,0.9298,81.94,50.22,77.78,6.085,0.9657,0.024,7.201,4.33,383.5,140.8,13.89,1.42,False,Mechanical,1,test
PUMP_04,2026-05-23 15:00:00,0.9741,78.94,50.76,76.95,6.034,0.9688,0.0236,7.18,4.72,379.9,138.3,13.67,1.38,False,Mechanical,1,test
PUMP_04,2026-05-23 16:00:00,0.9518,84.1,50.86,76.33,5.982,0.969,0.0235,7.235,3.65,388.9,139.7,14.19,1.33,False,Mechanical,1,test
PUMP_04,2026-05-23 17:00:00,0.9805,82.79,50.56,80.71,6.131,0.9685,0.0232,7.204,4.51,383.2,135.5,14.05,1.29,False,Mechanical,1,test
PUMP_04,2026-05-23 18:00:00,0.9653,83.62,50.77,79.24,6.075,0.9643,0.0205,7.2,4.43,376.5,126.5,13.65,1.25,False,Mechanical,1,test
PUMP_04,2026-05-23 19:00:00,0.9667,81.89,50.68,78.44,6.138,0.9614,0.0182,7.276,4.11,382.3,122.5,14.89,1.21,False,Mechanical,1,test
PUMP_04,2026-05-23 20:00:00,0.9692,82.4,50.29,78.46,6.204,0.9679,0.0097,7.205,4.33,380.8,112.5,13.85,1.17,False,Mechanical,1,test
PUMP_04,2026-05-23 21:00:00,0.97,84.11,51.43,79.17,6.082,0.9672,0.0093,7.132,3.69,387.0,106.9,12.49,1.12,False,Mechanical,1,test
PUMP_04,2026-05-23 22:00:00,0.9642,83.26,51.09,78.34,6.312,0.9693,0.0059,7.251,4.46,384.1,103.8,14.81,1.08,False,Mechanical,1,test
PUMP_04,2026-05-23 23:00:00,0.9824,82.49,51.93,77.8,6.14,0.9696,0.0066,7.21,4.51,380.3,95.2,14.04,1.04,False,Mechanical,1,test
PUMP_04,2026-05-24 00:00:00,0.9951,81.83,50.72,80.23,6.215,0.9746,0.0118,7.186,4.19,388.7,98.7,13.78,1.0,False,Mechanical,1,test
PUMP_04,2026-05-24 01:00:00,1.0205,79.04,50.53,77.55,6.118,0.9836,0.0213,7.152,4.12,382.8,94.0,12.94,0.96,False,Mechanical,1,test
PUMP_04,2026-05-24 02:00:00,1.0105,84.34,49.66,80.13,6.213,0.9904,0.0224,7.263,3.68,383.0,95.1,14.41,0.92,False,Mechanical,1,test
PUMP_04,2026-05-24 03:00:00,1.0029,84.48,52.36,78.8,6.1,0.9959,0.0203,7.285,4.38,387.5,98.7,15.43,0.88,False,Mechanical,1,test
PUMP_04,2026-05-24 04:00:00,1.0057,84.27,51.35,79.13,6.231,1.0028,0.0131,7.166,4.01,384.3,105.6,13.14,0.83,False,Mechanical,1,test
PUMP_04,2026-05-24 05:00:00,0.9697,84.96,51.55,78.46,6.384,1.0007,0.0174,7.215,3.95,381.1,98.7,13.74,0.79,False,Mechanical,1,test
PUMP_04,2026-05-24 06:00:00,1.0113,81.95,52.16,77.56,6.104,1.0034,0.0176,7.222,4.38,379.6,108.5,14.1,0.75,False,Mechanical,1,test
PUMP_04,2026-05-24 07:00:00,1.0212,82.91,51.27,78.11,6.01,1.0036,0.0177,7.113,3.88,369.9,124.1,11.6,0.71,False,Mechanical,1,test
PUMP_04,2026-05-24 08:00:00,1.0114,82.81,50.8,79.41,6.154,1.0037,0.0178,7.198,3.72,370.8,128.4,12.88,0.67,False,Mechanical,1,test
PUMP_04,2026-05-24 09:00:00,1.0134,80.67,51.82,78.06,6.232,1.0054,0.0182,7.113,4.44,379.4,130.7,12.39,0.62,False,Mechanical,1,test
PUMP_04,2026-05-24 10:00:00,0.9844,82.81,51.19,78.13,6.222,1.0019,0.0201,7.199,3.4,377.2,137.9,12.95,0.58,False,Mechanical,1,test
PUMP_04,2026-05-24 11:00:00,1.0007,84.05,50.28,80.08,6.187,1.0071,0.0129,7.313,4.29,380.1,144.0,15.52,0.54,False,Mechanical,1,test
PUMP_04,2026-05-24 12:00:00,1.0049,85.46,52.33,79.76,6.313,1.006,0.0127,7.128,3.51,385.1,150.4,12.21,0.5,False,Mechanical,1,test
PUMP_04,2026-05-24 13:00:00,1.0103,84.76,50.81,77.77,6.197,1.0042,0.0108,7.294,3.28,376.1,143.3,14.33,0.46,False,Mechanical,1,test
PUMP_04,2026-05-24 14:00:00,0.9755,83.13,51.07,80.81,6.309,0.9982,0.0151,7.289,4.26,372.1,149.4,14.78,0.42,False,Mechanical,1,test
PUMP_04,2026-05-24 15:00:00,1.0186,85.6,52.03,80.97,6.215,0.9991,0.0162,7.2,4.13,373.5,143.9,13.32,0.38,False,Mechanical,1,test
PUMP_04,2026-05-24 16:00:00,1.0209,84.72,50.4,79.2,6.179,1.0052,0.0165,7.226,3.75,375.1,134.0,13.53,0.33,False,Mechanical,1,test
PUMP_04,2026-05-24 17:00:00,1.0298,81.9,51.71,77.51,6.267,1.01,0.019,7.186,3.54,374.3,130.1,12.71,0.29,False,Mechanical,1,test
PUMP_04,2026-05-24 18:00:00,1.0192,84.76,51.85,77.94,6.277,1.0124,0.0191,7.178,4.14,380.2,131.3,13.25,0.25,False,Mechanical,1,test
PUMP_04,2026-05-24 19:00:00,1.0407,85.76,52.39,79.01,6.419,1.0174,0.0222,7.21,3.81,387.7,125.7,13.85,0.21,False,Mechanical,1,test
PUMP_04,2026-05-24 20:00:00,1.0585,85.47,52.16,81.18,6.31,1.0313,0.0158,7.161,4.32,383.1,113.3,13.23,0.17,False,Mechanical,1,test
PUMP_04,2026-05-24 21:00:00,1.0146,83.0,52.28,79.99,6.304,1.0306,0.0165,7.224,3.77,383.4,111.9,13.86,0.12,False,Mechanical,1,test
PUMP_04,2026-05-24 22:00:00,1.0215,83.45,52.43,78.4,6.297,1.0307,0.0164,7.202,3.83,381.1,103.7,13.46,0.08,False,Mechanical,1,test
PUMP_04,2026-05-24 23:00:00,1.05,88.06,52.82,81.68,6.249,1.0341,0.0182,7.147,4.44,373.8,98.1,12.7,0.04,False,Mechanical,1,test
PUMP_04,2026-05-25 00:00:00,1.0588,83.69,51.71,79.93,6.28,1.0407,0.0189,7.235,3.59,391.2,96.6,14.25,0.0,False,Mechanical,1,test
